timestamp,velocity,acceleration,movement_variance,gaze_deviation,blink,valid_pose,valid_face,valid_combined
1788619777.6998398,0.0,0.0,0.0,False,False,True,True,True
1788619777.908036,0.0,0.0,0.0,False,False,True,True,True
1788619777.9911435,1.3396498578823406,10.25463535085391,0.0034235047802791117,False,False,True,True,True
1788619778.0897226,0.2983697396709089,10.563415486385068,0.0021946473112682352,False,False,True,True,True
1788619778.1851342,0.47917566916277643,1.8806582033053,0.0006001171966995425,False,False,True,True,True
1788619778.297641,3.637699200570506,27.992916298423072,0.03127827012484215,False,False,True,True,True
1788619778.393529,1.9669861647373554,17.386211818654314,0.023538571423094786,False,False,True,True,True
1788619778.4922862,3.240812878011178,12.869667383366972,0.030242940669217937,False,False,True,True,True
1788619778.5827823,0.45455177057804874,30.802896439725053,0.015964182553967622,False,False,True,True,True
1788619778.7155178,0.3301886876857023,0.9341473038469593,0.0007585464170732546,False,False,True,True,True
1788619778.7944229,4.232684648018303,49.47583368086601,0.02143091333664753,False,False,True,True,True
1788619778.8927376,4.8538407114302125,6.657635358598464,0.031643737952917174,False,False,True,True,True
1788619778.9848456,4.484227512588861,3.9896087428070404,0.03534113581797582,False,False,True,True,True
1788619779.101199,2.4377927497406184,17.596075830586507,0.06397957488737775,False,False,True,True,True
1788619779.1977503,4.48710806010411,20.904011876542015,0.025709871015969575,False,False,True,True,True
1788619779.2897615,3.3956352144822692,12.143914041742333,0.02692852081770847,False,False,True,True,True
1788619779.3847778,3.7794982167401963,3.9696948857541363,0.01970419159840721,False,False,True,True,True
1788619779.503632,0.7870041714947141,25.054128977855633,0.029168163066553156,False,False,True,True,True
1788619779.595455,0.7262185922424279,0.5807965222877415,0.002039617474616993,False,False,True,True,True
1788619779.689052,1.4135466951830313,7.397091374420757,0.003410471260141947,False,False,True,True,True
1788619779.799386,0.5724180325841264,7.567216280796739,0.003970595218634461,False,False,True,True,True
1788619779.8951888,1.6915895521638966,11.773954597382174,0.004180461441963215,False,False,True,True,True
1788619779.99816,0.6734637332629481,10.117276939672118,0.0049507323401420875,False,False,True,True,True
1788619780.09523,2.4938775332895045,18.699114792626915,0.010914896236659439,False,False,True,True,True
1788619780.2031956,1.7294791274446049,7.1897981684540255,0.008988308157474933,False,False,True,True,True
1788619780.2998822,1.6157668265400111,1.2081532008448999,0.013541882525834804,False,False,True,True,True
1788619780.3980956,1.8241892956233021,2.2310969035242842,0.006542735368034095,False,False,True,True,True
1788619780.4878154,2.5097813315868938,7.620707966708998,0.0075360193008815884,False,False,True,True,True
1788619780.6055174,0.2851154212845123,18.74589533739512,0.007939707374457669,False,False,True,True,True
1788619780.6982012,0.5490261369252003,2.8574213127619683,0.0004913631869895133,False,False,True,True,True
1788619780.7880964,0.6920521634079714,1.595863191942829,0.001189835188237905,False,False,True,True,True
1788619780.8906887,1.033033379159873,3.4189924917312595,0.0018639883016765366,False,False,True,True,True
1788619781.0027316,1.0833708603799568,0.2696186780830508,0.0026487909993656708,False,False,True,True,True
1788619781.0999532,3.7116873718297225,26.91586037710677,0.018184054979596246,False,False,True,True,True
1788619781.197799,0.4775922020302368,33.066457668588974,0.020274374491239085,False,False,True,True,True
1788619781.2827828,1.3233020295006495,9.960583228948432,0.001696954693980061,False,False,True,True,True
1788619781.403072,2.7240921356936125,11.621553993107863,0.015202704600458618,False,False,True,True,True
1788619781.501282,5.250626042099326,25.76201115364736,0.03551119075120482,False,False,True,True,True
1788619781.5903282,0.8733230256240274,50.077968087417574,0.042104642827398356,False,False,True,True,True
1788619781.6918602,3.6820026034972844,27.682615768548835,0.028901782062392536,False,False,True,True,True
1788619781.803306,0.5347945692117626,28.103146478614452,0.02619235959715879,False,False,True,True,True
1788619781.8971412,1.411917083801315,9.365481546795456,0.00320987934832989,False,False,True,True,True
1788619781.9977527,1.2969710329704973,1.0897220048449674,0.00892339926401998,False,False,True,True,True
1788619782.106009,0.8586849709906565,4.148771072937672,0.00426879177822226,False,False,True,True,True
1788619782.2042453,1.321862018817093,4.63612887389087,0.004647667441594384,False,False,True,True,True
1788619782.297685,1.1956854223144604,1.4244747612913786,0.002727485535732221,False,False,True,True,True
1788619782.3938458,2.684150860271244,15.739294545066393,0.01816758596595188,False,False,True,True,True
1788619782.5019708,2.293042407265189,3.519958142712944,0.011318693373611003,False,False,True,True,True
1788619782.6009653,3.0488844898541454,7.668221590977836,0.038916678764018296,False,False,True,True,True
1788619782.6911376,2.9025972605162216,1.4592619947812935,0.01530117510279785,False,False,True,True,True
1788619782.7936864,4.0905820078961455,11.526274508996956,0.05571410420287843,False,False,True,True,True
1788619782.9068615,6.127194071223779,17.984181815902847,0.0683733203154612,False,False,True,True,True
1788619783.0026596,6.428724280247875,4.110934885082766,0.07575432691552347,False,False,True,True,True
1788619783.099957,3.3393069494826926,31.8162723761609,0.0706079312973514,False,False,True,True,True
1788619783.1960485,0.6869588033196294,27.14603835735226,0.021002197517320846,False,False,True,True,True
1788619783.3055484,1.0058867284751485,3.1200420778459637,0.002899411015105804,False,False,True,True,True
1788619783.4044528,3.7571130198612916,27.947170100480026,0.034149681293293335,False,False,True,True,True
1788619783.4990826,1.2439141582481748,26.55944778313942,0.021555232852558122,False,False,True,True,True
1788619783.598694,5.590917955348673,43.46129160782044,0.07088259560383112,False,False,True,True,True
1788619783.7129693,4.1392509721282424,12.360058948866996,0.05026617523437074,False,False,True,True,True
1788619783.803451,3.348755293262189,8.465767411608295,0.0850729079395221,False,False,True,True,True
1788619783.8978846,1.4536185780037512,20.350940284618723,0.014153470375175255,False,False,True,True,True
1788619783.9937184,5.026745291854921,37.22422099356845,0.05578719033578402,False,False,True,True,True
1788619784.1076832,4.419534223778353,5.224025061788834,0.04626040697903529,False,False,True,True,True
1788619784.206539,1.9604752839812607,24.833712730399192,0.03777781952575633,False,False,True,True,True
1788619784.3036385,1.7159707004121498,2.6852563472733286,0.015678883719633024,False,False,True,True,True
1788619784.4100275,2.647015992018076,8.862473729771368,0.011642813380352309,False,False,True,True,True
1788619784.5057526,1.4759365324941363,11.855521855552956,0.012161815176173018,False,False,True,True,True
1788619784.60346,3.191887793690406,17.738814975568086,0.014790071238657375,False,False,True,True,True
1788619784.700842,2.4522086190306966,6.776537186520792,0.01544358287418987,False,False,True,True,True
1788619784.8121223,2.339702555769558,1.1255376094701903,0.012728948980561743,False,False,True,True,True
1788619784.900486,0.7941780074522041,17.925480358527274,0.01524901679797614,False,False,True,True,True
1788619784.9964392,0.47011480672450134,3.334268060096717,0.0011471801080411275,False,False,True,True,True
1788619785.0941868,0.7139242267915425,2.501315101838534,0.0015945402086988225,False,False,True,True,True
1788619785.205581,2.7201013114743215,18.01067884971378,0.01806714457652009,False,False,True,True,True
1788619785.30997,2.5508932665773103,2.2623796300041166,0.04430693397153081,False,False,True,True,True
1788619785.397215,1.1818356026550605,16.041174041036342,0.012093350786930156,False,False,True,True,True
1788619785.5000558,2.953436924248593,17.194647075306317,0.023716813235060048,False,False,True,True,True
1788619785.6110563,1.1485594768183454,16.4219876233013,0.024901390492456377,False,False,True,True,True
1788619785.7104886,0.9058442914212109,2.6087047637839005,0.004195223725660042,False,False,True,True,True
1788619785.7986703,3.659091357100177,31.20720931911693,0.017518133846158714,False,False,True,True,True
1788619785.9033911,0.33741032218312744,32.04309866118357,0.017374875828387856,False,False,True,True,True
1788619786.0125422,1.1617849421299347,7.537850482202502,0.0037528248103497284,False,False,True,True,True
1788619786.1077173,0.8576040882288012,3.312053573466264,0.005340001828894319,False,False,True,True,True
1788619786.206083,3.545633633716717,27.353219142392817,0.01818787475392048,False,False,True,True,True
1788619786.3018074,2.4885555500505956,11.162609101109695,0.01750875130963412,False,False,True,True,True
1788619786.4189982,1.0617177226061307,12.147341960348392,0.00795122600912047,False,False,True,True,True
1788619786.5093772,0.5171043920303585,6.009008053077233,0.0024868410848773413,False,False,True,True,True
1788619786.6025307,0.8323130611284856,3.3892420133056183,0.0013272803142496813,False,False,True,True,True
1788619786.710745,0.15551232508268914,6.217869881155302,0.0011117049626639698,False,False,True,True,True
1788619786.806706,0.4313032226530386,2.8886287460348203,0.00032821356855239526,False,False,True,True,True
1788619786.9002934,2.5333761020171006,22.41084490174115,0.011056799836471827,False,False,True,True,True
1788619786.997184,0.26849158178306265,23.50822143954418,0.009927428094114189,False,False,True,True,True
1788619787.1116917,1.2011293546748245,8.10203608897068,0.0035366070742040615,False,False,True,True,True
1788619787.2069232,4.922449183676187,39.11604753502757,0.052309835361853206,False,False,True,True,True
1788619787.3018067,4.071608107690139,8.997247056138564,0.03319644957630627,False,False,True,True,True
1788619787.4002638,2.4557802110162776,16.445597810886586,0.020805588228204528,False,False,True,True,True
1788619787.5086577,0.5662980888196999,17.284981982533253,0.008682545754434116,False,False,True,True,True
1788619787.6060753,1.3508615882941173,8.052471859322216,0.004515353576231931,False,False,True,True,True
1788619787.704566,0.7795286735414074,5.802780593114272,0.005380658336283638,False,False,True,True,True
1788619787.8022132,0.4338243050167778,3.5473350384755733,0.0008246845670163715,False,False,True,True,True
1788619787.9147868,1.505915020382322,9.509604701128872,0.004740393827692708,False,False,True,True,True
1788619788.0096471,0.19870797358339487,13.713927606887522,0.0049647375729628615,False,False,True,True,True
1788619788.1095257,1.4990749540143409,13.014948741582362,0.004020694021470169,False,False,True,True,True
1788619788.203139,0.22234581588040808,13.665042914405783,0.004067633526206913,False,False,True,True,True
1788619788.3147643,0.9064005658002614,6.158687049335954,0.0019259498379456397,False,False,True,True,True
1788619788.4109442,0.5333480225683567,3.7346436467605835,0.0017757078138208886,False,False,True,True,True
1788619788.5075476,0.5633424427149711,0.3027887990553777,0.0007822113434682521,False,False,True,True,True
1788619788.601175,0.6312061394964608,0.5751013141300759,0.0013201619184963077,False,False,True,True,True
1788619788.712727,1.5168163696919055,7.942484728412514,0.00638595677189454,False,False,True,True,True
1788619788.8075578,0.9090432889396823,6.320190019370317,0.004261931380841443,False,False,True,True,True
1788619788.9086506,0.29478388375972564,6.0608849698941505,0.0013848405152688808,False,False,True,True,True
1788619789.0155256,0.25068936629117383,0.42265976916949244,0.000377388933891419,False,False,True,True,True
1788619789.1157935,1.2897388450866687,10.374671088815974,0.0035569142797433565,False,False,True,True,True
1788619789.2071233,1.3780993506835795,0.9881101094687433,0.003358334404551015,False,False,True,True,True
1788619789.303759,1.915765745856471,5.561328470176608,0.011045479390961885,False,False,True,True,True
1788619789.421962,2.212739693526858,2.481261129852314,0.01031445903118286,False,False,True,True,True
1788619789.5111015,0.36871379844539187,20.653295685509114,0.011805714804508404,False,False,True,True,True
1788619789.611523,2.8706070100401853,24.916056500398813,0.01490113064914197,False,False,True,True,True
1788619789.7056165,0.6037044909216367,24.128074370000554,0.012500397708639652,False,False,True,True,True
1788619789.8224263,1.9287884797390273,11.36579949240199,0.011661613388712432,False,False,True,True,True
1788619789.9168708,0.8060972246577379,11.811086001955454,0.010323325367317213,False,False,True,True,True
1788619790.015552,0.5364180549796183,2.721661113520084,0.0016885018229287722,False,False,True,True,True
1788619790.1106467,3.615091885992869,32.37385875090962,0.022944521098904012,False,False,True,True,True
1788619790.2222574,1.4792349326665013,19.21356835628714,0.016189262642298332,False,False,True,True,True
1788619790.3175576,0.19958113099480812,13.45191184939338,0.005233693375441954,False,False,True,True,True
1788619790.4123466,2.379462798595859,22.96908816657244,0.008546114864312603,False,False,True,True,True
1788619790.5117376,1.9069694645664197,4.579982793503516,0.007778496055031561,False,False,True,True,True
1788619790.622702,0.12107109365431418,16.067610819631042,0.006452752430321238,False,False,True,True,True
1788619790.716185,0.3710649537625083,2.671184206836248,0.00019296726786690183,False,False,True,True,True
1788619790.8101096,0.2035579217001085,1.742270939291061,0.00026031118449357525,False,False,True,True,True
1788619790.9058394,1.7218842639140766,15.85880339749162,0.004802728113693229,False,False,True,True,True
1788619791.0169942,2.5614250005882893,7.495533351682546,0.011961296197191733,False,False,True,True,True
1788619791.118072,0.3597788513989415,21.805529405952804,0.013490077680299884,False,False,True,True,True
1788619791.216464,1.5773596890086525,12.373077116353269,0.004772532481029868,False,False,True,True,True
1788619791.3274417,0.719452948737684,7.59337077910092,0.0035281228583980808,False,False,True,True,True
1788619791.4224288,0.42015164763561913,3.129594892781913,0.0017758804132381543,False,False,True,True,True
1788619791.5175512,1.5276302393730117,11.639924455470462,0.003340562516722682,False,False,True,True,True
1788619791.6140864,4.097557655486476,26.484247329748122,0.02143996395967393,False,False,True,True,True
1788619791.738755,2.943930922614812,9.214624683215725,0.026211326613432874,False,False,True,True,True
1788619791.82148,4.305699653765553,17.01225145348199,0.023635646348623376,False,False,True,True,True
1788619791.917878,0.8187138730681881,36.11543303287726,0.01992415333052319,False,False,True,True,True
1788619792.0141268,3.5849014131912154,28.747206100985505,0.02641379218654872,False,False,True,True,True
1788619792.1267965,0.2143048636310923,29.753121422828887,0.020522601305265044,False,False,True,True,True
1788619792.2126122,1.8436206348943027,18.939666799034867,0.004248657891864836,False,False,True,True,True
1788619792.3181453,3.2457398377951208,13.14629626656705,0.01703792441390917,False,False,True,True,True
1788619792.412819,1.150446523904002,21.992061412051147,0.01938622880391518,False,False,True,True,True
1788619792.524582,1.7523062310553514,5.387019042515198,0.005575436195099508,False,False,True,True,True
1788619792.6202345,0.8650374293577471,9.406287889749537,0.005434528471214521,False,False,True,True,True
1788619792.7229097,0.3630000428927727,4.861925777994625,0.0017321168979497117,False,False,True,True,True
1788619792.8178098,0.699716134751771,3.535431105189926,0.001110282354958385,False,False,True,True,True
1788619792.9250479,1.3966128330349292,6.520362720489509,0.0040004654026593095,False,False,True,True,True
1788619793.01851,1.334706159762338,0.6202313621534127,0.009941478693256003,False,False,True,True,True
1788619793.116635,2.936955126354612,16.28717348840462,0.011214408181368518,False,False,True,True,True
1788619793.2118924,1.21789508963548,17.992214032100645,0.013013748850665592,False,False,True,True,True
1788619793.3258152,0.12055912078306592,9.594338543890997,0.0023315338045648668,False,False,True,True,True
1788619793.4176974,0.34096113121354155,2.387712824230847,0.00020137893896809967,False,False,True,True,True
1788619793.5221977,0.828086767686968,4.676444169248675,0.0013917132151632806,False,False,True,True,True
1788619793.6297584,0.3031577856228993,4.924172205781618,0.0014113256288863139,False,False,True,True,True
1788619793.7238982,1.610481668626709,13.896841163764469,0.004055752672096264,False,False,True,True,True
1788619793.8198922,0.9672772064980083,6.72536341012419,0.003632069422830926,False,False,True,True,True
1788619793.9150746,0.5579144110801895,4.308031793034275,0.002596767434092074,False,False,True,True,True
1788619794.035754,1.2030224928796682,5.348644696252415,0.0038463080409771133,False,False,True,True,True
1788619794.1297107,1.3104592693521235,1.1259443094405834,0.0033039911542133878,False,False,True,True,True
1788619794.2276354,0.12361705766507904,12.18305415349183,0.0028115840355088717,False,False,True,True,True
1788619794.3174534,0.20948993944414251,0.9580371197765332,8.80090697854157e-05,False,False,True,True,True
1788619794.4296932,0.2754975286099837,0.5805225515549818,0.0002772166251471673,False,False,True,True,True
1788619794.5351977,0.7735416956495134,4.709707002127543,0.0009531466348213011,False,False,True,True,True
1788619794.6172898,2.152733993729848,16.794878660869173,0.004940712396619419,False,False,True,True,True
1788619794.7171662,0.7998170154229309,13.766434170420002,0.005765605418922355,False,False,True,True,True
1788619794.8285556,0.7667412345420941,0.2853604791122514,0.0029976456857087517,False,False,True,True,True
1788619794.9255273,3.9000820302531523,32.42878113322743,0.031644532643591544,False,False,True,True,True
1788619795.0145297,2.7555122485088073,12.736789224594459,0.020952566541047067,False,False,True,True,True
1788619795.1178885,2.038111830654905,6.8431548486881875,0.025211382251743665,False,False,True,True,True
1788619795.2326682,0.9471917699736501,9.496462218432683,0.0130654527557851,False,False,True,True,True
1788619795.3275247,6.029094843987407,53.49057002844922,0.04948002307743509,False,False,True,True,True
1788619795.41638,0.971578741671462,56.97918992531534,0.050433185741378186,False,False,True,True,True
1788619795.5254505,1.0961515646565454,1.1076370552014,0.002085720423957416,False,False,True,True,True
1788619795.6437583,3.932805131867879,23.96276466722384,0.03104942778506939,False,False,True,True,True
1788619795.7262616,0.6796979047034526,39.27120915097189,0.03642583097481435,False,False,True,True,True
1788619795.819194,0.44099519235005963,2.5681890924135744,0.0008242396023861974,False,False,True,True,True
1788619795.9359324,0.7368040534565315,2.579368597630772,0.0011948519339898078,False,False,True,True,True
1788619796.0285764,0.715513905566505,0.24280404066231112,0.0028983784532508636,False,False,True,True,True
1788619796.1262367,0.5085950611805047,2.0484496081747623,0.0008578289439530099,False,False,True,True,True
1788619796.2218719,1.8855921724461795,14.343311616147956,0.004783000776562682,False,False,True,True,True
1788619796.3272398,2.583458426606278,6.641686463712883,0.010590354779993677,False,False,True,True,True
1788619796.431488,0.4635072142089768,20.3741574470126,0.011463881262793475,False,False,True,True,True
1788619796.5265853,0.942039333424983,5.001241283279663,0.0024774470687664806,False,False,True,True,True
1788619796.6192327,3.7864064636240298,30.645358687528184,0.017537570094083528,False,False,True,True,True
1788619796.727567,2.5072703229605584,11.839617089818034,0.017980793559454273,False,False,True,True,True
1788619796.8224976,0.920626144244676,16.683220758477436,0.013978689169177666,False,False,True,True,True
1788619796.9231298,0.6177598147663533,2.9665976774500087,0.0014883254483267416,False,False,True,True,True
1788619797.0189476,1.5768251476639397,10.026151172792094,0.003528389469267789,False,False,True,True,True
1788619797.133123,0.4489502271135373,9.779859180613343,0.00480824283020519,False,False,True,True,True
1788619797.222818,1.378684244231663,10.349360031348052,0.0021598203657731325,False,False,True,True,True
1788619797.319893,2.3880695028461116,10.464479798477695,0.008921710014522407,False,False,True,True,True
1788619797.416351,2.1731895548629487,2.2278472622287198,0.009668278590023496,False,False,True,True,True
1788619797.5314567,1.39322779491074,6.800088800110959,0.016062903906173546,False,False,True,True,True
1788619797.6286316,1.0900714896453674,3.234227025390137,0.004310090661378985,False,False,True,True,True
1788619797.7187903,2.0554071725813774,10.730241878777553,0.010540992004657532,False,False,True,True,True
1788619797.8355448,1.3103195518551616,6.281175501006789,0.006245406473859068,False,False,True,True,True
1788619797.9303384,0.3453610336285799,10.19884442046021,0.004581388621828329,False,False,True,True,True
1788619798.030459,0.3520142569206339,0.09071559085569689,0.0005685537307959736,False,False,True,True,True
1788619798.1297994,2.7248343266811617,23.892365770090773,0.0146549641864849,False,False,True,True,True
1788619798.2390578,1.865171059651649,7.999946512220422,0.011078401962359584,False,False,True,True,True
1788619798.3318932,3.797406134528842,20.562567917820253,0.03967287788100912,False,False,True,True,True
1788619798.4300275,0.8730885740772172,30.22940789199518,0.01860342413382138,False,False,True,True,True
1788619798.5250094,0.5206674557981602,3.704939866617185,0.001951393903886729,False,False,True,True,True
1788619798.6393821,0.6347347982787954,1.018228023816264,0.0015722490905484895,False,False,True,True,True
1788619798.7343898,0.3091502623796096,3.348692639923177,0.0010933970075946565,False,False,True,True,True
1788619798.833162,1.6307136094194743,13.35657478818722,0.0045760150954801335,False,False,True,True,True
1788619798.9230375,1.8607469257663654,2.462911948220701,0.005271369275289807,False,False,True,True,True
1788619799.0340607,2.5888737019826715,6.566198037705117,0.01116124740249097,False,False,True,True,True
1788619799.1324618,2.771065016761174,2.0279574086715555,0.015000413721521224,False,False,True,True,True
1788619799.226793,2.4737093260900718,3.5172679388381005,0.012398161071134216,False,False,True,True,True
1788619799.3222332,1.342101048743671,11.896253420307467,0.012798528785853604,False,False,True,True,True
1788619799.435432,1.4578646917672151,1.0858846339060786,0.004015268704410253,False,False,True,True,True
1788619799.537003,0.8920067115084449,5.501065174222381,0.006709559344635678,False,False,True,True,True
1788619799.638869,0.5361422625811725,3.5019287816764284,0.001167831967734332,False,False,True,True,True
1788619799.7243164,0.7098078496359235,2.0334210568228226,0.0007848513737535075,False,False,True,True,True
1788619799.832635,1.291988727353994,5.383620092235818,0.0046602186054797165,False,False,True,True,True
1788619799.9331174,1.4275239998306037,1.398831039089503,0.010075909406454989,False,False,True,True,True
1788619800.0303087,1.6765059953941186,2.594815471537261,0.0042543652227725265,False,False,True,True,True
1788619800.1388059,0.6280275464129788,9.569024939225637,0.007280016949316361,False,False,True,True,True
1788619800.2349827,0.39003519651464774,2.458279233627716,0.001505997848561313,False,False,True,True,True
1788619800.3351464,1.509222186073712,11.174287998063864,0.0034989099679873428,False,False,True,True,True
1788619800.430901,2.7369406002018692,12.823364178967008,0.0199837157858682,False,False,True,True,True
1788619800.545144,3.0551155405009163,2.7830331288694814,0.017896241359972784,False,False,True,True,True
1788619800.6344368,0.257110239805442,31.498206088981693,0.021040145776902594,False,False,True,True,True
1788619800.7333162,0.22183114473961318,0.37337202173254513,0.00025063892962430106,False,False,True,True,True
1788619800.8340368,0.8780748692501953,6.5135013877027506,0.001515544052325775,False,False,True,True,True
1788619800.9404032,0.4926184252113048,3.563491939905161,0.00235404336952611,False,False,True,True,True
1788619801.0405524,0.33438365121647845,1.5874947117446,0.0005714595243492364,False,False,True,True,True
1788619801.1295521,1.0351909725350692,7.863977040973116,0.001882514224946982,False,False,True,True,True
1788619801.2271237,0.4467084563310704,6.117747076447327,0.001555420618620938,False,False,True,True,True
1788619801.343541,0.45768782977462896,0.10421432443127353,0.000986246180379989,False,False,True,True,True
1788619801.4330194,1.3313032353830316,9.788489291406854,0.002641072735662434,False,False,True,True,True
1788619801.5358114,2.2434542522290393,8.856124276083031,0.007344623074670578,False,False,True,True,True
1788619801.631499,4.852908960481046,27.328530418597975,0.029043150701492902,False,False,True,True,True
1788619801.738486,7.091845364830026,19.688174175418155,0.07844300433590058,False,False,True,True,True
1788619801.8358603,3.7715190986419223,33.92993966713744,0.07412168243792282,False,False,True,True,True
1788619801.943295,0.36052585045767577,31.460502984845014,0.021432158351119227,False,False,True,True,True
1788619802.0296307,0.8096353578008748,5.207366933105105,0.0008771800604716024,False,False,True,True,True
1788619802.1425066,1.3646684600430912,4.90469509242486,0.005775726292448831,False,False,True,True,True
1788619802.2328396,0.7364460806886253,6.643333033274826,0.0033715166318517673,False,False,True,True,True
1788619802.3339028,1.1822172347365854,4.443300829679683,0.004209858090275818,False,False,True,True,True
1788619802.4453888,0.609555420641701,5.106054043231075,0.0042883112092669705,False,False,True,True,True
1788619802.5406103,0.8705045078054164,2.7420330497673495,0.0030027526108277755,False,False,True,True,True
1788619802.6327732,1.0711031879055455,1.9443896362480177,0.0018624937643168609,False,False,True,True,True
1788619802.7378452,1.4423404844662167,3.5251211129677147,0.0034086362988403687,False,False,True,True,True
1788619802.8462086,1.0271454508230358,3.983010753027206,0.005435825040104782,False,False,True,True,True
1788619802.9438472,3.792927790420272,28.31062293472061,0.02242723653972764,False,False,True,True,True
1788619803.0363402,1.6598463425183623,23.066802053167148,0.017989857979298383,False,False,True,True,True
1788619803.1325295,4.029911601356642,24.651735102811564,0.03957297719242632,False,False,True,True,True
1788619803.2422116,6.336114969046598,19.713065044627918,0.061514447444170846,False,False,True,True,True
1788619803.3406167,5.421638927550737,9.288084401723777,0.06612417320460866,False,False,True,True,True
1788619803.4329736,4.386134644564565,10.776198005874368,0.03874365116458809,False,False,True,True,True
1788619803.5281296,4.642435766814637,3.115913935296659,0.0306274308228123,False,False,True,True,True
1788619803.6408305,2.3766444295585103,19.793220384367203,0.06463148775023793,False,False,True,True,True
1788619803.7449322,1.1769031430612962,11.421207867351285,0.00916354462473739,False,False,True,True,True
1788619803.8331401,2.8663148604439574,19.209258810660497,0.018543052631085487,False,False,True,True,True
1788619803.932202,0.8959949009549893,19.619976530062974,0.00925917100941089,False,False,True,True,True
1788619804.042837,1.7785149130346884,8.009606980824257,0.006417911183586581,False,False,True,True,True
1788619804.139133,4.396879300736277,27.319695406440065,0.023683724165990187,False,False,True,True,True
1788619804.2382395,1.576363037821289,28.481739419154845,0.027052855575595267,False,False,True,True,True
1788619804.3329237,1.2450138189317848,3.552368471018137,0.0036923560781283488,False,False,True,True,True
1788619804.4474483,3.186420885139809,17.00743823712652,0.019903341185110276,False,False,True,True,True
1788619804.5413578,2.6978788610267106,5.180180191356555,0.019579362119733455,False,False,True,True,True
1788619804.6492186,1.3477798773956753,12.441411157259246,0.008779435987835787,False,False,True,True,True
1788619804.7493382,2.800707537822371,14.409851690375541,0.01097251183319248,False,False,True,True,True
1788619804.8502228,0.7903392622981232,20.058263251349395,0.01534112165269766,False,False,True,True,True
1788619804.9433002,1.8761489533001467,11.67249757624903,0.005211359425660468,False,False,True,True,True
1788619805.0403972,1.6392807939950294,2.4440091749844615,0.005186121269914509,False,False,True,True,True
1788619805.1603732,0.8249059126355839,6.778130113510907,0.006722556352508308,False,False,True,True,True
1788619805.249059,0.648777918639336,2.0049289556738294,0.001710071195354725,False,False,True,True,True
1788619805.3409326,1.8979453259460726,13.639303024772477,0.0050394963155369924,False,False,True,True,True
1788619805.4450583,0.4033071548070128,14.534286319741982,0.00478147985738932,False,False,True,True,True
1788619805.5536566,1.2419322704386602,7.7040684311084275,0.0040922540977504605,False,False,True,True,True
1788619805.6473517,1.2640628971965708,0.31484899041959663,0.003032841854560954,False,False,True,True,True
1788619805.749189,0.6966235943998774,5.742134176797025,0.002456993302102306,False,False,True,True,True
1788619805.8398967,0.3090052605151055,4.216122412942468,0.00092240251449375,False,False,True,True,True
1788619805.9558825,0.9454634327589049,5.5130087874109766,0.0023327463796639606,False,False,True,True,True
1788619806.0453365,0.9681274830230728,0.24140857057678608,0.001797135569373963,False,False,True,True,True
1788619806.1464267,1.788150861051999,8.094163014241865,0.004686515716887111,False,False,True,True,True
1788619806.240017,0.3741967749320909,14.837443885847495,0.005080203860295958,False,False,True,True,True
1788619806.3532207,1.6883750248966487,11.628812656878644,0.007473661454828833,False,False,True,True,True
1788619806.450082,0.4277300598979636,12.976905593198069,0.005583329929229218,False,False,True,True,True
1788619806.5448034,3.7901083067747896,35.48796560236844,0.025351338964377156,False,False,True,True,True
1788619806.64033,1.8354106664558942,20.40305395129939,0.017371142819132223,False,False,True,True,True
1788619806.7500677,1.3124699833640283,4.848622114207041,0.013513863119823782,False,False,True,True,True
1788619806.8595235,0.5345201523436994,7.063052778444356,0.004910067733328082,False,False,True,True,True
1788619806.948319,2.2732169493516454,19.60717867609038,0.0064691412975015185,False,False,True,True,True
1788619807.0579698,2.799057518602004,4.584072743690142,0.01302030549503404,False,False,True,True,True
1788619807.1539671,3.228798331772728,4.290097985728387,0.017900005406349853,False,False,True,True,True
1788619807.2557106,1.0972018815697415,20.793348308841765,0.023294196724165748,False,False,True,True,True
1788619807.3492308,3.072228350959432,21.095969246740612,0.012397523257404668,False,False,True,True,True
1788619807.4567907,0.32710973694077994,25.522898471315653,0.013018795549931085,False,False,True,True,True
1788619807.5530167,0.18671088262985427,1.456298599972868,0.00028598150370649756,False,False,True,True,True
1788619807.6537929,2.319641817055651,21.1948098287496,0.009725579941424636,False,False,True,True,True
1788619807.7478034,2.0657232279599587,2.6130005244861882,0.008533747154824554,False,False,True,True,True
1788619807.859079,1.7954606654447176,2.4388303235998805,0.020441325313265517,False,False,True,True,True
1788619807.9554572,2.0674292454328795,2.610788437012508,0.00758237271827104,False,False,True,True,True
1788619808.048435,2.1282530557427854,0.6629728875499349,0.007205971774109857,False,False,True,True,True
1788619808.1415346,1.433766892127171,7.321015570052921,0.005801164976539105,False,False,True,True,True
1788619808.2590764,0.5544814140307848,7.529369686144698,0.00311325344174316,False,False,True,True,True
1788619808.3624275,1.3912612400522264,8.094089608147987,0.0031273637010820155,False,False,True,True,True
1788619808.4450712,3.169387796726414,21.473679251092303,0.009996938903107998,False,False,True,True,True
1788619808.5462544,4.795206793859647,15.705959725674735,0.03170090360922624,False,False,True,True,True
1788619808.6564713,1.76503217164943,27.41836451089084,0.03172441517102387,False,False,True,True,True
1788619808.752643,0.38024760710658373,14.366484908127635,0.0062763254280772405,False,False,True,True,True
1788619808.8438733,3.541484191235964,34.65348368900334,0.01769012760846902,False,False,True,True,True
1788619808.9422457,1.335624919738307,21.928022055354095,0.014343756949925408,False,False,True,True,True
1788619809.0575624,0.7511028832718557,5.093810338152184,0.0025301447503215803,False,False,True,True,True
1788619809.1502244,1.849304523470827,11.80650411774664,0.004036689109063369,False,False,True,True,True
1788619809.250986,0.4880770510209894,13.522543335074959,0.004691877264125872,False,False,True,True,True
1788619809.3590236,0.8430671547068539,3.2846270321426996,0.002291400671480578,False,False,True,True,True
1788619809.4581256,2.5179514345315406,16.912144616742097,0.008622208045602946,False,False,True,True,True
1788619809.554592,1.346104972008915,12.350237458111705,0.018692340968900656,False,False,True,True,True
1788619809.6506746,1.385682451123511,0.3926253811185648,0.00346784702919706,False,False,True,True,True
1788619809.7603827,1.5163576508597516,1.148530169097016,0.010561909446960737,False,False,True,True,True
1788619809.8572779,3.665800631881301,22.161155487475888,0.017240573777964622,False,False,True,True,True
1788619809.9528844,2.3946920770470643,13.18769407425456,0.017467924543426456,False,False,True,True,True
1788619810.0451198,2.151131450623955,2.6427422204959043,0.009103373395811437,True,False,True,True,True
1788619810.1603625,1.4582549348126599,5.972594012464829,0.006920501960108718,True,False,True,True,True
1788619810.260247,1.1859883543159646,2.5282468908761557,0.008558776738057466,False,False,True,True,True
1788619810.3528697,0.9054608569126661,3.031779260408935,0.004897104979661679,False,False,True,True,True
1788619810.4467654,0.26832361839368807,6.838576402602808,0.0012973698120851754,False,False,True,True,True
1788619810.561797,0.3755131474672874,0.9317646635966952,0.00028673711582131723,False,False,True,True,True
1788619810.6559458,2.0207195542646224,17.408073853836456,0.006407333189735059,False,False,True,True,True
1788619810.7556612,1.3417506457655137,6.821644921220712,0.005354543587729901,False,False,True,True,True
1788619810.847681,2.6513699844042216,14.378931432322725,0.008041872959788069,False,False,True,True,True
1788619810.9605935,2.0588503508287057,5.134900306597265,0.01080576229870907,False,False,True,True,True
1788619811.0552175,2.493293425664905,4.6263286695887755,0.02695312644242555,False,False,True,True,True
1788619811.1466882,6.024570279192903,38.292721824919695,0.040808601417184356,False,False,True,True,True
1788619811.2436454,5.480896914015719,5.669796341780589,0.05133110085865907,False,False,True,True,True
1788619811.3597374,2.47875134597087,25.501783833434253,0.037301492272118555,False,False,True,True,True
1788619811.450769,4.076341873709605,17.562329605086838,0.021121138923799587,False,False,True,True,True
1788619811.5549827,1.6773948402053842,22.91209320302137,0.018510965195986738,False,False,True,True,True
1788619811.6641707,0.4693044591511554,10.948772312425328,0.006747993751751784,False,False,True,True,True
1788619811.7600586,0.48708264547708263,0.16636474517760869,0.0006688389338095015,False,False,True,True,True
1788619811.8565764,1.3005530485574215,8.44360326102606,0.0026599769165387677,False,False,True,True,True
1788619811.9547427,0.2694767421315121,10.404291196840532,0.002597610600683727,False,False,True,True,True
1788619812.0686803,1.327653982960302,9.287636427426339,0.004496351843396709,False,False,True,True,True
1788619812.1610217,0.5259573428921994,8.646970715471339,0.005640558967134376,False,False,True,True,True
1788619812.2576544,0.8136641116129709,2.9672679652446523,0.0011970351900099914,True,False,True,True,True
1788619812.3547935,2.237996079946886,14.6733058268495,0.007171043451701501,True,False,True,True,True
1788619812.4601443,1.247353929300641,9.425773224230678,0.016494888906364066,False,False,True,True,True
1788619812.5595481,1.2825595808106949,0.3793530177734504,0.0031730060465657867,False,False,True,True,True
1788619812.6501594,0.4792994070157316,8.877047004370883,0.003139454348263847,True,False,True,True,True
1788619812.7541778,0.6980268831462564,2.085403152484676,0.0010161142189146915,False,False,True,True,True
1788619812.8670774,0.8002661250385668,1.0335059660268018,0.0030330007856825096,False,False,True,True,True
1788619812.9566128,1.61096265326424,9.021959683423502,0.003795797924686663,False,True,True,True,True
1788619813.0569873,0.5531629274165019,10.522642661724976,0.003232070067510506,False,False,True,True,True
1788619813.1519918,3.0363642758201506,26.166566043650764,0.01774706822887743,False,False,True,True,True
1788619813.2662237,0.823004336637942,19.598169829792504,0.013021686605326752,False,False,True,True,True
1788619813.3593009,1.2883246754708815,4.9165684747341265,0.005507009746152991,False,False,True,True,True
1788619813.4588764,8.178883933124078,68.44530658400498,0.10170962867540653,False,False,True,True,True
1788619813.547568,2.0481597301960743,68.29997696486882,0.1236897439865751,False,False,True,True,True
1788619813.663277,4.461267568555669,21.639687718927895,0.050414080960709574,False,False,True,True,True
1788619813.7633774,7.996210464803243,35.969661537267086,0.22840665840326674,False,False,True,True,True
1788619813.8577237,1.2877793929741232,69.9556118280334,0.1059738063689323,False,False,True,True,True
1788619813.966874,1.7513902099762546,4.435361865285256,0.013130832621044726,False,False,True,True,True
1788619814.055919,3.5672828457556625,20.638882278485266,0.015636496318394557,False,False,True,True,True
1788619814.1602166,1.8531832910048327,16.381744315820363,0.015330809610525667,False,False,True,True,True
1788619814.2572505,1.3200470647570044,5.615446594601945,0.0066465350884210165,False,False,True,True,True
1788619814.3656018,2.88126687514319,14.496106016239102,0.020240958211043193,False,False,True,True,True
1788619814.4628963,1.9353613371366012,9.644756953681457,0.030681424571229358,False,False,True,True,True
1788619814.5628932,1.663113870657579,2.241742982036298,0.00871861892059397,False,False,True,True,True
1788619814.6527472,0.8480183247243329,9.067760775863393,0.007536621771816701,False,False,True,True,True
1788619814.7699497,2.0416656245899683,10.211734473083565,0.014286964287360262,False,False,True,True,True
1788619814.8562117,2.772819078999188,8.654230237003377,0.012570632969064004,False,False,True,True,True
1788619814.9593325,1.2157623827914594,15.419208615268085,0.019853537645917987,False,False,True,True,True
1788619815.0574024,2.616126551943399,13.916719658862027,0.010433668536902791,False,False,True,True,True
1788619815.1632798,0.8428252004463677,17.475490684144464,0.01635878508502246,False,False,True,True,True
1788619815.2672193,0.3462723176168091,4.876755730050452,0.0017937801435687576,False,False,True,True,True
1788619815.354121,3.788772845769605,39.587032032448306,0.0201596272286417,False,False,True,True,True
1788619815.4496696,0.8156842561015916,32.53938626901214,0.020622156572788545,False,False,True,True,True
1788619815.5691717,3.6494750927317927,23.719802940416084,0.03449116518780431,False,False,True,True,True
1788619815.6671095,1.7579812833081134,19.177477669472758,0.04950449414977715,False,False,True,True,True
1788619815.7622693,1.672693162694558,0.7407595707903206,0.005084144416672452,False,False,True,True,True
1788619815.860848,0.6825938282580526,9.737436751818267,0.005236154889976253,False,False,True,True,True
1788619815.9705815,2.2795549026979973,14.42874098169235,0.012651840853378468,False,False,True,True,True
1788619816.0699315,0.25924925256729175,20.407427898194584,0.010753123135711957,False,False,True,True,True
1788619816.1576803,8.906986300603664,98.49984199893953,0.10763411984341473,False,False,True,True,True
1788619816.271819,0.8708520624768816,71.34862849302301,0.09745471869405403,False,False,True,True,True
1788619816.369447,0.964049257027192,0.9725320662968328,0.004431500271034005,False,False,True,True,True
1788619816.4626474,3.604340375928276,28.49400113757821,0.026408978711273023,False,False,True,True,True
1788619816.5595145,2.1357118377424085,15.49081610690686,0.015339828476665119,False,False,True,True,True
1788619816.6732216,1.3930204260185177,6.768065198857315,0.015525581077894165,False,False,True,True,True
1788619816.764328,5.2049918352703735,41.83325480755597,0.03233874158782118,False,False,True,True,True
1788619816.865106,1.9557820374306598,32.24815490915939,0.030149414946092478,False,False,True,True,True
1788619816.9648008,5.267126772256285,33.37165924059496,0.03708249984741852,False,False,True,True,True
1788619817.0748818,1.764714142658084,31.72878491042716,0.06957666450963995,False,False,True,True,True
1788619817.167344,2.0521959090601816,3.214078443994416,0.01882080309261471,False,False,True,True,True
1788619817.2633698,8.901611040910106,71.93607538331402,0.10884495412327723,False,False,True,True,True
1788619817.3593664,0.6852457061379345,85.19114914092248,0.13847008218067403,False,False,True,True,True
1788619817.468419,1.2942008020398743,5.651989972978298,0.005839017596514662,False,False,True,True,True
1788619817.5661893,0.552147379044153,7.552615743123315,0.002863657743788342,False,False,True,True,True
1788619817.6644824,2.1830876662133183,16.667815512954125,0.006999307838469101,False,False,True,True,True
1788619817.7619789,4.493677655239211,23.854295091831652,0.027167981735562903,False,False,True,True,True
1788619817.872576,0.5294488412848717,35.84521479553515,0.03286440128314913,False,False,True,True,True
1788619817.9657295,2.7767766824096296,24.132963336690107,0.014687321581928132,False,False,True,True,True
1788619818.0645807,0.9069396626765249,18.173523687304282,0.010282159882197066,False,False,True,True,True
1788619818.1576326,1.6663873040319277,8.14830064242007,0.004410352806044355,False,False,True,True,True
1788619818.2770762,0.28878207480868134,11.582719711348439,0.004410007821267193,False,False,True,True,True
1788619818.3681443,4.364842927825039,44.721556152892965,0.02935744126338747,False,False,True,True,True
1788619818.464416,5.091366363825108,7.106351400341626,0.038449464081219,False,False,True,True,True
1788619818.574564,3.384742776992579,15.93078176911554,0.0383201631261174,False,True,True,True,True
1788619818.6730433,0.5289720117689704,29.260591689774692,0.02356271142077295,False,False,True,True,True
1788619818.767499,3.4540429348675104,30.879633116353496,0.021920534133723232,False,False,True,True,True
1788619818.864835,2.511301892325579,10.076400049344745,0.01598240346364833,False,False,True,True,True
1788619818.976014,2.019116736196285,4.466773292894522,0.010238283895712694,False,False,True,True,True
1788619819.0707674,1.8574740242820464,1.5582621801542111,0.008319830108657087,False,True,True,True,True
1788619819.1638982,1.539782085747445,3.420939582038068,0.005523658372361828,False,False,True,True,True
1788619819.2590842,1.6102760276802015,0.7056821121048114,0.004492127675298526,False,False,True,True,True
1788619819.3778367,1.8508982568345311,2.0556701960691464,0.018119746501130643,False,False,True,True,True
1788619819.467641,0.6205227860099655,13.49299407675129,0.008106060631621398,False,False,True,True,True
1788619819.5684712,0.8417009129768112,2.2260532250052396,0.0020771142731812234,False,False,True,True,True
1788619819.660235,2.8633944071784416,22.079965205396814,0.016283999193747088,False,True,True,True,True
1788619819.774151,0.7853566169190076,18.75596976313363,0.010613598086723627,False,False,True,True,True
1788619819.8696523,3.4454572292648593,27.81277729250133,0.02447241110625192,False,False,True,True,True
1788619819.9687865,0.46758511566434113,29.950171293113446,0.02072416025301232,False,False,True,True,True
1788619820.0603948,3.1984389861886164,29.784219920681576,0.01458850398749107,False,False,True,True,True
1788619820.1751328,2.0625744865290563,9.92735534290609,0.01299281630170921,False,False,True,True,True
1788619820.2677693,1.6113409158083447,4.899157234909484,0.008355846437863497,False,False,True,True,True
1788619820.365479,1.8200768423028317,2.2168045739685596,0.005463849716240521,False,False,True,True,True
1788619820.4637592,1.4419572442078417,4.082429330909224,0.0050089642108944845,False,False,True,True,True
1788619820.5731282,0.23569742706632632,11.016393388887671,0.0033925588353350684,False,False,True,True,True
1788619820.672669,0.8952594327370362,6.620135830686495,0.0012378684686515347,False,False,True,True,True
1788619820.7716126,1.188544697248831,3.0559254072904825,0.0026824573542743113,False,False,True,True,True
1788619820.8933246,0.36974085915378935,6.733329842751358,0.0023191332129824686,False,False,True,True,True
1788619820.9813027,1.6737161858811032,14.81561696682234,0.004931460677032953,False,False,True,True,True
1788619821.06848,0.8412162526249408,9.554922461084958,0.0033673712295835103,False,False,True,True,True
1788619821.1679142,1.6940300484656106,8.598970320061648,0.0075081328608409045,False,False,True,True,True
1788619821.289341,0.9975420423645218,5.759351954379151,0.004857113607676008,False,False,True,True,True
1788619821.3813534,0.186805821724032,8.891935480658303,0.002440383693527699,False,False,True,True,True
1788619821.474408,0.574324546848611,4.164791972642751,0.0005682753186545097,False,False,True,True,True
1788619821.5724063,0.07769653518880469,5.073827200196647,0.0005027103516347903,False,False,True,True,True
1788619821.6826556,2.5400426671286995,22.334250232990712,0.013506668588727656,False,False,True,True,True
1788619821.7773342,1.0430818369585084,15.828672857439793,0.010809103541553388,False,False,True,True,True
1788619821.8681917,0.7915578601106691,2.7205285452831016,0.0034860519880874296,False,False,True,True,True
1788619821.971553,0.8028091954014148,0.1720850586213842,0.002951860723787781,False,False,True,True,True
1788619822.0738876,2.5542795340614846,17.100950683089348,0.009537533296633652,False,False,True,True,True
1788619822.170165,2.6117406924239264,0.4428111890922693,0.011723662660066345,False,False,True,True,True
1788619822.2755823,0.36983868514750956,21.459028298815138,0.010777396431211641,False,False,True,True,True
1788619822.3678198,0.8128704065057425,4.800572150235015,0.0014692899110618181,False,False,True,True,True
1788619822.4793828,1.593066040010297,7.029527854165417,0.006770985939433264,False,False,True,True,True
1788619822.5795612,0.6363224073089881,9.602377469296885,0.004354787360481414,False,False,True,True,True
1788619822.6785605,0.7506357450282918,1.1726390995295437,0.0018364212486088034,False,False,True,True,True
1788619822.769689,2.030255052866541,14.015023026297548,0.0079478082253903,False,True,True,True,True
1788619822.8796093,1.1570630021971233,7.952043317578027,0.006042918377577474,False,False,True,True,True
1788619822.9814441,1.7308298820585646,5.746025486831672,0.01129568577869621,False,True,True,True,True
1788619823.0727446,1.3317709514921885,4.32701730500865,0.005209081954228193,False,False,True,True,True
1788619823.1846693,0.6991634683691923,5.726572085968018,0.004389857883590968,False,False,True,True,True
1788619823.2822783,0.5552808555858866,1.4698567010228911,0.0011194019639573433,False,True,True,True,True
1788619823.3739958,0.19428884389898182,3.950224699700265,0.000721852651686163,False,False,True,True,True
1788619823.475526,0.6749972297784422,4.742796088058146,0.0009085490146620904,False,False,True,True,True
1788619823.583019,0.3614755535865079,2.8782755870530554,0.0009236469119307258,False,False,True,True,True
1788619823.6790986,0.4037790696232995,0.44198977053527044,0.00036658745207530826,False,False,True,True,True
1788619823.775584,0.26941525967364993,1.4067611327502403,0.0003281982891639535,False,False,True,True,True
1788619823.8764353,1.4913185457844071,12.118047229574508,0.004227505495178188,False,False,True,True,True
1788619823.9979458,0.20818366537173383,10.535013315898723,0.004029016278977887,False,False,True,True,True
1788619824.0799236,2.715669195924242,30.57651992377518,0.0092376478567404,False,False,True,True,True
1788619824.178426,1.8419088334344313,8.924430530010634,0.007877121493278098,False,False,True,True,True
1788619824.2723703,1.4216546352196204,4.60010608161374,0.0055703290061169955,False,False,True,True,True
1788619824.3858566,1.32764826477879,0.7738837155161892,0.00452656719992092,False,False,True,True,True
1788619824.4810333,0.6041516113970484,7.577107241115554,0.0053799952815030165,False,False,True,True,True
1788619824.5778363,3.2057952360394517,26.826837802326775,0.015952415542512807,False,False,True,True,True
1788619824.6704879,3.2031014891499257,0.2235571663348534,0.01644485801298612,False,True,True,True,True
1788619824.7865198,1.6137696551103977,13.793147308419071,0.012188797771714211,False,False,True,True,True
1788619824.8806355,1.8289066777122283,2.2565799651994896,0.006846084045762338,False,False,True,True,True
1788619824.9813375,2.090280213484657,2.705466847914275,0.0178109637045771,False,False,True,True,True
1788619825.0740287,0.8892200175727647,12.943712811814837,0.008638466540952584,False,False,True,True,True
1788619825.1841526,2.2310148543825172,12.106855435176632,0.00946669360728188,False,False,True,True,True
1788619825.2812943,1.1750037255423122,10.8960301900201,0.007828646678832471,False,False,True,True,True
1788619825.378437,0.5220192052842075,6.738267387709264,0.00309819688640713,False,False,True,True,True
1788619825.48754,1.5925227470454482,9.814998243194886,0.006122113911835987,False,True,True,True,True
1788619825.584057,2.7373549811811984,11.875202012880544,0.009422952110315243,False,False,True,True,True
1788619825.6792011,1.0411282698225695,17.4976388904374,0.009243084653737577,False,False,True,True,True
1788619825.7791476,0.21281548615653953,8.291910676115009,0.0019304600131698532,False,False,True,True,True
1788619825.8902717,1.328141691390002,10.025262979929504,0.003527236006557994,False,False,True,True,True
1788619825.9871771,0.3875326888683236,9.878704259981244,0.004172793155135854,False,False,True,True,True
1788619826.0813613,1.7519975257265716,14.488905545614108,0.004806567397682443,False,False,True,True,True
1788619826.1740434,4.115885683248376,25.76387338764077,0.019322122274787395,False,False,True,True,True
1788619826.2891173,3.157081649861297,8.274465368085869,0.024294708683085874,False,False,True,True,True
1788619826.381806,3.0044087018492474,1.7449734007468893,0.020613849597380635,False,False,True,True,True
1788619826.4832292,1.2854830184790966,16.93381272332,0.010386219351346903,False,False,True,True,True
1788619826.5772583,0.924692323557321,3.795305220817754,0.005787326413853857,False,False,True,True,True
1788619826.687141,0.6493513650865522,2.5356388986290694,0.003189005509602182,False,False,True,True,True
1788619826.7815304,6.2157448971992135,58.94511484684846,0.05317387364585955,False,False,True,True,True
1788619826.882105,1.3504853319399102,48.20144223903919,0.05062624171353611,False,False,True,True,True
1788619826.979346,1.5795864638860329,2.3699826902024785,0.010272870206066811,False,False,True,True,True
1788619827.088599,0.839713388433399,6.790031522992571,0.0059825454858159184,False,False,True,True,True
1788619827.181436,1.4368894572750741,6.408935611057102,0.005488751317905034,False,False,True,True,True
1788619827.2762039,0.4484992431482458,10.445387483300305,0.0027521234806278253,False,False,True,True,True
1788619827.3793478,0.19637826239851808,2.444065741735738,0.00033238607989232057,False,False,True,True,True
1788619827.4869099,2.0255840923684545,17.021593111038253,0.008606495377117265,False,False,True,True,True
1788619827.5863278,0.5522470109251625,14.897489325078045,0.0070517504354756545,False,False,True,True,True
1788619827.6808038,1.366569737425749,8.66071444115495,0.003960681527462153,False,False,True,True,True
1788619827.7976115,1.283189339718814,0.5749037250407981,0.004583432164709386,False,False,True,True,True
1788619827.883879,0.45398511661416496,9.559068724027188,0.00408875556120675,False,False,True,True,True
1788619827.987595,1.5643436788682192,10.699582298263458,0.004796748254367216,False,False,True,True,True
1788619828.0832543,2.7909695154649548,12.767270517733051,0.00967792712023512,False,False,True,True,True
1788619828.1946254,1.6523290318669788,10.340854561774673,0.026655453001529647,False,False,True,True,True
1788619828.287866,0.36855387081251567,13.781584621175952,0.0066787820667674035,False,True,True,True,True
1788619828.383703,1.9758030235254138,16.781821358289733,0.006069201077338921,False,False,True,True,True
1788619828.483452,0.33641110993154083,16.428340413983896,0.006832516799245002,False,True,True,True,True
1788619828.5944154,0.4066573834389604,0.6471316711492212,0.0004173503497588125,False,False,True,True,True
1788619828.6855242,1.2065381371253483,8.778181676155455,0.002130754860565114,False,False,True,True,True
1788619828.782397,0.9229017039661453,3.015889499265712,0.0024049094372577107,False,False,True,True,True
1788619828.8838563,2.005241105798884,10.684995274695055,0.00560635637907132,False,False,True,True,True
1788619828.9873366,3.7316784337339186,16.710013339647496,0.021218031396944056,False,False,True,True,True
1788619829.0923383,0.9892388842820004,26.868461366485132,0.030449469560302107,False,False,True,True,True
1788619829.186869,4.567823446514117,37.81897691684488,0.029829761019615254,False,False,True,True,True
1788619829.2796392,0.7943926701433024,40.49607587185059,0.02765066570038262,False,False,True,True,True
1788619829.3938265,1.6585657052836023,7.565481528769214,0.00895639106203766,False,False,True,True,True
1788619829.4846952,0.3103143862936346,14.81928805809036,0.006285014026318373,False,False,True,True,True
1788619829.5849245,2.501764338781487,21.864345561419565,0.010804724936422221,False,True,True,True,True
1788619829.8090458,0.44428725973622113,9.270952373057158,0.009996634633369314,False,False,True,True,True
1788619829.8883781,2.8771244755205245,30.670342287332318,0.006932652118503141,False,False,True,True,True
1788619829.9893014,2.979960899250675,1.0687148552167367,0.014404620405557211,False,False,True,True,True
1788619830.1009042,2.663325197797691,2.6505236146654965,0.040813816341018855,False,False,True,True,True
1788619830.193272,0.36424354952562776,24.768161918925678,0.014102387081460908,False,False,True,True,True
1788619830.288428,3.1526729597415377,29.30633287410917,0.017255576976681074,False,False,True,True,True
1788619830.3802855,0.798573778863933,25.399796368334282,0.014025943541695552,False,True,True,True,True
1788619830.4931474,0.22434475794371572,5.138105273902403,0.0009580293630295724,False,False,True,True,True
1788619830.5961344,0.27755442495168825,0.5207032261325792,0.0002251518525609801,False,False,True,True,True
1788619830.6858547,2.247143758463863,21.950691571023455,0.006351494244576259,False,False,True,True,True
1788619830.781753,0.20770737216604893,21.27912956859993,0.007555208522793702,False,False,True,True,True
1788619830.8889437,2.316722357151865,19.68671135039058,0.01025587013941607,False,False,True,True,True
1788619830.9878802,0.394892283395412,19.369075806247384,0.009490912075124919,False,False,True,True,True
1788619831.082833,2.3081071586602047,20.11946184616223,0.009743964233162412,False,False,True,True,True
1788619831.1809044,2.405050861462026,0.5836969568210117,0.00969807185969466,False,False,True,True,True
1788619831.2983725,0.3285981607398317,17.913360623052153,0.008901959780571575,False,False,True,True,True
1788619831.3879485,3.503409005053081,35.46720665195037,0.018287403815758326,False,False,True,True,True
1788619831.4918756,3.8447498709162145,3.2386074942836918,0.023123321896190607,False,False,True,True,True
1788619831.5856352,2.2922327066735377,16.43009299318504,0.02203537384696612,False,False,True,True,True
1788619831.7006693,3.7927436579018043,13.461487542534535,0.025974552520746645,False,False,True,True,True
1788619831.7933643,4.180278981192665,4.3035492571433815,0.030578323480293476,False,False,True,True,True
1788619831.888366,1.5091883728426332,27.781660575588415,0.03568745889120984,False,False,True,True,True
1788619832.0020099,0.702730275247033,7.240368560339963,0.004866920986010396,False,False,True,True,True
1788619832.0942285,2.558901908419404,20.131002062600423,0.008156655147148946,False,False,True,True,True
1788619832.192257,0.4776351378897643,21.24257377275642,0.008655075997139716,False,False,True,True,True
1788619832.288467,0.2895145865316219,1.9575047569799693,0.0007182102518621401,False,False,True,True,True
1788619832.4036853,0.35193015919448206,0.5473866977207542,0.0004578741641298827,False,False,True,True,True
1788619832.4938483,1.4672763417817412,12.354726941732272,0.003347982739376098,False,False,True,True,True
1788619832.593027,3.753551110443374,23.18481083717251,0.01881132954952428,False,False,True,True,True
1788619832.6858807,3.687485122566442,0.3596332368465672,0.023054327137713083,False,False,True,True,True
1788619832.8023493,1.9934995890409775,15.123856237351575,0.04313482295006161,False,False,True,True,True
1788619832.9023852,4.224124121962311,22.360580506371576,0.024439349124088555,False,False,True,True,True
1788619832.9880629,2.523841156734088,19.848860803695974,0.024644503756380755,False,False,True,True,True
1788619833.0855327,3.427079673528248,9.496955138257144,0.015855379969418135,False,False,True,True,True
1788619833.201923,1.2074654107525884,19.01767586218614,0.01498056387114107,False,False,True,True,True
1788619833.2979786,2.567652973645988,14.11245080770523,0.019808775482476577,False,False,True,True,True
1788619833.392242,0.5163156447313316,22.064360926214917,0.01055569949156983,False,False,True,True,True
1788619833.484856,5.222236657230241,50.83377354475073,0.041742207697651273,False,False,True,True,True
1788619833.6035645,3.0773828758013826,18.005102854362054,0.033223477724990465,False,False,True,True,True
1788619833.693117,0.668635399325187,26.79524381139097,0.023200466681171504,False,False,True,True,True
1788619833.7933722,1.9110173013725806,12.41004314979815,0.006801518201482769,False,False,True,True,True
1788619833.8883383,2.5342185492182763,6.5222882755355975,0.010046690904308141,False,False,True,True,True
1788619833.9962537,0.8162092686244261,15.812858945908939,0.009154634094504684,False,False,True,True,True
1788619834.096643,0.28703381233670255,5.278911533830797,0.001206178150246965,False,False,True,True,True
1788619834.1950192,0.9515772709446222,6.748528113261213,0.0019093668202653986,False,False,True,True,True
1788619834.3018556,0.41010545144892074,5.093145459416649,0.0014439508209340868,False,False,True,True,True
1788619834.3966963,3.0073269666206404,27.373989400121353,0.01298400991492433,False,False,True,True,True
1788619834.4938185,0.8194027859514984,22.333114642564468,0.011358404462465868,False,False,True,True,True
1788619834.6000557,1.0618929425220218,2.291684827511869,0.004865556600151681,False,False,True,True,True
1788619834.702227,0.7365191841128652,3.101362408347997,0.003967767756723245,False,False,True,True,True
1788619834.7968802,1.1102670627302909,3.9383379227368938,0.0036423951412735624,False,False,True,True,True
1788619834.8957405,0.32138397613006936,7.9876641572576546,0.0016042551427203234,False,False,True,True,True
1788619834.9872453,0.34255466676700563,0.2263550419874511,0.00033596319314880424,False,False,True,True,True
1788619835.098376,1.058345335668185,6.4395280643077415,0.0027079792123574694,False,False,True,True,True
1788619835.1927912,0.17392117829850265,9.350180527601411,0.002219511062373116,False,False,True,True,True
1788619835.2938292,0.6019979980699671,4.236542561206052,0.0006240246963555194,False,True,True,True,True
1788619835.3874598,0.7760334888117919,1.8583221461626611,0.000903786351012999,False,False,True,True,True
1788619835.5015254,2.4316224663054444,14.4055300548274,0.013102342261207727,False,False,True,True,True
1788619835.5968664,4.634016214268769,23.10078148453045,0.026486885356953996,False,True,True,True,True
1788619835.693997,4.666231488641967,0.21675526271730963,0.03475630020083949,False,False,True,True,True
1788619835.7928424,0.663605139320283,40.44529787847298,0.0317218693532022,False,False,True,True,True
1788619835.9016857,0.6928575612447017,0.3180749372447481,0.002276059773213225,False,False,True,True,True
1788619835.998324,1.8113658465768745,11.542018411319065,0.004363217353130224,False,False,True,True,True
1788619836.0954201,3.2050166842246024,14.478267603381239,0.013262184011472581,False,False,True,True,True
1788619836.1939752,0.47176405105310043,27.73988251424405,0.01655141154314691,False,False,True,True,True
1788619836.308123,0.22519754616743815,2.1723901428810906,0.0004871430238853693,False,False,True,True,True
1788619836.4007015,2.836363075607788,28.201059098206187,0.01234465286534462,False,False,True,True,True
1788619836.4963255,2.321610007165115,5.0952313044070925,0.010616048566993296,False,False,True,True,True
1788619836.6064093,0.19154715570249745,19.304480461632945,0.008714239405811388,False,False,True,True,True
1788619836.7029366,2.2352717164465643,21.16533154786119,0.008198450383945798,False,False,True,True,True
1788619836.8034267,1.2188342251080793,10.146682922209168,0.00793173962145978,False,False,True,True,True
1788619836.8920076,0.890031281438958,3.7431166351178735,0.002539881592917176,False,True,True,True,True
1788619837.012117,0.6800759976502603,1.7870290445807142,0.0019126890607591297,False,False,True,True,True
1788619837.1034608,2.1384101429149367,15.893003996629375,0.005612819813901195,False,True,True,True,True
1788619837.2024698,2.457115806213273,3.249933008553218,0.009149756215463071,False,False,True,True,True
1788619837.2919414,0.7086692665985841,19.419033104098574,0.01275429059650328,False,False,True,True,True
1788619837.4095755,3.100826829294961,20.30288864033085,0.020322166978474186,False,False,True,True,True
1788619837.5106006,5.597663915872271,24.902978971378797,0.04276165575423998,False,False,True,True,True
1788619837.5948353,3.044551711271266,30.10782787413806,0.0917771235151545,False,False,True,True,True
1788619837.6949515,1.3031041530718357,17.318668338753486,0.008726311225407091,False,False,True,True,True
1788619837.8089116,2.718252875054,12.362163476849844,0.02633648191139371,False,False,True,True,True
1788619837.912022,2.18603319698579,5.225797075530383,0.037461498962695745,False,False,True,True,True
1788619837.9972377,1.3854199925036226,9.071323896568611,0.007062802295393412,False,False,True,True,True
1788619838.1044695,0.7202879206705848,6.16155135400512,0.004349562942689017,False,True,True,True,True
1788619838.213175,1.0019811231551963,2.5969410107492297,0.0038677115183391336,False,False,True,True,True
1788619838.3150172,1.336118620465228,3.267313513654566,0.0029845837026294666,False,False,True,True,True
1788619838.4026303,0.7127067815889767,7.166095913620835,0.005317600248921279,False,False,True,True,True
1788619838.4977076,2.4407516785484136,18.222298227625558,0.00774892449531679,False,False,True,True,True
1788619838.6093879,3.92357811346688,13.298528333575089,0.025544161741806924,False,False,True,True,True
1788619838.7174258,3.593581633018275,3.062129496874582,0.030605325829468892,False,False,True,True,True
1788619838.8037043,1.1694626924602611,28.123625505309015,0.0218475235123794,False,False,True,True,True
1788619838.9225397,0.7634138369774623,3.3953184124062252,0.0019172331773639722,False,False,True,True,True
1788619839.0175314,0.3736476548131982,4.117232578756549,0.0019397542347863853,False,False,True,True,True
1788619839.1054926,0.37141378040498796,0.026178124231503702,0.0003100937153115177,False,False,True,True,True
1788619839.2035892,0.4943428385814375,1.2406768822661425,0.0007576196879711222,False,False,True,True,True
1788619839.3060374,0.9332510021430647,4.281536681889065,0.0013887088431290982,False,False,True,True,True
1788619839.4079747,0.6034351678310013,3.2631550669097487,0.0013235569071377603,False,False,True,True,True
1788619839.5048013,0.9113050855080423,3.191026065837321,0.001469932075296128,False,False,True,True,True
1788619839.5981684,2.6248582593539016,18.355833977266478,0.011299848697504174,False,False,True,True,True
1788619839.712886,0.5127673023463379,18.600735440571462,0.008861333569994601,False,False,True,True,True
1788619839.8089654,3.1442413249527994,27.425026195915947,0.019496789215755636,False,False,True,True,True
1788619839.9003112,0.4247486628713552,29.786480813539633,0.01460582569748051,False,False,True,True,True
1788619840.0043137,0.5189366962890111,0.9149020796050055,0.0006687487977068856,False,False,True,True,True
1788619840.1115756,0.6337285832436451,1.0658361012332618,0.0012287056126919819,False,False,True,True,True
1788619840.2099981,0.3431949515446162,2.981284213579891,0.0008313334723834051,False,False,True,True,True
1788619840.3016255,0.2296339681848442,1.2326818626902352,0.0002927940954830528,False,True,True,True,True
1788619840.4018102,2.0279623095841783,17.963007600958406,0.007997886153554751,False,False,True,True,True
1788619840.5103023,3.677205331728405,15.149093976147427,0.021851105909102674,False,False,True,True,True
1788619840.6038864,2.044561591031756,17.460197257912473,0.021776722302400173,False,False,True,True,True
1788619840.7031379,2.869850361217212,8.179017654281425,0.01108902918400266,False,False,True,True,True
1788619840.8030505,0.529611807547989,23.497940248896562,0.012109246944298381,False,False,True,True,True
1788619840.9125373,0.37107343352207806,1.4553434108631644,0.0007896302672641291,False,False,True,True,True
1788619841.0070605,1.596402644784046,12.964936194432749,0.0037188762961538296,False,False,True,True,True
1788619841.1002975,2.62192965625049,11.125826533982917,0.018400897024971753,False,False,True,True,True
1788619841.2171495,0.6497898616317125,16.809284128147446,0.00866457554730161,False,False,True,True,True
1788619841.3055284,3.629983297457861,33.69524802296987,0.021558567490444953,False,False,True,True,True
1788619841.4128544,1.0838740641724902,23.800178329545737,0.02530710925530998,False,False,True,True,True
1788619841.5053008,2.7799177568989686,18.424645408198998,0.009486437548811155,False,False,True,True,True
1788619841.616829,1.8706583449276861,8.049172074207027,0.02809221275599772,False,False,True,True,True
1788619841.7130072,2.782062124518733,9.486397347199315,0.010484781457006367,False,False,True,True,True
1788619841.8089411,0.19700743652707745,27.088797065425002,0.012162502513255064,False,True,True,True,True
1788619841.9071712,0.95936204416708,7.751809955271384,0.0014229199413763377,False,False,True,True,True
1788619842.0116224,0.3434224714346817,5.918994365452948,0.0015987913760685897,False,False,True,True,True
1788619842.1166685,1.1828490815739654,7.973705730530782,0.003304961829169586,False,False,True,True,True
1788619842.205119,1.8841826803594492,7.9919824194619915,0.009687123325097517,False,False,True,True,True
1788619842.305445,2.71633037023051,8.29291941734158,0.012788586961880503,False,False,True,True,True
1788619842.4152768,2.982346800826986,2.441288405980597,0.016745482776357734,False,False,True,True,True
1788619842.5126734,1.4961454693095606,15.281873573446939,0.016290671319736147,False,False,True,True,True
1788619842.604195,2.182091960712472,7.44804695811845,0.013795167189456028,False,False,True,True,True
1788619842.7036276,1.9396544383407743,2.4937960008018996,0.0067929371114412345,False,False,True,True,True
1788619842.8186388,1.928997593107907,0.04001286317168166,0.021522408105681266,False,False,True,True,True
1788619842.9112947,2.336861293638994,4.315787226093389,0.009286218191348282,False,False,True,True,True
1788619843.0077002,1.4645743029095644,9.101767755621001,0.006351994074483759,False,False,True,True,True
1788619843.1036346,1.1281471436108235,3.4464672306739503,0.00322867403173996,False,False,True,True,True
1788619843.2151482,0.34489627216154334,6.987526416945464,0.002774689560037159,False,False,True,True,True
1788619843.3120692,0.5671978410682322,2.3859920514332953,0.0007117092207018824,False,False,True,True,True
1788619843.4045045,4.245024407608943,39.80374739142698,0.02921977771047347,False,False,True,True,True
1788619843.5191743,2.4216549379177223,15.810515253221045,0.023400394822066115,False,False,True,True,True
1788619843.6143262,0.1978602009046152,23.527506123549287,0.013387615056121962,False,False,True,True,True
1788619843.710215,1.765260459315846,16.34313346571581,0.004766131012929503,False,True,True,True,True
1788619843.8153787,0.5932891052284154,11.191719936780812,0.006396584511967182,False,False,True,True,True
1788619843.9187276,0.9689491554436322,3.559366189193228,0.0018119787718255044,False,False,True,True,True
1788619844.008431,5.108012042345366,46.15081493055902,0.03360819257043241,False,False,True,True,True
1788619844.11009,4.292601467948015,8.103580365261795,0.03525420268666932,False,False,True,True,True
1788619844.206891,0.43150260672000956,39.805159509664655,0.03616762145882664,False,False,True,True,True
1788619844.3216052,2.545383013874562,18.46878896384108,0.017234381914076315,False,False,True,True,True
1788619844.4143004,1.1020154707021377,14.916069873845334,0.013315424644892378,False,False,True,True,True
1788619844.5079145,1.0704883148309186,0.5344975565750703,0.002045774657080214,False,False,True,True,True
1788619844.607421,1.2395087481965659,1.7445283017229103,0.002626534007836426,False,True,True,True,True
1788619844.722458,0.5114163866215636,6.243562092556281,0.003805867764110891,False,False,True,True,True
1788619844.8181367,0.6326418103200143,1.2578263851721303,0.0011046873464774466,False,False,True,True,True
1788619844.9133751,0.7262585980009295,1.0906748182000559,0.0019138555274049187,False,False,True,True,True
1788619845.0053387,0.1941000846074054,5.8445027654202555,0.0009009611425738754,False,False,True,True,True
1788619845.1192837,1.6776504147670388,13.003310995191242,0.0066712521837142495,False,False,True,True,True
1788619845.2151074,0.6428186529579323,10.752985403135694,0.008099805794205864,False,True,True,True,True
1788619845.3119566,3.340609707171248,27.85588267861005,0.017177723121890632,False,False,True,True,True
1788619845.401059,2.4531776796131135,10.546545757202766,0.015109371714386534,False,False,True,True,True
1788619845.521318,0.9491918654811355,12.622804077973218,0.006668193640069565,False,False,True,True,True
1788619845.6161115,1.2990087577875098,3.6685965250253467,0.0068636344080853845,False,False,True,True,True
1788619845.7139118,1.4978532399101676,1.9649675654582395,0.0035363311722447417,False,False,True,True,True
1788619845.821867,0.1853527595468645,12.17387688401375,0.003898187358420234,False,False,True,True,True
1788619845.9168842,0.4137978493547431,2.406129481008025,0.00036954869257791524,False,False,True,True,True
1788619846.01764,3.584622952572264,31.457731608233267,0.022803410619502838,False,False,True,True,True
1788619846.1128156,2.409003233769768,12.3290804240145,0.017775457796730964,False,False,True,True,True
1788619846.224071,0.7944199146385128,14.559602195613193,0.013797007088552289,False,False,True,True,True
1788619846.3206522,1.9562730659493066,11.90017154448896,0.009245672349704212,False,False,True,True,True
1788619846.4164476,2.7620002466503717,8.136156061880897,0.010873228752635362,False,False,True,True,True
1788619846.5109563,0.633470697683211,22.224238448812276,0.013848876300831627,False,False,True,True,True
1788619846.624217,3.0669334801341614,21.490991708022047,0.01904442102362592,False,False,True,True,True
1788619846.7126796,0.7392713071095168,26.08602653701768,0.02425197942237931,False,False,True,True,True
1788619846.8138013,0.7994857390053953,0.6097919809704224,0.0010574068789699638,False,False,True,True,True
1788619846.9069307,1.1519897900384197,3.7997482084042438,0.001998107177643983,False,False,True,True,True
1788619847.0254722,2.0187908961463763,7.340017108055858,0.007607428169510353,False,False,True,True,True
1788619847.1222732,0.2739396248328744,17.99412497488211,0.00956244802592548,False,False,True,True,True
1788619847.213711,3.6931467869093595,37.37967343259879,0.02060193857564332,False,False,True,True,True
1788619847.3150585,4.247764358019648,5.304265390656839,0.026841898213580982,False,False,True,True,True
1788619847.4177136,0.24858045368495113,39.093257320048814,0.031476114035722126,False,False,True,True,True
1788619847.5222507,3.6758002838716433,32.82204902917247,0.02676038568272977,False,False,True,True,True
1788619847.6163332,3.2119080219912006,4.42008697277415,0.021948810399460058,False,False,True,True,True
1788619847.710437,2.287122837168292,9.831282062373527,0.013023764654284111,False,False,True,True,True
1788619847.8219995,2.4390900603399657,1.4214445651687904,0.011473413041936917,False,False,True,True,True
1788619847.9161768,1.0841448784586438,14.445809172786303,0.010873543442947716,False,False,True,True,True
1788619848.0169344,1.5348769053884743,4.601027454620461,0.003941145186989378,False,False,True,True,True
1788619848.1242309,0.5697104039156475,9.210723824049795,0.004822716631815859,False,False,True,True,True
1788619848.2215998,2.145008165260737,16.138085941707278,0.007385080824822743,False,False,True,True,True
1788619848.3186352,2.154317912092252,0.11667754070368236,0.007837181306051863,False,False,True,True,True
1788619848.4127374,0.22104464646397787,20.653428756238544,0.007343801515098031,False,False,True,True,True
1788619848.52414,3.0767938932861676,25.626303408594058,0.021289552074346633,False,False,True,True,True
1788619848.6177077,0.17888557713389908,30.971037500877173,0.021220090184771605,False,False,True,True,True
1788619848.7158308,0.329153499071931,1.5365810867132421,0.00016462115383529438,False,False,True,True,True
1788619848.809868,1.1484403995496044,8.712887471610491,0.0018167124787932573,False,False,True,True,True
1788619848.924866,2.4150161646448383,11.03002181548587,0.011090955724081674,False,True,True,True,True
1788619849.0243382,0.535003117193992,18.786537825587757,0.015457797640535637,False,False,True,True,True
1788619849.1163933,0.7718747667072141,2.589015642798207,0.0015179906118447048,False,False,True,True,True
1788619849.21014,4.805885215301047,43.06371242432284,0.041015306322556275,False,False,True,True,True
1788619849.322665,3.195228398611147,14.412252291690374,0.030934795514456808,False,False,True,True,True
1788619849.4206057,0.7357561893720426,25.101492563065626,0.02792459483094645,False,False,True,True,True
1788619849.515634,1.74971797791421,10.689023470595947,0.007523105214195708,False,False,True,True,True
1788619849.6105628,1.3907689391513878,3.3927723859788674,0.0054396159494027934,False,False,True,True,True
1788619849.7238882,0.7590203590270829,5.745549547241059,0.004144411852728109,False,False,True,True,True
1788619849.8161063,1.051851673046956,3.2499632535001206,0.0031283122130762718,False,False,True,True,True
1788619849.91687,0.8122499230206264,2.490697765950436,0.001790612295480527,False,False,True,True,True
1788619850.010574,4.087100782156664,34.975619975902035,0.02453926000260553,False,False,True,True,True
1788619850.1264436,2.465738549281441,13.981930391935407,0.021751537000663918,False,False,True,True,True
1788619850.2259922,2.2375032756143645,2.231151800803546,0.034212963812857544,False,False,True,True,True
1788619850.3277428,0.44467832732792134,17.741557969473323,0.007604537000174682,False,False,True,True,True
1788619850.4335275,0.3968286480253833,0.44895287328604816,0.0006657615079295481,False,False,True,True,True
1788619850.542292,0.7428261989400454,3.110295793913864,0.0012370068807354552,False,False,True,True,True
1788619850.6318223,0.7792692169016842,0.42431002063209217,0.0025180867778912914,False,False,True,True,True
1788619850.7224486,1.6972338383108088,10.079637233929489,0.0034509090473477133,False,False,True,True,True
1788619850.8334715,2.5845947370128166,8.061746295553402,0.023394773987257773,False,False,True,True,True
1788619850.925814,2.710209399586325,1.3410159889409234,0.013565052402894427,False,False,True,True,True
1788619851.0221267,0.4002190285999335,24.099333625576378,0.01090882199463576,False,False,True,True,True
1788619851.1124544,7.043090033160614,73.5337599884252,0.07061586447248261,False,False,True,True,True
1788619851.2276258,1.583726056478296,47.2396400630312,0.05714156948106495,False,False,True,True,True
1788619851.3313558,1.1436888694561718,4.263438734112672,0.00910113416659373,False,False,True,True,True
1788619851.4244933,3.366715930391164,23.81780659916818,0.01720285101814161,False,False,True,True,True
1788619851.519043,5.2085076127257235,19.9177770298443,0.08541923255250437,False,False,True,True,True
1788619851.6319933,5.8060000040465045,5.974904138651451,0.06443058274312025,False,False,True,True,True
1788619851.7241218,0.5599526562146683,56.50647960015366,0.07910811517698588,False,False,True,True,True
1788619851.8261123,4.142325938205629,35.10997458552492,0.03478948511334828,False,False,True,True,True
1788619851.9191127,3.483363773421706,6.86425465983049,0.07133482011899632,False,True,True,True,True
1788619852.0281963,2.030166835757024,14.027490130074419,0.03793699066565635,False,False,True,True,True
1788619852.124266,3.9806415797915995,20.26277871891085,0.021392426359035283,False,False,True,True,True
1788619852.2286932,0.7200376970100456,31.39518656270164,0.023589822761032133,False,False,True,True,True
1788619852.3158984,0.7145417832033945,0.07969078374804298,0.0015975732952214464,False,False,True,True,True
1788619852.4313233,0.8019459628277766,0.6003334818718447,0.002318399176499327,False,False,True,True,True
1788619852.5243566,6.2796143099588315,58.83953688566583,0.0590050884803749,False,False,True,True,True
1788619852.6207018,2.9522997449506962,33.47262246547567,0.09682318789047743,False,False,True,True,True
1788619852.7319005,5.3026445621822775,21.294019241981776,0.10154846693526098,False,True,True,True,True
1788619852.828443,2.0828592157870465,33.04396730725963,0.04847638237577925,False,False,True,True,True
1788619852.9217088,1.5685240489775303,5.251163185332442,0.00792256764526355,False,False,True,True,True
1788619853.0157957,5.665692834306887,43.55457701929671,0.043094548819355934,False,False,True,True,True
1788619853.1312175,7.2077175682942665,15.989634571609061,0.2523898998785869,False,False,True,False,False
1788619853.225267,2.2507624837967644,52.63092877688541,0.15363956400424608,False,False,True,True,True
1788619853.3231895,2.3055191876067203,0.4515551669253186,0.012940508351405115,False,False,True,True,True
1788619853.4212444,1.3054953940921743,10.201507485502686,0.010810954830409933,False,False,True,True,True
1788619853.5308788,0.9677340761545737,3.2633022999390078,0.005158410688513958,False,False,True,True,True
1788619853.6227126,3.7215821380188476,29.63021351534627,0.026154532926215723,False,False,True,True,True
1788619853.7225327,0.6042939302856503,31.148054015094832,0.023888496861968676,False,False,True,True,True
1788619853.818893,2.1446459202712895,15.950291226124751,0.006149578298002595,False,False,True,True,True
1788619853.9337234,1.2588243562503711,7.786556984142541,0.01633546351967156,False,False,True,True,True
1788619854.0266297,3.2056534909309558,20.620774095097257,0.012122224198596265,False,False,True,True,True
1788619854.1217787,2.561520046680908,6.901905137045086,0.03744444945828612,False,False,True,True,True
1788619854.218749,2.7593620175277778,1.7885944307495631,0.030173398560599172,False,False,True,True,True
1788619854.3300357,2.3148701660137996,3.894825861434882,0.01572287326444781,False,False,True,True,True
1788619854.4260852,1.2872460074475323,10.973676758243936,0.01551854610632438,False,False,True,True,True
1788619854.5267916,1.360772435386857,0.6069538012713739,0.004816396534241974,False,False,True,True,True
1788619854.6207883,1.2343185210265635,1.0813268608504114,0.002902713766001456,False,False,True,True,True
1788619854.7306435,0.5410052074682032,6.323291407415841,0.0022156031862173237,False,False,True,True,True
1788619854.8373508,0.6397999107360376,0.9130403062924557,0.0012459604275048208,False,False,True,True,True
1788619854.9241173,4.257856228371496,41.636251749928206,0.026765380043086644,False,False,True,True,True
1788619855.0343645,1.2146417015559632,28.984364996550863,0.019728111571893865,False,False,True,True,True
1788619855.1321096,5.226651705021994,41.03040551056057,0.05418854030836629,False,False,True,True,True
1788619855.234577,0.8365439568196895,42.83494506874702,0.03679358907974696,False,False,True,True,True
1788619855.3273904,0.3946473134982953,4.74992153479928,0.0015711429901165566,False,False,True,True,True
1788619855.433355,1.148796128378719,7.114008028744925,0.0021044327820732176,False,False,True,True,True
1788619855.5345268,2.555047451793684,13.890847410336667,0.017727254353408096,False,False,True,True,True
1788619855.6360285,7.158961388702813,45.383593128222415,0.0664938856731591,False,False,True,True,True
1788619855.7254198,10.795278584903421,41.76774779609684,0.1240567667055302,False,False,True,True,True
1788619855.837701,4.12321265613021,59.38128170256532,0.11581754119236956,False,False,True,True,True
1788619855.9358761,1.683500569600057,24.797668168702728,0.049634346393975216,False,False,True,True,True
1788619856.0248187,0.5397220413179841,12.826540518896117,0.005866032481759493,False,False,True,True,True
1788619856.1226172,0.9086364087426313,3.8002218582067724,0.002249810319114048,False,False,True,True,True
1788619856.2389426,2.1464032861837743,10.657812958702728,0.01497280769781104,False,False,True,True,True
1788619856.33311,1.8751193059457645,3.5598464894782786,0.009455023266438248,False,False,True,True,True
1788619856.432193,1.4583149501199406,4.174455977951102,0.011553565523342852,False,False,True,True,True
1788619856.5320163,1.4797996559555198,0.13294319725343218,0.009102515028095505,False,False,True,True,True
1788619856.6344528,0.34910639599446736,11.052420661403136,0.003009614368210395,False,False,True,True,True
1788619856.7377622,4.00738262443305,35.40999141736124,0.02582727430783812,False,False,True,True,True
1788619856.8305492,7.207613164281402,34.65582180083136,0.05540593471977921,False,False,True,True,True
1788619856.9279263,2.548505119382087,47.73450141933844,0.055817002088627395,False,False,True,True,True
1788619857.0397544,1.6863327278240254,7.43615674636572,0.008417702472499724,False,False,True,True,True
1788619857.1348252,0.5019584692499472,12.32157857450503,0.005977730992775887,False,False,True,True,True
1788619857.23023,0.5611636713472691,0.6376162541589289,0.0006554590754809051,False,False,True,True,True
1788619857.3446321,1.177295806274051,5.351225680678068,0.0029836401476875177,False,False,True,True,True
1788619857.4317727,1.6132203987561147,5.102852864533841,0.008505811280311497,False,False,True,True,True
1788619857.5320022,4.530350775007518,28.898431560855524,0.02709876786674697,False,False,True,True,True
1788619857.627465,0.6473740136620049,41.13090730414114,0.03102474301930414,False,False,True,True,True
1788619857.7425082,2.048347517424704,12.053060245885213,0.007569244701950188,False,False,True,True,True
1788619857.836032,2.075312521587033,0.26418566228609075,0.007931183890753554,False,False,True,True,True
1788619857.933742,1.68207043641929,3.936985910576362,0.015017109180256194,False,False,True,True,True
1788619858.0293841,0.316697987753832,14.364601522732233,0.004121628857299313,False,False,True,True,True
1788619858.1406147,0.7517765232284207,3.9460145936586066,0.0011601363924344291,False,False,True,True,True
1788619858.2373152,0.38729679247888243,3.706406172748161,0.0011897603578255812,False,False,True,True,True
1788619858.3356533,3.0957336911217994,27.524787083258243,0.015602448234504865,False,False,True,True,True
1788619858.4253407,1.882301441486328,13.504865303254899,0.011397573108762118,False,False,True,True,True
1788619858.5397284,1.857261801912518,0.3160584778344184,0.017222568809870994,False,False,True,True,True
1788619858.637564,0.5746100678537086,13.09886421253802,0.00608787576228122,False,False,True,True,True
1788619858.7406526,2.2372595498624586,16.112311793386944,0.006938433685991084,False,False,True,True,True
1788619858.8292263,2.5042923653390354,2.891948793650388,0.00843855966332682,False,False,True,True,True
1788619858.9385762,2.085087429708836,3.465879065427915,0.023623419885467137,False,False,True,True,True
1788619859.032627,2.8618337517780565,8.173966702693289,0.028197317457125243,False,False,True,True,True
1788619859.1282997,5.654413896825955,29.186677489006286,0.03639448484157215,False,False,True,True,True
1788619859.2305837,2.922652488249752,26.042506410720055,0.08547999357279955,False,False,True,True,True
1788619859.3353605,0.8133327035630866,20.057917970642553,0.011904959457316846,False,False,True,True,True
1788619859.4341328,2.2888027857691684,14.921851345716936,0.012208930343073935,False,False,True,True,True
1788619859.5349734,0.6021819692169206,16.691325671972127,0.01027616065872668,False,False,True,True,True
1788619859.6463282,1.7094638287315969,9.958786024191218,0.00781927116627146,False,False,True,True,True
1788619859.7381935,2.8562425847191153,12.418200571780199,0.009506136836545543,False,False,True,True,True
1788619859.8372273,4.508933868435565,16.303472411251867,0.024718239320071122,False,False,True,True,True
1788619859.9342911,3.025038877082114,15.329530228827462,0.02483780473620383,False,False,True,True,True
1788619860.0477016,1.2963781076701506,15.064999872954315,0.010658818069540344,False,False,True,True,True
1788619860.1393075,1.6960837018634176,4.408943206814072,0.00372690672131767,False,False,True,True,True
1788619860.2357035,3.5915015971586874,19.532192698927425,0.030687848980446904,False,False,True,True,True
1788619860.3316274,3.3623636724209516,2.38179800490522,0.01823199231457863,False,False,True,True,True
1788619860.4479237,4.935262802299254,13.440848593513484,0.039757700890610585,False,False,True,True,True
1788619860.5397367,4.694387542017884,2.0028761173453216,0.042709489801229746,False,False,True,True,True
1788619860.6327174,0.2764322072117307,47.400260518116234,0.030098808141807196,False,False,True,True,True
1788619860.729019,1.0634053146334697,8.171997804880952,0.001715914831147093,False,False,True,True,True
1788619860.8433275,0.2544951372814001,7.079357040983298,0.001410680172886274,False,False,True,True,True
1788619860.94169,3.2588253062657313,30.546716838273635,0.01827977571252422,False,False,True,True,True
1788619861.0348246,8.18289518491151,52.750430247974,0.07124132803893646,False,False,True,True,True
1788619861.136575,2.7994076486743293,53.0415589305388,0.07439169441079285,False,False,True,True,True
1788619861.2452748,4.285463995126729,13.693144302785848,0.0267442041988777,False,False,True,True,True
1788619861.343275,2.582340843017066,16.508771824670372,0.027920156958982707,False,False,True,True,True
1788619861.4353147,3.686056497228786,12.197879959025247,0.04307136511906351,False,False,True,True,True
1788619861.5335395,2.546965795391795,11.51330380648224,0.04340228009067386,False,False,True,True,True
1788619861.6466088,0.4800137299431236,18.33151516618265,0.010006840206290727,False,False,True,True,True
1788619861.7463195,0.4157537147057461,0.6308695790569464,0.0007153875889716004,False,False,True,True,True
1788619861.8416543,0.9009363718690103,5.0544420127266445,0.0009945945085368605,False,False,True,True,True
1788619861.949593,0.40981944422793004,4.581561602978464,0.0021117876977324286,False,False,True,True,True
1788619862.0420058,0.7152738084556152,3.2505873482282968,0.0012483554329623453,False,False,True,True,True
1788619862.1388092,2.034085131317948,13.621984968115683,0.007065323728148739,False,False,True,True,True
1788619862.2399952,2.0974302418093336,0.5558569890744514,0.007037411574015727,False,False,True,True,True
1788619862.348811,0.39350643732468943,15.608761091140527,0.008818428596319218,False,False,True,True,True
1788619862.4430578,3.1561716443915686,29.351326787073308,0.016404390912378185,False,False,True,True,True
1788619862.5366664,1.4266489283339752,18.268602598913812,0.011431304088232655,False,False,True,True,True
1788619862.6336977,1.705550752097831,2.907377373565,0.011064933147156614,False,False,True,True,True
1788619862.7492318,0.14441453084382677,13.542367762294678,0.004532214043526359,False,False,True,True,True
1788619862.8451943,2.3340874212035225,22.802431165450308,0.008400617069092009,False,False,True,True,True
1788619863.3880098,0.19714742849857902,3.925842162411005,0.012987424999832133,False,False,True,True,True
1788619863.455424,0.9298557022426472,10.867477803984379,0.0033557594002936557,False,False,True,True,True
1788619863.5596752,0.2779274908379339,6.2140731440286014,0.0008374450107608511,False,True,True,True,True
1788619863.651519,4.1933094723830715,42.68635316174891,0.024714567984685406,False,False,True,True,True
1788619863.7477696,1.560651840578081,27.331407139087435,0.03775150025181756,False,False,True,True,True
1788619863.8485565,0.78627349321738,7.536639420406407,0.0032366546925678107,False,False,True,True,True
1788619863.9566705,0.39135596611816836,3.6802292928440874,0.0011890068408866859,False,False,True,True,True
1788619864.0525708,1.1354455356386963,7.692733753495699,0.002586444466142616,False,False,True,True,True
1788619864.144762,2.9695045595283074,19.92078083426322,0.010396508689307207,False,False,True,True,True
1788619864.2552924,0.30643023320708224,24.16214054753848,0.012572712439261903,False,False,True,True,True
1788619864.355797,2.8648112424478405,25.50643685741814,0.013884243369168053,False,False,True,True,True
1788619864.4508288,1.214017156104375,17.950347204337213,0.010981947576034894,False,False,True,True,True
1788619864.5489652,0.781821004304547,4.451635623155551,0.004543853171265898,False,False,True,True,True
1788619864.6617432,2.537910112303149,15.455092862412108,0.017625760731138744,False,False,True,True,True
1788619864.7498875,4.32342965134474,20.25463594597759,0.019692252145714958,False,False,True,True,True
1788619864.8441164,2.8235821623885733,15.812200070480502,0.018713036366491947,False,False,True,True,True
1788619864.9426427,0.5780356576486906,22.64130906882166,0.013716543736740893,False,False,True,True,True
1788619865.0577414,1.1196266211368398,4.7106668601824,0.0020764289223745938,False,False,True,True,True
1788619865.1502874,0.812375461708701,3.166874282177566,0.004510017744497365,False,False,True,True,True
1788619865.2523923,4.235051316033517,33.48972360437399,0.026892000883904945,False,False,True,True,True
1788619865.3463213,0.9383428495650493,35.2720832377704,0.028867443489113572,False,False,True,True,True
1788619865.4574025,0.5173058876594032,3.862238248077291,0.001985717387804144,False,False,True,True,True
1788619865.5577366,3.312015308769819,27.911093197167254,0.021039539458903016,False,False,True,True,True
1788619865.6465566,0.39813238681305113,32.616181752054466,0.017235472171800353,False,False,True,True,True
1788619865.7445083,0.8248673723046885,4.353227827140561,0.0016310745451673964,False,False,True,True,True
1788619865.8546097,1.4405397340853083,5.615686840096531,0.006827660409945034,False,False,True,True,True
1788619865.9532497,0.5256839864462659,9.228198602041704,0.005463058826162397,False,False,True,True,True
1788619866.0447185,3.693636727113739,34.66922710314848,0.017661752102415947,False,False,True,True,True
1788619866.1440818,3.4240162618290446,2.6272215809678836,0.05720881700490456,False,False,True,True,True
1788619866.252527,3.007494174792481,3.8122978993549914,0.019631000266822116,False,False,True,True,True
1788619866.351058,0.46647593947249777,25.818435648881998,0.01826938065133169,False,False,True,True,True
1788619866.449203,3.501745752624646,30.8745404969486,0.021222173659820653,False,False,True,True,True
1788619866.5640893,3.818698139092203,2.566495210401904,0.07500872651724605,False,False,True,True,True
1788619866.6595938,8.104727047589952,44.85587043188353,0.0767194116531796,False,False,True,True,True
1788619866.7505705,6.013223908623164,23.357076575094524,0.07928611274727597,False,False,True,True,True
1788619866.8457227,1.9956062238497654,42.48306463398327,0.03981744312005763,False,False,True,True,True
1788619866.963663,3.2834944577296326,10.928001542536203,0.039686249844969705,False,False,True,True,True
1788619867.0546536,2.3143189451967405,10.66248581877508,0.019212953414675788,False,False,True,True,True
1788619867.1540785,1.448836922226534,8.636620480176438,0.005936992478326536,False,False,True,True,True
1788619867.2503672,0.36435423287759083,11.278830584639712,0.004140350862365733,False,False,True,True,True
1788619867.3627896,0.8978285405736041,4.755687749139754,0.00205926906341625,False,False,True,True,True
1788619867.4592192,2.5269945794460082,16.884577847703884,0.008813876567939033,False,False,True,True,True
1788619867.5511506,0.8357378637226481,18.255966340990238,0.01334163998843049,False,False,True,True,True
1788619867.6412365,0.5410071157386744,3.28789197490075,0.0017333105996073235,False,False,True,True,True
1788619867.757093,0.5670720418734794,0.21648663622598716,0.001210862842914975,False,False,True,True,True
1788619867.852157,3.011795996310494,25.695774366307077,0.011752976999329902,False,False,True,True,True
1788619867.9431295,1.095854126550718,21.620178947284973,0.011883207860428081,False,False,True,True,True
1788619868.0401666,1.2379507502799783,1.460930871439869,0.00495859098553072,False,False,True,True,True
1788619868.1534731,0.14429937735129117,9.765122309996901,0.0023691324480545144,False,False,True,True,True
1788619868.2490919,1.465208854508912,13.802975746726538,0.0031557504200570717,False,False,True,True,True
1788619868.3456824,0.9307647904340937,5.534974406432684,0.002877860597447444,False,False,True,True,True
1788619868.4642718,1.8718747880343305,7.918098348516035,0.006058923289601242,False,False,True,True,True
1788619868.5588574,0.46955207214346595,14.852543435322572,0.006589483300677437,False,False,True,True,True
1788619868.6524148,4.162496500326879,39.49037415999082,0.02193472190261512,False,False,True,True,True
1788619868.754443,3.6503546555243647,4.976897113664806,0.02346278993726106,False,False,True,True,True
1788619868.8645856,0.5120891966892847,28.134532028594926,0.025110390634886078,False,False,True,True,True
1788619868.958301,1.613773972205279,11.750386443291303,0.004889366130630341,False,False,True,True,True
1788619869.0568058,4.35832461962112,27.81995002545095,0.02396985543276592,False,False,True,True,True
1788619869.153411,4.702345635885537,3.645154445758839,0.032084133621027695,False,False,True,True,True
1788619869.2628496,0.4616662933115813,38.82469850355748,0.030339940279255358,False,False,True,True,True
1788619869.3611236,4.147755330390126,37.54099580018614,0.02450153373891188,False,False,True,True,True
1788619869.4561667,1.5723958805643004,27.941551267538145,0.02193187719026901,False,False,True,True,True
1788619869.5488658,3.5629306743549014,21.4809207978938,0.02709895394788164,False,False,True,True,True
1788619869.6668913,0.9691751206176455,22.511267065129758,0.02429592132043183,False,False,True,True,True
1788619869.7645853,1.526692447142205,5.780085547932112,0.002896814992636822,False,False,True,True,True
1788619869.8581438,1.2980295295857782,2.3100405906370813,0.007875952872457756,False,False,True,True,True
1788619869.9499385,3.997271449512991,29.43537891462142,0.016756702803120332,False,False,True,True,True
1788619870.063331,1.4871887951889367,22.192346282496395,0.01675847837154823,False,False,True,True,True
1788619870.1583197,0.9636318279214733,5.513186716855025,0.007818905851212105,False,False,True,True,True
1788619870.2585812,0.31265979305953245,6.50098653022989,0.001337445464847449,False,False,True,True,True
1788619870.353845,0.5958786836435088,2.9140321674439047,0.0006744454404302333,False,False,True,True,True
1788619870.4622197,2.1188731586654823,14.092391290449624,0.007077657800256375,False,False,True,True,True
1788619870.5585852,0.5092553250086566,16.66322328974029,0.007263101975394215,False,False,True,True,True
1788619870.6526873,3.5183429928890013,32.1561326765362,0.01956164693458388,False,False,True,True,True
1788619870.7691917,2.192912428958403,11.432380809162016,0.0161359179686606,False,False,True,True,True
1788619870.86892,2.475471346197778,2.654159037882311,0.010643155430269927,False,False,True,True,True
1788619870.9616632,0.6132250062486407,20.26366027893737,0.008830251852345681,False,False,True,True,True
1788619871.0548728,0.9006165649031969,3.0460599687284806,0.0010255805496490469,False,False,True,True,True
1788619871.17113,1.8527212364748902,8.19229307310033,0.010667816048099934,False,False,True,True,True
1788619871.2665477,3.258533361117906,14.681122282125887,0.01409287721593428,False,False,True,True,True
1788619871.3622527,1.194064684234441,21.46430769191948,0.019788001434713806,False,False,True,True,True
1788619871.4582753,1.847573940588618,6.804660722797713,0.008711184099289445,False,False,True,True,True
1788619871.568519,3.7840980858086675,17.47528075173336,0.02078660639576918,False,False,True,True,True
1788619871.6619587,2.398976612160526,14.68860514846931,0.02077327355569825,False,False,True,True,True
1788619871.7574515,3.879725420743017,15.534845641753906,0.016897452521918804,False,False,True,True,True
1788619871.8566477,4.908684737383281,10.409471521894906,0.030616012516908066,False,False,True,True,True
1788619871.9672205,1.8347072814850451,28.81673651624529,0.03067027983864508,False,False,True,True,True
1788619872.0678506,0.5570838689707367,12.442595537048648,0.006037455994626579,False,False,True,True,True
1788619872.164367,2.2869225532524418,17.97132837179636,0.008912500374961982,False,False,True,True,True
1788619872.25664,1.5677077175847887,7.740445296712817,0.0078071051750348485,False,False,True,True,True
1788619872.3705876,1.161743259313386,3.5688315682571115,0.003721446422438068,False,False,True,True,True
1788619872.4652817,1.9807339984961243,8.664438532329989,0.011793381004751578,False,False,True,True,True
1788619872.5591912,7.333925820744356,57.11514264182508,0.06385930634779942,False,False,True,True,True
1788619872.651802,5.292584065698369,21.785551844301796,0.06058662824752844,False,False,True,True,True
1788619872.7696617,1.6506155743940798,30.755365349897854,0.03003084117531338,False,False,True,True,True
1788619872.8652163,0.509025339348661,12.076147948312194,0.0063941449825127925,False,False,True,True,True
1788619872.9618893,1.1066898210399807,6.1717971944207894,0.0019043560731408973,False,False,True,True,True
1788619873.0709376,0.2792943328359097,7.568422825726312,0.0015908002981935298,False,False,True,True,True
1788619873.1713421,1.6137348293221014,13.230474355669754,0.004390318948111896,False,False,True,True,True
1788619873.260502,1.556011507768441,0.6507698902345915,0.0042701326234783335,False,False,True,True,True
1788619873.3614795,2.737295773707232,11.635331911296014,0.017127465041542753,False,False,True,True,True
1788619873.4741898,0.9913233465763654,15.468387870909568,0.01598082075143757,False,False,True,True,True
1788619873.5655372,4.883681494153331,42.8305923501817,0.03915686643123551,False,False,True,True,True
1788619873.6612477,6.0263367275806035,11.977680544764928,0.044409944447261575,False,False,True,True,True
1788619873.7594483,0.5326436450056666,56.12184038309378,0.04995012339796144,False,False,True,True,True
1788619873.8688018,2.04399509815943,13.818278871416709,0.006790649274656727,False,False,True,True,True
1788619873.9616694,3.9338747512697845,20.37564602360007,0.016603590686218278,False,False,True,True,True
1788619874.0607753,2.7735240901356093,11.872531415927442,0.017370473927562836,False,False,True,True,True
1788619874.1515298,0.852907630622424,20.806168170672997,0.01039670638784269,False,False,True,True,True
1788619874.263846,3.7610101774871825,25.92381902621285,0.025681310381067843,False,False,True,True,True
1788619874.3597796,2.362370750710803,14.561239302177654,0.022847710653079112,False,False,True,True,True
1788619874.4628057,2.47283512330628,1.05128060158009,0.026216542422578926,False,False,True,True,True
1788619874.5510652,4.250490461307457,19.711049769349522,0.0477725907058229,False,False,True,True,True
1788619874.666813,5.755981099505041,13.469569193858648,0.05382351180744879,False,False,True,True,True
1788619874.7608721,4.215292978627826,15.898629732235309,0.1355437717493803,False,False,True,True,True
1788619874.8626928,1.816801775374859,23.380389578993295,0.019104527708857313,False,False,True,True,True
1788619874.9563632,1.3178900976398635,5.304004617362683,0.004461963615764882,False,False,True,True,True
1788619875.0640385,4.232837453969975,26.942695442672736,0.02725197369084621,False,False,True,True,True
1788619875.1664834,4.3971458251717515,1.6417494127038574,0.03287971048128623,False,False,True,True,True
1788619875.259108,2.9156384385586946,15.921578805588604,0.025071052560350804,False,False,True,True,True
1788619875.3718345,0.7725405691411895,19.2545255855549,0.010433496962371783,False,False,True,True,True
1788619875.4671,1.4801262464800153,7.4130743745340935,0.0035110855258551356,False,False,True,True,True
1788619875.5638294,2.6608853086995228,12.226890570454689,0.01695777028393293,False,False,True,True,True
1788619875.6579306,1.0549814424352348,16.793466030663698,0.009772577026744467,False,False,True,True,True
1788619875.7719717,0.4889364746531589,4.928256330886659,0.002070414106714867,False,False,True,True,True
1788619875.8664598,1.1448963437843067,6.978516369771876,0.0027857631474775867,False,False,True,True,True
1788619875.9609675,1.2594808959613741,1.2137254131328719,0.005910514220455606,False,False,True,True,True
1788619876.0618815,2.5546801099414553,12.950039283792984,0.017930101691312664,False,False,True,True,True
1788619876.1719823,2.4252616300049485,1.123275280597372,0.011335625319546697,False,False,True,True,True
1788619876.2726734,1.2714873605006765,11.557548410473823,0.00934253037035065,False,False,True,True,True
1788619876.3722146,2.5744498533132756,13.10255492039585,0.008113028382249003,False,False,True,True,True
1788619876.4595277,1.6938278569269105,10.273275715415505,0.01837126901780947,False,False,True,True,True
1788619876.5716887,0.19515192828050912,13.340379099140925,0.00353250942602621,False,False,True,True,True
1788619876.6668124,0.9507976516718143,7.939400838905481,0.0013526130492932471,False,False,True,True,True
1788619876.763027,4.18305901361213,33.54963765727104,0.02424615023917382,False,False,True,True,True
1788619876.8572302,0.9047804736147602,34.399481884037066,0.02192221554485579,False,False,True,True,True
1788619876.9676588,0.44645711800887766,4.2023914526029795,0.0009632735250436454,False,False,True,True,True
1788619877.0741427,0.4627887833040919,0.12189114162465625,0.0005292445182874396,False,False,True,True,True
1788619877.1617973,1.1309202188469172,7.642401773111353,0.0015134816603518102,False,False,True,True,True
1788619877.25737,1.6844028690890405,5.867581385226306,0.003237399819693446,False,False,True,True,True
1788619877.3683162,0.8073236090031646,7.827651701144841,0.003955399603509244,False,False,True,True,True
1788619877.4647083,4.473662434312639,38.145725308643115,0.03646910132273185,False,False,True,True,True
1788619877.5634837,5.86377577005573,13.531693388311838,0.04600876404112895,False,False,True,True,True
1788619877.679428,1.1124080964514382,41.104108794371946,0.06277151770769913,False,False,True,True,True
1788619877.7682707,1.468123853607331,3.9375211413841478,0.006907574823846686,False,False,True,True,True
1788619877.8665433,0.6880888899032099,7.937829333985151,0.0020885249388608506,False,False,True,True,True
1788619877.9611304,1.8711814180768935,12.515463221749178,0.00772181667479292,False,False,True,True,True
1788619878.0754623,1.5922619990329203,2.562296754171933,0.005402517985119499,False,False,True,True,True
1788619878.1668513,1.2876719879556349,3.2235531431747857,0.0043503170991089305,False,False,True,True,True
1788619878.263697,2.0482030097671604,7.829150275420913,0.0053842774735617886,False,False,True,True,True
1788619878.36092,2.0728989850570367,0.40069791493171597,0.007284998372007179,False,False,True,True,True
1788619878.4785938,1.931246525512401,0.8301167763980135,0.021716476730494975,False,False,True,True,True
1788619878.5666773,0.9053731484537232,11.670230542484632,0.007741408709249749,False,False,True,True,True
1788619878.663284,1.9023981655585636,10.326403407777814,0.008488935794463155,False,False,True,True,True
1788619878.7594852,3.0090237540204057,11.475645375311498,0.010740824862343516,False,False,True,True,True
1788619878.876319,1.5895292753988775,12.120261451413485,0.010882829192733824,False,False,True,True,True
1788619878.9700742,4.319365224823118,28.641759193773005,0.043121956878701094,False,False,True,True,True
1788619879.0690918,0.8314202402441805,35.21126156423926,0.023226817258878447,False,False,True,True,True
1788619879.1598854,0.41108352664270703,4.643654899063646,0.001674467813494769,False,False,True,True,True
1788619879.2759712,1.5305345460651218,9.637869176337855,0.006335392319029631,False,False,True,True,True
1788619879.370937,1.0246591696809686,5.625285980641831,0.004098219576674349,False,False,True,True,True
1788619879.4649942,2.0209755853885714,10.629752215035934,0.004528189214814573,False,False,True,True,True
1788619879.565829,3.2725484559848272,12.153533907520295,0.013268736971047562,False,False,True,True,True
1788619879.6799636,0.3237589663330193,25.96979380542914,0.015748506860500285,False,False,True,True,True
1788619879.7689967,4.260676733260214,44.22693656760121,0.024596833495061116,False,False,True,True,True
1788619879.864024,0.8057571234365283,36.45120034211119,0.01902241245880315,False,False,True,True,True
1788619879.9770255,0.20095856586448083,5.328117773556158,0.001211415401951471,False,False,True,True,True
1788619880.0731773,2.8595305844826386,27.641513846885733,0.012699004877849581,False,False,True,True,True
1788619880.1677043,0.6595193430503534,23.38503259418922,0.009958859809318552,False,False,True,True,True
1788619880.2713025,0.7123507517655563,0.5364138849083641,0.0010385346681000755,False,False,True,True,True
1788619880.388608,1.7909268592611247,9.253175153594517,0.005593633361366796,False,False,True,True,True
1788619880.4739969,0.9603418449460459,9.634652463291546,0.0057818111607787015,False,False,True,True,True
1788619880.572435,1.06349421108053,1.014792065778506,0.002248780790289815,False,False,True,True,True
1788619880.6629033,1.0968941991373031,0.3766667441762781,0.0036341790545881135,False,False,True,True,True
1788619880.7840192,0.8031311536000418,2.3430596550088123,0.004036449488212635,False,False,True,True,True
1788619880.8801007,1.336186017976451,5.74548464367051,0.002464430278538965,False,False,True,True,True
1788619880.9682555,4.982822192172391,41.50783431603644,0.026369028912120653,False,False,True,True,True
1788619881.063157,1.1095195017872135,40.56603724282158,0.02626479590212423,False,False,True,True,True
1788619881.1777954,0.2196919892526023,7.851267101770469,0.0022319892690429127,False,False,True,True,True
1788619881.2739918,2.0111224392312566,18.61929298731846,0.0067604875848191436,False,False,True,True,True
1788619881.3708143,1.3283853099432168,6.921281958315691,0.012662081896032197,False,False,True,True,True
1788619881.467915,2.0592939610347276,7.412672726759211,0.005204789729936919,False,False,True,True,True
1788619881.5772922,1.2944717548697746,7.127954944139579,0.00648796232021679,False,False,True,True,True
1788619881.678379,2.2887386388892894,9.97911185581493,0.016352131840584035,False,False,True,True,True
1788619881.832673,2.870244833530121,3.7571396758625126,0.024668830641153806,False,False,True,True,True
1788619881.8719864,6.277351243071394,86.6962447621079,0.02468329964029192,False,False,True,True,True
1788619881.9841115,1.6147330556131345,41.5658040629615,0.008279868434691149,False,False,True,True,True
1788619882.0782003,1.6394917240107885,0.2288846196108712,0.00478540058600993,False,False,True,True,True
1788619882.177552,0.9955488302200614,6.581590186521935,0.003334376756895924,False,False,True,True,True
1788619882.2902055,2.7029920978409328,15.129722290876012,0.012548022379644254,False,False,True,True,True
1788619882.382719,4.8558984812658,22.802139488993827,0.026302701729317472,False,False,True,True,True
1788619882.4800656,3.2595669585192275,17.040280977724365,0.02630503448365358,False,False,True,True,True
1788619882.5774965,0.41575086466440847,29.191312938209354,0.01688364551504466,False,False,True,True,True
1788619882.6902132,1.320026918306157,8.026510667749836,0.0032588109613293074,False,False,True,True,True
1788619882.7884312,1.7507083810228574,4.337713777893458,0.0042385246693042574,False,False,True,True,True
1788619882.8791604,1.2054216617793145,6.018595942191117,0.0036819471061329077,False,False,True,True,True
1788619882.9787135,0.894207237029556,3.087657673565921,0.004610986682127609,False,False,True,True,True
1788619883.0912254,0.8394632705057132,0.46129407547437395,0.0015814835730357695,False,False,True,True,True
1788619883.185543,6.479561991517603,59.79675983481796,0.06442946084014343,False,False,True,True,True
1788619883.2819915,2.114828782995759,44.624508260150975,0.04620060025037847,False,False,True,True,True
1788619883.3773687,3.2032682051428347,11.549422808384724,0.03098256572856243,False,False,True,True,True
1788619883.485738,0.9104686460464484,21.111465625977303,0.02134746683146423,False,False,True,True,True
1788619883.583523,0.47849821902676476,4.342376676820541,0.0013713224007767268,False,False,True,True,True
1788619883.6778371,2.7061162485248023,23.6311135564747,0.009481521179382685,False,False,True,True,True
1788619883.7723608,1.2189636308531293,15.796751392090869,0.008480853160276613,False,False,True,True,True
1788619883.8888736,0.8654620368059528,3.0017133303589802,0.005158464909444201,False,False,True,True,True
1788619883.981071,2.8042598908988277,20.969065586698925,0.008972836641671394,False,False,True,True,True
1788619884.0821142,3.4420989883037825,6.263201834143816,0.016181463944263685,False,False,True,True,True
1788619884.1760466,0.9481622025139294,25.747955212639333,0.02443548045576021,False,False,True,True,True
1788619884.2842786,1.538676469623758,5.456422416788152,0.0037957990033135316,False,False,True,True,True
1788619884.3778841,1.141529466687401,4.408393123427016,0.005455695935819864,False,False,True,True,True
1788619884.4771862,0.7300821932897904,4.138106251994422,0.0018876071386780087,False,False,True,True,True
1788619884.5852408,1.5447138719861095,7.5332108942056255,0.003974141380195351,False,False,True,True,True
1788619884.683197,3.2560674569442996,17.48031439989835,0.01274530030028937,False,False,True,True,True
1788619884.776208,1.8354846338777557,15.25893277106638,0.012760794995511908,False,False,True,True,True
1788619884.8730688,2.25973662582871,4.546916854079064,0.01688740337956567,False,False,True,True,True
1788619884.9871435,1.7263573874813862,4.707581109438564,0.007572994218156325,False,False,True,True,True
1788619885.081646,0.4074283508819877,14.265922607730095,0.007206875910432672,False,False,True,True,True
1788619885.178346,2.402153598192098,20.626878339868227,0.008499319514023272,False,False,True,True,True
1788619885.2740002,1.2990908541742614,11.495765611697403,0.007679799681793263,False,False,True,True,True
1788619885.3837569,1.6570708944331085,3.28525765648384,0.009945217819935664,False,False,True,True,True
1788619885.48289,0.693843689680457,9.498143738555116,0.004743613850782458,False,False,True,True,True
1788619885.5783954,1.4794587813903795,8.164459896556085,0.005346921441324112,False,False,True,True,True
1788619885.6740303,2.0377853014040728,5.862223668576431,0.005113067824372553,False,False,True,True,True
1788619885.7849667,3.8097803182958967,15.936820111800031,0.02225236304052207,False,False,True,True,True
1788619885.8845637,5.544422587414191,17.92714271237935,0.04123701284536329,False,False,True,True,True
1788619885.9768384,0.5095916530904586,54.48947461746766,0.04716616155190422,False,False,True,True,True
1788619886.0719056,3.1338680736661066,27.601837550792503,0.01705330379204245,False,False,True,True,True
1788619886.1894495,0.3482443734574666,24.04845107172215,0.014179880260522474,False,False,True,True,True
1788619886.2835302,2.4835765847968685,22.667256327061523,0.010121675260507378,False,False,True,True,True
1788619886.3806896,2.7659167862533174,3.115362091787119,0.010780843260056192,False,False,True,True,True
1788619886.4763203,3.036028881051983,2.9316276003342674,0.013727566926092925,False,False,True,True,True
1788619886.5871906,0.3771487687795171,24.234929866508256,0.012736608778360945,False,False,True,True,True
1788619886.682424,4.793625824051578,46.33431511609249,0.03637325817621404,False,False,True,True,True
1788619886.7801886,0.6839794504777856,42.169796194933205,0.037289850262964296,False,False,True,True,True
1788619886.8892896,6.576526332061186,54.12122835993482,0.07972010086753288,False,False,True,True,True
1788619886.9955614,0.7970929679666003,52.60150727476961,0.08174481382131539,False,False,True,True,True
1788619887.0821557,1.0922237906669132,3.406229308148797,0.0020356037998992427,False,False,True,True,True
1788619887.1789522,3.088304770292219,20.58906119297618,0.014052501976294289,False,False,True,True,True
1788619887.2902908,0.6450237719818704,22.193644502590537,0.018404302930218504,False,False,True,True,True
1788619887.387879,0.7892458207394697,1.4384232654252564,0.0026211206298609856,False,False,True,True,True
1788619887.4841707,2.586253291161528,18.7257981366421,0.00832576086901538,False,False,True,True,True
1788619887.5813105,0.6109495769431653,20.343288435108548,0.009933095261502671,False,False,True,True,True
1788619887.693386,2.780376592297043,19.359369943226454,0.018119193502096342,False,False,True,True,True
1788619887.7840362,4.695026985237071,21.09639846947077,0.02504423417016347,False,False,True,True,True
1788619887.8804324,0.7729918318854676,40.45864446454859,0.026722895255588176,False,False,True,True,True
1788619887.9768934,4.806380472425959,41.76704362572179,0.04157817415684326,False,False,True,True,True
1788619888.0868115,4.645972893907005,1.3327695180408516,0.04012093721088537,False,False,True,True,True
1788619888.188473,0.7136109891878794,38.735246285991764,0.038822266721813596,False,False,True,True,True
1788619888.2837133,0.5272868589615568,1.9448236989402516,0.0009915897576596945,False,False,True,True,True
1788619888.3765619,1.9000059934971758,14.720252614888283,0.004893430767554707,False,False,True,True,True
1788619888.4880767,1.5368238896419353,3.551022839000272,0.00541489821908818,False,False,True,True,True
1788619888.587195,4.6804698679392605,31.71369818212189,0.028634648174097273,False,False,True,True,True
1788619888.6877701,3.6385837751407744,10.287703041853087,0.029571984557947077,False,False,True,True,True
1788619888.7836745,0.716349190719778,30.343426414278525,0.018415332131764866,False,False,True,True,True
1788619888.89528,3.107474605887225,21.418905352289144,0.016543818231536465,False,False,True,True,True
1788619888.990515,3.158758904413468,0.46391867739521425,0.01743569899560552,False,False,True,True,True
1788619889.088957,2.9339779313386734,2.282702658242924,0.04205946339087381,False,False,True,True,True
1788619889.1964402,0.5273013405995868,22.81469519795562,0.01207143814600899,False,False,True,True,True
1788619889.2932963,0.8754319566293652,3.527205205194111,0.0022126454579678495,False,False,True,True,True
1788619889.391933,2.799919395236528,19.527466275641896,0.009667458227388868,False,False,True,True,True
1788619889.484503,0.6545977415358507,23.288626123198732,0.010199661458290347,False,False,True,True,True
1788619889.5985165,0.6442399019744811,0.08026305497651469,0.0010852627608637928,False,False,True,True,True
1788619889.690001,3.7469621841282157,33.92969584917315,0.016897297047546535,False,False,True,True,True
1788619889.8086014,0.8097163094174559,24.73850705372962,0.015629913522864337,False,False,True,True,True
1788619889.8837612,0.9711369575570246,2.154509889855432,0.0012298977082894039,False,False,True,True,True
1788619890.0009491,0.2283644737870366,6.347089946289016,0.0011339200316238633,False,False,True,True,True
1788619890.0896094,0.18919135069734205,0.44764596636703324,0.00018578571887019278,False,False,True,True,True
1788619890.184789,0.46147231606823486,2.8855397501177906,0.0004094261512877846,False,False,True,True,True
1788619890.284308,2.9970839269318215,25.531955796597366,0.013289229423127904,False,False,True,True,True
1788619890.391493,2.176765414246436,7.636067655548424,0.012693218276464436,False,False,True,True,True
1788619890.491416,2.000067703718398,1.7046477289881479,0.007838533370153297,False,False,True,True,True
1788619890.58859,2.2021609583381965,2.047222613431922,0.007258301117232097,False,False,True,True,True
1788619890.685825,1.4443178580180616,7.784138200765681,0.012281906933205387,False,False,True,True,True
1788619890.8016803,2.290834967821559,7.538299300215556,0.010487947533411025,False,False,True,True,True
1788619890.8956728,0.6876734421937682,16.997167674333934,0.014559074278846392,False,False,True,True,True
1788619890.9928157,3.3785060938874754,27.68648477551743,0.015567753054682165,False,False,True,True,True
1788619891.0888503,0.7462285493961511,27.544303161546384,0.01550741239458359,False,False,True,True,True
1788619891.1961129,2.7331978129292804,18.513474794920423,0.017760254132497953,False,False,True,True,True
1788619891.2972167,0.5316478730931973,21.91946938820445,0.015599776970036023,False,False,True,True,True
1788619891.390118,2.114953303310315,16.960337400750912,0.0058019804733654866,False,False,True,True,True
1788619891.5031357,2.519441286453755,3.3864358037816307,0.026652829663023108,False,False,True,True,True
1788619891.5988245,0.8468736786576426,17.88569646322555,0.01103930768546796,False,False,True,True,True
1788619891.6948407,0.3098242017129599,5.614488510392832,0.0013955665913866601,False,False,True,True,True
1788619891.7893322,2.9492685670122425,27.940388487541938,0.012532504131696433,False,False,True,True,True
1788619891.9012465,2.8455020346835713,0.7056639726176669,0.014335219544541521,False,False,True,True,True
1788619891.9964325,0.33418757783535474,26.488406942751666,0.01634629801422213,False,True,True,True,True
1788619892.0908139,1.4606419770494918,11.946830466498616,0.003217944802782332,False,False,True,True,True
1788619892.1871662,3.617568802260916,22.306699509537715,0.014638864580183184,False,False,True,True,True
1788619892.3008578,1.1130261709802904,22.138233813429434,0.028132279903479426,False,False,True,True,True
1788619892.3962362,3.084975325319086,20.713574750856147,0.011166836488198845,False,False,True,True,True
1788619892.4934978,2.9474649114005036,1.0458928452504406,0.039480586255946505,False,False,True,True,True
1788619892.5862503,2.747613000670173,2.1339880491937313,0.011938327564241047,False,False,True,True,True
1788619892.704971,0.1416583260796519,21.964021162447814,0.010366549706217459,False,False,True,True,True
1788619892.794097,5.4757819807102015,59.851341751850875,0.03829807541583147,False,False,True,True,True
1788619892.8911157,3.676908212237479,18.439450126121635,0.03350647701693115,False,False,True,True,True
1788619892.9860246,4.999014950207965,13.952741769057212,0.07513641010854816,False,False,True,True,True
1788619893.101804,1.5896827400894809,29.507937721616646,0.055168483736203616,False,False,True,True,True
1788619893.1949744,1.5298362329867354,0.6612046253567485,0.005432249079927842,False,False,True,True,True
1788619893.290716,2.602558303609082,11.399775933562093,0.017838038091553068,False,False,True,True,True
1788619893.3877337,0.5314063012508279,21.314614856715774,0.012210433558346452,False,False,True,True,True
1788619893.497504,1.2280288529985786,6.438540512026891,0.004436476030374449,False,False,True,True,True
1788619893.5979397,0.7756362237885555,4.386679013403872,0.004597441028177888,False,False,True,True,True
1788619893.68759,0.35687081890125855,4.682009962640957,0.001173661917055776,False,False,True,True,True
1788619893.8054972,1.8901553101794057,13.00541095474125,0.008543520527193553,False,False,True,True,True
1788619893.902255,4.5909940997666965,27.833226566286086,0.02530232878646182,False,False,True,True,True
1788619893.9963002,2.952176871898061,17.90182557568084,0.025680859774208264,False,False,True,True,True
1788619894.1002486,4.036394389814688,10.312792146146887,0.02261270431965143,False,False,True,True,True
1788619894.208513,1.0799378809364284,27.753683004355253,0.023506795813564463,False,False,True,True,True
1788619894.3059094,0.4944844896576129,6.071478673817309,0.0019036407013290593,False,False,True,True,True
1788619894.4004364,1.8010485353484365,13.798002627572814,0.0041889856319203955,False,False,True,True,True
1788619894.496275,1.5656574979542657,2.4148055664622734,0.011202222794365922,False,False,True,True,True
1788619894.605031,4.023110362043666,22.455939667846216,0.04346977681136897,False,False,True,True,True
1788619894.701184,1.4426711412476307,26.885598180648042,0.024513741181737,False,False,True,True,True
1788619894.8063862,0.4305952670253913,9.604404306326929,0.00321253359695001,False,False,True,True,True
1788619894.9015784,4.1613887357478,39.191176589131935,0.024302214023696228,False,False,True,True,True
1788619895.0113146,0.7838487800011439,30.726934248534754,0.021143836096423473,False,False,True,True,True
1788619895.106751,0.34758316751755164,4.521760783030102,0.0013798655338596343,False,False,True,True,True
1788619895.1999998,1.1395601778751057,8.508669446727705,0.0019182298422860124,False,False,True,True,True
1788619895.292032,1.4187903407897247,3.1821977875908014,0.005819619128953587,False,False,True,True,True
1788619895.4044657,0.38395287218700397,9.09604175249381,0.002345333952991886,False,False,True,True,True
1788619895.5069609,0.6671575231870718,2.7394075763978307,0.0013134467972316334,False,False,True,True,True
1788619895.601883,1.1434571430309621,5.018800401348887,0.003676196902204478,False,False,True,True,True
1788619895.6965756,2.057693576701281,9.850698395451982,0.0050463929162450375,False,False,True,True,True
1788619895.8104582,2.2881059704676425,2.096835308185997,0.02561264439825874,False,False,True,True,True
1788619895.899562,0.8733226415163359,15.561205687460829,0.009273103832833718,False,False,True,True,True
1788619895.9987419,2.4933831649975935,16.275657571359854,0.013918570748864602,False,False,True,True,True
1788619896.109479,0.3413011195380563,19.536606375646073,0.011334468442662973,False,False,True,True,True
1788619896.2050736,1.5883401762110962,12.969282254652578,0.004367813576171095,False,False,True,True,True
1788619896.2992404,1.0593190158312136,5.643026788310794,0.007682912620472415,False,False,True,True,True
1788619896.3975823,0.3993640741067441,6.7660576452744206,0.0014056287386715405,False,False,True,True,True
1788619896.5078218,0.6503035177145339,2.290726482856987,0.0012894618767910482,False,False,True,True,True
1788619896.6044278,0.850568816896984,2.0857871443055043,0.002563358603332464,False,False,True,True,True
1788619896.7112272,3.4513924019263356,24.297362358347918,0.018790243993616403,False,False,True,True,True
1788619896.795285,4.5928348851041,12.921028421440734,0.023190779691290235,False,False,True,True,True
1788619896.9082003,0.38961787263073766,37.47846789403853,0.02289627685453984,False,False,True,True,True
1788619897.0016623,1.0285846631816709,6.818442280354405,0.002208324721535286,False,False,True,True,True
1788619897.097732,3.270660615584267,23.352696803634565,0.015511532683075839,False,False,True,True,True
1788619897.196107,0.651938966805881,26.471744997334014,0.013454832673567691,False,False,True,True,True
1788619897.3088763,2.2512921675574296,14.21830729439619,0.013358632750421618,False,False,True,True,True
1788619897.4039218,0.5277580789818013,18.207543933413756,0.009565576359672269,False,False,True,True,True
1788619897.5047488,2.5655167441537228,20.201002278156174,0.011858653609296053,False,False,True,True,True
1788619897.598009,2.062183749305551,5.318711133322374,0.009288346392187896,False,False,True,True,True
1788619897.7094855,1.6280337612368612,3.854080075595203,0.014741217051377037,False,False,True,True,True
1788619897.8114066,3.12441644323782,14.368705669735899,0.012970364900142207,False,False,True,True,True
1788619897.8996916,0.2374043319043238,32.87181718361054,0.015244601358453963,False,False,True,True,True
1788619897.9967797,0.6578380675212445,4.307989244569445,0.0008028024516521672,False,False,True,True,True
1788619898.1113334,1.5186587743999627,7.50324744749918,0.0038861117331561667,False,False,True,True,True
1788619898.2052846,0.6848037555149923,8.692121979493043,0.005301220210084711,False,False,True,True,True
1788619898.3008435,0.7998877477983134,1.1430931756005434,0.001896173853370965,False,False,True,True,True
1788619898.4120555,5.34328389531433,40.73900403553213,0.05071229376129352,False,False,True,True,True
1788619898.5126436,5.206047019886813,1.173918290059452,0.04920517031682982,False,False,True,True,True
1788619898.6062102,1.2787850320649936,41.465280672909934,0.05310934045071145,False,False,True,True,True
1788619898.7066822,0.27389755069284594,9.905096616907205,0.00197168492105701,False,False,True,True,True
1788619898.8195457,0.3034172654173717,0.2643998523044258,0.000253804510467245,False,False,True,True,True
1788619898.9117033,2.4762714543378874,23.528239665766318,0.007135994582177976,False,False,True,True,True
1788619899.0077708,0.1954085036023417,23.78449426326799,0.007425884836182618,False,False,True,True,True
1788619899.1045423,2.272004250813026,21.48752186006797,0.008154175731672774,False,False,True,True,True
1788619899.2172525,4.091749471966253,16.188530392717684,0.055836826017051616,False,False,True,True,True
1788619899.3088698,1.739498944026596,25.704671468297892,0.026543841969360778,False,False,True,True,True
1788619899.410666,1.3475979964314826,3.8586493312274994,0.009296081367866955,False,False,True,True,True
1788619899.495562,5.430222216895616,48.07467379302289,0.04494601468725926,False,False,True,True,True
1788619899.6174235,0.9386468458304418,36.97700170243526,0.027773577873030017,False,False,True,True,True
1788619899.7141016,1.2585775199031932,3.3139457329330355,0.006322668064975812,False,False,True,True,True
1788619899.8094192,0.596880738381775,6.871810966151075,0.0024506728022754354,False,False,True,True,True
1788619899.896295,1.7000085984605233,12.688621820295221,0.0041111262750536835,False,False,True,True,True
1788619900.0154314,2.4298635071469468,6.171798869205694,0.011714884721203217,False,False,True,True,True
1788619900.1110823,4.046873556960687,16.801797655697225,0.020302853760756447,False,False,True,True,True
1788619900.2057738,7.207985281018772,32.93101966426343,0.054205521189527955,False,False,True,True,True
1788619900.3048673,6.889863759973166,2.8289757171684733,0.07366828777537894,False,False,True,True,True
1788619900.4137213,0.9279001928001683,54.56521470933824,0.06844969848194175,False,False,True,True,True
1788619900.5069642,2.320471430652316,15.104394401796739,0.00672086461426892,False,False,True,True,True
1788619900.6047306,2.572327927081092,2.523818990472279,0.009663997456011616,False,False,True,True,True
1788619900.72267,1.9800311661120873,5.181615270940689,0.027282636288606922,False,False,True,True,True
1788619900.8169746,2.5598514689123895,6.068814063182611,0.025362003384342843,False,False,True,True,True
1788619900.9095657,1.4381361019109329,11.78353096407247,0.007458578640441925,False,False,True,True,True
1788619901.0090578,3.251787245096775,18.214298849990083,0.023686764282484736,False,False,True,True,True
1788619901.1230588,2.5792960976842725,6.03363013465223,0.01532462591604507,False,False,True,True,True
1788619901.2141292,6.327800453256327,41.367285853819546,0.0397526317820942,False,False,True,True,True
1788619901.315406,4.81263105355663,14.947772466937069,0.04562144818167217,False,False,True,True,True
1788619901.4074397,5.655020000701847,10.061084171316905,0.040585963406145384,False,False,True,True,True
1788619901.5174322,4.149484843858989,14.107984721043207,0.03952748913689706,False,False,True,True,True
1788619901.6107285,0.2199607469477562,42.10241065249218,0.03300299923361086,False,False,True,True,True
1788619901.7099736,3.2350179219774846,30.320575428269976,0.01601645554851111,False,False,True,True,True
1788619901.8069851,0.7763491771972565,25.33010259263968,0.013253009321804302,False,False,True,True,True
1788619901.9154346,0.9230536791215311,1.3995511748424585,0.0028696665968757453,False,False,True,True,True
1788619902.0085685,4.0994191846160115,34.10298040958839,0.02637759091401318,False,True,True,True,True
1788619902.1166697,0.6495742488174121,32.114263141951824,0.022842513114805844,False,False,True,True,True
1788619902.2025688,3.434900415086064,32.43377788660213,0.0149826779341935,False,True,True,True,True
1788619902.3119807,3.6904493453080542,2.530807426082669,0.020624406115813686,False,False,True,True,True
1788619902.415187,0.5367579354881,30.447454600930783,0.022604438148689676,False,False,True,True,True
1788619902.5163443,0.8254277870462615,2.854131179502529,0.0010408655805594037,False,False,True,True,True
1788619902.621082,1.3496962834248047,5.102974795822696,0.0055916740403618905,False,True,True,True,True
1788619902.7187068,2.720393940763103,14.057591083283432,0.020270313040513525,False,False,True,True,True
1788619902.8150969,1.249645978345823,14.982622796057333,0.008435882773522387,False,False,True,True,True
1788619902.9125707,2.1620880449612314,9.308489426390206,0.01320819949804161,False,False,True,True,True
1788619903.026247,5.316812406936107,27.688987984131316,0.08532702905386758,False,False,True,True,True
1788619903.1208103,2.7957607992109352,26.66214768675837,0.044130893936431666,False,False,True,True,True
1788619903.2139788,1.053131928128985,18.55803408524706,0.016746691615327654,False,False,True,True,True
1788619903.3107684,2.3309705387971436,13.294166023761264,0.013065602875131678,False,False,True,True,True
1788619903.428209,0.525746268449098,15.377792504087322,0.008861094890010388,False,False,True,True,True
1788619903.5191188,1.4294218105564906,9.93190190806826,0.0029017488316399713,False,False,True,True,True
1788619903.6175647,2.261006954739198,8.338179197945914,0.007819795846241451,False,False,True,True,True
1788619903.7165813,0.3495440682361286,19.17298388695216,0.007658211339284978,False,False,True,True,True
1788619903.8246431,0.9139413387314742,5.234067106923589,0.0022324846083292458,False,False,True,True,True
1788619903.9249756,0.4157675331344411,4.938554896440543,0.0013869409070186918,False,False,True,True,True
1788619904.0083032,0.19564959100819374,2.6516594933278883,0.00034073656208886353,False,False,True,True,True
1788619904.1132002,2.0359118911213647,17.548959999733295,0.007332517195993538,False,False,True,True,True
1788619904.2273812,1.1476911519309572,7.631355668748357,0.00593746807529368,False,True,True,True,True
1788619904.319537,1.1778828717982721,0.21360478748518788,0.002896855670304544,False,False,True,True,True
1788619904.4184186,1.6110983139622328,4.354318484745349,0.0038761544066442275,False,False,True,True,True
1788619904.509045,4.7148751868497945,34.22726908815067,0.023010993590437054,False,False,True,True,True
1788619904.6200588,2.5328226282149036,20.247368860775776,0.023295840725482304,False,True,True,True,True
1788619904.7181387,1.209956609896706,12.68686274732111,0.018802916638402438,False,False,True,True,True
1788619904.8166065,0.5102686078737168,7.125487786757163,0.0023445396677023783,False,False,True,True,True
1788619904.925985,1.1795431497012683,6.094035612261512,0.003505720906622987,False,False,True,True,True
1788619905.0229564,2.8627564504337846,17.337652369818432,0.02004025287668668,False,False,True,True,True
1788619905.1124759,4.360042444191758,16.697464870697665,0.020255547642931887,False,False,True,True,True
1788619905.209791,0.6669791197017476,37.82173391971537,0.02550555790315357,False,False,True,True,True
1788619905.3253434,5.3519419803101345,40.527085744416475,0.06438665979295409,False,False,True,True,True
1788619905.4257545,7.737400793734516,23.77834413581066,0.08302108617894184,False,False,True,True,True
1788619905.5152278,1.3985639307826472,70.80157431149608,0.11509387742569349,False,False,True,True,True
1788619905.607882,0.9073482207751291,5.29206255659505,0.005187240594572354,False,False,True,True,True
1788619905.7280521,0.7400081803617956,1.3727343983245068,0.003528391156556878,False,True,True,True,True
1788619905.8212473,0.284985642793243,4.879591046410376,0.0011068964396995441,False,False,True,True,True
1788619905.9177787,0.47439053551677995,1.9562346673095372,0.0005868999575292864,False,False,True,True,True
1788619906.0196707,2.7195187728465195,21.92377703173124,0.014634393799378727,False,False,True,True,True
1788619906.1287112,2.348161224335199,3.4721114744929236,0.013007039967926196,False,False,True,True,True
1788619906.2180552,3.3975214533605462,11.688348437040395,0.013189338486939227,False,False,True,True,True
1788619906.3173625,0.761577195288282,26.60479096509078,0.012152245229131223,False,False,True,True,True
1788619906.4199898,0.9407526112374459,1.7308704685148266,0.0012712526835378054,False,False,True,True,True
1788619906.527194,0.4543671927800537,4.489928043704408,0.0014165302449223572,False,False,True,True,True
1788619906.620798,0.8206971707669405,3.900032297708276,0.0016887150643601356,False,False,True,True,True
1788619906.7140684,2.942196233396882,22.698250183325595,0.009971499170757243,False,False,True,True,True
1788619906.814485,0.6947877704249786,22.64032519283731,0.00990034355432002,False,False,True,True,True
1788619906.9241836,3.5290230447152315,25.828787826645407,0.02024260534096968,False,True,True,True,True
1788619907.0239825,1.3251471812358906,22.04362355749984,0.018188405925801922,False,False,True,True,True
1788619907.1147661,4.412730127848483,34.06358382622946,0.03574780496507063,False,False,True,True,True
1788619907.226379,0.9562293180967686,31.021598044324193,0.020808903727424694,False,False,True,True,True
1788619907.3229144,0.3688469711666982,6.11505761794776,0.002517403877831648,False,False,True,True,True
1788619907.418001,5.889716649063806,57.956152315623726,0.05014685202356192,False,False,True,True,True
1788619907.5184917,2.9007891490391424,28.448346545430397,0.03536145262481527,False,False,True,True,True
1788619907.6303022,0.47980059225628585,21.79021561308762,0.012284621465925172,False,False,True,True,True
1788619907.7244055,1.2634949755176277,8.356991166670397,0.0029743563457763043,False,True,True,True,True
1788619907.8256013,0.5934597037193601,6.609761578902533,0.003213368913097178,False,False,True,True,True
1788619907.9138181,5.887296097404682,60.137539605116395,0.041540637342750195,False,False,True,True,True
1788619908.030714,1.9741366309371078,33.35850037363732,0.0694494580528831,False,True,True,True,True
1788619908.1241663,1.26125272819401,7.50247518457165,0.006652028461273697,False,False,True,True,True
1788619908.217981,0.6205045354627886,6.608799427956277,0.0024302380999648076,False,False,True,True,True
1788619908.3197412,1.6505437896473953,10.1209062395572,0.004903190480104405,False,True,True,True,True
1788619908.4266577,1.3655472580113015,2.665670446560886,0.004325251664606207,False,False,True,True,True
1788619908.527761,0.5939519633961986,7.663409585010979,0.0031596017492447883,False,False,True,True,True
1788619908.6168354,1.4602453320908966,9.69494182031114,0.002467964801804124,False,False,True,True,True
1788619908.712367,4.131291271225557,27.943069855743822,0.03573216439776941,False,False,True,True,True
1788619908.827113,4.031814010663486,0.6066101400774376,0.03126226899276813,False,False,True,True,True
1788619908.922541,0.8465023938233939,32.42690261109239,0.03607220948138991,False,False,True,True,True
1788619909.0207658,0.44290642606447767,4.121172537417915,0.0014723153155345439,False,True,True,True,True
1788619909.11711,0.22128025138576032,2.306439476684182,0.0004456350241782925,False,False,True,True,True
1788619909.226997,2.058994532207239,16.71314694273347,0.008185663617809699,False,True,True,True,True
1788619909.320252,2.0707588116777282,0.06503538393676045,0.008148902857778124,False,False,True,True,True
1788619909.4179583,0.7886157293901198,13.169485855539168,0.0048339389848718,False,False,True,True,True
1788619909.5284874,2.7755281956145974,17.983536144919682,0.013512139405581412,False,False,True,True,True
1788619909.623837,0.5433110923820204,23.445725485569547,0.013452572515445758,False,False,True,True,True
1788619909.7213938,3.1141239355872985,26.331181904527764,0.01808891832825661,False,False,True,True,True
1788619909.8230524,5.321119876625514,21.52575245376533,0.03621505881907637,False,False,True,True,True
1788619909.9294684,0.9640924826764969,42.51423066069572,0.04358547430569636,False,False,True,True,True
1788619910.0295525,2.8522511147695626,18.866388041964722,0.017744816203007215,False,False,True,True,True
1788619910.1198783,0.271624504358812,28.534312699579683,0.013675012895813077,False,False,True,True,True
1788619910.2203927,1.6426835808910654,13.682544026878302,0.0041908452562058034,False,False,True,True,True
1788619910.329707,0.5088995857517273,10.185620233785553,0.003809526495539068,False,False,True,True,True
1788619910.430018,2.464526639418022,19.491298698046577,0.011533350909680396,False,False,True,True,True
1788619910.519676,0.8370562670885691,18.21701309570796,0.009125574678931872,False,False,True,True,True
1788619910.6191533,4.933546545200814,41.00641141508906,0.04374058293633949,False,False,True,True,True
1788619910.7268593,2.821850872190561,19.487600545892672,0.02944795238079666,False,False,True,True,True
1788619910.8258042,2.257669402573671,5.30260595796329,0.033125730210921196,False,False,True,True,True
1788619910.925886,4.880796071153906,26.148104929663397,0.029334284823070943,False,False,True,True,True
1788619911.018643,0.6557729780881298,45.664153880174645,0.03439523583346724,False,False,True,True,True
1788619911.131252,2.000081136282605,11.877550044923243,0.007166189847131745,False,False,True,True,True
1788619911.2347155,3.3435288047546274,13.03417351024713,0.01761171127591756,False,False,True,True,True
1788619911.329473,3.9523422119664207,6.348608321875064,0.02078239377694053,False,False,True,True,True
1788619911.4227538,0.799580162724406,33.465560967701116,0.018746049063166646,False,False,True,True,True
1788619911.532206,2.8813553136202508,19.020839248076733,0.020521074551173742,False,True,True,True,True
1788619911.6268694,1.6519390722893996,12.982673762235883,0.026778048098033233,False,False,True,True,True
1788619911.728507,1.0861540650471488,5.694172311803095,0.0032715701208212594,False,False,True,True,True
1788619911.839282,3.1519811414374868,18.63680364141528,0.027165989719304322,False,False,True,True,True
1788619911.9352868,4.141824984540592,10.95517560723504,0.022954333643663137,False,False,True,True,True
1788619912.0315845,0.6686621179225198,35.83916363903961,0.02865858767966679,False,False,True,True,True
1788619912.1238878,1.547762453687073,9.360574933148811,0.0030910597257231363,False,False,True,True,True
1788619912.2394764,1.9823558578472462,3.7155269870654144,0.016539647883778475,False,False,True,True,True
1788619912.3391695,0.4971690271612145,14.90868415840216,0.008754450709795936,False,False,True,True,True
1788619912.4343076,0.30646748249213357,1.9860764407861327,0.00039652030784453755,False,False,True,True,True
1788619912.5291274,0.7911269259334182,5.119669014270628,0.0008800435307999606,False,False,True,True,True
1788619912.650497,1.1231789918918307,2.7394241886557227,0.004752042858581126,False,False,True,True,True
1788619912.736249,5.048756712282305,45.77912589766227,0.04186581195133878,False,True,True,True,True
1788619912.8335588,1.4898837661211055,36.59595465904244,0.023319016233799505,False,False,True,True,True
1788619912.9239583,1.2281158933545169,2.820565524137575,0.0031847140037325806,False,False,True,True,True
1788619913.0402114,1.5235590566029142,2.586339075397984,0.00397688790601073,False,False,True,True,True
1788619913.1369717,2.963251332734924,14.664819738350204,0.023827147013825604,False,True,True,True,True
1788619913.235267,0.6008350098191365,24.093490411146753,0.014588624415377345,False,False,True,True,True
1788619913.3279767,3.298652931950352,29.088514156684063,0.014062629490271645,False,False,True,True,True
1788619913.4420948,3.15216117126178,1.3102760367509183,0.017923533986535366,False,False,True,True,True
1788619913.528095,5.067316879005483,21.980462519857056,0.025762157524573278,False,False,True,True,True
1788619913.6327527,5.681075862984376,5.903757368322355,0.045050781621459035,False,True,True,True,True
1788619913.7252216,0.49866033195653897,55.361633981176254,0.05194599667550858,False,False,True,True,True
1788619913.8377957,5.244302996787983,42.213954859358076,0.05986514656135053,False,False,True,True,True
1788619913.9382575,1.2827781061897723,38.51659974527487,0.046718090600337187,False,False,True,True,True
1788619914.0358052,0.3378573531104104,9.694252081583016,0.0030271258992094876,False,True,True,True,True
1788619914.1457899,0.9172967451670921,5.286112634878846,0.0019485034491630716,False,False,True,True,True
1788619914.2406483,4.269987726297227,35.31587632715566,0.023896739002748017,False,False,True,True,True
1788619914.3374474,0.4222433563009919,40.22996215011266,0.02671500070733791,False,False,True,True,True
1788619914.434664,0.28601332331358603,1.4319726663075527,0.0003935849293853506,False,False,True,True,True
1788619914.5423765,1.1857395202130308,8.360423047006865,0.0026177371021776537,False,False,True,True,True
1788619914.6354017,1.7831080150798386,6.4233222647615635,0.0038262165417795807,False,False,True,True,True
1788619914.7389565,0.5982189702153373,11.389556451289728,0.004690261382320408,False,False,True,True,True
1788619914.831791,1.0486886060086482,4.854154721644581,0.0019735032971537046,False,False,True,True,True
1788619914.941642,1.2869373127290409,2.2016029266953145,0.006925814525092232,False,False,True,True,True
1788619915.041581,2.4302889448652274,11.462408865063127,0.01725227143013109,False,False,True,True,True
1788619915.1383002,0.754640711871567,17.27757798603206,0.007696253676270393,False,False,True,True,True
1788619915.2338834,2.6196797163342227,19.529177610495633,0.008245400617463493,False,False,True,True,True
1788619915.34705,3.8028085952360478,10.445942709159409,0.023883882830926576,False,False,True,True,True
1788619915.4448323,1.074627912568073,27.989107020256633,0.03651017083622475,False,False,True,True,True
1788619915.5354586,0.7527335467950749,3.5094345021963314,0.0018981414199327157,False,False,True,True,True
1788619915.6340241,2.868722617171014,21.54383645283553,0.01608669947258679,False,False,True,True,True
1788619915.7461696,0.6689963111387124,19.601951738146834,0.017572644090988267,False,False,True,True,True
1788619915.836486,3.5658226954256076,31.97043642223594,0.013992386610589205,False,False,True,True,True
1788619915.9359586,1.8469818076960363,17.450783019674216,0.028392417533385464,False,False,True,True,True
1788619916.0298455,1.3743347698455377,5.035368513299073,0.010590604546180167,False,False,True,True,True
1788619916.147406,0.3880543092861809,8.530459880146967,0.003660710089613404,False,False,True,True,True
1788619916.2319634,1.3487728335498306,11.371458419551459,0.002777734709020502,False,False,True,True,True
1788619916.3316007,2.0735207347605558,7.2764521414896715,0.005473089182362954,False,False,True,True,True
1788619916.4527242,0.397748689378928,13.96786106452928,0.0059786656348439614,False,False,True,True,True
1788619916.5413573,0.8357943468282519,4.947642350623701,0.0007183174847207892,False,False,True,True,True
1788619916.6424742,1.1684524116303767,3.217693386142162,0.0017611297750536768,False,False,True,True,True
1788619916.738113,1.6028989099904976,4.457711665051505,0.00367323553631781,False,False,True,True,True
1788619916.8497128,0.7105460533445808,8.075556881195054,0.006089729376623426,False,False,True,True,True
1788619916.942406,3.605049780382044,31.24436673098991,0.015574477837052183,False,False,True,True,True
1788619917.0382266,1.5499919538424003,21.182566757189694,0.01345673299451227,False,False,True,True,True
1788619917.1416032,3.189086873274611,16.070709459182158,0.027720115044029593,False,False,True,True,True
1788619917.2464085,0.6069659373655599,24.772919485523172,0.015134055152546774,False,False,True,True,True
1788619917.3450851,2.0703632174914097,14.84035664598331,0.009168648788651815,False,False,True,True,True
1788619917.4404035,0.2351750281627603,19.469954130770216,0.006650309223324888,False,False,True,True,True
1788619917.5395458,3.1334576684351685,29.241636506839562,0.015235637905618247,False,False,True,True,True
1788619917.6394222,1.419341998921143,17.18600547361462,0.012503631210768477,False,True,True,True,True
1788619917.7464423,0.30752972702378173,10.338963892713599,0.003917350782854928,False,False,True,True,True
1788619917.8410594,4.146487374590496,40.603177094776456,0.026622472750456604,False,False,True,True,True
1788619917.9342144,0.8494669047803978,35.15504586497813,0.02080758877387911,False,False,True,True,True
1788619918.0496943,0.9778810314240999,1.1157184699733311,0.004282679577868555,False,False,True,True,True
1788619918.143131,1.2043240622465665,2.428809093952648,0.0021633146357953868,False,False,True,True,True
1788619918.2398274,1.4165273459333034,2.4128879612676366,0.007086757760489371,False,False,True,True,True
1788619918.3375459,0.9214829649041889,5.032927438732539,0.003235142069864348,False,False,True,True,True
1788619918.4440696,0.38176947940615596,5.194250150858062,0.0017879867026571845,False,False,True,True,True
1788619918.5419052,1.4918502354505172,11.302431385382562,0.004201713858386958,False,False,True,True,True
1788619918.638511,3.5589635209651718,21.215604769036254,0.029083387058452325,False,False,True,True,True
1788619918.7468846,1.9109546038011358,15.774357394880369,0.01507501109068053,False,False,True,False,False
1788619918.8488343,0.5464739893971169,13.591167705020968,0.0058038512068336,False,False,True,False,False
1788619918.9370494,2.1312704993625444,17.956750484242743,0.004836900925760652,False,False,True,False,False
1788619919.040838,6.452008111029138,41.23219128002901,0.05425060560445913,False,False,True,False,False
1788619919.1522706,0.35111495952694716,54.69702936438356,0.06955303840536425,False,False,True,False,False
1788619919.249642,7.515867366893736,73.586113869837,0.07962432810218183,False,False,True,False,False
1788619919.3405812,1.5017915967725037,65.75303327962449,0.06995879309663836,False,False,True,False,False
1788619919.4390638,1.7330305507082955,2.7118967172337127,0.010010314985315173,False,False,True,False,False
1788619919.5523849,3.906709660329367,19.389996159608785,0.024856191457709995,False,False,True,False,False
1788619919.6500828,0.4650983729551648,35.2647216622687,0.031945103867943414,False,False,True,False,False
1788619919.7435586,3.351701191412662,30.862024143396148,0.01623494058034589,False,False,True,False,False
1788619919.8396716,3.5346953117037434,1.3450285270333662,0.017045625912078713,False,False,True,False,False
1788619919.950656,6.826394274518369,29.55877317937601,0.06878504091108796,False,False,True,False,False
1788619920.0479734,7.651107152112599,8.968454561650717,0.08766348930290073,False,False,True,False,False
1788619920.1427653,4.787637777608191,30.325378687332474,0.0662620827672772,False,False,True,False,False
1788619920.2379134,0.5314387256744127,45.560548440587695,0.030367882357004106,False,False,True,False,False
1788619920.3451538,1.2633538265624402,6.816849318920711,0.0026438396214617504,False,False,True,False,False
1788619920.4494112,2.5857105587060563,12.596797211394398,0.0096847011537303,False,False,True,False,False
1788619920.5375133,8.437450408293559,66.34756422621322,0.06471796428191078,False,False,True,False,False
1788619920.6380851,7.479600390042557,9.229268674529587,0.08485035914394501,False,False,True,False,False
1788619920.7502062,0.4935187114451025,61.74803461550302,0.09146618552769332,False,False,True,True,True
1788619920.8454409,4.354657284428634,40.56734647074749,0.023725870835896532,False,True,True,True,True
1788619920.9417691,3.0447185979863747,13.64675769954244,0.02175977752112133,False,False,True,True,True
1788619921.0546565,2.796272288307168,2.095542714640874,0.014546299254676886,False,False,True,True,True
1788619921.152512,2.277357057087659,5.50112099224065,0.012372584852478441,False,True,True,True,True
1788619921.2476137,3.2802361551871075,10.607766923348088,0.01304537121579124,False,False,True,True,True
1788619921.3419106,4.516523211944169,13.294855092080308,0.022605331626731118,False,False,True,True,True
1788619921.4571102,1.9344645631135036,22.505312808255606,0.021338468472200053,False,False,True,True,True
1788619921.5500386,2.895081716464784,10.350972903627731,0.009761506284059732,False,False,True,True,True
1788619921.649798,0.20631488591863195,26.914426279987964,0.011465335664155717,False,False,True,True,True
1788619921.736258,2.609769604367533,27.781039340941,0.007387764235679482,False,False,True,True,True
1788619921.85655,1.2502805053917716,11.246674241034206,0.006241374209025458,False,False,True,True,True
1788619921.9511802,0.9340354117380976,3.364389695888177,0.0036338857162084267,False,False,True,True,True
1788619922.0447388,2.9243043394529384,21.2591585985233,0.015523243128559069,False,False,True,True,True
1788619922.1468048,3.4829448126076494,5.992089126733817,0.016434877519762733,False,False,True,True,True
1788619922.2556288,0.4845965099873163,27.502197560871842,0.01769981380633071,False,False,True,True,True
1788619922.35353,3.1604258244099617,27.45526553659407,0.017951345387130543,False,False,True,True,True
1788619922.4437835,6.150399589370843,33.19995881075894,0.038805661564468304,False,False,True,True,True
1788619922.546586,3.5271493833146126,24.91395843750539,0.03833025153065293,False,False,True,True,True
1788619922.6539822,1.233630906531546,21.38232858514623,0.01744111312616164,False,False,True,True,True
1788619922.7517107,0.08344925323755534,11.789093288344045,0.0027842776923453537,False,False,True,True,True
1788619922.8465736,2.8790243831175433,29.468137885137665,0.011967720366366105,False,False,True,True,True
1788619922.946135,0.5631447156261078,23.295233632559768,0.010148649940445656,False,False,True,True,True
1788619923.049159,1.1051759356599817,5.242809520018844,0.0035494267156850677,False,False,True,True,True
1788619923.1503842,2.744872894289535,16.0557580303745,0.017742525600659476,False,False,True,True,True
1788619923.248729,0.7894637836730987,19.82424674090215,0.010874142643282285,False,False,True,True,True
1788619923.3637145,1.5550735267482436,6.8292655967027365,0.007052704028404784,False,False,True,True,True
1788619923.4548519,0.9491679358868669,6.565395148706543,0.007836261690121988,False,False,True,True,True
1788619923.5557363,6.086178107714576,50.83101990938584,0.05613056489918423,False,False,True,True,True
1788619923.6459832,3.512409706823595,29.73068399777772,0.04926440203305064,False,False,True,True,True
1788619923.7613742,1.158482142816847,20.550871457218605,0.024828789760242862,False,False,True,True,True
1788619923.8545551,4.181912677130149,32.44516244175782,0.03457354299030632,False,False,True,True,True
1788619923.9549503,1.1014087684767444,30.137647038894855,0.01970024329919296,False,False,True,True,True
1788619924.0495,0.6939329258544206,4.340348873457956,0.0029657886386620556,False,False,True,True,True
1788619924.1570618,0.5075183044780357,1.7648156467319747,0.0007859954500581293,False,False,True,True,True
1788619924.259414,4.728272661207158,41.16560975546266,0.03762480541078932,False,False,True,True,True
1788619924.3546662,0.6783956205638839,42.688187680650195,0.03378236573062467,False,False,True,True,True
1788619924.4402478,2.0577643609704768,16.05655652194958,0.007090460007528019,False,False,True,True,True
1788619924.5581737,1.3124908969224143,6.246279690656854,0.004701417865795748,False,False,True,True,True
1788619924.652153,3.797694216324038,26.68713603187534,0.01570222096012147,False,False,True,True,True
1788619924.7482162,2.7423665324339814,10.08439166870654,0.04492464084690651,False,False,True,True,True
1788619924.849692,1.130020725291719,15.930875383880181,0.008794091809811663,False,False,True,True,True
1788619924.9565997,0.849600000923645,2.618335870741593,0.0018109639289232051,False,False,True,True,True
1788619925.0568888,0.2525383886445677,5.909507135567177,0.0016614440914831533,False,False,True,True,True
1788619925.154353,3.0270826206413943,28.48656687842493,0.013636753749675264,False,False,True,True,True
1788619925.2450483,5.59600181758445,28.956020725238947,0.03336342320822315,False,False,True,True,True
1788619925.3550847,0.32176878908323325,47.78025775556515,0.0418470883033346,False,False,True,True,True
1788619925.4524834,6.027387585930268,58.52214255703433,0.059167097307239534,False,False,True,True,True
1788619925.5542285,3.507179345558891,25.044882372317687,0.04407014078914551,False,False,True,True,True
1788619925.6663415,3.5937456497415874,0.6280065851168108,0.024164618365697183,False,False,True,True,True
1788619925.7625628,2.7213135167070144,9.14517092672315,0.023114895641256433,False,False,True,True,True
1788619925.8569593,3.6247113948938545,9.696202352615666,0.0425225926287267,False,False,True,True,True
1788619925.9488583,3.926960431436342,3.274228071457204,0.02131894455159572,False,False,True,True,True
1788619926.0569582,2.2804097781458346,15.35056869157429,0.045694671096431314,False,False,True,True,True
1788619926.161815,1.6383564509548227,6.189233972382306,0.020807025564954566,False,False,True,True,True
1788619926.2545865,3.487786151455425,19.835370825431216,0.01306659167364318,False,False,True,True,True
1788619926.3466344,0.41547137286630703,33.26360881689071,0.01627532740651347,False,False,True,True,True
1788619926.465855,0.8396181251867499,3.5482146885211256,0.0015898383241544278,False,False,True,True,True
1788619926.562242,1.4008823311444314,5.789275244162762,0.0035956685212931877,False,False,True,True,True
1788619926.6525133,0.9144235029361981,5.407727322327589,0.004856099585412151,False,False,True,True,True
1788619926.754355,0.38154688044517354,5.1567883398609125,0.001395241901277776,False,False,True,True,True
1788619926.8601468,1.1909339437504602,7.640069695670361,0.002220586247711842,False,False,True,True,True
1788619926.9553912,1.425535683041821,2.4393071458250377,0.007455696259434529,False,False,True,True,True
1788619927.0500927,0.38315850305779364,11.018641621470994,0.003409971124437376,False,False,True,True,True
1788619927.1429362,3.2320978312546416,30.613839957039684,0.013411855753101153,False,False,True,True,True
1788619927.2662213,3.2006993776909503,0.2635131273465132,0.02042536925666713,False,False,True,True,True
1788619927.3609576,1.6251984496627943,16.767896746182412,0.01925112618573187,False,False,True,True,True
1788619927.4515755,0.6447498606325994,10.875622425066657,0.00402291148819861,False,False,True,True,True
1788619927.5525637,1.22324617508532,5.746111040726814,0.0032406803644338404,False,False,True,True,True
1788619927.6606855,2.81599297015478,14.620086489721283,0.011074915833091288,False,False,True,True,True
1788619927.7560833,1.9124729656756707,9.848484835736636,0.012467089904005491,False,False,True,True,True
1788619927.8600538,1.1304061086045856,7.913347621731973,0.007615117145211851,False,False,True,True,True
1788619927.9626112,1.1046768992835874,0.049929435370671946,0.0023290847206194993,False,False,True,True,True
1788619928.0617673,3.177512093849695,20.890468823797313,0.013202496350727599,False,False,True,True,True
1788619928.157748,0.9776062054888222,22.488478247005784,0.020831012410038943,False,False,True,True,True
1788619928.2579188,8.39241777203723,74.08147150203959,0.10070248196436565,False,False,True,True,True
1788619928.3674061,2.183826318874824,56.99720497621685,0.08983964663446023,False,False,True,True,True
1788619928.459271,3.8589628685825943,18.18506107050335,0.04108008064113419,False,False,True,True,True
1788619928.5530615,0.9488870359338478,32.115674768461076,0.024569102354189538,False,False,True,True,True
1788619928.65684,0.858747455222519,0.8659987250386968,0.002619702021579683,False,False,True,True,True
1788619928.7670097,3.026549383080419,19.71962208449222,0.014567562584947963,False,False,True,True,True
1788619928.8611891,3.5736943717155203,6.16122390913312,0.05025574583195103,False,False,True,True,True
1788619928.961357,3.426423508911976,1.3905539786709942,0.018330532938879367,False,False,True,True,True
1788619929.0512264,1.183098550289744,24.80613376325593,0.02515456352919694,False,False,True,True,True
1788619929.1705084,0.12733899191306192,8.84171359876096,0.001628108787162184,False,False,True,True,True
1788619929.262968,4.148177050419583,43.5034765495351,0.023894016918732948,False,False,True,True,True
1788619929.3577354,2.3655099742592647,18.402457735563797,0.018404125407865256,False,False,True,True,True
1788619929.455448,2.3259167557523526,0.15124978564686914,0.008606461060221827,False,False,True,True,True
1788619929.5688393,1.9035969493345892,2.9813887945905595,0.01775202657419465,False,False,True,False,False
1788619929.6575634,4.124999192533767,25.051452992842297,0.037956719364493095,False,False,True,True,True
1788619929.756213,18.4706138892448,146.4591690575427,0.6934472547721928,False,False,True,False,False
1788619929.8481715,2.7089192028026305,166.46890410257026,0.519772785449647,False,False,True,True,True
1788619929.966112,6.137216043545854,30.37694309947136,0.08802466309432282,False,False,True,True,True
1788619930.0666325,2.2810791884275097,35.65290749606863,0.08683253503998588,False,False,True,True,True
1788619930.1563537,5.980001297427454,41.854381864578556,0.08514058118845168,False,False,True,True,True
1788619930.2696586,7.175439815678156,12.697971870565004,0.2817547392527456,False,False,True,False,False
1788619930.3656662,2.6604459917804038,48.56743197820077,0.12930114245316157,False,False,True,True,True
1788619930.4667137,1.0044239843086544,16.753755071685006,0.020557907871973348,False,False,True,True,True
1788619930.5566711,0.578876204562464,4.670888823370941,0.0032666263340981935,False,False,True,True,True
1788619930.6677692,0.6226234770994885,0.40459233114604204,0.001504176342594321,False,False,True,True,True
1788619930.7695677,4.1639381698025,34.85570801086229,0.03550701327738213,False,False,True,True,True
1788619930.881074,11.245508465635274,64.11138834288636,0.47583061199309595,False,False,True,True,True
1788619930.9607162,1.5232275591807396,121.542770716055,0.30926070161126523,False,False,True,True,True
1788619931.071087,3.2933701741793495,16.093721600747546,0.02294597197450518,False,False,True,True,True
1788619931.1689281,1.41137973685605,19.571077163860227,0.039971609746635446,False,False,True,True,True
1788619931.2551284,6.560620724462631,59.74853946470435,0.05757267851991253,False,False,True,True,True
1788619931.3548648,1.211377198960741,54.11175827999678,0.0823653197058348,False,False,True,True,True
1788619931.471342,1.4813450284426664,2.2412301228564204,0.008347766879708809,False,False,True,True,True
1788619931.569053,2.389178802274841,9.409235098949479,0.010459121530462849,False,False,True,True,True
1788619931.661412,0.5107834340805096,20.441008576604464,0.010371838247237305,False,False,True,True,True
1788619931.759253,0.7120860874916032,2.0766516926950023,0.0011906586993099663,False,False,True,True,True
1788619931.8695855,0.47191882136737395,2.1831565820529923,0.0017230798182854014,False,False,True,True,True
1788619931.9681728,2.4718884568305537,20.321570672944812,0.011039830085941196,False,False,True,True,True
1788619932.0666327,2.7932553358358696,3.410553585200075,0.014865675291649416,False,False,True,True,True
1788619932.1587024,0.7032429089348194,22.73067166320787,0.014538888314102744,False,False,True,True,True
1788619932.272472,0.17785983207006623,4.635746081484104,0.0009875751867923393,False,True,True,True,True
1788619932.3690271,0.3812710907949363,2.1147677508674034,0.00037679125784584723,False,False,True,True,True
1788619932.4666276,0.5454571350128051,1.66493760602965,0.0005273237647182071,False,False,True,True,True
1788619932.5718427,0.41967123047806804,1.2366383283543902,0.0011618093173373263,False,False,True,True,True
1788619932.6634164,3.727481740591529,36.13797315439951,0.023395747624011674,False,False,True,True,True
1788619932.7661853,5.179382938683175,14.010579480535664,0.046025293677814334,False,False,True,True,True
1788619932.8616266,3.907661323280936,13.477284851016094,0.04767840827520693,False,False,True,True,True
1788619932.9741538,0.7316143993596279,28.180357936672856,0.034065253552308786,False,False,True,True,True
1788619933.072608,2.206693611020105,14.904945112960782,0.008576257681257861,False,False,True,True,True
1788619933.170325,2.879079626394338,6.716673746412944,0.013857750670212509,False,False,True,True,True
1788619933.2635872,1.6672231104093411,13.121470882977597,0.01374021410499521,False,False,True,False,False
1788619933.3777883,1.0732239155708756,5.115661656908628,0.004586691777162029,False,False,True,False,False
1788619933.4748476,0.3770549648745098,7.225358526628659,0.003003361778506035,False,True,True,False,False
1788619933.569241,0.6562691262596295,2.933783272690524,0.000868328214371124,False,False,True,False,False
1788619933.6633136,0.4394279130811429,2.308028417613355,0.0007485270880794208,False,False,True,False,False
1788619933.7728355,0.2806115356908192,1.4335150621088,0.0006959910434216589,False,False,True,False,False
1788619933.8742213,0.4116499565743962,1.3096852686684446,0.0005233090686257237,False,False,True,False,False
1788619933.9603271,0.5576522256503815,1.722161827239688,0.0010708192719032176,False,False,True,False,False
1788619934.0639007,0.8518898340514744,2.8680626464774197,0.0013151360220268104,False,False,True,False,False
1788619934.1742318,0.34333401201296826,4.610303694812901,0.0013098169052677495,False,False,True,False,False
1788619934.2688513,0.8576306181950999,5.3934191377768474,0.0012652541853068174,False,False,True,False,False
1788619934.3679607,1.0277729630621202,1.7093869495140699,0.002138365173041807,False,False,True,False,False
1788619934.46256,0.3207956078276026,7.4565254356634085,0.0024372267931468687,False,False,True,False,False
1788619934.5733624,1.7127294636310808,12.561959638474551,0.007023313601084452,True,False,True,False,False
1788619934.6701467,0.25990439849757285,14.908646707683676,0.007141501872063451,True,False,True,False,False
1788619934.7672458,1.0820180607687013,8.493537604195211,0.0027362816291300325,True,False,True,False,False
1788619934.8798237,0.6373355526937068,3.9867610148677834,0.002025922437291232,True,False,True,False,False
1788619934.9762485,0.43103077999093703,2.1693162549778577,0.0014518987030182032,False,False,True,False,False
1788619935.0751963,1.211564271279129,7.884661748277288,0.0032831249204354203,False,False,True,False,False
1788619935.1664476,2.0891617453351623,9.703784507894417,0.006153970772190629,False,False,True,False,False
1788619935.2814417,0.3346698121372398,15.153049916997494,0.006544195747810617,False,False,True,False,False
1788619935.3691835,2.0483117147451018,19.526478256234082,0.0059064651352698306,False,False,True,False,False
1788619935.4738536,3.398676299267549,12.906310367807292,0.02008831747287948,False,False,True,False,False
1788619935.5677383,1.7901067041464092,16.9502878495319,0.020584931770744233,False,False,True,False,False
1788619935.6834793,0.5465598381592257,10.878487412603134,0.005079361800062997,False,False,True,True,True
1788619935.7733178,0.6449632780384299,1.0736375018038045,0.0019650235210131213,False,False,True,True,True
1788619935.8685389,0.3959144308593849,2.724485267132233,0.0009266396828469402,False,False,True,True,True
1788619935.9657135,0.5322737909106646,1.4042943109635282,0.00093064507943882,False,False,True,True,True
1788619936.079512,0.31712101119213415,1.8459793515873342,0.0006346823839013005,False,False,True,True,True
1788619936.1768863,1.0376505775293203,7.408358193720304,0.0026493584888712036,False,False,True,False,False
1788619936.27651,1.764852686869563,7.341454565144336,0.005117144586549122,False,False,True,False,False
1788619936.3658822,0.5374977346406704,13.744666016698174,0.007003963277460979,False,False,True,False,False
1788619936.4841077,1.1192351079888785,4.880755844875623,0.003685878594257011,False,False,True,False,False
1788619936.5778563,1.9376383666818704,8.787354573562396,0.014863073558944605,False,False,True,False,False
1788619936.6681101,1.5365118578900003,4.4894203875191,0.0064367786492438945,False,False,True,False,False
1788619936.7867181,1.1792553397937848,3.0114380599623427,0.004091670482613749,False,False,True,False,False
1788619936.877273,1.7138079504082198,5.8818338798204115,0.005306999159074394,False,False,True,False,False
1788619936.9783583,4.5454407666962755,28.02161101431113,0.03412642056022612,False,False,True,False,False
1788619937.074087,6.540887113354753,20.819747053996633,0.0655728310454503,False,False,True,False,False
1788619937.1872623,0.5684821694317167,52.323010985685116,0.08781922602189257,False,False,True,False,False
1788619937.281432,1.430035087879255,9.141332402532536,0.0029536254955079655,False,False,True,False,False
1788619937.3753288,1.0644247062620311,3.8378595570848892,0.007067920964381678,False,False,True,False,False
1788619937.4725556,1.8711696456860138,8.31291239444822,0.005509372432020526,False,False,True,False,False
1788619937.587039,0.5855059324947808,11.222475360105955,0.009604287784877593,False,False,True,False,False
1788619937.6812477,0.5267183253842866,0.6553972567371208,0.0008379503095399344,False,False,True,False,False
1788619937.775406,0.19550285658302258,3.560324465251579,0.0006169866030152,False,False,True,False,False
1788619937.8760462,3.2492790771187945,30.356476494148378,0.02250532202728251,False,False,True,False,False
1788619937.9842672,1.3188004582862978,17.919144273435595,0.017938222980955015,False,False,True,False,False
1788619938.070635,1.6723164814641893,4.107047239993348,0.011310504686797156,False,False,True,False,False
1788619938.1770668,0.3410011251560475,12.61874853422705,0.004348890458965703,False,False,True,False,False
1788619938.2740612,1.1935409405115434,8.785113221712322,0.0023982204074065065,True,False,True,False,False
1788619938.3815615,2.5044157730675463,12.263694974571688,0.013774849935000921,True,False,True,False,False
1788619938.4763336,0.6688085830384064,19.198095556499204,0.013084789615095392,True,False,True,False,False
1788619938.5789742,1.028093312400192,3.4978294618977737,0.004138815736231577,True,False,True,True,True
1788619938.6756852,1.5198938011532281,5.020673884451789,0.00900617095760189,True,False,True,False,False
1788619938.788485,4.283560443062201,24.32609785220205,0.038257573059379775,True,False,True,False,False
1788619938.8796546,1.70664156885656,28.26139946691891,0.038921080591339634,True,False,True,False,False
1788619938.972862,2.1358286238949566,4.652141572577542,0.007143867389562728,True,False,True,False,False
1788619939.0907269,3.472466972171775,11.275110755578503,0.026037855867553656,True,False,True,False,False
1788619939.1848152,3.181267280655871,2.6050512116625355,0.02782048317882716,True,False,True,False,False
1788619939.2795208,2.0642764430235188,12.100228570548555,0.014696795270655639,True,False,True,False,False
1788619939.3740697,6.644563094957031,48.40740350255329,0.06443609534050006,True,False,True,False,False
1788619939.482214,5.718793248520861,8.134761095035154,0.0798092543850776,True,False,True,False,False
1788619939.58619,2.0665830881183656,35.40029663210922,0.06192105472569258,True,False,True,False,False
1788619939.678127,1.471000573970598,6.496460080006581,0.007416440721568859,True,False,True,False,False
1788619939.774159,5.727216923977292,44.278716625719476,0.051091187335598955,True,False,True,False,False
1788619939.8848407,5.492718948613901,2.3003205444082067,0.06973998180191586,True,False,True,False,False
1788619939.981691,0.7230195091531871,48.958157309113545,0.07741308738008482,True,False,True,False,False
1788619940.0762138,2.062671681671992,14.165432787154646,0.009488602419823043,True,False,True,False,False
1788619940.1723783,3.0259197464176726,10.065060084659702,0.013632466383103113,True,False,True,False,False
1788619940.2845912,1.4621566389888672,14.216667276665877,0.014722300627911779,True,False,True,False,False
1788619940.38887,4.978231878975596,33.76169119713984,0.04464570967590056,True,False,True,False,False
1788619940.476495,3.5702510417316926,15.872793795021705,0.04230015088005819,True,False,True,False,False
1788619940.5740035,1.2486710612505323,23.69766217421249,0.015573324549942652,True,False,True,False,False
1788619940.6887426,2.556420244923337,11.337686360708446,0.013736605210087542,True,False,True,False,False
1788619940.775992,2.9917915658956797,5.046006954587489,0.015866490639171654,True,False,True,False,False
1788619940.8853002,2.2769207241593494,6.698473719895537,0.013694271765786343,True,False,True,False,False
1788619940.9770699,0.7131912196102672,16.789902025870568,0.011914039171897024,True,False,True,False,False
1788619941.079715,1.6221435211330817,8.876237138142404,0.006152857921352579,True,False,True,False,False
1788619941.1789703,4.109763357010689,25.223381384052903,0.026406065104139977,True,False,True,False,False
1788619941.2729385,3.796191485668429,3.7631741282310194,0.03112000628260469,True,False,True,False,False
1788619941.3845167,1.8907338503229512,16.545211234488804,0.04940950126601731,True,False,True,False,False
1788619941.48285,1.3562315633402773,5.3030213200316645,0.007929158228684141,True,False,True,True,True
1788619941.5756836,1.4007857273709658,0.3228361160319538,0.007841261147459816,True,False,True,True,True
1788619941.6811986,5.4551157391607745,38.40233923856279,0.0791018780124712,True,False,True,False,False
1788619941.7945771,1.7050383473958344,33.501242862333186,0.05460755761099081,True,False,True,False,False
1788619941.8878534,0.9996952379843108,7.550891563692542,0.0059022524689840246,True,False,True,False,False
1788619941.981458,5.871267086806453,52.03076314647998,0.05427973474330893,True,False,True,False,False
1788619942.080516,7.90807248313961,20.64845303935201,0.10055015773507733,True,False,True,False,False
1788619942.1936917,6.442502678659842,12.93715785421054,0.11844326320006357,True,False,True,False,False
1788619942.2878945,5.372626479173211,11.0723758053635,0.08739648865581022,True,False,True,False,False
1788619942.3848367,3.3515380889484745,20.639418993810104,0.04130160092366786,True,False,True,True,True
1788619942.4833217,2.0586251726831186,13.263344965360323,0.017340021749490286,True,False,True,True,True
1788619942.5956075,2.9196477247805213,7.6096082004040975,0.017251865572836724,True,False,True,True,True
1788619942.6837835,6.149945622923078,36.66052694189424,0.046371265447877556,True,False,True,False,False
1788619942.7815683,5.784570660336711,3.532146718723356,0.06361651640259933,True,False,True,False,False
1788619942.8834426,4.12200928778675,16.0240075631191,0.05372383855098679,True,False,True,True,True
1788619942.9891691,4.212609650444539,0.7207711148832843,0.039220802887389834,True,False,True,False,False
1788619943.090262,0.9660277998104203,32.042189814473126,0.03448911674156573,True,False,True,False,False
1788619943.1800566,2.51147839380046,17.0567325497243,0.008112897311242307,True,False,True,False,False
1788619943.280671,4.75369164865263,22.315998203850025,0.03570672211229294,False,False,True,False,False
1788619943.3923776,2.2988768624558134,21.98799733998689,0.035821490473599366,False,False,True,False,False
1788619943.4840646,0.8126854099982199,16.36311296781425,0.011503834799008175,True,False,True,False,False
1788619943.581697,0.25895713376470103,5.662308982975924,0.0012486044185658672,False,False,True,False,False
1788619943.6995745,0.4177093712555089,1.32258264944003,0.0006415658270622007,True,False,True,True,True
1788619943.7903588,3.143346026924738,30.024250518439757,0.01943541230725548,False,False,True,False,False
1788619943.8863456,0.4662559992560254,27.98495437956677,0.014865536187274916,False,False,True,False,False
1788619943.9844196,2.1903590784269853,17.5847986519571,0.011099123181756838,False,False,True,False,False
1788619944.098201,3.9440469591671006,15.558239750297984,0.06745140546921964,False,False,True,False,False
1788619944.1889112,5.722215710978419,19.77148549379857,0.04856766098673722,True,False,True,False,False
1788619944.2879553,2.000446634151675,37.627022219027516,0.0423793052769189,True,False,True,False,False
1788619944.3764524,0.08976374805526434,21.56901962258743,0.008158496112790098,True,False,True,False,False
1788619944.4901347,4.105641855172516,35.321333642082216,0.044554774146002646,True,False,True,False,False
1788619944.5863647,5.338689362830398,13.077516750433645,0.04951438010223684,False,False,True,False,False
1788619944.681498,2.417979401743028,30.419731973798847,0.041641958734096284,False,False,True,False,False
1788619944.7797039,1.7009697361114993,7.17868624416859,0.008752639818893269,False,False,True,False,False
1788619944.8882177,1.8013963921115297,0.795054846440144,0.00723431385106394,False,False,True,False,False
1788619944.991849,0.3122476507563243,14.326749558476802,0.007250746331621625,False,False,True,False,False
1788619945.0814948,3.7032540702672527,37.77466941728884,0.020837627302361123,False,False,True,False,False
1788619945.1765141,0.9674454826842782,28.88589113496569,0.018381082781446723,False,False,True,True,True
1788619945.293053,0.210942966237886,6.479560209626682,0.0020718214486694425,False,False,True,False,False
1788619945.3863423,3.712522467250949,37.544348372822164,0.025706202338165843,False,False,True,True,True
1788619945.4836726,8.13947744161388,45.459524456449195,0.09604761571279444,False,False,True,True,True
1788619945.586561,8.42689778017754,3.037233663021646,0.1411585557013819,True,False,True,True,True
1788619945.6938055,1.3984524776127398,65.09019319408505,0.13283204680351077,True,False,True,True,True
1788619945.7872756,1.1447130571823452,2.6418252367625548,0.004350715211881547,True,False,True,False,False
1788619945.8818805,1.2440816237669303,1.0862594566137127,0.005970393287387414,True,False,True,False,False
1788619945.9920533,2.870739579177401,14.735632998753507,0.028726733432275973,True,False,True,False,False
1788619946.089422,1.7696550214656428,11.051591288249115,0.016278229343068096,True,False,True,False,False
1788619946.1921425,1.6084984385869612,1.652650864154147,0.006826125021704808,True,False,True,False,False
1788619946.2859552,2.6954505917988816,11.524892463966085,0.010289374336401846,False,False,True,False,False
1788619946.3953874,1.6444757520734035,9.809861776760828,0.011046972821553808,False,False,True,False,False
1788619946.496756,1.134990871375144,5.012088988512506,0.010209726978011684,False,False,True,False,False
1788619946.5901911,5.746796852638498,49.371542623531205,0.05432565287982714,True,False,True,False,False
1788619946.6848686,2.4488407525709888,34.64418072648079,0.04618606847019713,True,False,True,False,False
1788619946.7953494,2.3158250692026545,1.0121030265912119,0.01239162767713561,True,False,True,False,False
1788619946.8928425,3.5601195334745306,12.727975052304231,0.02185280140560364,True,False,True,False,False
1788619946.9891021,4.507962676186614,9.854902120848735,0.032806771186095346,False,False,True,False,False
1788619947.0832672,5.197357916079225,7.398489830942053,0.0457230708554087,False,False,True,False,False
1788619947.2018173,1.1263733499129602,33.683428471625845,0.060809072858397414,False,False,True,False,False
1788619947.292869,3.291856688794384,23.90703665593117,0.016355247828567124,True,False,True,False,False
1788619947.3860724,2.7140048525176295,6.847392900054249,0.01794803601187541,True,False,True,False,False
1788619947.4837523,8.815936402656646,62.43026822042086,0.12625325101715168,True,False,True,False,False
1788619947.5932271,4.570497998601277,39.043489695287356,0.11745157826519484,True,False,True,False,False
1788619947.6923301,1.2322907018950902,33.71344396364197,0.062099779967007204,True,False,True,False,False
1788619947.7965376,0.7253923198699929,4.858611583929034,0.005441985505112488,True,False,True,False,False
1788619947.8824558,0.4923270650077233,2.6807698085039986,0.0011449879158672196,True,False,True,False,False
1788619947.9938314,3.0295990393609196,22.839397279135024,0.021914393918352527,False,False,True,False,False
1788619948.0926135,0.6182491738131137,24.60432278130719,0.0211501764871382,True,False,True,False,False
1788619948.1853983,0.9423120258199301,3.4822272475819336,0.0034587534759082396,True,False,True,False,False
1788619948.3004777,2.524959045281917,13.745575696977154,0.02190137004982593,True,False,True,False,False
1788619948.396329,2.4236883000385987,1.2803828864999793,0.015053411208719381,True,False,True,False,False
1788619948.4936085,2.1962723737798506,2.428943197639165,0.010446885972026804,True,False,True,False,False
1788619948.5936418,0.951501762647789,12.845176854398742,0.014853849333713634,True,False,True,True,True
1788619948.6979153,0.8544418040399686,0.9484019635979,0.005001205571556273,True,False,True,True,True
1788619948.8000443,0.32055899073311256,5.320023625307525,0.0019381388285886225,True,False,True,True,True
1788619948.8983727,1.3167350708506795,10.137718463773057,0.003698979267759899,True,False,True,True,True
1788619948.9842396,0.24436786263393415,12.418823796100769,0.0031668911139993523,True,False,True,False,False
1788619949.0993571,1.586962853565482,11.69324083759425,0.007398355582894046,True,False,True,False,False
1788619949.201297,0.6406800387261462,9.294491398617911,0.006153228135807768,True,False,True,False,False
1788619949.2944245,1.5992849871331805,10.31798480480276,0.0046215804221564245,True,False,True,True,True
1788619949.3928547,5.0764047449915894,35.416116498425566,0.041375639784399065,True,False,True,False,False
1788619949.5052214,4.614415556633635,4.480958481617565,0.05370911064140563,True,False,True,False,False
1788619949.5972183,6.534649531337679,20.738005022403456,0.06515397239154375,True,False,True,False,False
1788619949.690513,7.189042769804613,7.348927739205405,0.08387638833767337,True,False,True,False,False
1788619949.7869449,2.630606093524039,46.65459643647742,0.07374370452627646,True,False,True,False,False
1788619949.8983657,0.585645502932438,18.352339127413835,0.011171004525180002,True,False,True,False,False
1788619949.9955978,1.1040206085810966,5.299757542347422,0.004233649683201515,True,False,True,True,True
1788619950.087813,3.1005772331166344,21.62851575428421,0.01958465382966829,True,False,True,False,False
1788619950.1867242,2.925254090799354,1.669984338369208,0.017196888288821512,True,False,True,False,False
1788619950.300967,0.5660755239841154,20.461734443689107,0.014416323189684086,True,False,True,True,True
1788619950.3936353,1.3767752154351753,8.768624193627877,0.005688059383625458,True,False,True,False,False
1788619950.4884527,0.5270670472028471,8.926447396135417,0.003418054279109997,True,False,True,False,False
1788619950.60075,1.687422767822534,10.367179112789934,0.008249174519319816,True,False,True,True,True
1788619950.6996202,2.5581489038024476,8.753032387163868,0.010969902931851669,True,False,True,True,True
1788619950.8024852,1.3853108906778817,11.280855917515051,0.010908053563774492,True,False,True,True,True
1788619950.8913293,1.7962499509943655,4.512495772893637,0.0053536113580292385,True,False,True,True,True
1788619951.0081718,1.631182757477409,1.3560393087227853,0.006680276990652701,True,False,True,False,False
1788619951.1013393,1.9690994591402642,3.516349451514974,0.007599837271320928,True,False,True,True,True
1788619951.196349,1.8162627016959274,1.648035083637099,0.006834436950221882,True,False,True,True,True
1788619951.2902617,0.9063319665111734,9.66136713516415,0.006378738556755129,True,False,True,True,True
1788619951.4023516,1.3266663284886333,3.749949780053407,0.0036253297776349547,True,False,True,True,True
1788619951.4985356,1.4571880403530644,1.3181388897795867,0.0049685651802029475,True,False,True,True,True
1788619951.5957804,0.727525194972858,7.466527046099132,0.006660315198025179,True,False,True,True,True
1788619951.6894171,1.0018608919342409,2.7735272758601814,0.0028141544447127143,True,False,True,True,True
1788619951.8025157,1.1326865982946717,1.2305856995712956,0.0034592045554645385,True,False,True,False,False
1788619951.9016094,2.1839533360107906,10.611821572786528,0.01735704500871161,True,False,True,False,False
1788619951.9947987,3.076152938588542,9.639460270882706,0.014049339957459168,True,False,True,False,False
1788619952.0892227,0.31859148566732143,29.356280909871497,0.016674249590471462,True,False,True,False,False
1788619952.201144,0.5935624935933728,2.4684071715215574,0.000846210620483731,True,False,True,True,True
1788619952.2968962,2.131874908916205,16.096287210773113,0.009568798062850546,True,False,True,True,True
1788619952.3907716,2.0662209870447987,0.9100300834408674,0.009907472729403935,True,False,True,True,True
1788619952.489847,0.7678451489515539,13.13528392412239,0.009817356786418456,False,False,True,True,True
1788619952.6051874,0.4242709675899065,3.0249362794638226,0.002213627219935324,True,False,True,True,True
1788619952.6957424,4.937183294703993,49.85591734177566,0.041192806952508404,False,False,True,False,False
1788619952.7951283,3.756769272370514,11.6078352296695,0.03612089810132466,False,False,True,False,False
1788619952.9075205,0.644821409613658,27.60645868094805,0.02589126046179584,False,False,True,False,False
1788619953.0012236,0.8042770646545159,1.7070450021584194,0.0013048637621483792,False,False,True,False,False
1788619953.09793,3.8703318242685696,31.729570945841296,0.025339085680804115,True,False,True,False,False
1788619953.1911423,3.2143552111775517,7.185676521144776,0.025805193442801532,True,False,True,False,False
1788619953.30792,1.367445635502355,15.474489869175336,0.015131050522532224,True,False,True,False,False
1788619953.3991983,0.9649205374858137,4.643656034420755,0.004453205550785551,True,False,True,False,False
1788619953.4985483,1.1569855843309973,1.9168468252435553,0.0027514738992528622,True,False,True,False,False
1788619953.5930583,1.9504179240131185,8.299644847610077,0.00597138611479798,True,False,True,True,True
1788619953.7048965,0.704986757750869,11.127522485610626,0.010072702856944043,True,False,True,False,False
1788619953.8017108,3.4105267048454584,27.96114345839398,0.019246606262760566,True,False,True,True,True
1788619953.896252,1.8027334014087741,16.901625935482073,0.01675153042638446,True,False,True,True,True
1788619953.9959223,2.7947038107451125,9.952052431646182,0.012136230066029438,True,False,True,True,True
1788619954.1052904,2.569655305025856,2.172522812680511,0.016679622554634174,True,False,True,True,True
1788619954.2014127,2.988307540030663,4.286467981575859,0.047939056689200954,True,False,True,False,False
1788619954.2966766,1.753829759541017,12.49805278268825,0.013192843678529825,False,False,True,False,False
1788619954.3946323,1.1271404374683003,6.457098805774085,0.009779618211655437,False,False,True,True,True
1788619954.5086446,0.6385957062235909,4.234555694410914,0.0021728194397673405,True,False,True,True,True
1788619954.6021729,0.651308070170559,0.12300633267507968,0.002188251854556817,True,False,True,False,False
1788619954.704787,2.851798780389327,21.475194358634734,0.015587835877760694,True,False,True,False,False
1788619954.7972524,4.217697681104768,14.714798654547254,0.025947777709694333,True,False,True,True,True
1788619954.9103682,3.1733031286591915,9.213143626638686,0.029805628298584373,True,False,True,False,False
1788619955.0087547,4.046056104858489,8.624760300386274,0.030008717264751444,True,False,True,False,False
1788619955.102258,4.7367646366633105,7.406945133984488,0.03700922406685033,True,False,True,False,False
1788619955.2124228,1.537907258794785,29.08627711377665,0.03219449589980889,True,False,True,True,True
1788619955.3112783,1.4998106201437738,0.20790179391354446,0.014114950983174142,True,False,True,False,False
1788619955.4030004,2.0476045342291056,5.933710721868977,0.006472811597254659,True,False,True,True,True
1788619955.5008407,0.4569274482323421,16.308883576882284,0.006557094504003192,True,False,True,True,True
1788619955.6079066,0.9975126284992857,4.995850920564572,0.0019995457952406447,True,False,True,True,True
1788619955.7042,1.2594895409592204,2.719707092417701,0.002821973602979124,False,False,True,True,True
1788619955.8055904,1.383022237779569,1.2260945707690556,0.0037969965684883037,True,False,True,True,True
1788619955.8949323,0.7371729597310454,7.258649077693772,0.003054028125431784,True,False,True,True,True
1788619956.0171633,1.0752901920174742,2.793908320027298,0.006000692608336303,True,False,True,True,True
1788619956.103754,2.712308365544371,18.93162536262687,0.008687254779314415,True,False,True,True,True
1788619956.2011025,2.599565200482117,1.1952173020095496,0.012290992355572797,True,False,True,True,True
1788619956.3015504,0.8985659193239705,16.940111118063463,0.018676291775455173,True,False,True,True,True
1788619956.4142344,2.085117868116752,10.52750634311499,0.009062807220884454,True,False,True,True,True
1788619956.5064309,2.4193527436782514,3.572165074530774,0.011356195707267142,True,False,True,True,True
1788619956.6025143,0.23443644325005636,22.753451393429962,0.010743438122997844,True,False,True,True,True
1788619956.700293,1.2495233480726913,10.379455170322093,0.0027525146669015255,True,False,True,True,True
1788619956.8162808,0.6412966952515696,5.268543332741772,0.002858330754704441,True,False,True,True,True
1788619956.9085314,1.008553431289534,4.012762703323061,0.0017246159638715371,True,False,True,True,True
1788619957.0058,1.489099337930177,5.029014971401211,0.0034384698776839975,True,False,True,False,False
1788619957.0982027,0.6527688370565102,9.034057351679463,0.0038573272472234303,True,False,True,False,False
1788619957.2075365,0.1296937152593499,4.7924546609087715,0.0007432438688388368,True,False,True,True,True
1788619957.3039985,0.9995413390059688,9.018081459077607,0.00199611804154962,True,False,True,True,True
1788619957.401808,0.4701174284698977,5.379573508816714,0.0020339719281666645,True,False,True,True,True
1788619957.515022,0.5547306644568009,0.70788850086582,0.0009650122345639124,True,False,True,True,True
1788619957.6082795,0.34402352000133263,2.2741329133729415,0.000688352263196143,True,False,True,True,True
1788619957.7072437,0.33526108456108406,0.09090165835246403,0.0004430433512835388,True,False,True,True,True
1788619957.8056586,0.460732730817762,1.2679591009654962,0.0003590478653998804,True,False,True,True,True
1788619957.914627,2.7177093435318143,20.720986940842455,0.01990493016372008,True,False,True,True,True
1788619958.0085177,3.413142014714918,7.324983066588814,0.019608220067493357,True,False,True,True,True
1788619958.1073644,0.46830500548122944,29.63785950473815,0.01898782106380256,True,False,True,True,True
1788619958.202515,3.5897410154906044,32.77601405677807,0.022067033563724314,True,False,True,True,True
1788619958.3122616,2.423543891735977,10.595945726031049,0.01972069910864484,True,False,True,True,True
1788619958.4124203,0.34878215762945364,20.762575399959882,0.013514421069548895,True,False,True,True,True
1788619958.5044498,1.1913833874771766,9.164275892477304,0.0021617455066848565,True,False,True,False,False
1788619958.5997303,0.37090956794525914,8.462415816715545,0.0024028484854516524,True,False,True,True,True
1788619958.714342,1.4865102854716852,9.739811337029726,0.0065138276275770015,True,False,True,True,True
1788619958.8108056,1.065865191239999,4.367356304066701,0.006349624632228727,True,False,True,True,True
1788619958.9053767,1.6746017713590888,6.440288927049167,0.004317581797768855,True,False,True,False,False
1788619959.0007145,5.211495157708459,37.148077042292456,0.043579857942303214,True,False,True,False,False
1788619959.1161413,3.4316069439547525,15.673055440571803,0.04338656561106131,False,False,True,True,True
1788619959.2102113,2.3946858186604736,11.024714428461378,0.024971825798158015,False,False,True,False,False
1788619959.3078141,0.5968773915167391,18.25793820398788,0.008985644144796377,False,False,True,False,False
1788619959.4042478,0.9054069172814604,3.217720284159384,0.0024504760525017157,True,False,True,False,False
1788619959.5198338,0.6643157786777134,2.092026369801778,0.002772714752249694,True,False,True,False,False
1788619959.6087048,7.716105545920343,79.31241763394038,0.08931685220945844,True,False,True,False,False
1788619959.7111824,5.972616102381783,17.147280383947496,0.08830514392451125,True,False,True,False,False
1788619959.8173556,0.9347763668765762,48.16659354666467,0.09014965472672307,True,False,True,True,True
1788619959.9115582,0.40019260113892363,5.582046251514345,0.0018755852291787386,False,False,True,True,True
1788619960.0093882,3.17471534742366,28.40411114386195,0.021825092530662973,False,False,True,True,True
1788619960.1108153,0.6397690499854973,25.390647471391848,0.01765465657269562,False,False,True,True,True
1788619960.2163558,1.9673437454691685,12.629589810992494,0.011662212759108302,True,False,True,False,False
1788619960.3140795,0.3003912094728946,17.05397205569447,0.008293553565575396,True,False,True,True,True
1788619960.413946,0.46598990314649,1.6575114396075237,0.0008464281723072626,True,False,True,True,True
1788619960.5067925,1.3349633361590716,9.382522747717955,0.003274640186573061,True,False,True,True,True
1788619960.6195722,0.7914549005787573,4.978202532822088,0.006408400461696643,True,False,True,True,True
1788619960.717155,2.3920408760487915,16.37929460903234,0.00974611546131552,True,False,True,True,True
1788619960.809632,0.5469808574395882,19.99775486319057,0.014069766979013092,True,False,True,True,True
1788619960.9081867,6.149136641086461,56.902719728336365,0.0706149312681672,True,False,True,True,True
1788619961.017846,1.8388915207034522,39.391016737754654,0.0607443515379256,True,False,True,True,True
1788619961.1159124,3.479784666048802,16.639163275954616,0.045360756647179167,True,False,True,True,True
1788619961.2136343,0.48145316578906067,30.25235101768581,0.022752285685971194,True,False,True,True,True
1788619961.3095093,0.30537682214633527,1.8379191143752618,0.0005894391865889502,True,False,True,True,True
1788619961.4272842,1.061790241107303,6.433225982216479,0.003794055182394099,True,False,True,True,True
1788619961.5129495,1.1988103716715546,1.7114882517329733,0.0031398906304605833,True,False,True,True,True
1788619961.608347,0.776436588733228,4.392167518724243,0.001987959624671758,True,False,True,True,True
1788619961.7094178,2.1557019885009043,13.653342123035152,0.008081884052249046,True,False,True,True,True
1788619961.8240738,0.6127938717604964,13.58830936440195,0.008914847776981875,True,False,True,True,True
1788619961.9158156,0.3844414478271329,2.596821676952323,0.0013889498689832326,True,False,True,True,True
1788619962.0098512,2.0791700273691465,17.98942722071253,0.008130956615521797,True,False,True,False,False
1788619962.1214561,2.6555749156180104,5.0979340231176815,0.014171212367019466,True,False,True,False,False
1788619962.215736,1.1309614062823425,16.148301057488737,0.013894531916466677,True,False,True,False,False
1788619962.317054,3.9374429713186285,27.71039994842361,0.04343878516193603,True,False,True,False,False
1788619962.408664,4.740165214340292,8.782960675729107,0.03574677023569483,True,False,True,True,True
1788619962.5226495,0.32090907704803256,38.74019685211375,0.03692574347376798,True,False,True,False,False
1788619962.6199343,0.8648510334862691,5.597491616853603,0.00173586477428029,True,False,True,False,False
1788619962.714255,1.2871190375785004,4.503445031715383,0.0024498287621537137,True,False,True,False,False
1788619962.8071072,0.6343793952449379,7.045237949106374,0.002495595690976186,True,False,True,False,False
1788619962.9259007,1.0066751568409837,3.1272096542744667,0.004633355350260653,True,False,True,False,False
1788619963.0206752,0.5775673751743853,4.607398889495119,0.004579149125984376,False,False,True,False,False
1788619963.1118946,5.5117948449172465,54.00232855576964,0.049683803926945526,False,False,True,False,False
1788619963.2105477,4.404704290504479,11.197340994360575,0.04527315489722732,False,False,True,False,False
1788619963.3231335,0.9554004334504217,29.56686720689791,0.04721592231133655,True,False,True,True,True
1788619963.419245,0.6710093405268905,2.7663471294032065,0.004182226841761241,True,False,True,True,True
1788619963.518926,1.9885124943776853,13.197512671897234,0.009387721611440934,True,False,True,True,True
1788619963.6188552,0.6683112186201707,13.153517129708057,0.006774584717910793,True,False,True,True,True
1788619963.7229717,1.7575315325522787,10.389762420954277,0.00582787651781004,True,False,True,False,False
1788619963.8190176,3.9533756927410058,22.88152393446022,0.02314914435079965,True,False,True,False,False
1788619963.9149902,3.3676818838254046,6.201437566030059,0.0277769351137539,True,False,True,False,False
1788619964.01395,1.9275899373941106,14.32296806373365,0.01683853107673883,True,False,True,False,False
1788619964.1213784,1.7263068583181485,1.8331737896725204,0.021171474998501656,False,False,True,False,False
1788619964.2165189,1.2943157825884883,4.5029082065308765,0.005828552144838346,False,False,True,False,False
1788619964.317422,0.4770386474378279,8.258942194930253,0.004654166634190539,False,False,True,False,False
1788619964.4255037,0.4320267788447195,0.43866688508095003,0.0009869187973168033,False,False,True,True,True
1788619964.5257854,0.9202735364656344,4.907661845948069,0.0023100574406989724,False,False,True,False,False
1788619964.616291,2.80172789521547,20.807843339391006,0.016158473714134498,True,False,True,False,False
1788619964.7200847,2.5342905758218075,2.5954501306093998,0.014265967069935376,True,False,True,False,False
1788619964.825977,0.8480933390367222,15.967384843385355,0.012089156341103387,True,False,True,False,False
1788619964.9208248,2.7503163936183173,20.055592698789038,0.012832837662753723,True,False,True,False,False
1788619965.0195682,0.38580600747735166,24.058487256525368,0.013743804453080542,True,False,True,False,False
1788619965.1110358,1.6894337523923868,14.25661470457554,0.00426140136423082,True,False,True,False,False
1788619965.2271957,3.0931489256849227,12.259376163298802,0.023601213561071793,True,False,True,False,False
1788619965.3288972,3.6544613495360943,5.0947881545578015,0.030735135703962628,True,False,True,False,False
1788619965.4171162,6.4102983824250055,30.907014220233407,0.05233709761387872,True,False,True,False,False
1788619965.514158,1.6555151940307145,48.86779166268596,0.0558716345747163,False,False,True,False,False
1788619965.6273186,1.472143189769925,1.5488176706683623,0.015030271844946838,False,False,True,False,False
1788619965.7242413,0.6211333982691408,8.793483193049145,0.0050665545249694395,False,False,True,False,False
1788619965.8225543,0.8157321778500841,2.0090704440184677,0.002946419682654499,True,False,True,False,False
1788619965.9191945,0.7740482516708658,0.4390015262821314,0.0013050895607845362,False,False,True,False,False
1788619966.0276208,1.6215993133741022,7.754545324586337,0.008959189128452463,False,False,True,False,False
1788619966.1238713,3.200520018198876,16.38976012021019,0.016260420765416842,False,False,True,False,False
1788619966.222905,1.5338642536677154,16.616358372259892,0.0150794870374144,True,False,True,False,False
1788619966.315216,1.2117118122908213,3.5233198974064193,0.004877769778749622,True,False,True,False,False
1788619966.4264827,2.162636684496983,8.562416519464232,0.011495302413616635,True,False,True,False,False
1788619966.5246542,5.110653620362476,30.080286904061854,0.04062079737104613,True,False,True,False,False
1788619966.6208527,4.259403571170788,9.353489298036733,0.045147033481697435,True,False,True,False,False
1788619966.736515,2.234026089212913,17.56029665747344,0.027128101109939632,True,False,True,False,False
1788619966.8241189,0.2685570602145885,22.441178842767037,0.01270107698300185,True,False,True,False,False
1788619966.9226255,1.0343484079235246,7.7874097144014,0.0027366165289482366,True,False,True,False,False
1788619967.0173898,1.6157178915555148,6.162544944420255,0.008337828987228905,True,False,True,False,False
1788619967.1325366,0.3212390678092526,11.353451233513246,0.004518649344886397,True,False,True,False,False
1788619967.230766,0.5560986870976583,2.388246435316885,0.0008136442455990314,True,False,True,False,False
1788619967.3277209,1.0510464710391991,5.115679043722354,0.0017130790999387892,True,False,True,False,False
1788619967.423154,0.5115252634669201,5.6396285652945535,0.003278226451190781,True,False,True,False,False
1788619967.5285652,0.2971150228195088,2.033541547714966,0.0004360020606519426,True,False,True,False,False
1788619967.6278548,2.312234098032292,20.28488084251327,0.012324774387643973,True,False,True,False,False
1788619967.7313159,1.0876303256203064,11.97541943238456,0.01802509341043231,True,False,True,False,False
1788619967.8210192,2.210685553692341,12.40250646181064,0.006229781481045856,True,False,True,False,False
1788619967.9319286,0.8818787356320815,11.651577390412722,0.012830331598543318,True,False,True,False,False
1788619968.0251946,1.1619653768027054,3.171933467888018,0.00452122482102641,True,False,True,False,False
1788619968.1258268,1.5652088870841205,4.017704815114575,0.00792645928995243,True,False,True,False,False
1788619968.2205615,2.6835525386343524,11.582828333254767,0.0126390806963475,True,False,True,False,False
1788619968.3310425,1.0238985084571712,14.926269445214842,0.010633643309792364,True,False,True,False,False
1788619968.425831,1.8407716044135967,8.218979486133568,0.006225816857844812,True,False,True,False,False
1788619968.5224757,2.6638939173835796,8.21646618778903,0.02530805600826268,True,False,True,True,True
1788619968.615927,4.160528994161781,15.917233810513098,0.0316785394228593,True,False,True,True,True
1788619968.7314868,2.840538836879085,11.940234097361602,0.0617353728345448,True,False,True,False,False
1788619968.824735,2.58829685535477,2.554869482996343,0.027158421472958976,True,False,True,False,False
1788619968.9211986,1.6845546952177435,9.067168080257398,0.009978265864869981,True,False,True,False,False
1788619969.0366035,4.514917939060534,24.74924141915019,0.045009997816247246,True,False,True,False,False
1788619969.1312904,5.051290483421662,6.083512365536404,0.1487935172628273,True,False,True,False,False
1788619969.2303505,5.974810327926355,9.783871348910642,0.06053600034467203,True,False,True,True,True
1788619969.3269567,0.9405524816714411,51.56828363274921,0.06364511377091751,True,False,True,True,True
1788619969.4377306,2.7720541526109517,16.81578142774402,0.018189480729989372,True,False,True,True,True
1788619969.535745,0.7939904797555819,20.266959349780414,0.016866893923851736,True,False,True,True,True
1788619969.630392,3.8655768907863375,32.40277159858881,0.03505012351458865,True,False,True,True,True
1788619969.7261136,1.3867565328284162,26.279881084701945,0.023610382611962348,True,False,True,True,True
1788619969.8342092,2.6518906842816574,11.701770194938682,0.027756454674948614,True,False,True,True,True
1788619969.9325032,1.230226846481095,14.22831617076353,0.025694512427139018,True,False,True,False,False
1788619970.028057,1.720804419619499,5.156062904655339,0.009935539553618578,True,False,True,False,False
1788619970.124541,0.6121736594974747,11.535194671968762,0.0058274021980284545,True,False,True,False,False
1788619970.237497,1.7180715183970339,9.794908255593993,0.00845158638211451,True,False,True,False,False
1788619970.3332925,1.1044163950349741,6.400301882186874,0.012794925332529121,True,False,True,False,False
1788619970.4265664,0.4511982723084025,7.039103271591621,0.0022928689975682905,True,False,True,False,False
1788619970.5284917,1.214200351181474,7.389078015234542,0.0037822474269290905,True,False,True,False,False
1788619970.6518965,0.9750811778566681,1.9683982451237638,0.003628334493695319,False,False,True,False,False
1788619970.7287838,0.3775255412773803,7.802785490170561,0.002816000416761827,False,False,True,False,False
1788619970.8277442,1.6598112032731929,12.951791777398942,0.005158480967915849,False,False,True,False,False
1788619970.9289281,2.2840060604192,6.0645443894230215,0.008844229020021703,False,False,True,False,False
1788619971.0366585,2.0069347464821288,2.7483113069577514,0.010798560222896368,False,False,True,False,False
1788619971.1300328,0.942403710980468,11.441386079298159,0.013166577641332753,False,False,True,False,False
1788619971.2280343,2.0168447729485584,11.146330325352688,0.006158050629989916,False,False,True,False,False
1788619971.3409243,0.8021400507591856,10.562342187968508,0.006352831599182651,False,False,True,False,False
1788619971.4368706,2.407453253358281,16.74916016352523,0.009455940713005234,False,False,True,False,False
1788619971.5284576,0.42397637749771694,21.753045498839196,0.010185156529666922,False,False,True,False,False
1788619971.6264894,0.23525995590587115,1.8952939853851802,0.00048068075664510284,False,False,True,False,False
1788619971.7352903,1.2216040360941136,9.071109305123246,0.0041645377261361385,False,False,True,False,False
1788619971.8335524,0.6662773668912704,5.729702367855404,0.0033300247860218943,False,False,True,False,False
1788619971.9303374,1.1225283969824267,4.773941464580567,0.0022621667949038566,False,False,True,False,False
1788619972.0252562,2.5333933242551745,14.826657529698842,0.009852898305394025,False,False,True,False,False
1788619972.1364717,1.2476031909755527,11.51687185113527,0.01759296006251547,False,False,True,False,False
1788619972.2337718,1.5981268930654144,3.6284261433507106,0.004820812675164584,False,False,True,False,False
1788619972.334488,2.7276298230971006,11.060476771706218,0.013927277608245862,False,False,True,False,False
1788619972.428763,5.598494965560125,30.395427299745986,0.044371489945379906,False,False,True,False,False
1788619972.5356846,0.7321341979262904,45.18940811169682,0.05015303465026548,False,False,True,False,False
1788619972.6338885,0.5802407634040803,1.5521865476707295,0.0020695582752475678,False,False,True,False,False
1788619972.7313304,0.31090684613564773,2.7833101057065486,0.0007594912098277645,False,False,True,True,True
1788619972.8288174,1.024267600844956,7.357491536259072,0.0018014271691571284,False,False,True,False,False
1788619972.9418042,0.9357720868677921,0.7771682630798659,0.0024056557664617925,False,False,True,False,False
1788619973.0374792,1.612044433546738,7.05980888029136,0.01040247861719013,False,False,True,False,False
1788619973.1313426,4.390695026456387,29.290936130273504,0.05106337734621152,False,False,True,False,False
1788619973.243895,2.769873740942246,14.611794215992381,0.029019440784796343,False,False,True,False,False
1788619973.3389828,3.685756581195557,9.660460778890773,0.06487634819869592,False,False,True,True,True
1788619973.4415195,2.4904379528713423,11.617883947809942,0.02049315061780535,False,False,True,True,True
1788619973.5301704,2.2184278642001143,3.058784307587948,0.011127117100829998,False,False,True,False,False
1788619973.6465652,2.4224339248300937,1.6798804152501605,0.012904967359143229,False,False,True,False,False
1788619973.7390327,3.164900881310437,8.124847011306183,0.017121476374202683,False,False,True,False,False
1788619973.833186,0.8124805878786676,25.050686024187623,0.014394094412608596,False,False,True,False,False
1788619973.9284728,1.3288063735942934,5.425893134406697,0.006178087550413954,False,False,True,False,False
1788619974.0419054,1.081210526550208,2.1690320658909923,0.0034602578952790163,False,False,True,False,False
1788619974.136259,0.35735813639310193,7.746855340522529,0.0032139216633715597,False,False,True,False,False
1788619974.2323198,2.2183499277006073,19.373389034055542,0.009747587090085373,False,False,True,False,False
1788619974.3303478,0.5093734288612566,17.366786940120136,0.007612968284745276,False,False,True,False,False
1788619974.4448764,1.3605694604045353,7.428679907214739,0.006899736697013411,False,False,True,False,False
1788619974.5398962,1.9112368453484587,5.839841262416954,0.01627402824276536,False,False,True,False,False
1788619974.640403,4.382645064301157,24.599930859933142,0.031047190930037213,False,False,True,False,False
1788619974.7297873,0.9951292208763372,37.983774663635046,0.03352683452207481,False,False,True,False,False
1788619974.8470912,0.872693589594661,0.9189290981886203,0.005464305192740897,False,False,True,False,False
1788619974.9463212,1.8065491486655167,9.415340667593348,0.011555987645422304,False,False,True,False,False
1788619975.0333815,2.256127815912072,5.158810233234752,0.007608024179723191,False,False,True,False,False
1788619975.1287127,1.477207105567335,8.091611246391778,0.006435486935797986,True,False,True,False,False
1788619975.242252,4.906453648618661,30.192057973660866,0.05312247044551615,True,False,True,False,False
1788619975.3391094,6.418954612971736,16.28230410394011,0.07340415140264502,True,False,True,False,False
1788619975.432315,1.4479794830297674,53.43378478638391,0.10185851660955582,True,False,True,False,False
1788619975.544748,2.6398545595276675,10.645958812723855,0.014169491442536507,True,False,True,False,False
1788619975.6457343,1.970101404036886,7.17551991070787,0.015982169683299276,False,False,True,False,False
1788619975.738745,2.0891367614422096,1.2782524859838074,0.008977647750693585,False,False,True,False,False
1788619975.8383183,1.3978707766030607,6.891803299660822,0.008169975858211585,False,False,True,False,False
1788619975.946631,0.39469922162356286,9.250459989658536,0.003560122098169784,False,False,True,False,False
1788619976.0428898,1.4419362468202324,10.882540426523812,0.005198659379771802,False,False,True,False,False
1788619976.136756,0.9471930905460313,5.265957155420202,0.007573663782642673,False,False,True,False,False
1788619976.2325284,0.7434753690870475,2.1535966322901072,0.0018912632168452865,False,False,True,False,False
1788619976.3480356,1.5998833985047711,7.443191980366521,0.009962784150699204,False,False,True,False,False
1788619976.4411952,0.8179868113318195,8.42604038390335,0.009189398480963378,False,False,True,False,False
1788619976.5399933,2.7720215563621657,19.764616721826492,0.013481257003881662,False,False,True,False,False
1788619976.7214792,2.0547721763923694,4.049390510485645,0.023391606384502505,False,False,True,True,True
1788619976.784513,14.261636569205416,193.59762550847228,0.12618442974763383,True,False,True,False,False
1788619976.8699002,11.197112625635977,34.79001033118865,0.17782751522931417,True,False,True,False,False
1788619976.9679582,0.9165764441705476,103.13961837204748,0.17317925129473716,True,False,True,False,False
1788619977.0560966,1.5913999767367561,7.668376674435426,0.007649679442763966,True,False,True,False,False
1788619977.168823,1.3030001955172061,2.6166659006680337,0.0047066880235299025,True,False,True,False,False
1788619977.262741,0.459984242005626,8.988438532242467,0.004120659649733328,True,False,True,False,False
1788619977.3540142,1.609982960835582,12.62991520658163,0.0057049580349818295,True,False,True,False,False
1788619977.4473126,2.5440407975527277,10.011294321926703,0.018449863095911064,False,False,True,False,False
1788619977.5508988,3.036332354562469,4.644927415567132,0.01801616244891594,False,False,True,False,False
1788619977.6477149,0.6489880526639183,25.05248217369396,0.018925642586690224,False,False,True,False,False
1788619977.7496545,3.811523648333083,30.87840130186433,0.03481947913270536,False,False,True,False,False
1788619977.8518684,0.6239134611487466,31.153511344178707,0.028869078737751096,False,False,True,False,False
1788619977.9549842,0.3552424128215167,2.552951058067049,0.0011142804699686912,False,False,True,False,False
1788619978.0550525,0.4530775077027485,0.9826902936736128,0.0006052623931031731,False,False,True,True,True
1788619978.150244,12.975773364229324,131.45556258520398,0.3047129552662321,False,False,True,True,True
1788619978.2631998,3.4855081837557136,80.91126190070759,0.2423041549775453,False,False,True,False,False
1788619978.3549826,6.59387793647942,34.37495072009461,0.14219373703845062,False,False,True,True,True
1788619978.4536533,1.8076053680941535,48.889245111471574,0.06367373487320983,False,False,True,False,False
1788619978.5443904,1.6936639755775924,1.3330112128231673,0.006506795497417328,False,False,True,False,False
1788619978.6608634,0.34467760389582747,11.625234483793356,0.0053746997281397075,False,False,True,False,False
1788619978.7528262,2.2198136344597583,20.38674183786864,0.009425800661394028,False,False,True,False,False
1788619978.8472445,3.2930307295124908,11.3470339774019,0.015565311270674035,False,False,True,False,False
1788619978.9474509,1.8577177402094682,14.381575222881212,0.015293769991650843,False,False,True,False,False
1788619979.056171,0.22375263369339785,15.294255325091044,0.0070663265968748746,False,False,True,False,False
1788619979.153179,4.836132912696387,47.53022362660855,0.043647209798955644,False,False,True,True,True
1788619979.245454,1.381586119287041,37.592575625736444,0.036933760686857976,False,False,True,False,False
1788619979.3408525,0.5983219129719796,8.023224417730985,0.004775305818095355,False,False,True,False,False
1788619979.4526713,0.7054628992495702,1.0068593389390188,0.002444975735485615,False,False,True,True,True
1788619979.5557435,0.9759742870258786,2.698040199569342,0.0046093181110368805,False,False,True,True,True
1788619979.6494548,0.33782591973716863,6.761574418548818,0.002470347990321415,False,False,True,True,True
1788619979.7447734,1.7264519104034903,14.559920506653773,0.005778910394799354,False,False,True,True,True
1788619979.852847,1.7213565370445618,0.042554468400908124,0.018403928381427744,False,False,True,False,False
1788619979.9488988,1.0455643323367034,7.110636053916319,0.013043132750714052,False,False,True,False,False
1788619980.050948,0.9443815329877467,0.9822146367893049,0.0021151123887191274,False,False,True,True,True
1788619980.157252,0.4445496623568398,4.6715745697901685,0.002087870398572469,False,False,True,True,True
1788619980.2576382,3.409559974452077,29.592862572746316,0.02403156620557711,False,False,True,False,False
1788619980.3537803,0.7091778547224815,28.690524063048482,0.022634121790198428,False,False,True,False,False
1788619980.4457345,0.433604995558279,2.985944109467398,0.0008658458822995474,False,False,True,False,False
1788619980.5598173,7.11405489830985,58.46022424195352,0.12996561854480318,False,False,True,True,True
1788619980.6543288,2.8469327860190488,46.60072200681031,0.19340089000883523,False,False,True,True,True
1788619980.7548177,3.6578054511839446,7.099417353601592,0.022510337177842652,False,False,True,True,True
1788619980.8461633,1.6690087145331953,22.274602590123564,0.021254130770178705,False,False,True,True,True
1788619980.9582028,6.301055302438997,41.17629937250081,0.07976720644184764,False,False,True,True,True
1788619981.0517619,2.0179159899136168,46.46902072352969,0.07688474274673561,False,False,True,True,True
1788619981.150267,0.8555257193514587,12.009294718195827,0.00635819588528724,False,False,True,True,True
1788619981.2462354,4.525681714643657,38.25920625569068,0.03957406657618516,False,False,True,True,True
1788619981.3553634,1.0098405939475459,31.73103842486432,0.03897944429051545,False,False,True,True,True
1788619981.4504328,5.137661743041107,43.36046896307414,0.045940365282573045,False,False,True,True,True
1788619981.5479877,4.55035632005799,5.575899439402002,0.04097852247422122,False,False,True,True,True
1788619981.64743,0.6409353441952598,38.49327559669302,0.03548016588206802,False,False,True,True,True
1788619981.7550488,2.221592253979645,14.735908732052598,0.013085511813492311,False,False,True,True,True
1788619981.8527012,6.373364649333006,42.667787678600234,0.10874194825546234,False,False,True,True,True
1788619981.9476697,1.8833130625084598,45.99067120299692,0.058882197512625585,False,False,True,True,True
1788619982.0435627,0.48845492376315713,14.561232629852995,0.007908146028875173,False,False,True,True,True
1788619982.154989,4.167783409682528,33.02740515048211,0.04620825577173412,False,False,True,True,True
1788619982.251287,0.9825422452319749,32.32324178889199,0.050662939056231975,False,False,True,True,True
1788619982.3463635,2.3760564283543175,14.639788449890332,0.009091163903000462,False,False,True,True,True
1788619982.4608479,2.0614270970847346,2.9154449484694576,0.030677245877706736,False,False,True,True,True
1788619982.5578446,3.1308562506561963,9.782743240385463,0.018034912622078767,False,False,True,True,True
1788619982.6484318,1.6901175005910594,15.746500238452484,0.02753644406800933,False,False,True,True,True
1788619982.7483573,2.214163816308907,5.398743623562567,0.019744505693415664,False,False,True,True,True
1788619982.8596344,1.260793208142205,8.001648113171058,0.0179518645878277,False,False,True,True,True
1788619982.9534357,0.7674411874256359,5.186090186785029,0.003130041910163943,False,False,True,True,True
1788619983.0500078,0.6205835710953778,1.5414577513242511,0.0010316075915500524,False,False,True,True,True
1788619983.1505134,0.1840906169847268,4.324327304495803,0.0006146158789369951,False,False,True,True,True
1788619983.257086,2.521833484283403,21.936225517637244,0.014979124100709994,False,False,True,True,True
1788619983.3531654,1.2472008690671603,13.316337119934873,0.023077398320341024,False,False,True,True,True
1788619983.4517012,0.9765848845848539,2.7123556217775495,0.006332874998565823,True,False,True,True,True
1788619983.5463967,1.9419910543498788,10.236098227918946,0.005129992976792364,False,False,True,True,True
1788619983.6589322,3.356965166218862,12.670005380511089,0.023380149909992206,False,False,True,True,True
1788619983.7585976,2.4968992925173636,9.361124891523712,0.023121511599536976,False,False,True,True,True
1788619983.8490121,3.113086508055114,6.764301110745772,0.03612062557740024,False,False,True,True,True
1788619983.94685,1.5677001711197678,14.93806881082807,0.019105448993481718,False,False,True,True,True
1788619984.0599058,2.8699052395128875,11.573577247877779,0.022024186022990597,False,False,True,True,True
1788619984.1525953,2.8141702945042324,0.175947412596118,0.01949823164926802,False,False,True,True,True
1788619984.2496023,2.295958434998052,5.323021962983237,0.031609753643285006,False,False,True,False,False
1788619984.3474832,2.4090798523828765,1.358025689408004,0.011884085447316358,False,False,True,False,False
1788619984.4561534,4.414360942891388,18.57261971670482,0.03646260876192549,False,True,True,False,False
1788619984.554901,0.9666843467094035,34.91050871362918,0.05921477286499698,False,False,True,False,False
1788619984.6498966,1.0338879061914537,0.6998938502148981,0.00200754145381258,False,False,True,False,False
1788619984.7623594,1.4222017779858953,3.2766892629479694,0.004539110819870549,False,False,True,False,False
1788619984.8623378,2.7828544003910762,13.613671442423694,0.013421752085615352,False,False,True,True,True
1788619984.9533575,0.985256770471466,19.957943076449745,0.015933148449937748,False,False,True,True,True
1788619985.0483396,5.541416020574013,48.091762820295635,0.05596576264752566,False,False,True,True,True
1788619985.1711528,5.32680908216499,1.9988565935439686,0.20795532776686154,False,False,True,True,True
1788619985.2655342,0.8567633485830211,47.05785212349044,0.07951189844772054,False,False,True,True,True
1788619985.3561044,3.2093920732177876,25.92517386783462,0.014737165174225724,False,False,True,True,True
1788619985.4525256,2.407801066257113,8.188806572190765,0.040859000323123194,False,False,True,True,True
1788619985.5612833,1.786125474435627,5.568699794996661,0.009793115612780947,False,False,True,True,True
1788619985.6594284,4.265107786686081,25.230652138458062,0.06038587532224779,False,False,True,True,True
1788619985.759323,0.8851331076266209,34.89951211553721,0.037225187784612396,False,False,True,True,True
1788619985.8541806,1.4760299787103,6.224124558708249,0.00504196619050683,False,False,True,True,True
1788619985.9660902,3.968716763316019,22.431856500235103,0.053045295729469456,False,False,True,True,True
1788619986.0615883,0.6008901171948751,35.34729370097487,0.04226172207908458,False,False,True,True,True
1788619986.1563969,1.963053134625893,14.404220425007535,0.007474492241759381,False,False,True,True,True
1788619986.252571,1.9848312860712884,0.4060317236003127,0.021229637625774095,False,False,True,True,True
1788619986.3607945,0.5181862815341151,13.335218534875136,0.008168256368376495,False,False,True,True,True
1788619986.4587207,1.14385040839512,6.359852907090814,0.003974858138187046,False,False,True,True,True
1788619986.554996,0.5506012855638615,6.106929882839142,0.003429938693112623,False,False,True,True,True
1788619986.6518826,0.6893451882804894,1.3592040952138997,0.0010375037528964392,False,False,True,True,True
1788619986.767953,1.5894247419175427,7.737852732071833,0.006229539734201265,False,False,True,True,True
1788619986.8594673,0.47437840527327163,12.240606387474228,0.006887726979522937,False,False,True,True,True
1788619986.9533527,1.1982436040568,7.677545256781493,0.002656462829196323,False,False,True,True,True
1788619987.0751574,0.8077324751790804,3.2303480016670667,0.0024489344814794833,False,False,True,True,True
1788619987.161066,1.5733744291118643,8.901970089413542,0.0031202978516304985,False,False,True,True,True
1788619987.2608378,0.7314032249340865,8.434590197663624,0.003229632156650639,False,False,True,True,True
1788619987.3556514,3.866240552238089,33.151228419090515,0.03327892177527462,False,False,True,True,True
1788619987.4688854,1.361141818136021,22.109335280792386,0.04245035177267174,False,False,True,True,True
1788619987.5725136,2.9232260560383305,14.656754898133123,0.015301138050241263,False,False,True,True,True
1788619987.6599495,0.5050505759283291,27.627641029644746,0.02052077640623647,False,False,True,True,True
1788619987.7607474,0.6271249962748107,1.2210895258546888,0.0006787612687120771,False,False,True,True,True
1788619987.8643627,1.3744382403701338,7.157888636064058,0.003055516400401716,False,False,True,True,True
1788619987.9628637,0.9586067224555281,4.412211487635885,0.0033609962085467296,False,False,True,True,True
1788619988.0568542,2.759999446799007,19.17759091557288,0.011559883341002605,False,False,True,True,True
1788619988.1561778,3.6734863803247024,9.546121573671936,0.02110158586437151,False,False,True,True,True
1788619988.267974,2.686471554351537,8.944303191702591,0.02268809549176344,False,False,True,True,True
1788619988.366755,2.1332067273994832,5.70475605951907,0.03868182621498216,False,False,True,True,True
1788619988.4570587,1.4163175699806025,8.03288794724429,0.007137053377394441,False,False,True,True,True
1788619988.5553036,0.46004547294608866,9.719129236641157,0.004440360277661046,False,False,True,True,True
1788619988.6665742,1.6706145791298586,10.87769183947162,0.008629831019174302,False,False,True,True,True
1788619988.7705612,0.561214713714834,10.671368473024202,0.005832878145863313,False,False,True,True,True
1788619988.8582847,0.22407557631138608,3.8302955345199465,0.0007670630139218141,False,False,True,True,True
1788619988.960311,1.7369874324054675,14.820865598606737,0.006499615087047281,False,False,True,True,True
1788619989.0672624,0.6823456299596476,9.940113418394608,0.008468753104630976,False,False,True,True,True
1788619989.160592,1.096805186976486,4.442507221745104,0.003688369489595733,False,False,True,True,True
1788619989.2586718,0.4396814375151909,6.644592563085574,0.0031965985877173936,False,False,True,True,True
1788619989.3710215,0.3595210799685647,0.7418563253998803,0.0006748822444475783,True,False,True,True,True
1788619989.4677734,0.6974409380856414,3.4518461253653157,0.0010364704309732647,False,False,True,True,True
1788619989.5706346,0.8488759621268669,1.483292745701705,0.003328360963249105,False,False,True,True,True
1788619989.6606066,3.738425717534104,32.08931775705019,0.017552432637513757,False,False,True,True,True
1788619989.770742,0.4636561948901897,29.86431951753053,0.019287126319527934,False,False,True,True,True
1788619989.8684676,0.4232774203729525,0.41645430485814844,0.0008959668180147854,False,False,True,True,True
1788619989.9645288,0.5110117175286645,0.9650176283533783,0.0005937775991641309,False,False,True,True,True
1788619990.0615852,0.6297394561560363,1.2335631691391695,0.0017057307986646578,False,False,True,True,True
1788619990.1693718,2.208515737978594,14.688940808703705,0.012575954564738806,False,False,True,True,True
1788619990.2680242,0.9122193236769054,13.201424305525176,0.01655430159302798,False,False,True,True,True
1788619990.3659048,2.868867025761984,19.796086485136485,0.012158184670720305,False,False,True,True,True
1788619990.460042,0.742159468051879,22.62721873172956,0.018560131012145084,False,False,True,True,True
1788619990.5718958,2.0359346697134244,11.515725044169582,0.008463801851038809,False,False,True,True,True
1788619990.6705363,1.265854169720745,7.824332647781443,0.008131328751189453,False,False,True,True,True
1788619990.764614,1.1909271224428057,0.6589132278753399,0.003256599354715764,False,False,True,True,True
1788619990.863859,2.071639175550316,8.841169666910943,0.00623772823236774,False,False,True,True,True
1788619990.9739072,1.8325483193115595,2.172606896310061,0.008896566370271355,False,False,True,True,True
1788619991.0694685,1.1215096334306627,7.4978673283327995,0.005864416026658686,False,False,True,True,True
1788619991.1652339,2.4793101593656908,14.234694990828038,0.00853371039194639,False,False,True,True,True
1788619991.26095,2.170168072415048,3.4728515932126864,0.009736341761853916,False,False,True,True,True
1788619991.3748276,0.5073641650815337,14.53175559209619,0.010752728309500298,False,False,True,True,True
1788619991.4654331,0.9020042728984425,4.371428335429875,0.002514907409780511,False,False,True,True,True
1788619991.5643537,0.3534524474330784,5.574423521182572,0.001137052068859526,False,False,True,True,True
1788619991.674406,0.42853422446491996,0.6858047059490204,0.0005579566701701036,False,False,True,True,True
1788619991.7714677,1.6748100808291424,12.881864431094174,0.005720952688749148,False,False,True,True,True
1788619991.8649375,0.5391526920798995,12.106686248907094,0.0060969271741850095,False,False,True,True,True
1788619991.9619198,3.1829162456749347,27.41778246090816,0.020104607241846397,False,False,True,True,True
1788619992.0752094,4.165399813145874,8.591334951340315,0.034314273304074376,False,False,True,True,True
1788619992.1751926,0.5825720518282805,35.881894630335466,0.043817582451351964,False,False,True,True,True
1788619992.267435,6.247572764000301,61.403316204662175,0.06711401196068206,False,False,True,True,True
1788619992.362434,1.5396958763140909,49.53282035094745,0.053236635970402235,False,False,True,True,True
1788619992.4713223,4.182828672984701,24.33736712098056,0.05758042410542037,False,False,True,True,True
1788619992.5738962,0.8099655302426658,32.913918762139154,0.03493105156390229,False,False,True,True,True
1788619992.6684234,1.908322343361492,11.625219301591132,0.010544302690662038,False,False,True,True,True
1788619992.7672203,1.3245155441526064,5.934185397093841,0.0051732549647825156,False,False,True,True,True
1788619992.8818893,3.075610101389963,15.261912826018442,0.019575791201438097,False,False,True,True,True
1788619992.9761407,0.721266685907844,24.986575882996902,0.020865525828623215,False,False,True,True,True
1788619993.0708055,0.3367450382407214,4.0194909790262185,0.0014163371349970207,False,False,True,True,True
1788619993.1672437,2.6783790214024945,24.305516891964544,0.014886888102578563,False,False,True,True,True
1788619993.2788432,1.279561310239488,12.626554746154175,0.010091473602822169,True,False,True,True,True
1788619993.3755784,0.3678673196310692,9.394091336110613,0.005228539252552027,True,False,True,True,True
1788619993.4724162,0.7073105191055163,3.4938616594429943,0.0015486411985413272,True,False,True,True,True
1788619993.568145,0.39397247343467845,3.3575368067739757,0.001371293760005404,True,False,True,True,True
1788619993.6761398,2.869045455298368,22.89804467517456,0.0176709043833528,False,False,True,True,True
1788619993.774885,0.7128809395641431,21.771845993913615,0.023795486046990676,False,False,True,True,True
1788619993.8719919,3.9089028676917605,32.92419451291532,0.023974011767412078,False,False,True,True,True
1788619993.9867806,2.968535125531194,8.175539350495326,0.025725163857871925,False,False,True,True,True
1788619994.0769396,0.426857729906967,27.87236569490166,0.020474988035385087,False,False,True,True,True
1788619994.168923,1.0682757458356835,6.989258553027435,0.0027705856249664773,False,False,True,True,True
1788619994.2679348,0.3004132951553011,7.759975031189433,0.001562350206033741,False,False,True,True,True
1788619994.3853595,1.8126912665859327,12.868657642954544,0.008412134233430027,False,False,True,True,True
1788619994.477777,1.7602801878297591,0.6259544533265409,0.008235881716824111,False,False,True,True,True
1788619994.5765266,0.8070430900495816,9.684080452443789,0.007579671326104055,True,False,True,True,True
1788619994.6702669,0.22276421767024734,6.236384787647602,0.0011038926886554647,True,False,True,True,True
1788619994.7811801,0.23080343880666565,0.07125060761781185,0.00016496948720741753,True,False,True,True,True
1788619994.881533,0.5307795100733453,3.0102508553253684,0.000912217179729189,True,False,True,True,True
1788619994.976825,2.2492624635891314,18.02701193847086,0.007594069118771679,True,False,True,True,True
1788619995.0741642,0.504487987638736,17.95188944804013,0.011592063191504373,True,False,True,True,True
1788619995.1776915,2.158161021094702,15.970601700215084,0.008237390364881875,True,False,True,True,True
1788619995.2810872,1.7121973642737425,4.246292684724289,0.008273395118174126,True,False,True,True,True
1788619995.368645,2.415929813501284,8.048292661466096,0.007670590440375623,True,False,True,True,True
1788619995.4717755,3.6804753278993894,12.255542159083774,0.021762032910130878,True,False,True,True,True
1788619995.5817058,0.6478904699604674,27.93010390653597,0.028609301244597242,False,False,True,True,True
1788619995.680321,3.648123189867424,30.422415244122444,0.026418096370358933,True,False,True,True,True
1788619995.776306,1.1234155149135931,26.364178013339945,0.03475107516855562,True,False,True,True,True
1788619995.8712716,2.5395380122767808,14.917998451001043,0.00874647758476262,True,False,True,True,True
1788619995.9814224,1.433115928939336,10.064320129664063,0.008927996372262036,False,False,True,True,True
1788619996.0752127,1.437749158934528,0.06687927570787101,0.004319023137164194,False,False,True,True,True
1788619996.172699,1.125410493648414,3.239660697802866,0.0032341125947202886,False,False,True,True,True
1788619996.2867975,0.8611676610358027,2.2479577988482284,0.002333774925919499,False,False,True,True,True
1788619996.3806028,2.039478815160216,12.615134755817987,0.011877506934452806,False,False,True,True,True
1788619996.4777827,0.37130709622385233,17.104268409785412,0.006423741750232991,False,False,True,True,True
1788619996.5717738,0.22930088804655682,1.5017966612588804,0.0003944598853536934,False,False,True,True,True
1788619996.6840763,0.980712307425949,6.6921466884338425,0.0028632384482550396,False,False,True,True,True
1788619996.783597,1.0982132033267806,1.1913394535443442,0.00269660243711983,False,False,True,True,True
1788619996.8780375,1.3684885749001054,2.9202863627945255,0.008344468159399997,False,False,True,True,True
1788619996.9806552,2.1041735992550454,7.1855834413574335,0.007316976631072122,False,False,True,True,True
1788619997.0882065,0.9015988497126898,11.085412243131088,0.007483549176996022,False,False,True,True,True
1788619997.1831336,1.2744892267226842,3.7492677704633635,0.0027458265524694095,False,False,True,True,True
1788619997.2783747,0.4278490095837505,9.230789565067939,0.003173278337480913,False,False,True,True,True
1788619997.3728595,0.5006057831909195,0.7732184554999437,0.0006921623367272187,False,False,True,True,True
1788619997.4881957,0.4982492622500476,0.02761026544924311,0.0011031406164865893,False,False,True,True,True
1788619997.5837746,0.11366592014402316,4.015154323779754,0.0006007158298834968,False,False,True,True,True
1788619997.6793387,0.7767175275055795,6.939018139787678,0.0010303076135482418,False,False,True,True,True
1788619997.7726712,1.4355298086154895,7.067629627918506,0.002654408183904656,False,False,True,True,True
1788619997.8935707,1.033953292246522,3.3126010948327655,0.009688659267975193,False,False,True,True,True
1788619997.9822104,0.3375447431133118,7.887709211283503,0.0035043697501360473,False,False,True,True,True
1788619998.0804234,0.5127695005630895,1.7707014745775795,0.000472158576343179,False,False,True,True,True
1788619998.177822,1.9336145165324206,14.569139841636925,0.00868662060967758,False,False,True,True,True
1788619998.2868502,1.5578036541768547,3.308122785552374,0.016963225366714046,False,False,True,True,True
1788619998.381343,1.863881246707965,3.25590197329366,0.006574770594257654,False,False,True,True,True
1788619998.478723,2.1677230996378807,3.2597886498220268,0.019300219702530288,False,False,True,True,True
1788619998.5879433,1.9298770640428762,2.115235550139992,0.008977045410544244,False,False,True,True,True
1788619998.6823733,1.1557029606632783,8.20579316913253,0.006749477488190552,True,False,True,True,True
1788619998.7759242,1.34731559894849,2.0159535775409365,0.0028292044687254327,True,False,True,True,True
1788619998.8754976,0.8320352278979033,5.223588521059751,0.0060612338727558755,True,False,True,True,True
1788619998.992015,0.17838454863970596,5.596724394117845,0.0011447743304489417,True,False,True,True,True
1788619999.0885837,2.778934617975403,26.941521090736543,0.014704423618145354,True,False,True,True,True
1788619999.1853564,0.4989906811189539,23.456276940931843,0.016719340213730803,True,False,True,True,True
1788619999.2775598,1.200936615845101,7.615832508250096,0.00389565899125736,True,False,True,True,True
1788619999.3928099,2.807262685068181,14.017936041011705,0.016233173051978963,True,False,True,True,True
1788619999.487042,0.8941766546718861,19.890281348578796,0.016962746113153127,True,False,True,True,True
1788619999.5846176,0.7831596040428089,1.1244595874965126,0.0034603316246025833,True,False,True,True,True
1788619999.6739776,1.2301222953311397,4.972915698399388,0.0039904554624513155,True,False,True,True,True
1788619999.7862244,2.0426219337957354,7.10832602532152,0.008956509137907047,True,False,True,True,True
1788619999.8810444,0.3168956305483966,18.190266987226085,0.009388701036691744,True,False,True,True,True
1788619999.9830692,1.8869148016119015,15.389892513848839,0.006562694799256249,True,False,True,True,True
1788620000.0763333,0.5891143868374462,13.946573983564981,0.006376985928646303,True,False,True,True,True
1788620000.190309,2.770120739047042,19.13092972518467,0.022750291986600835,True,False,True,True,True
1788620000.2829504,1.6824665374977594,11.75022508089596,0.03357622766222112,True,False,True,True,True
1788620000.3810987,1.783028774908303,1.0229205249665496,0.005574450224568017,True,False,True,True,True
1788620000.4716938,0.8134968828700813,10.664216973647804,0.00846506912848512,True,False,True,True,True
1788620000.5918605,1.3581840847134912,4.549275307062804,0.008023829598932775,False,False,True,True,True
1788620000.6865587,0.5893296416199101,8.06510516927842,0.0042425551979354305,False,False,True,True,True
1788620000.781527,2.7764739842506008,23.02178359159226,0.016895116166081373,False,False,True,True,True
1788620000.895289,0.7172134042137148,18.362250766339326,0.018428637558418323,True,False,True,True,True
1788620000.992552,0.824832862344395,1.097282661954779,0.0035188775051037385,True,False,True,True,True
1788620001.089761,4.5407169460377945,38.19342829815944,0.03330179457760785,True,False,True,True,True
1788620001.182967,0.298381524832245,45.53314191641538,0.03656922084697248,True,False,True,True,True
1788620001.2870479,0.6904678713328497,3.766229964439667,0.0008354408682382463,False,False,True,True,True
1788620001.3916347,0.3294290931255853,3.4549409660092256,0.0007681888322176915,False,False,True,True,True
1788620001.49078,0.2512391606249208,0.767273650898898,0.00048514635092764306,False,False,True,True,True
1788620001.5837731,2.468535705223508,23.864040492571384,0.011359361154300932,False,False,True,True,True
1788620001.6877878,2.3642910996358997,1.0288561932843134,0.011369516663949315,False,False,True,True,True
1788620001.7852,0.695038505597305,17.184086598401226,0.009721577358727461,False,False,True,True,True
1788620001.8873377,2.0205543766142204,12.979266336129191,0.011674756269980957,False,False,True,True,True
1788620001.9819894,1.7039526656514499,3.334076093416039,0.019820470398473622,False,False,True,True,True
1788620002.0931368,0.9717746782528834,6.598268423403677,0.0042818020814030505,False,False,True,True,True
1788620002.185927,0.2561078157228637,7.829249377439475,0.0022930701524172966,False,False,True,True,True
1788620002.280392,1.60018875895841,14.218563963436843,0.0046976772875564265,False,False,True,True,True
1788620002.3822246,0.6877666172583287,9.008423846433324,0.0034365380380127013,False,False,True,True,True
1788620002.4949102,0.23121671110633882,4.054572707548159,0.0007887432432695029,True,False,True,True,True
1788620002.5944653,0.45690853389836433,2.2669830414424217,0.0003179946632626093,True,False,True,True,True
1788620002.68704,0.042539206409248555,4.467881176968991,0.00040067085414748137,True,False,True,True,True
1788620002.7775395,0.15401692675135203,1.2347983576467925,4.748608044402905e-05,True,False,True,True,True
1788620002.8991003,0.5496189337973247,3.253405857269302,0.000982168963368335,True,False,True,True,True
1788620002.9882746,1.1945869799940103,7.275905629965369,0.004473332008764758,True,False,True,True,True
1788620003.0871053,0.15973564772462429,10.480819858065923,0.0020139913029031745,True,False,True,True,True
1788620003.2001288,0.7312763172678489,5.057406666714501,0.0015975579207540968,True,False,True,True,True
1788620003.2945728,0.6974547022819152,0.3726124593498037,0.003049015392929214,True,False,True,True,True
1788620003.394433,2.2201280265502543,15.164757093039317,0.007908864534629245,True,False,True,True,True
1788620003.4845707,2.9940430993112006,8.53247419153261,0.01234055263080481,True,False,True,True,True
1788620003.6000845,0.2933207376865554,23.199886854720386,0.01336328674513525,True,False,True,True,True
1788620003.6956177,0.11981647377533425,1.821985433174032,0.00028165049165585057,True,False,True,True,True
1788620003.7849126,1.2784715148015042,12.98168354720525,0.0024603621845817767,True,False,True,True,True
1788620003.881568,1.0221853151614637,2.649756972308511,0.0023193609058738515,True,False,True,True,True
1788620003.99177,0.31571282271123624,6.422426949085642,0.001853455069601621,True,False,True,True,True
1788620004.0879068,0.2429465367400686,0.7657862613365568,0.0003475178658692175,True,False,True,True,True
1788620004.1879869,0.9649001049001594,7.209146733510459,0.0022400296229041776,True,False,True,True,True
1788620004.283514,1.2669671313071151,3.1463267471962175,0.002669429438829438,True,False,True,True,True
1788620004.4007595,1.21917025313496,0.49229449785775004,0.010021819549257802,True,False,True,True,True
1788620004.4938526,0.5888131321087853,6.60220350963325,0.0033343027773539524,True,False,True,True,True
1788620004.5900142,2.595155795819981,20.84581735251591,0.014720569529389797,True,False,True,True,True
1788620004.6909013,0.8076761228691063,17.90735463059449,0.009856770238901021,True,False,True,True,True
1788620004.80116,3.0945115515699975,20.743974391277295,0.028210228043002394,True,False,True,True,True
1788620004.8923545,0.42584823462522065,29.367729846304115,0.02045897555711087,True,False,True,True,True
1788620004.9924555,1.7359788271681253,13.077756402317332,0.007282967760569058,True,False,True,True,True
1788620005.0867505,1.340096905879289,4.219752298196657,0.004780573196238342,True,False,True,True,True
1788620005.2033648,0.43777326993874627,7.77430716319217,0.004706772257245644,True,False,True,True,True
1788620005.2955642,0.17227723660753594,2.9151194292276834,0.0006056570240936783,True,False,True,True,True
1788620005.3883433,0.4217188646770047,2.6903383410761466,0.00030529610023487155,True,False,True,True,True
1788620005.4952261,0.9263215895201125,4.722281013400693,0.0015778451716776387,True,False,True,True,True
1788620005.5931911,0.29885510085764067,6.404035341728008,0.0021981628602002743,True,False,True,True,True
1788620005.6909506,0.11481699122282439,1.8838112654722856,0.00015179453448820523,True,False,True,True,True
1788620005.7881243,0.3752629846412535,2.6915596445986445,0.00023148058069924889,True,False,True,True,True
1788620005.8966727,1.143537038231348,7.067896611213198,0.0026909832749536194,True,False,True,True,True
1788620005.9930856,1.6451300410930252,5.194310887621044,0.004011328039937273,True,False,True,True,True
1788620006.0965493,0.9997327298774588,6.212936079960437,0.009779573211242908,True,False,True,True,True
1788620006.1905277,0.4708645366983109,5.635242267064555,0.0024476535479224263,True,False,True,True,True
1788620006.3020256,2.3689452274401392,17.100879926465684,0.015411291140994463,False,False,True,True,True
1788620006.4004338,1.4867457495091334,8.857244041915049,0.010505252664217361,True,False,True,True,True
1788620006.4968917,0.4759796283678602,10.5019996269949,0.003437404549831991,True,False,True,True,True
1788620006.5899746,2.2090574730757884,18.584713216416095,0.007240881712549631,True,False,True,True,True
1788620006.704591,2.13250351219601,0.8337889268933942,0.010166491339580388,True,False,True,True,True
1788620006.8051093,3.218714284853113,10.828440485754953,0.016950590902561735,True,False,True,True,True
1788620006.8943114,2.1451551720604365,11.966122774211998,0.01553622714946111,True,False,True,True,True
1788620006.9928355,0.44460350548272115,17.254693364610134,0.008870538820442999,True,False,True,True,True
1788620007.1006422,0.6372517185851326,1.7927765886720317,0.0017347355613408304,True,False,True,True,True
1788620007.200482,1.0473245091109091,4.147785571771822,0.0017700104532505923,True,False,True,True,True
1788620007.295014,2.9592319909093505,20.230278269823472,0.011752248088915113,True,False,True,True,True
1788620007.410455,3.51776675192126,4.922352606212019,0.025373733814411402,True,False,True,True,True
1788620007.5046773,3.0078002608632826,5.640848963627781,0.025943207032091985,True,False,True,True,True
1788620007.5918024,0.5665901609060423,28.000158482942993,0.01386336902199986,True,False,True,True,True
1788620007.692298,1.3984519552327408,8.272985731103175,0.00531569715561297,True,False,True,True,True
1788620007.8116624,0.29047600870488394,9.25567553499998,0.004829074356903472,False,False,True,True,True
1788620007.9000854,0.7620976487222427,5.336712902110312,0.000771102160357079,False,False,True,True,True
1788620007.9958365,0.15250734572637636,6.336908307260103,0.0009254472266694777,False,False,True,True,True
1788620008.0969772,1.3799851280083277,12.144191191864108,0.004063640841211586,False,False,True,True,True
1788620008.2084513,0.42310475287177973,8.733398075309877,0.003945205355804091,False,False,True,True,True
1788620008.3029754,1.7424532990300645,13.955615431766724,0.005605439263230784,True,False,True,True,True
1788620008.4019485,3.2332668428303295,14.899509649085584,0.03365268578717328,True,False,True,True,True
1788620008.4953864,0.5447204765244655,28.838709808249593,0.022585535599208287,True,False,True,True,True
1788620008.6071806,1.5156060376523557,8.680698739652753,0.0044727389869092535,True,False,True,True,True
1788620008.706685,2.003145616345819,4.915330210292163,0.018760119850753116,True,False,True,True,True
1788620008.800967,0.7610560235892111,13.220084511634434,0.011065340076799648,True,False,True,True,True
1788620008.8945074,0.685665504228144,0.7690831738135436,0.000999644163501615,True,False,True,True,True
1788620009.005766,0.12991648992226354,4.99605026823873,0.0007685755161657953,True,False,True,True,True
1788620009.1044295,0.7920924352026579,6.70549753664563,0.0013392989587034131,True,False,True,True,True
1788620009.1999035,0.61372787153395,1.8618751729126264,0.00236328184659595,True,False,True,True,True
1788620009.2914956,1.6906737466755233,11.734344401538236,0.0036664705450812707,True,False,True,True,True
1788620009.4043498,0.9936632869045633,6.423156130438901,0.003979515905062575,True,False,True,True,True
1788620009.5056908,0.9851274495487506,0.08438587564159575,0.00224244763761796,True,False,True,True,True
1788620009.5981011,1.8757016514595777,9.621692163717922,0.004867626227370258,True,False,True,True,True
1788620009.7071116,1.1381909034220474,6.772937134149267,0.012121199048741847,True,False,True,True,True
1788620009.809012,0.2909558465384703,8.301553964934667,0.0024704580738448894,True,False,True,True,True
1788620009.903944,1.5846901884040272,13.631312586811603,0.005033373162799607,True,False,True,True,True
1788620010.001012,3.0667213760549887,15.283527115107084,0.012540797361331136,True,False,True,True,True
1788620010.1094837,2.653363724198607,3.5548563952010004,0.016261864819936092,True,False,True,True,True
1788620010.207711,1.2915511539550188,13.979172837221046,0.025678613602661163,True,False,True,True,True
1788620010.2987611,2.9084890591139936,17.675729428525035,0.00996077148000921,True,False,True,True,True
1788620010.4031453,3.3501271524218414,4.249827005384844,0.01885390163733199,True,False,True,True,True
1788620010.5163224,2.780912049129281,5.2944926142580835,0.021102287310436233,True,False,True,True,True
1788620010.6107392,2.211733656306475,6.048028740167707,0.038729884030258406,True,False,True,True,True
1788620010.7067513,3.086239522443506,9.121750800437113,0.013256925201069416,True,False,True,True,True
1788620010.8013668,3.2200745840396072,1.432325686507691,0.017242219081406256,True,False,True,True,True
1788620010.9119022,0.2942628930072045,26.503111583657414,0.017009391379578614,True,False,True,True,True
1788620011.0079226,3.4042460717615466,32.38040515679178,0.02085554650803514,True,False,True,True,True
1788620011.1007233,0.6709882977136119,29.07284042293926,0.017556647583706193,True,False,True,True,True
1788620011.200341,1.6912609651706447,10.29986993378292,0.00509749874874628,True,False,True,True,True
1788620011.3086066,1.322279350335851,3.455016980607126,0.004818358475909725,True,False,True,True,True
1788620011.4046788,0.32607005408759276,10.429400372825919,0.004126454605331995,True,False,True,True,True
1788620011.5027723,0.30451238329842556,0.22079327933089432,0.0003570295484210247,True,False,True,True,True
1788620011.598722,0.3666661965842664,0.6946777603031513,0.0003115235529237265,True,False,True,True,True
1788620011.7127728,1.7961587784591726,12.526172371406291,0.00882242209143286,True,False,True,True,True
1788620011.8061469,2.9338167545530562,12.031194201917579,0.03207238862930615,True,False,True,True,True
1788620011.9002674,1.0240105501921553,20.479906520563013,0.011339070204643548,True,False,True,True,True
1788620012.0142255,2.84914534388527,16.021561481843158,0.02715231432846463,True,False,True,True,True
1788620012.105507,0.7382816369896843,23.06354659437373,0.016918923383205588,True,False,True,True,True
1788620012.2075953,1.1906577921857195,4.442536839101592,0.002331564846411635,True,False,True,True,True
1788620012.3020558,0.6661876378369583,5.5358859663549,0.004066220521591977,True,False,True,True,True
1788620012.4168217,0.2637466391184722,3.4658055340644665,0.0006904461085370536,True,False,True,True,True
1788620012.5098202,2.5082753976872634,24.18198154926541,0.009866765635093222,True,False,True,True,True
1788620012.6099417,0.5444917495170242,19.76655350039711,0.009325403326024188,False,False,True,True,True
1788620012.7060387,4.512373804686281,41.281650998932214,0.03867184349139224,False,False,True,True,True
1788620012.8153198,0.6324214065026785,35.66695340752457,0.03305954059145812,False,False,True,True,True
1788620012.913163,2.0580203793950287,14.472369119520208,0.010057904865951714,False,False,True,True,True
1788620013.0035493,1.545221291571462,5.688040708488548,0.014915262127165011,True,False,True,True,True
1788620013.10223,0.6083490365812732,9.436828017683364,0.0049785005693875044,True,False,True,True,True
1788620013.2191937,0.35822626446035144,2.0795404620714066,0.0008617010027009687,True,False,True,True,True
1788620013.3099492,2.72859552388975,26.132480532006298,0.012027641597362668,True,False,True,True,True
1788620013.4077358,0.46901855362848494,22.97657595996956,0.013048705836862306,True,False,True,True,True
1788620013.5024176,0.16260549675886685,3.210844106701904,0.0003744746830373609,True,False,True,True,True
1788620013.6115165,2.675055434422128,23.031566526372732,0.01656496202545688,True,False,True,True,True
1788620013.705559,0.391995302838535,24.287327616028488,0.015098210187667044,True,False,True,True,True
1788620013.8044627,0.44523557880576226,0.5388285696680916,0.0008420907935924969,True,False,True,True,True
1788620013.9000144,1.0928176823837472,6.777859744049798,0.0016052873584536946,True,False,True,True,True
1788620014.0144765,2.3026281267894384,10.415515199542297,0.01016006777407459,True,False,True,True,True
1788620014.1083584,0.2351949496211992,22.003037255802333,0.012292484081198464,True,False,True,True,True
1788620014.201671,1.5834872695752231,14.451216435056264,0.0036664662141399676,True,False,True,True,True
1788620014.3224754,1.7368514065243223,1.4631266190058145,0.006839312376018667,True,False,True,True,True
1788620014.4161553,0.5590687048306467,12.517982581582128,0.007477641359859569,True,False,True,True,True
1788620014.5086975,1.3821270085380457,8.873450171569875,0.0028385583205162534,True,False,True,True,True
1788620014.6104546,0.45923697330913255,9.165095266558973,0.002629826200838998,True,False,True,True,True
1788620014.7171578,0.5007282209880853,0.36820794968301934,0.0006667853157566715,True,False,True,True,True
1788620014.8146744,1.7384686437283787,12.697087041685137,0.00465163608212403,True,False,True,True,True
1788620014.9124212,1.2234989975256465,5.049052055637829,0.004517619986954452,True,False,True,True,True
1788620015.011591,0.7865260359152784,4.442069698331207,0.005503094867203741,True,False,True,True,True
1788620015.1226044,0.19670246882769246,5.325482808022633,0.0010768222951519951,True,False,True,True,True
1788620015.2128952,0.3168349972763917,1.3093628650067959,0.000244540603567288,True,False,True,True,True
1788620015.3118956,2.5835108443790253,22.860571558757947,0.011848866156182455,True,False,True,True,True
1788620015.4045527,0.4155230706563948,23.548552104698892,0.01208552037488943,True,False,True,True,True
1788620015.5213544,0.2319247811622585,1.5904353734176004,0.0003622303721366688,True,False,True,True,True
1788620015.614426,0.7242566729984227,5.2900720272918145,0.0009247933683450821,True,False,True,True,True
1788620015.7098284,0.1663078186534703,5.809027203034095,0.0007727134721990741,True,False,True,True,True
1788620015.8030102,1.3962902424323975,13.201784507399196,0.003479134130544566,True,False,True,True,True
1788620015.9218292,0.4253756520056185,8.155502177382782,0.002561548712115913,True,False,True,True,True
1788620016.0151048,1.3307512552624334,9.678130134409763,0.0034062553952555006,True,False,True,True,True
1788620016.1127849,0.3237703928238326,10.207106462188541,0.002807086057640175,True,False,True,True,True
1788620016.2082212,0.580640113054211,2.695022453534844,0.0008599184428405101,True,False,True,True,True
1788620016.3201315,0.3046116091664124,2.3986838754597817,0.001036715012687658,True,False,True,True,True
1788620016.416111,0.9481048475279951,6.677898396195834,0.0015028326730599961,True,False,True,True,True
1788620016.509636,3.514476827391955,27.446352961505877,0.016532082516626585,True,False,True,True,True
1788620016.6292305,1.0282287213597139,20.828592374948414,0.016814738258437056,True,False,True,True,True
1788620016.7159708,1.8060954351869074,8.974989073913012,0.010586399109192464,True,False,True,True,True
1788620016.8128052,0.9165439408686172,9.177717108342486,0.003929426301564525,True,False,True,True,True
1788620016.9094715,1.132884915352453,2.3112151860900263,0.002224848711731821,True,False,True,True,True
1788620017.0260577,1.175083993151918,0.36463113824221915,0.003091424540293404,True,False,True,True,True
1788620017.1136122,1.2213869572874938,0.39323209639604373,0.0030919622955355858,True,False,True,True,True
1788620017.2180655,1.1068840103758155,1.0864675280704859,0.007018675922475963,True,False,True,True,True
1788620017.3101702,1.24896688850674,1.5500836975041856,0.002553810277647836,True,False,True,True,True
1788620017.4232516,0.8109387620661445,3.77323926280345,0.005576801294365302,True,False,True,True,True
1788620017.52318,1.1524457014811424,3.4546577332564823,0.0048939759595629925,True,False,True,True,True
1788620017.6143668,3.043085429281029,20.82687413532223,0.0218159260848078,True,False,True,True,True
1788620017.7120051,0.486743147640776,26.177334976476818,0.013114691816715662,True,False,True,True,True
1788620017.8216727,0.4811109242892149,0.04951542771440116,0.001220751715818936,True,False,True,True,True
1788620017.9210675,0.3161568053308673,1.6647948358179956,0.0008739049555173887,True,False,True,True,True
1788620018.0126781,0.4371019195759242,1.3203087816210293,0.0006890061670076126,True,False,True,True,True
1788620018.1113596,0.6861410529730653,2.511516002356608,0.0016176430656828858,True,False,True,True,True
1788620018.226245,0.19367958771371543,4.302176591219631,0.000759211504618945,True,False,True,True,True
1788620018.3179212,0.8165466156168617,6.793911429880026,0.000985634304334038,True,False,True,True,True
1788620018.4224846,2.992870733443936,20.833826933427563,0.015603630094278998,True,False,True,True,True
1788620018.5046852,0.8726852667708884,25.816329653692417,0.016248501946000964,True,False,True,True,True
1788620018.6258285,1.9388628089737525,8.806711797527868,0.014092583138584398,True,False,True,True,True
1788620018.716699,2.6382223808962286,7.550684586025041,0.011218794719019543,True,False,True,True,True
1788620018.817133,2.3711247107684192,2.7095889725429463,0.011026192376970239,False,False,True,True,True
1788620018.9281561,1.7383124561536387,5.70909840259905,0.02654396153440157,False,False,True,True,True
1788620019.0229514,1.1020127705820328,6.713963294630182,0.011886390415205124,False,False,True,True,True
1788620019.1223972,1.9124093786770069,8.142683136983454,0.005750045349863282,True,False,True,True,True
1788620019.213961,1.6072758424649858,3.350464071212166,0.01457275405594322,True,False,True,True,True
1788620019.3322635,1.9289137171900237,2.8325330401036113,0.01624161995310665,True,False,True,True,True
1788620019.423119,5.108976761262469,34.8757995974604,0.032894205355133925,True,False,True,True,True
1788620019.5253594,2.4137671529790423,27.34763846616407,0.07524180728393697,True,False,True,True,True
1788620019.609334,4.483758432479503,24.693127665731446,0.020907447031277265,True,False,True,True,True
1788620019.727911,0.9183808794884274,30.358641993595985,0.02244028902908935,True,False,True,True,True
1788620019.8188221,0.8247026612006614,0.9171902852491645,0.00338643497880065,True,False,True,True,True
1788620019.9148977,1.993796208755761,12.197921708260987,0.006304081703797004,True,False,True,True,True
1788620020.0110579,0.41796799680481544,16.250814485680745,0.008475163972504578,True,False,True,True,True
1788620020.1256182,0.5228287358062922,0.9232767946053438,0.0009448266827949651,True,False,True,True,True
1788620020.2221596,0.7567124921410017,2.4093915021734893,0.0013949629274295,True,False,True,True,True
1788620020.3197906,1.655174804776639,9.195517406493375,0.007556534710218449,True,False,True,True,True
1788620020.417859,0.3986656884273892,13.096892847700795,0.005075270802357588,True,False,True,True,True
1788620020.5241275,1.0790156773300925,6.43130574675597,0.0025642853556594055,True,False,True,True,True
1788620020.6232874,1.6606726825490705,6.056192955492977,0.010692121158707584,False,False,True,True,True
1788620020.7161658,2.798729071779016,12.184225732048134,0.010276072796486199,False,False,True,True,True
1788620020.8102744,2.8573612240241135,0.6111669262443614,0.013476450700638886,False,False,True,True,True
1788620020.9254174,0.4066682755173789,20.760221003614543,0.013614382729102916,False,False,True,True,True
1788620021.0252883,0.6325841923802297,2.245042265735305,0.0011682524586667986,False,False,True,True,True
1788620021.1207447,1.9673665630966213,13.926831538679885,0.005410531375647997,True,False,True,True,True
1788620021.224274,2.2460166973646185,2.3454847631578386,0.009532357783301143,True,False,True,True,True
1788620021.3273404,2.4744966571913465,2.308617814274589,0.011568178441929335,True,False,True,True,True
1788620021.4192696,1.3473439071537887,12.15723226744437,0.01100650283158678,True,False,True,True,True
1788620021.5144494,0.6955802371913774,6.8589647460411145,0.0031968134150248484,True,False,True,True,True
1788620021.6325653,0.7789678849656098,0.7778699588480422,0.0022216713617247016,True,False,True,True,True
1788620021.7350302,0.3252288188765858,4.41781042920647,0.0023204592666666926,True,False,True,True,True
1788620021.8243048,1.4521207294555916,12.628966080898767,0.002927878225658102,True,False,True,True,True
1788620021.9196005,3.720050077213801,23.65009060419956,0.018724736218707516,True,False,True,True,True
1788620022.0349107,2.575960219034568,10.097735949928175,0.021511529766937112,True,False,True,True,True
1788620022.1294158,2.0392438485674,5.556894404497924,0.013781200741221262,True,False,True,True,True
1788620022.2195828,0.6895064410401528,14.920290900035582,0.010116760300999053,True,False,True,True,True
1788620022.3125992,3.479883598271588,30.000882661327307,0.01714224430198319,True,False,True,True,True
1788620022.428328,0.39540112959096013,26.611246502356977,0.021767394193404562,True,False,True,True,True
1788620022.5204086,3.852056569333071,37.486799871047126,0.022945252962228317,True,False,True,True,True
1788620022.618488,1.550234860070216,23.683068424093424,0.03750832068522097,True,False,True,True,True
1788620022.7146955,1.2046171095089797,3.6303894764485394,0.004100682746505144,True,False,True,True,True
1788620022.832441,1.4302361060826032,1.9135686536562417,0.011162300823554062,True,False,True,True,True
1788620022.9241889,1.5756708094373275,1.587350955638607,0.005469996198796826,True,False,True,True,True
1788620023.0229912,0.9125505673774648,6.646654777173156,0.007135552695327738,True,False,True,True,True
1788620023.1221998,0.20894455402150514,7.085347386613558,0.0013437387172460422,True,False,True,True,True
1788620023.2289348,2.606912529423748,22.46722546319589,0.01582106759386693,True,False,True,True,True
1788620023.3252165,0.5848783203270075,20.940265886376032,0.01334623934766171,True,False,True,True,True
1788620023.4197624,0.7752936357774316,2.0983379064027803,0.0011804227944421971,True,False,True,True,True
1788620023.5335674,2.156896203117248,12.13219415498656,0.011155843331260776,True,False,True,True,True
1788620023.629891,1.7286514073759949,4.387646263278657,0.009352171236638951,True,False,True,True,True
1788620023.7280462,4.647543666941585,29.76953754555212,0.056200336042290834,True,False,True,True,True
1788620023.8225694,2.500030881025673,22.91060584437236,0.03496767886543151,True,False,True,True,True
1788620023.932894,1.9170336963272414,5.3372093785886845,0.022630207694151756,True,False,True,True,True
1788620024.0290215,1.6952645652637401,2.3449404894020263,0.019853042523348602,True,False,True,True,True
1788620024.1270247,2.32699196509497,6.443052259161361,0.0081892109648515,True,False,True,True,True
1788620024.2252862,0.18393825465415434,21.833953975004107,0.009331380267264992,True,False,True,True,True
1788620024.3368125,2.4834349346663074,20.603932972602212,0.015560036734627053,True,False,True,True,True
1788620024.4284196,0.49255344046080984,21.71370261424545,0.012763403245468825,True,False,True,True,True
1788620024.5251753,0.12494119862833288,3.7880000626730985,0.00048698081038262063,True,False,True,True,True
1788620024.6202517,2.2679591531746697,22.55644247326551,0.009288747567317426,True,False,True,True,True
1788620024.7332354,0.29533193090735427,17.48462014580387,0.00794398427446066,True,False,True,True,True
1788620024.8270197,0.6069077653227613,3.278547346169338,0.0010235331025989323,True,False,True,True,True
1788620024.9259117,0.8426067685012815,2.3055489694803795,0.0018945179434941303,True,False,True,True,True
1788620025.0267894,0.2552990577079004,5.802928295990294,0.0012245893367425476,True,False,True,True,True
1788620025.1346943,1.0277621084997037,7.162393949987185,0.0021646140234729905,True,False,True,True,True
1788620025.2335632,0.3183913870791008,7.17608443496118,0.0019422838332860271,True,False,True,True,True
1788620025.3219738,0.17332274562041178,1.6388428402323287,0.00016048303626884936,True,False,True,True,True
1788620025.4202058,3.1747161539781312,30.559936726784915,0.0178428798788506,True,False,True,True,True
1788620025.534414,1.8552835417558013,11.614336372821239,0.01599741446705179,True,False,True,True,True
1788620025.636759,1.2544716638128284,5.960539645660396,0.014747844917823952,True,False,True,True,True
1788620025.7304835,3.439581122292787,23.328718657571105,0.0156688821124407,True,False,True,True,True
1788620025.8365247,0.4062998847169305,28.552300703838966,0.017725489956845572,True,False,True,True,True
1788620025.9327812,1.054783297143386,6.744096214906192,0.0016652130724301392,True,False,True,True,True
1788620026.0314963,0.5889050466781649,4.700276326780686,0.0032665226326949095,True,False,True,True,True
1788620026.1281095,0.24358643647158618,3.532316469951673,0.000617226168828074,True,False,True,True,True
1788620026.2400568,0.2732215019007117,0.26720983014249294,0.0002960736763176902,True,False,True,True,True
1788620026.3351045,3.4854569718531048,33.8022959422137,0.02066215661937792,True,False,True,True,True
1788620026.432995,0.1642882257905932,33.92449301796688,0.020269410814967404,True,False,True,True,True
1788620026.5272233,2.011400370873697,19.59421831816606,0.0073089643245326285,True,False,True,True,True
1788620026.6374454,0.29839732207413766,15.796241803490968,0.0067427452189766715,True,False,True,True,True
1788620026.7377846,0.17553204290306343,1.2160127834186925,0.0003020269301074002,True,False,True,True,True
1788620026.832369,0.7136094638680215,5.69997587714348,0.0010062003574700094,True,False,True,True,True
1788620026.927117,2.524388420226982,19.101503750783028,0.014275676608472107,True,False,True,True,True
1788620027.0377314,0.4706604298058865,18.730656172859465,0.009601671347131196,True,False,True,True,True
1788620027.1321414,0.3642593014093614,1.1227900205997785,0.0008505105721837928,True,False,True,True,True
1788620027.2339327,0.44578971334545286,0.8067408680003534,0.0006938937951477238,True,False,True,True,True
1788620027.3316913,0.3438255304769032,1.0147845784344751,0.00039374415475973933,True,False,True,True,True
1788620027.436366,1.1704868458440838,7.94147234441647,0.0037110006577446807,True,False,True,True,True
1788620027.5335271,4.104397891655121,30.158157964509613,0.02565147719458545,True,False,True,True,True
1788620027.627243,0.5853198076724266,37.78945383060258,0.030089384642686942,True,False,True,True,True
1788620027.722726,0.3002783372432471,2.999936122438328,0.0008214846014241167,True,False,True,True,True
1788620027.8354745,0.32887077688474015,0.22799187196150225,0.0005968503319896173,True,False,True,True,True
1788620027.93202,0.8244207517391949,5.127015721893025,0.0018413697550744438,True,False,True,True,True
1788620028.0334275,0.5717273894463951,2.4397304847432593,0.0026224449408817473,True,False,True,True,True
1788620028.1456027,0.19605575313898627,3.3230577914920305,0.0008369622594663822,True,False,True,True,True
1788620028.2392411,3.4626838200486794,34.894807336774775,0.020887737507995493,True,False,True,True,True
1788620028.3388207,3.3919637375152853,0.8499212903810329,0.021219423324538206,True,False,True,True,True
1788620028.4341893,1.9212775744991553,16.36556893913364,0.039502689875638694,True,False,True,True,True
1788620028.5415921,3.8534109278133872,18.022923911148286,0.026190871015022002,True,False,True,True,True
1788620028.6355045,5.168441953670829,13.996884488547126,0.03839879475041181,True,False,True,True,True
1788620028.7414412,0.7514389753701607,41.58733975461589,0.037732851351354436,True,False,True,True,True
1788620028.83112,2.3770609948083514,18.13925453375005,0.012744370412343112,True,False,True,True,True
1788620028.9496777,0.8062195370482945,12.893927887769738,0.012404327227917773,True,False,True,True,True
1788620029.0395267,0.6035601371997128,2.151980349670561,0.002861298762728723,True,False,True,True,True
1788620029.1314728,0.6514015002652425,0.5147166053391715,0.0007454949874016932,True,False,True,True,True
1788620029.230327,0.22534624265989384,4.2385839385100175,0.0007541185040313412,True,False,True,True,True
1788620029.3372176,0.9642751666139899,6.905477375692411,0.0021521310494575616,True,False,True,True,True
1788620029.4331405,0.7520688007105955,2.2494090556988193,0.0020124094742984154,True,False,True,True,True
1788620029.5353696,0.3526207492962556,4.060920973161559,0.0015268225895334342,True,False,True,True,True
1788620029.6296926,0.736455807215208,4.072718158384289,0.0009724427139514814,True,False,True,True,True
1788620029.7427845,0.5036408036899787,2.0078712188242136,0.002206367145880756,True,False,True,True,True
1788620029.8463805,0.08467183351591401,4.062738421982575,0.0006211918819074618,True,False,True,True,True
1788620029.932295,0.4974789660757536,4.805907914446924,0.0003610403470722469,True,False,True,True,True
1788620030.0282106,2.507427869250104,20.937739144321977,0.012883186344611665,True,False,True,True,True
1788620030.1476996,0.6969981257605941,15.087914874637095,0.008584625485296909,True,False,True,True,True
1788620030.237573,4.009333896405363,36.9108127076992,0.03138759320321295,True,False,True,True,True
1788620030.334507,0.5472560728055706,35.926265595372385,0.022492193553329216,True,False,True,True,True
1788620030.45007,0.388377914265218,1.36614104707919,0.0010886842457532564,True,False,True,True,True
1788620030.5412917,0.6896762722457951,3.3079604918511465,0.0006451869214726917,True,False,True,True,True
1788620030.6409106,0.6958189129802765,0.07118199279372253,0.0014963932878132716,True,False,True,True,True
1788620030.7336676,0.8821301603674748,1.9968852589104287,0.002205918174783771,True,False,True,True,True
1788620030.8471859,1.4827597509468209,5.287242889817677,0.009035594021247961,True,False,True,True,True
1788620030.9464512,2.1866202635195893,7.140952145385967,0.007623539503294402,True,False,True,True,True
1788620031.0406528,1.2356854246179485,10.076092507842466,0.014942601043874695,True,False,True,True,True
1788620031.1395113,1.5014273349374228,2.788157363502027,0.010062943851876213,True,False,True,True,True
1788620031.2466123,0.49586105721078183,9.321627282021538,0.0052395874128719,True,False,True,True,True
1788620031.3405426,4.924115787338051,47.17375632976455,0.0446057499837944,True,False,True,True,True
1788620031.43898,1.3072516450428255,36.783035718465946,0.03453909491441377,True,False,True,True,True
1788620031.530979,1.072547725644066,2.5680684744032622,0.006837964076572065,True,False,True,True,True
1788620031.6423771,1.9630730672959564,7.878662161992292,0.014892777249395119,True,False,True,True,True
1788620031.7441146,0.26137798491703657,16.56424965014509,0.009397847531648264,True,False,True,True,True
1788620031.8433926,5.377205544560176,51.50742063781517,0.05536956053953116,True,False,True,True,True
1788620031.9329596,1.547903872505868,42.61720817414512,0.04478689137836238,True,False,True,True,True
1788620032.0477822,0.3595454084571094,10.342938982573186,0.0030266022041251645,False,False,True,True,True
1788620032.1428163,0.939097785941411,6.094445211050802,0.0024651638669694604,False,False,True,True,True
1788620032.237859,1.5375120292814666,6.3178636386906115,0.003206489555181018,False,False,True,True,True
1788620032.3343406,0.8608405357158614,7.004862768108088,0.007479955795906225,False,False,True,True,True
1788620032.4468434,0.22149890283550588,5.661532129308798,0.0017331787436902905,False,False,True,True,True
1788620032.546564,1.3630560788965485,11.457928755752352,0.0043043482644635036,False,False,True,True,True
1788620032.6368368,1.5065246070106648,1.5841857853275871,0.010175773059348503,False,False,True,True,True
1788620032.7508533,3.4845883426042343,17.329795631345412,0.024293794493134218,False,False,True,True,True
1788620032.8488073,1.237109134791204,23.10871489383169,0.0264435449814381,False,False,True,True,True
1788620032.9471796,1.7183226809995016,5.003553436134545,0.004640615836226343,False,False,True,True,True
1788620033.0433724,1.2711339845713987,4.703477618421975,0.005304119669139088,False,False,True,True,True
1788620033.144841,0.7820071415621594,4.803532786158479,0.0024237495481074962,False,False,True,True,True
1788620033.2471702,0.24974015929884236,5.26171103951974,0.0010186944467555164,False,False,True,True,True
1788620033.3408468,0.29734261627669206,0.5199961067766183,0.00027080105876539954,False,False,True,True,True
1788620033.4435031,1.3113997749371649,9.87350416294423,0.003618069364121472,False,False,True,True,True
1788620033.5531027,1.2948230771181404,0.15213873712508155,0.010912204707740075,False,False,True,True,True
1788620033.647018,1.2044766926808623,0.9589315575225632,0.0035597422495004167,False,False,True,True,True
1788620033.7363687,0.26375458118005196,10.552537338063527,0.0022933511382956903,False,False,True,True,True
1788620033.834825,2.595569553965888,23.68387455777936,0.012428123174677997,False,False,True,True,True
1788620033.9533918,0.4376493640373024,18.15956438660846,0.010821275714080631,False,False,True,True,True
1788620034.0493102,2.088127569199694,17.23984492786491,0.009860482411763348,False,False,True,True,True
1788620034.1431627,0.4471448157163874,17.499415092766753,0.006547028898862582,False,False,True,True,True
1788620034.2399213,0.7167014605091625,2.7573833141157698,0.0016153919701917291,False,False,True,True,True
1788620034.352239,1.641520721202731,8.231838782713812,0.005979036607437955,False,False,True,True,True
1788620034.4470422,1.9285766389730254,3.0077561800852406,0.0066077127208914056,False,False,True,True,True
1788620034.5415733,2.689799051263417,8.10989733161717,0.026980403299767457,False,False,True,True,True
1788620034.638804,0.282470904959262,24.687776044708766,0.012551219921666489,False,False,True,True,True
1788620034.7536757,0.26322347208346464,0.15931297825856205,0.00035678140124572596,False,False,True,True,True
1788620034.842486,2.3213621818426566,23.169897123974437,0.009520090731051502,False,False,True,True,True
1788620034.9433343,0.9987846533138697,13.62088365425918,0.007035661688480219,False,False,True,True,True
1788620035.0566874,0.5296893895584888,4.207100727185548,0.0027516998292105303,True,False,True,True,True
1788620035.152825,1.2655191665021188,7.642992922210498,0.004121852303027279,True,False,True,True,True
1788620035.2480485,1.4315160417318948,1.756332048562489,0.009165747491183132,True,False,True,True,True
1788620035.3405395,3.795640142833537,25.575860525226343,0.01789468016967518,False,False,True,True,True
1788620035.4584882,0.5764434918364217,27.232111580507823,0.01979812578620752,False,False,True,True,True
1788620035.5505857,1.93353625323191,14.795440178367304,0.004820542375172214,False,False,True,True,True
1788620035.6503842,1.271484410320188,6.708141035993818,0.005437908938607852,False,False,True,True,True
1788620035.743888,1.7006663754732458,4.640839204990572,0.00458237744241909,False,False,True,True,True
1788620035.85831,1.0911233330326846,5.384141774723412,0.00452671438814882,False,False,True,True,True
1788620035.9501317,1.103941977971728,0.11673728206474542,0.003683167204987475,False,False,True,True,True
1788620036.0476797,0.49672750742203164,6.3394345122616516,0.0022539168211029447,False,False,True,True,True
1788620036.1439993,1.8698120081247014,14.261043686226639,0.007675389532905919,False,False,True,True,True
1788620036.2541163,1.158524624181285,6.449424686530358,0.012270927694510974,False,False,True,True,True
1788620036.3546355,1.2707550049395173,1.1707696845348445,0.0032795648330381493,False,False,True,True,True
1788620036.447065,1.0511427942092046,2.293782236962053,0.003038119781243351,False,False,True,True,True
1788620036.5414908,3.322098144083307,24.113866854768883,0.015918219163685673,False,False,True,True,True
1788620036.658062,1.1766747068079149,18.468169580559298,0.030133339930863822,False,False,True,True,True
1788620036.7520146,2.800101149089899,17.173359197903732,0.010260105507050268,False,False,True,True,True
1788620036.848049,0.6063083159651556,22.862699645938225,0.01623503474065025,False,False,True,True,True
1788620036.9434397,0.269892086024131,3.5120309183499945,0.000550701172789883,False,False,True,True,True
1788620037.0521393,4.278563540101404,36.88316674774727,0.042017810340312184,False,False,True,True,True
1788620037.1504612,3.4598618222260584,8.1670259889046,0.03312379918178686,False,False,True,True,True
1788620037.251476,1.9335677443955208,14.70325686933258,0.01667886498489214,False,False,True,True,True
1788620037.3606687,1.7062043877790805,2.0301787459313423,0.007220515245804556,False,False,True,True,True
1788620037.4575982,0.8572383685169315,8.73659911253609,0.010484458358459384,False,False,True,True,True
1788620037.545273,1.9745572410041914,12.745823290254002,0.00517161334208846,False,False,True,True,True
1788620037.6418703,1.3497274216607276,6.560644080451246,0.004953887999195074,False,False,True,True,True
1788620037.7549598,2.0718787487720705,6.355329658964964,0.008305611479443972,False,False,True,True,True
1788620037.8562765,3.3788911978239806,12.863274138976761,0.01789234336160805,False,False,True,True,True
1788620037.9503736,1.4576337721465082,20.603894917309468,0.018464782210041754,False,False,True,True,True
1788620038.04817,0.871291276599905,6.0007150594433805,0.0029892011267497963,False,False,True,True,True
1788620038.1605852,2.926987098713079,18.18200806259899,0.024709790998986052,False,False,True,True,True
1788620038.2550848,2.3304187690301936,6.109846729861931,0.015900097831362526,False,False,True,True,True
1788620038.3531396,1.708421430732854,6.415321955856245,0.007570385080119881,False,False,True,True,True
1788620038.4489715,0.40145243404730746,13.68856684277033,0.0045070867915145765,False,False,True,True,True
1788620038.5579324,0.8995037232617035,4.570305810274709,0.0027860299214496603,False,False,True,True,True
1788620038.6543298,0.38470214229588523,5.263119924283946,0.0014584536328485472,False,False,True,True,True
1788620038.755702,0.6798268830124761,2.902569277156978,0.0007398012186985984,False,False,True,True,True
1788620038.8447406,0.8293780822378741,1.674592322282586,0.0010765832195729196,False,False,True,True,True
1788620038.9499245,0.734611510242291,0.8481490041169113,0.0012609237301565892,False,False,True,True,True
1788620039.0543857,0.12158163416845037,5.886027337190222,0.001121615198147049,False,False,True,True,True
1788620039.1494803,0.10026449765306705,0.2254573598210314,5.581231300718624e-05,False,False,True,True,True
1788620039.243489,0.20012063646599684,1.0614565624589596,6.55143087203665e-05,False,False,True,True,True
1788620039.3564584,0.9198515414227192,6.368117594951434,0.0020443712164180065,False,False,True,True,True
1788620039.4497666,0.6215954860229665,3.1913075121275822,0.0016448401575976364,False,False,True,True,True
1788620039.5512362,2.4524220770906564,18.042453843111634,0.01458508027304483,False,False,True,True,True
1788620039.6615129,0.3779741964569792,18.804038668973526,0.013932775069628396,False,False,True,True,True
1788620039.7578154,0.3513097641889479,0.24805743833666574,0.0003082243233051521,False,False,True,True,True
1788620039.849161,1.7913089874737136,15.762120026006874,0.006314618358123681,False,False,True,True,True
1788620039.9451725,2.4597776724111116,6.948383763076645,0.008545486343409231,False,False,True,True,True
1788620040.0580103,1.0138871439931738,13.023758804214383,0.00947536563819282,False,False,True,True,True
1788620040.160987,0.7116284565002139,2.970799121197722,0.003867761364404922,False,False,True,True,True
1788620040.2580814,0.33596271083911194,3.8561260949647163,0.001268478174226665,False,False,True,True,True
1788620040.3466759,0.36860080544599244,0.37825414301603594,0.0004212149655927428,False,False,True,True,True
1788620040.464299,2.037104967800787,14.259688717231938,0.010863798853627857,False,False,True,True,True
1788620040.5636914,0.22127078926945323,18.393119783509455,0.010706389728942056,False,False,True,True,True
1788620040.657961,2.7277753602254857,26.5654433697525,0.013269873126421005,False,False,True,True,True
1788620040.7514102,0.5388674335956664,23.336485178379334,0.011170978726630976,False,False,True,True,True
1788620040.8665335,1.7820726385912036,10.878620961117308,0.010246065287290579,False,False,True,True,True
1788620040.9612353,2.2683909709598584,4.944123729093849,0.008712826685708991,False,False,True,True,True
1788620041.0581195,0.9989337952255029,13.146879362966168,0.014073424454735495,False,False,True,True,True
1788620041.1513083,0.6905826991500766,3.329365678446456,0.001514879954733567,False,False,True,True,True
1788620041.2645879,1.081339500718235,3.4352359874113665,0.002479027014262176,False,False,True,True,True
1788620041.3577547,1.5341348143523963,4.755456534701522,0.009816264339540024,False,False,True,True,True
1788620041.4595664,3.471717562420624,19.04198645767873,0.018328071679465447,False,False,True,True,True
1788620041.552713,0.45353693177704474,32.27117799366177,0.021572003623295095,False,False,True,True,True
1788620041.6563423,0.9993102082780997,5.318815949405088,0.0031910017298933772,False,True,True,True,True
1788620041.7647045,3.470043607175668,22.750909619019158,0.0225434686617311,False,False,True,True,True
1788620041.856642,3.047625214441316,5.339488802442398,0.025236750247892795,True,False,True,True,True
1788620041.9672527,0.6642208067951876,21.597741920632185,0.016084516144818314,True,False,True,True,True
1788620042.0651486,0.8656499368877298,2.1012274642510786,0.001751773760268792,True,False,True,True,True
1788620042.1584868,1.1446194627157842,3.1206032951923848,0.0049899023215579435,True,False,True,True,True
1788620042.2587035,0.9948491756060922,1.5687741083074431,0.0021559297279013377,True,False,True,True,True
1788620042.3671677,2.3651969147830276,12.630875415090076,0.018995562388653135,True,False,True,True,True
1788620042.463076,1.8749815123931424,5.033243956406722,0.010146227556373483,True,False,True,True,True
1788620042.5578854,0.31998969434909513,16.348987871169232,0.006027154823835207,True,False,True,True,True
1788620042.6543045,2.6688690447742895,24.36014050789586,0.012540804959515406,False,False,True,True,True
1788620042.7715752,2.2942200284603147,3.2223339993046336,0.013386841103741104,True,False,True,True,True
1788620042.8631516,1.2850945388935566,11.02767108633234,0.021234107186102708,True,False,True,True,True
1788620042.9605467,2.153664112306082,8.927177031578372,0.00766192703973806,True,False,True,True,True
1788620043.047999,1.0892227079260233,12.061893691689079,0.011603929349303214,False,False,True,True,True
1788620043.1694503,0.24487962743643832,6.872493631025268,0.001993932999490199,False,False,True,True,True
1788620043.2615871,0.48478526238056796,2.6031540227719128,0.0006066622874690801,False,False,True,True,True
1788620043.3540697,0.6020709613794113,1.2568239584557197,0.001083401323259466,False,False,True,True,True
1788620043.4495811,0.3603676334812359,2.532331307335897,0.000854948008665214,False,False,True,True,True
1788620043.5657036,0.3471565377170185,0.11152739495034743,0.0003120113267983126,False,False,True,True,True
1788620043.662406,3.33362999921115,30.86440101009943,0.02277050223646955,False,False,True,True,True
1788620043.7582731,2.4053888242459656,9.578161523170811,0.016009439438872883,True,False,True,True,True
1788620043.8732357,0.9995009474103729,12.253965081638986,0.017873975845743583,True,False,True,True,True
1788620043.9675913,1.0443179400434988,0.4057317957819686,0.002448340132410792,True,False,True,True,True
1788620044.0577643,0.5815130829951554,5.345725573724371,0.0023509931874348866,True,False,True,True,True
1788620044.1540265,0.9268358519935261,3.671040467150206,0.0022545944954693925,True,False,True,True,True
1788620044.2651067,0.2730637293226786,5.887002377732541,0.0014003383546181184,True,False,True,True,True
1788620044.3608866,0.42246820938137664,1.5526700276778078,0.00035324145941799926,True,False,True,True,True
1788620044.4609761,0.5782141826883435,1.5772408644905025,0.0012892502740143035,True,False,True,True,True
1788620044.5573344,0.4867721439589228,0.9434117107563655,0.0015769929800819225,True,False,True,True,True
1788620044.6762426,0.5763176393993423,0.7471259054754901,0.0016303868434382944,True,False,True,True,True
1788620044.7668264,5.417659285426224,53.42862944364728,0.04184786623238457,True,False,True,True,True
1788620044.865576,2.3214947072764756,31.553365127822573,0.036582995382403796,True,False,True,True,True
1788620044.9599504,2.491128114381659,1.8143796850760137,0.010412298167258091,True,False,True,True,True
1788620045.072184,0.6725260617886761,16.228225202600846,0.008563944903245278,True,False,True,True,True
1788620045.16416,0.17485400274181936,5.3913087956820895,0.001320383196990446,True,False,True,True,True
1788620045.2576275,1.2763691407646787,11.772920514231016,0.0030224555044192068,True,False,True,True,True
1788620045.356418,1.5039711715898316,2.2739639163945355,0.009949078712079885,True,False,True,True,True
1788620045.4754152,0.8143098319576563,5.826482452567854,0.003626404461716493,True,False,True,True,True
1788620045.5776823,1.1536498115935132,3.4385416707760847,0.006007144759588874,True,False,True,True,True
1788620045.662062,3.799806888739753,31.370787066846,0.029272173574229822,True,False,True,True,True
1788620045.7571657,2.8985437106540695,9.478434710656762,0.01939895686054698,True,False,True,True,True
1788620045.8664424,2.0411078286187925,8.103189903594604,0.030868276770058434,True,False,True,True,True
1788620045.96315,1.1088465310320428,9.754385219213711,0.009698172947193376,True,False,True,True,True
1788620046.0623736,0.9229800939285111,1.9003867072148535,0.0044651524057459984,True,False,True,True,True
1788620046.1761794,1.38053458765074,3.869553164858124,0.008518418858231654,True,False,True,True,True
1788620046.2728817,3.5435437305581896,22.78909705039735,0.016957045013428165,True,False,True,True,True
1788620046.3664765,1.4898626829672437,21.94646566304137,0.0174011039121396,True,False,True,True,True
1788620046.4720576,0.9175416976101022,5.367479358620511,0.007815916141018602,True,False,True,True,True
1788620046.5871499,0.7865348692794467,1.1526676965870883,0.0018138977958907546,True,False,True,True,True
1788620046.6697013,0.3420827456602021,5.3843525770749325,0.0021356750499312853,True,False,True,True,True
1788620046.7725184,1.5285988246746387,11.532801163861755,0.004234999411564982,True,False,True,True,True
1788620046.8687594,2.4014185455472314,9.085831899723031,0.008274397865203108,True,False,True,True,True
1788620046.9669602,2.2996910026138475,1.042481968814618,0.010273192046079143,True,False,True,True,True
1788620047.0675309,0.19955210471402532,20.864402306250113,0.00906272489673642,True,False,True,True,True
1788620047.1614518,1.6731294550830171,15.67401977730524,0.005302731581149133,False,False,True,True,True
1788620047.2577157,2.485767598245862,8.483047721413858,0.008946363337427692,False,False,True,True,True
1788620047.375154,1.5364055959507699,8.150775741426806,0.009114681389809788,False,False,True,True,True
1788620047.4764533,0.45845207088385204,10.651892057671008,0.008098261878863356,False,False,True,True,True
1788620047.563062,0.1629661632388575,3.4029531373783652,0.0005042413610527361,False,False,True,True,True
1788620047.6554778,1.3844774612717772,13.220958753097072,0.0032595362947973002,False,False,True,True,True
1788620047.7729156,0.21253508789176476,9.906719619109305,0.002790970997295277,False,False,True,True,True
1788620047.8662062,0.6434235220812354,4.619052086117112,0.0009783097600196368,False,False,True,True,True
1788620047.9899518,0.6491871096244611,0.08538976097162326,0.0026561583912948794,False,False,True,True,True
1788620048.0593138,0.6447914699605475,0.04024273632021596,0.0012543250733531473,False,False,True,True,True
1788620048.1741054,0.14998695021457492,4.286921713525139,0.0003829374053465307,False,False,True,True,True
1788620048.268511,0.08376032519706793,0.7014344577085572,7.368177848732808e-05,False,False,True,True,True
1788620048.3610177,0.19814248853414335,1.239758976559795,8.852178682908232e-05,False,False,True,True,True
1788620048.4740477,1.0064617931531705,7.14726004456337,0.0024737964196700456,False,False,True,True,True
1788620048.577579,2.1818845137410814,11.328673035255596,0.007499684912122756,False,False,True,True,True
1788620048.6695354,0.5747072232970869,17.920687370369905,0.009972112580818544,False,False,True,True,True
1788620048.7645621,0.4491413129994393,1.325888866727184,0.0010006815266918178,False,False,True,True,True
1788620048.8775902,1.6939592746856464,11.002623712825205,0.008128469596476161,False,False,True,True,True
1788620048.9752734,2.118829199841941,4.351042929299984,0.007872324733855712,False,False,True,True,True
1788620049.07226,0.5437697715457117,15.839723864149706,0.010266969653622721,False,False,True,True,True
1788620049.167492,0.7913935877796301,2.59663168999363,0.0017344740819890986,False,False,True,True,True
1788620049.277519,0.5615582101101341,2.105148347158998,0.0011411878339799221,False,False,True,True,True
1788620049.3767889,1.012002686196932,4.486037429880406,0.0019165192225830184,False,False,True,True,True
1788620049.4726048,1.3212479317423382,3.320073407632191,0.002607966505466473,False,False,True,True,True
1788620049.5659275,0.5917299334162655,8.074357932374769,0.004583938177242538,False,False,True,True,True
1788620049.6813161,2.8004115797429576,19.061704023967767,0.017932573393654803,False,False,True,True,True
1788620049.774022,3.142560916590571,3.7573715701450245,0.018177298356518146,False,False,True,True,True
1788620049.8625486,0.6220492483295402,28.379507654594445,0.014233025223819857,False,False,True,True,True
1788620049.9652262,1.4158420981421407,7.704805672396679,0.0036110426198866846,False,False,True,True,True
1788620050.0753932,0.23591753067562424,10.63181346153445,0.00381832094359708,False,False,True,True,True
1788620050.172305,0.8134427038906663,5.959884531872037,0.0014647234035465302,False,False,True,True,True
1788620050.2704415,2.308770874550324,15.205184372994571,0.007708396618621761,False,False,True,True,True
1788620050.365099,5.289080130121739,31.51530369141409,0.03596049534525832,False,False,True,True,True
1788620050.4786634,0.8295957451875031,39.90765500871239,0.04121744862816178,False,False,True,True,True
1788620050.580567,1.4324972886565832,5.968846541667276,0.003463089292044857,False,False,True,True,True
1788620050.6768608,1.882850525484977,4.700504741184776,0.006611751646096336,False,False,True,True,True
1788620050.7832842,1.2170946464202586,6.232040888776346,0.007050986299747242,False,False,True,True,True
1788620050.8779228,1.486717568130351,2.914910425953276,0.004511807042609974,True,False,True,True,True
1788620050.9744632,0.948128573702607,5.5913723595938745,0.007401403125926763,True,False,True,True,True
1788620051.0683799,0.5748662345819439,4.007232131722718,0.0028200322174596164,True,False,True,True,True
1788620051.176522,0.2874401636089772,2.6484282949230487,0.0007916583119589012,True,False,True,True,True
1788620051.274487,2.63456975075368,23.97657150317946,0.012320102735855933,True,False,True,True,True
1788620051.3703933,1.7139850307887006,9.273473279510062,0.00997184579522147,True,False,True,True,True
1788620051.4720495,0.4512576735594035,12.490554166047424,0.006212258416576727,True,False,True,True,True
1788620051.5844312,0.888878689362415,3.824784636264812,0.0019633340152693532,True,False,True,True,True
1788620051.6765244,2.0658941299210554,12.712248046133372,0.005369893308695414,True,False,True,True,True
1788620051.7713983,2.133774608555626,0.846541550971395,0.007485790197499204,True,False,True,True,True
1788620051.866323,0.13769385939926942,20.909316815663328,0.007369835131702672,False,False,True,True,True
1788620051.9830573,1.271253474143335,9.712850038185573,0.004370807798951393,False,False,True,True,True
1788620052.0809112,2.145425144840631,8.944659227953471,0.0067659435570825216,True,False,True,True,True
1788620052.175997,0.6610883629278255,15.617657098719317,0.008506296978642596,True,False,True,True,True
1788620052.2725594,2.3468632848799644,17.457240866830393,0.011425964018289074,True,False,True,True,True
1788620052.3855503,0.3754565929844872,17.443224681682644,0.009867361283939207,True,False,True,True,True
1788620052.478074,0.7989927659770423,4.550899371954331,0.0013788475531147952,True,False,True,True,True
1788620052.5725956,0.6969343589792214,1.065212591375748,0.0013029816887108448,True,False,True,True,True
1788620052.6753757,2.819809843916332,20.63704534720018,0.01874590248574416,True,False,True,True,True
1788620052.784461,0.5103446732076485,20.999958036977915,0.018762930759396147,True,False,True,True,True
1788620052.8908257,0.2738632963019759,2.210254644497725,0.0005413583889675493,True,False,True,True,True
1788620052.9827173,0.46062371086934056,2.0385725692422625,0.00033938890384490656,True,False,True,True,True
1788620053.0873926,0.7007111087917136,2.3008425899763734,0.0007949812975836107,True,False,True,True,True
1788620053.1853614,0.9526414468060136,2.5957300401142716,0.0039646947745718905,True,False,True,True,True
1788620053.281717,0.9378107471127519,0.014272903573859535,0.004752792043465085,False,False,True,True,True
1788620053.3756876,0.5643917356914329,3.890580539802919,0.0029659843480071436,False,False,True,True,True
1788620053.4864235,11.030486104924554,94.52841725743333,0.28069540907844215,False,False,True,True,True
1788620053.5849779,2.966119361796357,80.84759597868845,0.3717163050411069,False,False,True,True,True
1788620053.6752198,0.9295216868182188,22.464692434080764,0.020459573035495743,False,False,True,True,True
1788620053.7710671,11.742174166394458,112.76857837058175,0.23713299001903096,False,False,True,True,True
1788620053.885461,5.320770419858405,56.42282878061955,0.45016055600851623,False,False,True,True,True
1788620053.9786928,3.801348240189448,16.274265509286014,0.055228734378500365,False,False,True,True,True
1788620054.0822127,1.291645544666524,24.13934629322395,0.01969526139828092,False,False,True,True,True
1788620054.1766958,0.8633409245267796,4.508013857029832,0.0034144491485991646,False,False,True,True,True
1788620054.285475,0.6492154907158776,1.9101973872678444,0.0028818662938964157,False,False,True,True,True
1788620054.3858428,2.148857761847772,14.945467096463654,0.013076765840087387,False,False,True,True,True
1788620054.476643,1.094225698308759,12.008832560598721,0.007796003007100868,False,False,True,True,True
1788620054.57182,3.5596495247204456,25.919394203736378,0.019345364480237156,False,False,True,True,True
1788620054.6842973,2.1650832977136507,12.319005018064809,0.018917637047269568,False,False,True,True,True
1788620054.7812293,4.538920354928518,24.296215399676964,0.06919454258707534,False,False,True,True,True
1788620054.8782854,4.395547612431127,1.2236972899083562,0.03672611097257125,False,False,True,True,True
1788620054.980577,0.5775743389968513,37.65791210815541,0.033345186437647646,False,False,True,True,True
1788620055.0867696,2.186745077376221,15.181577576213988,0.009450719972820008,False,False,True,True,True
1788620055.1865335,0.11366998677545981,20.766451590634187,0.010440449696243696,False,False,True,True,True
1788620055.2745402,0.4736470989436823,4.079513141663473,0.00035323361825316513,False,False,True,True,True
1788620055.3933706,2.031428816371525,13.058500192054094,0.013225055035398966,False,False,True,True,True
1788620055.487226,1.1765705397821844,9.242961268675288,0.009097395563073664,False,False,True,True,True
1788620055.587265,0.35437729037241533,8.224715835021984,0.002959375504788511,False,False,True,True,True
1788620055.6823359,1.7173620330792008,14.40184546177139,0.005718644882265498,False,False,True,True,True
1788620055.7942429,1.0692009359098305,5.751525295901858,0.011254199329394692,False,False,True,True,True
1788620055.8917055,0.4654840013176725,6.136516554901409,0.002261332190468579,False,False,True,True,True
1788620055.9824097,0.9760952031789535,5.615596026495481,0.0014713974905216623,False,False,True,True,True
1788620056.0770411,0.32249375860991486,6.883814306177037,0.0014031025507428678,False,False,True,True,True
1788620056.192746,2.40522397200252,18.011540394862717,0.016356636314943527,False,True,True,True,True
1788620056.2833905,1.0252943212917809,15.454632365512705,0.01998272418867554,False,False,True,True,True
1788620056.3860447,3.1139688310531173,20.400827459079338,0.025934444996507593,False,False,True,True,True
1788620056.4767454,0.8083352067436937,25.247985239519195,0.016483987917837322,False,False,True,True,True
1788620056.595445,1.4158310517613097,5.313456552049383,0.008988497634149436,True,False,True,True,True
1788620056.6817586,0.4157161523170674,11.597179707802926,0.005255707132571235,True,False,True,True,True
1788620056.7846103,0.4834118197758986,0.7040327346763763,0.0005485392013000989,True,False,True,True,True
1788620056.8800378,2.2346010289196254,18.37494937097496,0.011431133869081678,True,False,True,True,True
1788620056.9944582,2.859133489551061,5.279775106446067,0.016921215094065568,True,False,True,True,True
1788620057.0820293,0.7720067807074218,24.065790379997782,0.02440150405467167,False,False,True,True,True
1788620057.1854918,1.3831529712358759,5.906061638643807,0.004300642472505734,False,False,True,True,True
1788620057.2817538,2.0725670383765484,7.119405242092654,0.006474963905074221,False,False,True,True,True
1788620057.3941662,1.9638551826806903,0.9919367638190515,0.009654198651817303,False,False,True,True,True
1788620057.4854302,2.9995045167085563,10.998156712099382,0.0127567623198205,False,False,True,True,True
1788620057.5815623,0.938648894910214,22.058784875539015,0.021347299372506155,False,False,True,True,True
1788620057.7001905,0.7253755379669143,1.8995485902665976,0.0022058972938379926,False,False,True,True,True
1788620057.790303,0.44248883663369615,3.1345716535241364,0.0022496070150734805,False,False,True,True,True
1788620057.8816528,1.3100028587874317,9.499952016385437,0.0038081285319910402,False,False,True,True,True
1788620057.977133,0.6838566458842854,6.539353595108698,0.004607470545850141,False,False,True,True,True
1788620058.089048,0.7549465379381061,0.6319868593956565,0.0026897591861031454,False,False,True,True,True
1788620058.1857252,0.12214259748217188,6.53807178152923,0.0012502596204979036,False,False,True,True,True
1788620058.2943254,0.4637458646861361,3.148397582764081,0.000537062123727675,False,False,True,True,True
1788620058.3800528,2.8942261355953587,28.375702003193926,0.01451694867705566,False,False,True,True,True
1788620058.4921227,1.5237694216551994,12.260530657907637,0.00957823662654698,False,False,True,True,True
1788620058.5922012,0.9804148962073936,5.442662326714466,0.009685716031466556,False,False,True,True,True
1788620058.6805074,2.2104700239081816,14.034817012261255,0.005728407432001296,False,False,True,True,True
1788620058.7796845,1.1569702590890367,10.58936642115343,0.005797399088678276,False,False,True,True,True
1788620058.894373,1.2180103859043387,0.6023137232244723,0.008455540066969833,False,False,True,True,True
1788620058.988437,0.6060008974191045,6.50549146146921,0.003900402000660369,False,False,True,True,True
1788620059.0876918,1.8140154776557698,12.180726888680645,0.005469055988201311,False,False,True,True,True
1788620059.1766922,6.033740462071781,47.18291717202382,0.04422546018166855,False,False,True,True,True
1788620059.297809,3.2426640314343644,23.08479963684466,0.04544492354861531,False,True,True,True,True
1788620059.3899262,0.5140164314280135,29.696230070414718,0.0327414612281868,False,False,True,True,True
1788620059.481223,0.24629981241268067,2.9802138472846322,0.0005302483163782228,False,False,True,True,True
1788620059.582767,4.80768956247264,44.93452491681308,0.0474448722036728,False,False,True,True,True
1788620059.6947746,3.186824459352376,14.342925056988976,0.03749406264704748,False,False,True,True,True
1788620059.7951114,0.5383101533273753,26.258529053256794,0.028655814597061385,False,False,True,True,True
1788620059.885967,0.6601276868170471,1.3667598156388325,0.00184961797888346,False,False,True,True,True
1788620059.9931805,0.39045192155382435,2.5325543310098366,0.0014124433203555361,False,False,True,True,True
1788620060.1000662,0.8138036922256813,4.034355925890012,0.002467068289694605,False,False,True,True,True
1788620060.1904132,1.334736811223496,5.721763823444309,0.0027041702298860474,False,False,True,True,True
1788620060.2885892,1.0214449390044475,3.596186543178371,0.006738993723804504,False,False,True,True,True
1788620060.399669,1.1832898530642406,1.4832758582709964,0.0031026019319586595,False,False,True,True,True
1788620060.4971166,2.2094757636744897,10.434896480668355,0.006951346102783296,False,False,True,True,True
1788620060.5901294,0.3320201874314627,20.135717462236066,0.009680832002697572,False,False,True,True,True
1788620060.6840184,0.3220885118901264,0.10963251599473553,0.00021920156453818197,False,False,True,True,True
1788620060.796292,0.1706792975514064,1.3439964190155222,0.00022451818194240937,False,False,True,True,True
1788620060.8967047,2.496732717217296,23.144328944046816,0.011215156788614566,False,False,True,True,True
1788620060.992089,2.574900937980279,0.853127346228962,0.012232123157516166,False,False,True,True,True
1788620061.0878618,0.5339102839265292,21.29302874734011,0.0122902679094122,False,False,True,True,True
1788620061.2028513,0.6001795001978677,0.5744331162369494,0.0017068649581804668,False,False,True,True,True
1788620061.2954164,2.645152934569687,22.090082506099762,0.009440435048192997,False,False,True,True,True
1788620061.3877404,0.7752386681118232,20.434957058013545,0.011099904487234045,False,False,True,True,True
1788620061.4854054,0.6684136979989441,1.1151293908926518,0.0021090836406080526,False,False,True,True,True
1788620061.599675,1.4320190198441427,6.693450419217011,0.004007109980965766,False,False,True,True,True
1788620061.6979935,0.7995367302947178,6.3589542041268725,0.004879344572040813,False,False,True,True,True
1788620061.7926672,1.8434201113411415,11.074159618253143,0.009018730073735099,False,False,True,True,True
1788620061.8923023,2.5862395822891253,7.476941714403713,0.010035791692266096,False,False,True,True,True
1788620061.9959075,1.5916760358370103,9.473314309891455,0.011325556666474463,False,False,True,True,True
1788620062.0899298,1.561986130001367,0.2991440391841139,0.005050553287854821,False,False,True,True,True
1788620062.1921499,2.5052459447547286,9.226795972437975,0.02391424879480407,False,False,True,True,True
1788620062.3011754,3.0704338114862613,5.1955925455856535,0.018880969699536235,False,False,True,True,True
1788620062.402591,1.2486172922120853,18.323476088978147,0.03153577560071963,False,False,True,True,True
1788620062.491436,0.5427948220345283,7.729233224364886,0.002684261967996499,False,False,True,True,True
1788620062.5922441,2.381805884096698,18.209898243781662,0.010075222515689899,False,True,True,True,True
1788620062.706327,0.7218070465463888,14.580464817634954,0.008773412189556858,False,False,True,True,True
1788620062.8042977,2.4024998205608847,17.11764319767878,0.014848764022984075,False,False,True,True,True
1788620062.9005077,0.30808599527262864,21.890786679130805,0.009620407414798842,True,False,True,True,True
1788620062.9902587,3.224205910992994,32.48990277799546,0.017491758221175723,True,False,True,True,True
1788620063.1034536,1.9404436626378994,11.145011733526921,0.013351294993699414,False,False,True,True,True
1788620063.1967213,3.011964616242446,11.572007227480968,0.03536929683922852,False,False,True,True,True
1788620063.2949119,2.001400570719597,10.47373727706151,0.01271170892076044,False,False,True,True,True
1788620063.3920763,2.322099734207229,3.299698565530121,0.02531665192277649,False,False,True,True,True
1788620063.4957092,0.16562674979789896,20.835591614106136,0.009502282166995845,False,False,True,True,True
1788620063.5999928,1.4178791383083937,12.00881134413536,0.004394574771697483,False,False,True,True,True
1788620063.6930537,0.6703547188206804,8.012067175609586,0.003246591569853786,False,False,True,True,True
1788620063.7860687,1.0591816173970259,4.1656542199219135,0.0016534210302508704,False,False,True,True,True
1788620063.9062262,0.11631476941085113,7.838414103175849,0.0017215378385729606,False,False,True,True,True
1788620064.001638,1.4957217566346503,14.462387677563244,0.004038098228664651,False,False,True,True,True
1788620064.0939145,0.19777303059224757,13.964626885592686,0.0037622862259215745,False,False,True,True,True
1788620064.1969268,0.21729509970003877,0.21677482782356897,0.00018682506343477976,False,False,True,True,True
1788620064.3019822,1.9325549954194536,16.341760601234736,0.008044330599867134,False,False,True,True,True
1788620064.3973076,2.241243687953814,3.2500299559850037,0.008793143414744112,False,False,True,True,True
1788620064.491252,6.1544620340153555,41.62266737953454,0.0507397534237264,False,False,True,True,True
1788620064.6108742,1.7303732910258602,37.74979226883726,0.05383258966334998,False,False,True,True,True
1788620064.7010496,0.7652447516916094,10.743816935050667,0.009117292127505014,False,False,True,True,True
1788620064.8000014,0.7844950711981883,0.07444746985236558,0.0026769047532457643,False,False,True,True,True
1788620064.8976283,1.8598726461872441,10.92483342553279,0.00515159114062355,False,False,True,True,True
1788620065.0080063,4.241355653961751,21.564242251419813,0.031514487777315026,False,False,True,True,True
1788620065.1053598,0.77109394510564,34.48917521473446,0.04166138279297687,False,False,True,True,True
1788620065.2024996,0.4106960676348359,3.6898769934221556,0.0010627516720166429,False,False,True,True,True
1788620065.2933056,0.2719243568664276,1.514094353109483,0.00045270020002218414,False,False,True,True,True
1788620065.4084094,5.620145923051451,46.431607209177514,0.08181284026806694,False,False,True,True,True
1788620065.5026283,2.9162205459379913,27.992200577429436,0.12536243802513117,False,False,True,True,True
1788620065.5955198,2.724227577800158,0.9784221283805489,0.03205382684497436,False,False,True,True,True
1788620065.698341,1.4803192075497502,12.072565076167805,0.01110599111877905,False,False,True,True,True
1788620065.8045268,4.089940132282139,24.539162657595703,0.050707002677099974,False,False,True,True,True
1788620065.902082,6.634948939318811,26.184611005554018,0.06602332396094325,False,False,True,True,True
1788620065.999056,2.230766477504784,45.611543278863024,0.0686694023745221,False,False,True,True,True
1788620066.095534,6.173048199500217,40.517045491770745,0.1013958203348476,False,False,True,True,True
1788620066.2001739,1.0996231775715402,49.02480680900421,0.06160127372836408,False,False,True,True,True
1788620066.3041687,6.906980168557778,55.564353201865316,0.0859521916215488,False,False,True,True,True
1788620066.4029477,4.915566490800808,20.26885068986497,0.0771375162479921,False,False,True,True,True
1788620066.5011318,0.9012911336025444,40.7085725443213,0.05373640569495863,False,False,True,True,True
1788620066.6088536,1.1480747426016888,2.31984325798865,0.0027083254462913937,False,False,True,True,True
1788620066.7132244,0.35597614574802905,7.570106525718705,0.0027197453113196835,False,False,True,True,True
1788620066.813288,1.6648435113244366,13.115317044767231,0.005542994500040937,False,False,True,True,True
1788620066.922777,2.7519021613958268,9.955636940561778,0.013660233071764762,False,False,True,True,True
1788620067.0128636,3.335583076994599,6.495102371554579,0.01782104989323034,False,False,True,True,True
1788620067.1090965,1.2289767010424608,21.950106732990694,0.014036854502721876,False,False,True,True,True
1788620067.1992242,1.1780110765772345,0.5562466163102306,0.00316616032239174,False,False,True,True,True
1788620067.3111997,1.0248152393376482,1.5017740884830646,0.0025421893435088982,False,False,True,True,True
1788620067.4097893,2.513483464276058,15.091823376235913,0.01772911339625625,False,False,True,True,True
1788620067.5076702,0.5099969769866463,20.592156387304573,0.013642766622468858,False,False,True,True,True
1788620067.5955195,0.3047745016499887,2.305995871894252,0.0005736956039208906,False,False,True,True,True
1788620067.7136872,0.6537250673274314,2.9650556246679076,0.001044462432637185,False,False,True,True,True
1788620067.8068938,3.235116772300536,27.716907346174388,0.015491239569295382,False,False,True,True,True
1788620067.9046874,1.7887509434448683,14.77254107332171,0.03317554595690303,False,False,True,True,True
1788620067.999556,0.5917126145476977,12.613444662691725,0.006732369551642876,False,False,True,True,True
1788620068.1125753,2.6179210611042723,17.89345182379117,0.016591917094666855,False,False,True,True,True
1788620068.210267,3.2483042289307007,6.308601768331593,0.053774542533402185,False,False,True,True,True
1788620068.3024447,4.6269424111866275,15.009518966097167,0.028369484109632418,False,False,True,True,True
1788620068.3994985,0.7004508773064819,40.29926651626768,0.04092777863134429,False,False,True,True,True
1788620068.5058982,2.286381233549788,14.919985709152618,0.009118583148880461,False,False,True,True,True
1788620068.6043425,0.6688938845777851,16.259642711841902,0.009715971689367815,False,False,True,True,True
1788620068.6978784,3.2713842252007717,27.73625988882098,0.01513237187415763,False,False,True,True,True
1788620068.8000593,0.795006278223337,24.34152233032703,0.015186056791072414,False,False,True,True,True
1788620068.9111133,2.5817841806376682,16.073797996775887,0.020683215370248694,False,False,True,True,True
1788620069.0041983,1.0668509349423358,16.18253614792394,0.021994274295153313,False,False,True,True,True
1788620069.1024606,3.4624815189338567,24.347738513160113,0.01782489799508463,False,False,True,True,True
1788620069.218054,0.6896863059179644,24.154177456925478,0.018372761974978884,False,False,True,True,True
1788620069.312075,3.010831691052762,24.7557846349629,0.020176180363672053,False,False,True,True,True
1788620069.4072852,2.0745946053625897,9.409592713490598,0.012567173913087575,False,False,True,True,True
1788620069.500104,2.227792493003432,1.5193177378112277,0.00883226936651829,False,False,True,True,True
1788620069.6130443,4.200542520522954,17.72214419508096,0.07067981514367325,False,False,True,True,True
1788620069.7121072,2.4398533239617484,18.203259537881184,0.03798607022821574,False,False,True,True,True
1788620069.804281,7.364619974942993,53.32237836829376,0.11888057179363956,False,False,True,True,True
1788620069.9077172,1.3577428781911027,58.08864676599172,0.0750291762764183,False,False,True,True,True
1788620070.0136812,3.583957698261201,21.235912379860146,0.040349261942082056,False,False,True,True,True
1788620070.106203,0.5654479053511654,33.259425381950585,0.026121275243106444,False,False,True,True,True
1788620070.2078166,2.856818112607264,22.49132183500389,0.018760308023809676,False,False,True,True,True
1788620070.2992885,0.3514996296290218,27.35077090299394,0.017102399782645883,False,False,True,True,True
1788620070.4146304,1.5558950394297244,10.45994824193216,0.00728893484624573,False,False,True,True,True
1788620070.509994,2.393414704315639,8.75075842482272,0.009557305655782921,False,False,True,True,True
1788620070.610267,3.819933599962747,14.386879266565426,0.05235982941863007,False,False,True,True,True
1788620070.7059793,1.5222900781407105,23.723187249594442,0.022307349796319164,False,False,True,True,True
1788620070.8130534,0.24524400793503298,11.837987182447204,0.004525148954003519,False,False,True,True,True
1788620070.9164865,1.8923274886437857,15.922702812037366,0.007989625369703894,False,False,True,True,True
1788620071.0070503,3.930560537431297,22.47576674865438,0.04551683788628625,False,False,True,True,True
1788620071.104921,3.755374659196413,2.3900170296646843,0.025948642784730608,False,False,True,True,True
1788620071.2178638,0.6471569207847486,27.58315642820424,0.02334365725401054,False,False,True,True,True
1788620071.31209,2.0312358154248034,14.64806702109257,0.009799883279634717,False,False,True,True,True
1788620071.4091213,3.4636379610558414,14.789498834870447,0.01670896132241738,False,False,True,True,True
1788620071.5194604,0.3826859825354913,28.124342354511526,0.019674388116865962,False,False,True,True,True
1788620071.614491,0.5292612791180067,1.5503852986607416,0.0004420385683907368,False,False,True,True,True
1788620071.7079542,1.328108632137884,8.532198751275505,0.0022766576435976865,False,False,True,True,True
1788620071.8055406,1.1122405706735154,2.3659887055934794,0.0026808603657616247,False,False,True,True,True
1788620071.9213583,0.2409171962159216,7.542660314742541,0.0019910307003674246,False,False,True,True,True
1788620072.0155523,2.576093084117844,24.79810453521082,0.0120869869809753,False,False,True,True,True
1788620072.1156714,0.352157483192089,22.229283785427466,0.01005787836929151,False,False,True,True,True
1788620072.2020178,0.4702891045238779,1.35682280235361,0.00030773718001097285,False,False,True,True,True
1788620072.322593,2.952697336899463,20.6151542787441,0.02211423231131724,False,False,True,True,True
1788620072.414547,2.156526201202462,8.360934797475492,0.019844504933339592,False,False,True,True,True
1788620072.5143075,0.9277391965850899,12.271750661779816,0.005735105870648445,False,False,True,True,True
1788620072.606543,4.829363478261198,42.3346798256984,0.04609529752478778,False,False,True,True,True
1788620072.7190852,4.724421590280999,0.9703436962319246,0.046837745099935386,False,False,True,True,True
1788620072.8147104,0.9185596204312759,38.86248501795973,0.06066449912492276,False,False,True,True,True
1788620072.9141152,1.69865251157239,7.860159628505876,0.005403796815325494,False,False,True,True,True
1788620073.0013506,0.8260165542573433,10.00012592612391,0.007901132335896637,False,False,True,True,True
1788620073.122448,1.800694667628658,7.9871682224789575,0.007903372766435707,False,False,True,True,True
1788620073.2116807,4.276334940990538,27.769825880290586,0.021644728927102116,False,False,True,True,True
1788620073.3091025,3.5544933742044122,7.05520597017468,0.025999602430260865,False,False,True,True,True
1788620073.4050171,1.5351770325264094,21.00078333145779,0.0177259638743256,False,False,True,True,True
1788620073.5192175,1.5526271676529222,0.015592820054556755,0.005705629921667825,False,False,True,True,True
1788620073.612638,1.2130764077864635,3.958053017174972,0.012285607643478432,False,False,True,True,True
1788620073.7103627,3.9551864286854324,28.133010191481315,0.02357191711369838,False,False,True,True,True
1788620073.822414,1.3169787788684035,23.511922444893614,0.024727477306980793,False,False,True,True,True
1788620073.9234817,0.40316907419427495,9.045449592499756,0.005468830992394108,False,False,True,True,True
1788620074.0133176,2.5825126929086566,24.276354973046196,0.011955982180751046,False,False,True,True,True
1788620074.1103072,0.7174673735074028,19.212392244263974,0.011679817475004944,False,False,True,True,True
1788620074.2225904,1.339454805973728,5.515061350383347,0.0038796896441688606,False,False,True,True,True
1788620074.3212197,1.1322132889570866,2.049553235960319,0.00946356607112958,False,False,True,True,True
1788620074.4103897,0.5871704389889129,6.131270064069915,0.002069495140045789,False,False,True,True,True
1788620074.512182,0.30150315534061867,2.8045426485692326,0.00044373417205004185,False,False,True,True,True
1788620074.625401,0.9258386940730806,5.519204849708571,0.0018941874095283165,False,False,True,True,True
1788620074.711921,1.8329613949463635,10.416313554830728,0.009113832991356681,False,False,True,True,True
1788620074.8144047,0.889520376037053,8.89382416603245,0.004217080394224809,False,False,True,True,True
1788620074.912163,1.9970273908325882,11.308803154711919,0.0119246225158762,False,False,True,True,True
1788620075.4588673,0.13043142023479906,3.4249320080707135,0.008636361446719394,False,False,True,True,True
1788620075.5189242,4.772636380428863,77.28458266988112,0.01832114527879092,False,False,True,True,True
1788620075.559264,1.870661363213018,70.40614103398937,0.013079310258548414,False,False,True,True,True
1788620075.6162796,7.104484629414636,91.78027920266055,0.037801167402111924,False,False,True,True,True
1788620075.7106647,5.341272361670117,18.619309608796367,0.04202013418627798,False,False,True,True,True
1788620075.8357532,0.5048507636682745,38.7277504543352,0.045806612894744914,False,False,True,True,True
1788620075.9261518,3.7762614884120307,36.06480013634511,0.02513618395484438,False,False,True,True,True
1788620076.0194323,1.169232559839566,28.43946381361962,0.02745791179197067,False,False,True,True,True
1788620076.1277125,0.35108739524228466,7.505382416988367,0.0019107318853490566,False,False,True,True,True
1788620076.2209146,2.316922041794202,21.16494204180215,0.01031266143914883,False,False,True,True,True
1788620076.3155594,1.100666121669768,12.819976991388856,0.007297046879305569,False,False,True,True,True
1788620076.419966,0.47434493677760664,6.0002119364734545,0.002884450306761876,False,False,True,True,True
1788620076.5326564,0.3479344737727661,1.1027031044167745,0.0009361926394947351,False,False,True,True,True
1788620076.6290119,1.269557973902963,9.577730964175895,0.0033803558864544773,True,False,True,True,True
1788620076.7227244,0.44034918247619614,8.735244431176833,0.0036705519835967524,True,False,True,True,True
1788620076.825518,0.5727046227011146,1.2943928049595974,0.0013839725639607262,False,False,True,True,True
1788620076.9253361,1.159809794215827,5.881836207077993,0.0020910926935726283,False,False,True,True,True
1788620077.0210202,1.3628552868765322,2.1215731974659326,0.008681653878928114,False,False,True,True,True
1788620077.119703,2.1263302256578114,7.784933890767811,0.007277919839512229,False,False,True,True,True
1788620077.2181723,4.635816738003881,25.54994006063385,0.031120803679511148,False,False,True,True,True
1788620077.3226824,0.9186132249376917,35.771754261080424,0.03458362871418242,False,False,True,True,True
1788620077.4247272,2.6973831651253457,17.42186908879669,0.0216300919014222,False,False,True,True,True
1788620077.5211446,2.3049077000606313,4.340865516411709,0.012887912538694596,False,False,True,True,True
1788620077.6222138,0.2264728241935557,20.576939273348298,0.009085356641131487,False,False,True,True,True
1788620077.7244515,0.4465347662493232,2.146750884554692,0.0005754913000633996,False,False,True,True,True
1788620077.8231838,0.13727705666553974,3.1457331091478307,0.00041336686954223,False,False,True,True,True
1788620077.921929,1.0561271006444848,9.31615852113587,0.002210957747058187,False,False,True,True,True
1788620078.0093825,2.912336738689213,21.2348211020731,0.010126539326247798,False,False,True,True,True
1788620078.120344,0.7116973334961202,19.711901799304204,0.015870566572465373,False,False,True,True,True
1788620078.2172582,3.3318497436826773,27.035887972059257,0.018111382596767697,False,False,True,True,True
1788620078.3210557,0.4336626524493226,27.901811952169403,0.018187454010496065,False,False,True,True,True
1788620078.4274342,0.8077755796436518,3.5071778203724238,0.0013994239159676144,False,False,True,True,True
1788620078.5242891,1.4376662132709186,6.452899511348761,0.003746977663030042,False,False,True,True,True
1788620078.6371238,1.0526781659213789,3.3804992844250963,0.008921372599252473,False,False,True,True,True
1788620078.7242358,1.9653091927011472,10.48527320792092,0.011922587531420906,False,False,True,True,True
1788620078.8381295,3.987085682024147,17.77517122401601,0.030803049846392205,False,False,True,True,True
1788620078.9299219,0.5841510441421032,36.70325186123738,0.04440177036884687,False,False,True,True,True
1788620079.0228457,1.600154679143526,10.978375276292619,0.006427928648363248,False,False,True,True,True
1788620079.1179419,2.7753013774615876,12.295546809615098,0.010785962924638941,False,False,True,True,True
1788620079.231723,0.15767515216979014,23.22858629377187,0.013914497930190157,False,False,True,True,True
1788620079.3300085,0.7275502365202126,5.812193483409149,0.0010000233259175228,False,False,True,True,True
1788620079.4264398,1.1405328552631306,4.151167281041534,0.0019777115605924037,False,False,True,True,True
1788620079.519926,2.4950736636367306,14.37217746143438,0.016443756608558253,False,False,True,True,True
1788620079.6271374,3.237138569541061,6.9081066263757425,0.018578404610807866,False,False,True,True,True
1788620079.7241743,0.6397051689608919,26.704414920137562,0.020439338764652298,False,False,True,True,True
1788620079.823758,3.572577022628996,29.46100159552028,0.02155196288292997,False,False,True,True,True
1788620079.91144,5.449408095450743,22.117755561121864,0.036200145796085194,False,False,True,True,True
1788620080.034824,0.5220573275114897,39.672358425786626,0.04356508324425463,False,False,True,True,True
1788620080.1265385,3.2870712642288074,30.09189110867184,0.01922544274108843,False,False,True,True,True
1788620080.2238836,3.457434298551662,1.7791729590939378,0.02018149199123393,False,False,True,True,True
1788620080.3173382,1.6037600568234331,19.814950519938538,0.01719338294950466,False,False,True,True,True
1788620080.4342198,1.2134583547946804,3.351061239743482,0.01118070639537612,False,False,True,True,True
1788620080.531415,2.3095092700466204,11.453145723891364,0.008515809883573864,False,False,True,True,True
1788620080.6220849,3.3546494709045036,11.422380954539777,0.015059284951942744,False,False,True,True,True
1788620080.7340229,0.6672730821366439,23.652933749902505,0.015069532770359731,False,False,True,True,True
1788620080.829246,3.763505788096242,32.509930791527026,0.03174687826033209,False,False,True,True,True
1788620080.9306474,0.7627461086902384,29.40177104412764,0.021332946158954938,False,False,True,True,True
1788620081.0241942,0.2811610151417837,5.140980914470584,0.0016467253763386488,False,False,True,True,True
1788620081.1383598,4.7328411308721785,38.97892228368339,0.06064687046081489,False,False,True,True,True
1788620081.226034,6.964030089095143,25.709763029527622,0.17561496749873126,False,False,True,True,True
1788620081.3270137,8.299177747216605,14.562767645095864,0.27518778256230075,True,False,True,True,True
1788620081.4256659,1.2732950311633313,69.4520242797672,0.14682706212594385,True,False,True,True,True
1788620081.5344603,5.735551305031706,40.49065546201422,0.0813810523940133,False,False,True,False,False
1788620081.6318877,4.33963290114169,14.329120727974534,0.06809899501930859,False,True,True,False,False
1788620081.731193,2.588255063071737,18.014951780383317,0.06416688065632653,False,False,True,False,False
1788620081.8215344,1.1773938347569355,15.522694719623374,0.015587274900256617,False,False,True,False,False
1788620081.9370706,1.2024194681483595,0.18990105808993316,0.0067903789826841325,False,True,True,False,False
1788620082.0329385,1.7913011573018127,6.317500923057192,0.0060152657619527376,False,False,True,False,False
1788620082.125417,1.3400289545506499,5.155237099250349,0.004839051445063673,False,False,True,False,False
1788620082.223127,1.9438170897462053,6.430742941990923,0.005942558430445128,False,False,True,False,False
1788620082.3405263,1.9181643317161916,0.29399870242362897,0.00909009830307652,False,False,True,False,False
1788620082.4322531,2.400498799790472,5.099695891019446,0.029632533833354194,True,False,True,False,False
1788620082.5240855,1.2933071948463215,12.565068743914312,0.01654779494899875,False,False,True,False,False
1788620082.6405714,2.006966186684556,6.493675178897419,0.0130908643709538,True,False,True,False,False
1788620082.7344236,4.555041998192501,26.80122248132914,0.05047578885672915,False,False,True,True,True
1788620082.8296938,14.261141651248193,100.74019159220204,0.5025936803799632,False,False,True,True,True
1788620082.924117,0.9230307676929038,145.256519495766,0.36826833910282497,False,True,True,True,True
1788620083.0360954,4.479041356392238,31.717477000732394,0.04697078709027538,False,False,True,True,True
1788620083.134673,0.6475021684494158,38.79870983605463,0.043977484831580926,False,False,True,True,True
1788620083.2256796,0.9577960036708474,3.415571569912263,0.0015237066788251607,False,False,True,True,True
1788620083.3233213,2.849151897754092,19.394576356067372,0.016185513522042786,False,False,True,True,True
1788620083.4345732,3.1907689995880126,3.191025048392458,0.0204962556862465,False,False,True,True,True
1788620083.5395508,0.35009442278703534,27.01979667727962,0.025848713846421265,False,False,True,True,True
1788620083.6292572,2.434086225977964,23.241690158058375,0.008129679368687068,False,False,True,True,True
1788620083.7235312,2.476388205582145,0.41070877403433453,0.02586583497369162,False,False,True,True,True
1788620083.8405173,1.4583096017478203,8.504411870989006,0.00904125320352914,False,False,True,True,True
1788620083.929763,0.6884073895550217,8.600391776680588,0.005200780660607339,False,False,True,True,True
1788620084.0261009,0.6756211540223095,0.12287392664790313,0.002264785962312263,False,False,True,True,True
1788620084.1277797,1.0771872403555747,3.966824677611766,0.0018497076596186808,False,True,True,True,True
1788620084.240692,1.2933198790961016,1.9329923163291236,0.009494831734414722,False,False,True,True,True
1788620084.3314247,6.6021019522727515,58.494591253534544,0.05762617740137727,False,False,True,True,True
1788620084.4327898,1.708483665543364,48.69480397279808,0.05810302511802367,False,False,True,True,True
1788620084.5319767,1.650709580666573,0.5810139367401871,0.015665263742737717,False,False,True,True,True
1788620084.6428351,5.305602896877828,32.90597118652414,0.08422238965469937,False,False,True,True,True
1788620084.7354248,5.591459293815749,3.0642479435270826,0.060051619031137704,False,False,True,True,True
1788620084.8264606,0.4786863824341352,55.47988718756481,0.051045147215325035,False,False,True,True,True
1788620084.9405015,0.3087220074097038,1.4678523606809741,0.0005549731734623575,False,False,True,True,True
1788620085.034348,0.4201014197509781,1.1910121926475448,0.0006155874365583445,False,False,True,True,True
1788620085.1302197,0.371632063883536,0.5041298172220126,0.0006020487501791189,False,False,True,True,True
1788620085.224843,1.6536063110058088,13.51624172209497,0.005229266783647045,False,False,True,True,True
1788620085.338115,5.509982782970031,33.83436350973259,0.09736158206807499,False,False,True,True,True
1788620085.4353442,6.160876106675343,7.260850230600862,0.07198595237251025,False,False,True,True,True
1788620085.5375638,2.0264167216472377,40.62307780735942,0.10003401530240319,False,False,True,True,True
1788620085.6753929,0.34816663166301204,12.219774397778023,0.007254163087247956,False,False,True,True,True
1788620085.7385619,1.0182583348957357,10.612446684676112,0.001738259170766947,False,False,True,True,True
1788620085.8449667,1.433945608230668,3.8836446513870855,0.004315865951284131,False,False,True,True,True
1788620085.9317164,1.4354184886020682,0.09004499427564433,0.004227273084870175,False,False,True,True,True
1788620086.035142,1.086419895792989,3.3350630135354593,0.0030282751908067393,False,False,True,True,True
1788620086.1454306,1.017161502850356,0.6032065028729068,0.006824803864837888,False,False,True,True,True
1788620086.241397,6.470437375110024,56.74496754956804,0.0633126422028015,False,False,True,True,True
1788620086.337316,6.804802796960922,3.6284909765282585,0.07835336158460998,False,False,True,True,True
1788620086.437233,0.732158288259982,61.25229652262168,0.08778236015850227,False,False,True,True,True
1788620086.5543575,0.4256783714602871,2.610488140779623,0.0009420016750090228,False,False,True,True,True
1788620086.6501076,2.07967627625524,17.26133883140293,0.006923303396795049,False,False,True,True,True
1788620086.7547808,3.694730667080236,15.45083478183355,0.022738629243130474,False,False,True,True,True
1788620086.931839,2.347537450914265,7.579008324320998,0.09100943549598664,False,False,True,True,True
1788620087.107291,0.5818884893749888,10.026184027463863,0.027462525032915054,False,False,True,True,True
1788620087.298513,0.34049489199924976,1.215992896865263,0.0038634622738807902,False,False,True,True,True
1788620087.3882163,3.3876255024809723,33.98729079513591,0.022145746366938765,False,False,True,True,True
1788620087.4768252,0.7073790372557783,29.986606188969187,0.015273613519619885,False,False,True,True,True
1788620087.562132,0.17197472080156406,6.23496260677035,0.0008856240164253599,False,False,True,True,True
1788620087.6503837,1.5003859877986976,15.055655595149195,0.003594092011544362,False,False,True,True,True
1788620087.746714,0.9162466847529026,6.1516500432991,0.0030317621329089555,False,False,True,True,True
1788620087.8494124,0.4319873871250138,4.701724255765822,0.0020877657498081644,False,False,True,True,True
1788620087.9381158,1.0233754630795786,6.610394944431301,0.0018762981114070754,False,False,True,True,True
1788620088.0553117,1.0156539836609997,0.11613974254318596,0.003957531654617392,False,False,True,True,True
1788620088.1584387,0.2927212240597538,7.0390737193421815,0.0032271462067172485,False,False,True,True,True
1788620088.2444897,5.6033379549723605,61.72461932432098,0.04518659418952024,False,False,True,True,True
1788620088.3346014,3.2791971776698263,25.500473169649716,0.03451652810960213,False,False,True,True,True
1788620088.45187,5.3817818044634125,17.690988486352204,0.1286664959397575,False,False,True,True,True
1788620088.53819,6.843599084472346,17.202719530246572,0.0731510383556658,False,False,True,True,True
1788620088.6380572,7.703255324368844,7.354628144008234,0.0942536414267819,False,False,True,True,True
1788620088.73805,6.148098530551224,14.98474786374058,0.09817868099621724,False,False,True,True,True
1788620088.8425932,3.7730582626464777,22.7410984108019,0.056227842357077396,False,False,True,True,True
1788620088.9387333,0.48420066699182907,34.210681808299746,0.026929378535632903,False,False,True,True,True
1788620089.038134,0.2369746838536304,2.4502072053505266,0.0005519480470335825,False,False,True,True,True
1788620089.1351562,4.192682956605192,40.781972992216765,0.03276104065481003,False,False,True,True,True
1788620089.244252,3.463700335690084,6.575194593427204,0.030655631299265313,False,False,True,True,True
1788620089.340801,0.37375718959365756,31.832006930735638,0.02582448385588523,False,False,True,True,True
1788620089.4410172,0.15520475373172118,2.175937632042504,0.0003701573581430914,False,False,True,True,True
1788620089.552559,0.14496008831421778,0.08881256752617749,0.00014108419728827416,False,False,True,True,True
1788620089.64664,0.1383766812822442,0.07072581985802351,7.552978137685795e-05,False,False,True,True,True
1788620089.7436633,2.1568986555934284,20.802056756348183,0.008919811654724063,False,False,True,True,True
1788620089.8405771,1.5290479424914152,6.436529532292453,0.006861148615728349,False,False,True,True,True
1788620089.9533389,0.664813185803303,7.667567801785591,0.007562921518245879,False,False,True,True,True
1788620090.0488768,3.209384407707106,26.643327177880693,0.024096188253871165,False,False,True,True,True
1788620090.1463115,0.9861198452094805,22.792522597568613,0.014591499600707313,False,False,True,True,True
1788620090.2392516,1.6565563219342276,7.206255750741175,0.009283734384448981,False,False,True,True,True
1788620090.3507078,1.3324281709775923,2.920313701082469,0.013478067589967294,False,False,True,True,True
1788620090.4505637,0.2900596266545277,10.464241049591037,0.003795981803614446,False,False,True,True,True
1788620090.5409276,1.2770656466858354,10.923163783756657,0.0033315707513186135,False,False,True,True,True
1788620090.6747038,0.2437375983623135,7.719801294764181,0.00215434666603651,False,False,True,True,True
1788620090.7432659,6.239780832802038,87.43572331373147,0.03841000615146806,False,False,True,True,True
1788620090.850332,1.0689204239922658,48.64398943015707,0.03022703893801566,False,False,True,True,True
1788620090.9412143,6.19968686422772,56.41008569346203,0.07365540900584833,False,False,True,True,True
1788620091.0390575,1.1884057334476381,51.22833324604812,0.05150478832150975,False,False,True,True,True
1788620091.1535213,0.14595416479206677,9.136732818653565,0.0029231197678715793,False,False,True,True,True
1788620091.2476928,0.3158938064300677,1.8050010199767996,0.00021334689399928248,False,False,True,True,True
1788620091.3386724,1.488218958051309,12.844561852292768,0.0037288710735649856,False,False,True,True,True
1788620091.4398503,1.3343556987752814,1.4892817068384554,0.00445381010057832,False,False,True,True,True
1788620091.5558276,0.6468449824518827,6.235164256809786,0.004017351556188252,False,False,True,True,True
1788620091.646978,1.8539685255766432,13.300070102007309,0.006974951673890032,False,False,True,True,True
1788620091.7466478,3.6984262745721663,18.350922548431466,0.01912614629654696,False,False,True,True,True
1788620091.8578267,7.810764371296753,36.637091029008566,0.10594257636692381,False,False,True,True,True
1788620091.9498441,13.864479182146521,66.93181693787102,0.23866210212096256,False,False,True,True,True
1788620092.0473511,3.347268363134769,105.34589284348887,0.24424891392521847,False,False,True,True,True
1788620092.1384957,0.7911614789399187,28.005885762604134,0.02493307113395454,False,False,True,True,True
1788620092.2560115,1.144427408380729,2.9868651814178193,0.005371230117356857,False,False,True,True,True
1788620092.3496003,2.9505017582532327,19.2858181199803,0.014783930800726423,False,False,True,True,True
1788620092.4497666,2.0830437390922802,8.646009283071285,0.012704941061915689,False,False,True,True,True
1788620092.5461788,1.390047134781867,7.089021859356154,0.00646905538406345,False,False,True,True,True
1788620092.6502812,0.5441927487982559,7.944944367212563,0.0033098754738422457,False,False,True,True,True
1788620092.7484703,0.7631392413013565,2.2895317085663978,0.0021712696252670855,False,False,True,True,True
1788620092.8471372,1.1601262311129827,4.058061509297077,0.0026111772909573087,False,False,True,True,True
1788620092.942386,1.7458331769544069,6.040792973621545,0.00488036140507498,False,False,True,True,True
1788620093.0531652,1.0815046845002623,5.97960445030882,0.004716150369152051,False,False,True,True,True
1788620093.1484158,1.7578962072208635,7.084800489969832,0.011037603019952628,False,False,True,True,True
1788620093.2443995,4.647698220338986,30.11933772126994,0.030226545648252043,False,False,True,True,True
1788620093.3458347,2.481453422778559,21.334257766749943,0.029384716587623743,False,False,True,True,True
1788620093.4479795,2.4828528631493745,0.01788278070785658,0.036694466466555,False,False,True,True,True
1788620093.5516708,5.707395172213777,31.07362579795598,0.05229963105984348,False,False,True,True,True
1788620093.64477,5.5491261133433705,1.7105260336852879,0.06124397968477026,False,False,True,True,True
1788620093.7465658,2.1319755251559496,33.447765530037124,0.03919318404906316,False,False,True,True,True
1788620093.8587565,0.3855948597763808,15.512059449655162,0.007758681932683359,False,False,True,True,True
1788620093.952775,1.0139387763522978,6.67294259572623,0.002350857004311311,False,False,True,True,True
1788620094.0479515,3.319426935048391,24.236029484187192,0.017954917512553382,False,False,True,True,True
1788620094.1672459,1.224736947024422,17.358850726152653,0.014966904464323772,False,True,True,True,True
1788620094.2606428,5.277610077859796,43.407837874085885,0.06520695195862722,False,False,True,True,True
1788620094.351503,1.2177475848908175,44.5829609134782,0.039743854736161446,False,False,True,True,True
1788620094.4475884,2.0259356482294493,8.417197691941707,0.01382487684360003,False,False,True,True,True
1788620094.5649538,1.8654566908174248,1.3529167609528339,0.010113601750076097,False,False,True,True,True
1788620094.6556468,0.5251891433078151,14.751728129363563,0.008543708644427049,False,False,True,True,True
1788620094.747907,1.087051721377728,6.100099657075437,0.002991444108097555,False,False,True,True,True
1788620094.8451173,2.0382537351381447,9.583616621482262,0.013108659235370782,False,False,True,True,True
1788620094.9708037,1.8240695832337523,1.6914218207329024,0.009211265594574788,False,False,True,True,True
1788620095.0626044,3.321880222629689,16.20263474930492,0.014747986001021209,False,False,True,True,True
1788620095.1539507,0.7198733817378783,28.721225128724434,0.02240699439976032,False,False,True,True,True
1788620095.244582,4.229701408785412,38.72858542632672,0.024587364548684588,False,False,True,True,True
1788620095.3618648,0.6977540721675934,29.897483771307275,0.03324957901126183,False,False,True,True,True
1788620095.454922,0.7209297187179041,0.2838304360423276,0.0015576799877551242,False,False,True,True,True
1788620095.5495498,0.49725822831527317,2.367940276599724,0.0014013751759253464,False,False,True,True,True
1788620095.6541626,3.2421627729126916,26.253623959352552,0.022826610558444285,False,False,True,True,True
1788620095.762646,1.3256335167207902,18.620426888486467,0.033626315055628096,False,False,True,True,True
1788620095.8549917,4.137549875955527,30.49118156322163,0.022606114443785175,False,False,True,True,True
1788620095.951176,3.8228325117640223,3.359473303311339,0.027221272884150598,False,False,True,True,True
1788620096.0498824,4.606790952922784,7.94043136169809,0.03407469196142615,False,False,True,True,True
1788620096.156947,2.605241702073418,18.620531936256178,0.030241425661688966,False,False,True,True,True
1788620096.248651,0.8283589409104588,19.140914993610835,0.012750947353271572,False,False,True,True,True
1788620096.3477924,0.7809089869246902,0.3841431142606975,0.0013102292346693276,False,False,True,True,True
1788620096.4589937,1.4885053729016202,6.3168244557642215,0.008524979339769149,False,False,True,True,True
1788620096.5539372,2.3232222980106156,8.87050455115186,0.007765995683502732,False,False,True,True,True
1788620096.6502366,1.0449896786760042,13.288720437594515,0.007645458989036834,False,False,True,True,True
1788620096.749048,1.5499957963984436,5.1502472335487335,0.003674254072488946,False,False,True,True,True
1788620096.8599093,1.6985949736261412,1.2431555960087415,0.006271808892554464,False,False,True,True,True
1788620096.9583104,1.635629473157863,0.5401347586521591,0.016904009616128313,False,False,True,True,True
1788620097.05359,5.625517253448064,41.92851325291593,0.044233581689447986,False,False,True,True,True
1788620097.1526115,1.1314437534651254,44.91719481298509,0.06558865192278285,False,False,True,True,True
1788620097.2610793,6.13981490426278,46.264370714545485,0.07847941473256839,False,False,True,True,True
1788620097.3531985,0.9128846861730789,56.450309107815244,0.09866440118253428,False,False,True,True,True
1788620097.4485345,1.3004577790571306,3.9991436255647757,0.0027320641162480613,False,False,True,True,True
1788620097.5532234,1.2387096795539776,0.8185540705782088,0.007530929111279621,False,False,True,True,True
1788620097.661982,0.5869586510081451,6.2959003842510715,0.005182722259923427,False,False,True,True,True
1788620097.7628808,6.860556046210348,62.20671403953779,0.09720250810983319,False,False,True,True,True
1788620097.8539257,8.847362956619683,22.586016997476886,0.10906084747983968,False,False,True,True,True
1788620097.9517243,0.8891756182161206,81.68301685170019,0.13636847527562546,False,False,True,True,True
1788620098.057002,0.9859977472211309,0.8933644419608237,0.003369986897648751,False,False,True,True,True
1788620098.1550193,1.1008904521541671,1.1584413630682233,0.005246590635912918,False,False,True,True,True
1788620098.252146,1.6856763120104505,6.204305232478415,0.009247981575077323,False,False,True,True,True
1788620098.3551016,0.528598793867666,11.104186471090163,0.006553669687313052,False,False,True,True,True
1788620098.4632046,2.2156585403417637,15.620791032169105,0.013117387106728712,False,False,True,True,True
1788620098.565805,0.2685443752261439,19.029215410134583,0.012535767959709076,False,False,True,True,True
1788620098.6527848,0.5260463858077119,2.9646922210426387,0.0007114803019286333,False,False,True,True,True
1788620098.7716246,1.9707360503732663,12.158620267661458,0.00927115304889623,False,False,True,True,True
1788620098.8643355,0.6365317728002264,14.4715545266815,0.010306285564763725,False,False,True,True,True
1788620098.9528902,0.6796330055108125,0.5077869520916308,0.000959492381944797,False,False,True,True,True
1788620099.0564463,2.747348669345121,20.00913753109355,0.013522210149957692,False,False,True,True,True
1788620099.1712708,2.010310977292826,6.534292883482768,0.013661787304752263,False,False,True,True,True
1788620099.2613604,4.828523020120017,31.281405594679622,0.030157902300802005,False,False,True,True,True
1788620099.3603678,4.662996287193627,2.011534920182597,0.039654039468569977,False,False,True,True,True
1788620099.4534175,4.663499793922207,0.21801653979858995,0.03888061904773088,False,False,True,True,True
1788620099.5649765,2.7443684630395953,17.887914019908635,0.02938267708981657,False,False,True,True,True
1788620099.661452,5.124489938143687,24.63001623661866,0.09233301629754925,False,False,True,True,True
1788620099.7553728,1.7112758690237055,36.30290826212575,0.03646611450052227,False,False,True,True,True
1788620099.8508203,1.0264479132483924,7.135290548845595,0.003872669468103297,False,False,True,True,True
1788620099.9629772,4.758823003685525,33.30153051570065,0.046922849789020955,False,False,True,True,True
1788620100.0782878,0.7510185782529474,34.68061713020698,0.05774829716048806,False,False,True,True,True
1788620100.1596394,1.398933926387128,7.986480162769175,0.0037415151459138664,False,False,True,True,True
1788620100.2496495,3.760119876687089,26.456700243584216,0.017914930792901695,False,False,True,True,True
1788620100.3696918,1.2559161445383757,20.663969250073368,0.03474392148884906,False,False,True,True,True
1788620100.463409,1.1601769413010299,0.9616346188230003,0.00921767964467808,False,False,True,True,True
1788620100.5605505,0.42465381960514287,7.5764979032074935,0.0024004394032898337,False,False,True,True,True
1788620100.6557326,2.275400143580075,19.445490870710596,0.009106425932218037,False,False,True,True,True
1788620100.7667754,1.6300607426565343,5.775964811491254,0.008002271223630697,False,False,True,True,True
1788620100.8619423,0.19858913494465213,14.939714784017252,0.007059329246224599,False,False,True,True,True
1788620100.961676,0.85390689336531,6.562966144469454,0.0012273818137392852,False,False,True,True,True
1788620101.0762935,4.952883080633885,35.70625710891651,0.0735634431309531,False,False,True,True,True
1788620101.1637347,2.391403017529127,29.674989115131062,0.0494974279209458,False,False,True,True,True
1788620101.2663882,1.6275013196813,7.5280220890909595,0.020635196334420392,False,False,True,True,True
1788620101.3613892,1.4331635751496745,2.029751379843123,0.00473295193140367,False,False,True,True,True
1788620101.4741719,0.5051816689297903,8.232988024238656,0.0038365072189062246,False,False,True,True,True
1788620101.565753,0.752667952637876,2.7039917887938407,0.0016361377414989553,False,False,True,True,True
1788620101.6562912,4.474059315360595,41.189313585637805,0.028508959045102283,False,False,True,True,True
1788620101.7576528,0.8274034894587063,35.999295614729206,0.02879310417777505,False,False,True,True,True
1788620101.8731666,2.831196164649831,17.36723308180049,0.025953483709050696,False,False,True,True,True
1788620101.9662607,3.1010379281698905,2.940304471359732,0.01917266555019836,False,False,True,True,True
1788620102.0621355,0.9496416223268308,22.405250804846997,0.013251301980360496,False,False,True,True,True
1788620102.1555378,2.598829966250494,17.662271686840548,0.017572489870085188,False,False,True,True,True
1788620102.272655,1.1285206556731564,12.649350392871307,0.00902612055269062,False,False,True,True,True
1788620102.3664453,0.1566266677020708,10.36780565072271,0.0033322935221753265,False,False,True,True,True
1788620102.460348,1.663593773543261,16.046629305871203,0.004771873964310877,False,False,True,True,True
1788620102.5611427,4.48035692487397,28.009879500328882,0.03157176098185365,False,False,True,True,True
1788620102.6741905,2.5819086398211017,17.755598326631837,0.03219579958966621,False,False,True,True,True
1788620102.7681074,0.7766699252171232,19.134682513527366,0.015195775327993589,False,False,True,True,True
1788620102.858555,8.181120961128375,81.7603875361994,0.09806713326464556,False,False,True,True,True
1788620102.9589086,5.5786898327004755,27.008572492873558,0.08656050978375276,False,False,True,True,True
1788620103.0706265,0.3776739997802514,46.06417471056911,0.0548443234060019,False,False,True,True,True
1788620103.1663482,1.54965287853024,12.249312862883878,0.0034584113778313094,False,False,True,True,True
1788620103.2610734,0.3605827476942666,12.496369249944923,0.0047349421889673025,False,False,True,True,True
1788620103.37224,2.1034790305431197,15.676877544282902,0.010030672377859113,False,False,True,True,True
1788620103.4748561,2.1741892546705577,0.8221419683370443,0.01039737610511403,False,False,True,True,True
1788620103.5624151,0.4481663030633043,19.416174717862777,0.009301138502184786,False,False,True,True,True
1788620103.6609583,2.8706946976503036,24.580751713653378,0.01660046985209732,False,False,True,True,True
1788620103.7803602,1.6238765559229487,10.381244169891563,0.014432528389464959,False,False,True,True,True
1788620103.8728495,1.9039811748218438,3.072807654462965,0.015508904153450992,False,False,True,True,True
1788620103.971493,3.0180698047106382,11.041431769663953,0.03231712738824783,False,False,True,True,True
1788620104.0613854,3.836207372971556,9.129152944473311,0.020429342795897185,False,False,True,True,True
1788620104.175374,6.017630731898891,18.313045605486984,0.15771772863246686,False,False,True,True,True
1788620104.2782457,6.0902704432701915,0.9555242943402752,0.0822896103250572,False,False,True,True,True
1788620104.3598633,1.4936569049835486,57.09143134229105,0.06739870350502963,False,False,True,True,True
1788620104.4640517,0.5254419899643505,9.51378737118147,0.0037603106728387264,False,False,True,True,True
1788620104.577554,0.6251110116453747,0.9097979218557992,0.001310191825224239,False,False,True,True,True
1788620104.6692586,0.40609217554818905,2.298289273920438,0.0014128277668246805,False,False,True,True,True
1788620104.76832,0.9660737694138278,5.707811332552836,0.0018367090036424502,False,False,True,True,True
1788620104.8642786,1.607262268954981,6.66236817764351,0.0038066455020469877,False,False,True,True,True
1788620104.9757748,1.4551535476655975,1.316233847002958,0.0048944222011546076,False,False,True,True,True
1788620105.0755625,0.2615539055446928,12.012330859889312,0.004514960859567107,False,False,True,True,True
1788620105.168421,5.939569014170479,61.15367611843098,0.05600325233922008,False,False,True,True,True
1788620105.2650557,1.6083371309848453,45.01614696402384,0.04708336983969791,False,False,True,True,True
1788620105.379685,4.927076608098812,28.975715554545754,0.08148560442103163,False,False,True,True,True
1788620105.4762516,4.265144498189921,6.344956918788077,0.0486450802899606,False,False,True,True,True
1788620105.5776196,1.2432891033277689,29.58942220180758,0.045564529940957096,False,False,True,True,True
1788620105.6832309,0.7184020823692834,4.9084784160573705,0.0026097554905650517,False,False,True,True,True
1788620105.7780595,0.37193054564667993,3.573813838377018,0.0016085972007319235,False,False,True,True,True
1788620105.8764563,2.656108711959622,23.188905627180624,0.014643481568581512,False,False,True,True,True
1788620105.9739468,2.070999226272507,6.072317759482938,0.011207333168868079,False,False,True,True,True
1788620106.083002,0.3139392812365037,16.080260376071557,0.008910577147331742,False,False,True,True,True
1788620106.1766922,1.5330230121348285,13.017945595748056,0.0038587933623993485,False,False,True,True,True
1788620106.2745748,0.46164236743887227,10.725943270116554,0.004068113235148816,False,False,True,True,True
1788620106.3652678,0.3343262624450371,1.3983015906404295,0.0006569639708613823,False,False,True,True,True
1788620106.481221,0.7667554332502038,3.741859328627009,0.001854212557781985,False,False,True,True,True
1788620106.5760963,1.2082477882155356,4.652999307028993,0.005686175072599248,False,False,True,True,True
1788620106.6727653,0.45782417704286327,7.728781132663156,0.00358775560079777,False,False,True,True,True
1788620106.7681682,1.05120918561662,6.19546625823526,0.0023785338178123863,False,False,True,True,True
1788620106.8822498,1.3084767854740087,2.229506443141883,0.005599555386056046,False,False,True,True,True
1788620106.9750736,1.32434857564067,0.004823182930270965,0.008339543762534096,False,False,True,True,True
1788620107.068479,0.8997951974553086,4.7950195431162435,0.0039808029807132375,False,False,True,True,True
1788620107.1636477,0.6354783250698216,2.730372407906924,0.001630218386546499,False,False,True,True,True
1788620107.2836545,1.139366798549219,4.205818059938831,0.0056572169914928866,False,False,True,True,True
1788620107.3769462,0.1208035678753046,10.918189617095383,0.0035870234667910177,False,False,True,True,True
1788620107.472768,2.755873993587663,27.498877665645796,0.013678197099953987,False,False,True,True,True
1788620107.5654578,1.7423168246860012,11.116633168631097,0.010423880937039885,False,False,True,True,True
1788620107.672175,0.37472731506626533,12.829860097600045,0.004707219041981113,False,False,True,True,True
1788620107.7744222,0.3978062891859905,0.22816530992999298,0.0005975552848473538,False,False,True,True,True
1788620107.8743196,1.5756683141061212,11.786126539420131,0.0062681820825265504,False,False,True,True,True
1788620107.985587,0.25550069998413166,11.851427733844757,0.004579750548956673,False,False,True,True,True
1788620108.0784678,0.31477350804622095,0.675011092611048,0.00028147966108604306,False,False,True,True,True
1788620108.1724818,1.44535530617204,12.020859848025054,0.00361789678256332,False,False,True,True,True
1788620108.2712398,3.3864923571442023,19.632452823208805,0.016790174953709682,False,False,True,True,True
1788620108.383118,0.6208446899076345,24.69086497557493,0.018988436114205483,False,False,True,True,True
1788620108.4731138,0.5555712807918018,0.818268071310921,0.0020320718599575248,False,False,True,True,True
1788620108.5745091,3.5523839834868864,29.4942109865821,0.022530953701397266,False,False,True,True,True
1788620108.6723316,2.0162618444502813,15.775779798923372,0.01883050214019016,False,False,True,True,True
1788620108.7820318,0.739022227768222,11.647976343098629,0.010199237709628203,False,False,True,True,True
1788620108.885903,5.270017898967121,43.61773746192105,0.06399101086163352,False,False,True,True,True
1788620108.9730177,6.078261847893697,8.691700931492246,0.05567578902125704,False,False,True,True,True
1788620109.0741487,1.2940850591091768,47.20557689312035,0.04409960391111004,False,False,True,True,True
1788620109.1842437,3.35667842572396,18.73661179868467,0.020452032791157173,False,False,True,True,True
1788620109.2798767,0.9779831024290189,24.320165977552808,0.021010351228010853,False,False,True,True,True
1788620109.3764367,0.5815246489238314,4.175942677430337,0.0030731763207767957,False,False,True,True,True
1788620109.4678042,2.5854460902289356,21.94605340845139,0.013551215091645138,False,False,True,True,True
1788620109.5896091,1.9551757059019361,5.201255772436393,0.011361379323240873,False,False,True,True,True
1788620109.677094,0.4565082736699532,16.997201642635186,0.010264213744118277,False,False,True,True,True
1788620109.7699914,0.7235128887654385,2.886693350899288,0.0007909231506394808,False,False,True,True,True
1788620109.869706,4.501824625280654,38.01481169238599,0.03552355371381885,False,False,True,True,True
1788620109.98353,0.41529177474933554,35.941200245207156,0.03610275281821272,False,False,True,True,True
1788620110.0812094,1.216965095798304,8.202783379510441,0.0042228535523461,False,False,True,True,True
1788620110.175526,1.471152149947164,2.2869401209708373,0.006329666625620796,False,True,True,True,True
1788620110.2914243,1.1199738414905829,2.956753686502121,0.00473406646462204,False,False,True,True,True
1788620110.3806715,7.543613601401734,71.96615816287053,0.07296359197732961,False,False,True,True,True
1788620110.4759068,1.6006467650403537,63.4321126949369,0.0744430264430111,False,False,True,True,True
1788620110.5735285,0.6942416689994736,9.300598587457593,0.00684428104401735,False,False,True,True,True
1788620110.690756,2.1027603618156716,12.047724413777363,0.014609895257956597,False,False,True,True,True
1788620110.7807553,2.70051085657661,6.783358798342123,0.01141446562574523,False,False,True,True,True
1788620110.879903,0.7188157637432123,20.038441204032868,0.010159946102396728,False,False,True,True,True
1788620110.9770875,3.5254018894869548,28.902653401903017,0.026747876216265308,False,False,True,True,True
1788620111.0854135,0.41213039897882164,28.587122489708104,0.020396429992447382,False,True,True,True,True
1788620111.177726,1.1765333324600526,8.307836574029468,0.002240813783872088,False,False,True,True,True
1788620111.2796757,2.0567019900313586,8.742861831173057,0.00924034860760127,False,False,True,True,True
1788620111.3745966,1.9431160748014769,1.2194209916446666,0.007708612887416704,False,False,True,True,True
1788620111.49047,2.96362067902024,8.676036524254595,0.017470731833418924,False,False,True,True,True
1788620111.583934,1.4726595991927731,15.936612707814062,0.035143118404844964,False,False,True,True,True
1788620111.6824267,0.567555609883829,9.3403899979659,0.0035903792204478695,False,False,True,True,True
1788620111.778762,10.358170396977796,101.79815847429113,0.19983834183673937,False,False,True,True,True
1788620111.8812916,7.713715122353051,26.356605569117704,0.16328564696537254,False,False,True,True,True
1788620111.9782577,1.9158132593849744,59.81882218118652,0.1520444572286029,False,False,True,True,True
1788620112.0767283,3.762142557290656,18.688593682003958,0.020618255438769467,False,False,True,True,True
1788620112.1714072,1.260989426776751,26.34653970769024,0.036553923569123375,False,False,True,True,True
1788620112.2882774,0.36520989661973674,7.6646048164614635,0.0021854348402989814,False,False,True,True,True
1788620112.383958,2.8983947281060387,26.47207706898243,0.017526149909054094,False,False,True,True,True
1788620112.4806464,1.8133309479290634,11.15940572337372,0.011649339930430203,False,False,True,True,True
1788620112.5947237,0.4773158368874675,11.49711607604863,0.006989022164326445,False,False,True,True,True
1788620112.6830733,3.7136421886986377,36.640321959717774,0.0209581582883578,False,False,True,True,True
1788620112.7799103,0.9234838643858331,28.851389224925306,0.017522322965068376,False,False,True,True,True
1788620112.8799803,3.08524405882283,21.549533434792476,0.025270850609992283,False,False,True,True,True
1788620112.988822,0.2883382025232637,25.67195260268241,0.017712915976309633,False,False,True,True,True
1788620113.0889387,0.7833736195131082,4.959807551106226,0.0011127290770243338,False,False,True,True,True
1788620113.1834853,3.730450028462382,31.174307083003647,0.02047344882239941,False,False,True,True,True
1788620113.276273,0.638495605966943,33.241192183800585,0.02135110279727944,False,False,True,True,True
1788620113.3934333,1.478865989195766,7.14367551129963,0.004630742294971708,False,False,True,True,True
1788620113.4864216,2.595236126280262,11.885902738636084,0.00923258535986375,False,False,True,True,True
1788620113.5840192,0.9663144230933767,17.012390940606195,0.014084970415956527,False,False,True,True,True
1788620113.6815448,1.2278439361294233,2.704256204105371,0.006444355096473247,False,False,True,True,True
1788620113.7912912,3.334277034815694,19.26064809425575,0.021907751796120336,False,False,True,True,True
1788620113.8806694,4.037522551705636,8.008953045258325,0.02704879463813707,False,False,True,True,True
1788620113.9793725,2.951674349923801,10.828196988198835,0.021491781150791256,False,False,True,True,True
1788620114.0754926,0.30897174079932394,27.263554111113933,0.015312727095854168,False,False,True,True,True
1788620114.1899276,3.3091730166539763,26.219856615469297,0.030391298801820666,False,False,True,True,True
1788620114.2840238,0.6843627252547222,27.864980405517144,0.024729392206821316,False,False,True,True,True
1788620114.3823938,3.497164658004408,28.549971691205556,0.027793570448878667,False,False,True,True,True
1788620114.4795794,3.4550964112645923,0.6187067024319908,0.02303228545856063,False,False,True,True,True
1788620114.5944352,2.903539083497203,4.892750209631613,0.022155591044558606,False,False,True,True,True
1788620114.6869254,0.6960792620787967,23.79896151929933,0.018697808803724337,False,False,True,True,True
1788620114.7858229,0.22776338482493302,4.791850170904496,0.0009180024650041548,False,False,True,True,True
1788620114.8960896,2.484726801904543,20.46882295053937,0.015196707933437918,False,False,True,True,True
1788620114.9948525,1.299363043916957,11.845267403442863,0.012021602297969303,False,False,True,True,True
1788620115.086719,0.7209474511557459,6.26077903650396,0.0024550405069975983,False,False,True,True,True
1788620115.1812804,1.7040508696001617,10.414691152799863,0.0042231082628529934,False,False,True,True,True
1788620115.2915347,0.811922815399247,7.991792094458309,0.008858335056089335,False,False,True,True,True
1788620115.392837,2.6506473870619334,18.15622228471253,0.011562727539077734,False,False,True,True,True
1788620115.4878683,4.300106689519925,17.36363777786137,0.025647075782960937,False,False,True,True,True
1788620115.5846102,0.4346993889860996,40.28393778493027,0.03061948510714239,False,False,True,True,True
1788620115.6982725,0.5283509044427513,0.8184668149948355,0.0012978598614224587,False,False,True,True,True
1788620115.7861025,2.768931369343665,25.51330965358138,0.0109940977526687,False,False,True,True,True
1788620115.8885212,1.1479589704719457,15.78860049128139,0.008959801704526711,False,False,True,True,True
1788620115.9875758,0.7187422809238593,4.366287577926411,0.0052662890177227134,False,False,True,True,True
1788620116.0960743,3.695388508369901,27.42776609342486,0.03633102778013529,False,False,True,True,True
1788620116.1934087,0.9163991707198915,28.478556459911392,0.0259455346868712,False,False,True,True,True
1788620116.288581,1.3201281144177586,4.316526029311055,0.006628476942414327,False,False,True,True,True
1788620116.3858373,3.6650458158335946,24.161476361431664,0.03667438275352403,False,False,True,True,True
1788620116.4967356,0.8314587335146973,25.412414579304695,0.02046957024059158,False,False,True,True,True
1788620116.5915577,3.302744110470554,26.058426379088267,0.026778327040476255,False,False,True,True,True
1788620116.684219,2.9125389236700614,4.248447758175807,0.018426162067554527,False,False,True,True,True
1788620116.803249,2.2397194243791936,5.872900864571656,0.014442778785710165,False,False,True,True,True
1788620116.8956666,3.0003541621130396,7.877651542546435,0.014985415456646469,False,False,True,True,True
1788620116.991569,1.0993804463935775,19.798008139739775,0.011815317594358502,False,False,True,True,True
1788620117.0831347,0.939158819509399,1.8031618170347232,0.004620797968036575,False,False,True,True,True
1788620117.1978216,0.3967748800212094,4.843167988219139,0.0020044056123730124,False,False,True,True,True
1788620117.2928379,4.089868207395718,38.88823779912762,0.028610376329221726,False,False,True,True,True
1788620117.3912659,0.8337339793833987,32.66716691592062,0.02449854563924712,False,False,True,True,True
1788620117.4902897,0.9754920582824881,1.4097278122218384,0.002057534118316699,False,False,True,True,True
1788620117.5966632,1.394357338575755,4.002524294454275,0.0037962454316547937,False,False,True,True,True
1788620117.6927028,2.9499479378708653,16.321621827637106,0.026819527533244358,False,False,True,True,True
1788620117.7875001,0.5969023696266058,24.804843473440393,0.013265596223799648,False,False,True,True,True
1788620117.8853955,0.9068786199651381,3.105892862345107,0.0030504823868602064,False,False,True,True,True
1788620117.9913821,1.4216636598454089,4.751000728439551,0.00364452435575621,False,False,True,True,True
1788620118.0903862,0.15045890383523938,12.822016913779452,0.004091293690966558,False,False,True,True,True
1788620118.1931674,4.097942238635506,38.422171121196776,0.03521762458845621,False,False,True,True,True
1788620118.2912645,3.2909716703410328,8.368462777864691,0.02849374688007359,False,False,True,True,True
1788620118.3965402,2.397301545403416,8.506308301110089,0.01688987949001381,False,False,True,True,True
1788620118.492468,2.2948706919880824,1.038890212797271,0.01100765266854069,False,False,True,True,True
1788620118.593728,0.1020960755630596,21.660446556141583,0.009417033582689175,False,False,True,True,True
1788620118.6883018,0.5992913724217701,5.25802140727954,0.0006433366935841672,False,False,True,True,True
1788620118.8039024,1.1499968909948843,4.82809462095542,0.0027855757982814394,False,True,True,True,True
1788620118.899136,1.3177868556219168,1.677383347024177,0.008454286173482468,False,False,True,True,True
1788620118.9894073,1.8397389367010337,5.901373371750888,0.010963569314710906,False,False,True,True,True
1788620119.103221,5.479457699567143,31.665174242165506,0.06106738649919155,False,False,True,True,True
1788620119.194913,3.0152934605506014,26.908431070789966,0.05653719149111556,False,False,True,True,True
1788620119.2937284,0.16139113083802167,28.869021093198846,0.014626464899935823,False,True,True,True,True
1788620119.397603,1.133819447321997,9.363339807110396,0.0025970169879530308,False,False,True,True,True
1788620119.5024996,1.8467356281256806,6.792114127533569,0.005904520842153325,False,False,True,True,True
1788620119.601393,5.5256599347263435,37.72261908078993,0.04622705947111054,False,False,True,True,True
1788620119.6976194,4.6342841083558035,10.0150530773179,0.05098965702423543,False,False,True,True,True
1788620119.791829,1.5119642891032565,33.65778239166328,0.03260111289612009,False,False,True,True,True
1788620119.9099624,1.2208969723143481,2.44609256540099,0.0045822387613473235,False,False,True,True,True
1788620119.994947,1.3480936525149332,1.5393461584934969,0.009442893780189915,False,False,True,True,True
1788620120.097647,2.664135247411171,12.95080959258346,0.011402640192105231,False,False,True,True,True
1788620120.194938,1.36755341863622,13.49683811491179,0.011184400701521038,False,False,True,True,True
1788620120.3050494,0.8595115628699324,4.623974252917418,0.007293270426331579,False,False,True,True,True
1788620120.3959298,0.6792998624927907,1.9863047647731185,0.0019861384092810276,False,False,True,True,True
1788620120.4950666,0.6311673529595403,0.49094093069259465,0.001269028924678996,False,False,True,True,True
1788620120.5921397,4.496957633884858,39.802577811655375,0.033888110611914934,False,False,True,True,True
1788620120.6980412,3.242896484616091,12.326230287554987,0.03166248210803339,False,False,True,True,True
1788620120.7954338,1.7127100104573896,16.2267701124978,0.034099255768956845,False,False,True,True,True
1788620120.8911018,1.8951641107496229,2.0301625354113266,0.007036349596535277,False,False,True,True,True
1788620120.9930649,1.3298088449943817,5.506130944174753,0.013747903247800715,False,False,True,True,True
1788620121.1036808,2.524185622828597,10.919328568291743,0.02329413683517247,False,False,True,True,True
1788620121.1966083,7.215526350068446,50.23300260450805,0.06584583280279281,False,False,True,True,True
1788620121.2939982,1.2118815617934813,61.45172564401099,0.07412742071124927,False,False,True,True,True
1788620121.4076662,1.5798748358613828,3.225800621697865,0.012610556853709598,False,False,True,True,True
1788620121.506325,0.9768076639458213,6.068339521327982,0.00488835929292661,False,False,True,True,True
1788620121.5982952,3.051220817060986,22.585662743532517,0.021737024149860985,False,False,True,True,True
1788620121.6929579,4.3340034506788845,13.66321275443645,0.02561479000551877,False,False,True,True,True
1788620121.808856,1.1352250299749715,27.3573577605402,0.02578037200448378,False,False,True,True,True
1788620121.9025183,0.38205016402855085,7.984626576808257,0.0036589514026498845,False,False,True,True,True
1788620122.0003643,0.9483059568125224,5.7866593204579155,0.0018309094580640011,False,False,True,True,True
1788620122.090554,0.23772877897669717,7.758288797632195,0.0016064291629149488,False,False,True,True,True
1788620122.2102325,0.6623469789530676,3.5452954959725917,0.0014697557574440759,False,False,True,True,True
1788620122.3014238,0.5888989914179735,0.8026250827287612,0.002317167795989654,False,False,True,True,True
1788620122.3953989,3.520265587544403,31.263001180574772,0.019354695957427535,False,False,True,True,True
1788620122.4941864,3.353062693019329,2.029181033201573,0.02195027391983023,False,False,True,True,True
1788620122.6070294,0.5468815611307202,25.355647699059602,0.024568590168307983,False,False,True,True,True
1788620122.6999767,0.9428866993303776,4.242528585676089,0.0016397021922308563,False,False,True,True,True
1788620122.7953405,8.323681602353965,77.46316532222811,0.13673298762360697,False,False,True,True,True
1788620122.8979363,8.467268806928725,0.11465913799592561,0.13552095835772152,False,False,True,True,True
1788620123.0057175,1.7511698466392296,62.23159197825326,0.12441537133501517,False,False,True,True,True
1788620123.0998688,0.7722341439655275,10.40411810616012,0.008031224123106008,False,False,True,True,True
1788620123.2002804,1.013012077649408,2.3967096818663216,0.004035304022775468,False,False,True,True,True
1788620123.2916353,4.285823706322076,35.873929313955685,0.025295032116731044,False,False,True,True,True
1788620123.407158,2.6271626878766723,14.293314105117487,0.026775071716110332,False,False,True,True,True
1788620123.4970188,0.6518772060772129,21.690483150198197,0.016477905672399915,False,False,True,True,True
1788620123.597425,0.8361831360774284,1.8612055769234643,0.00242908531322132,False,False,True,True,True
1788620123.7132585,0.5801015684081128,2.147250745029434,0.002293550828319372,False,False,True,True,True
1788620123.8067386,2.635602135854633,21.889923062266952,0.014737569822063238,False,False,True,True,True
1788620123.9006262,5.235409037596883,27.692118172941488,0.03647160379702553,False,False,True,True,True
1788620123.9997642,5.691672918209066,3.888186350337406,0.055481660303450316,False,False,True,True,True
1788620124.1067753,1.0291443670869893,44.30490588558718,0.0737486645854241,False,False,True,True,True
1788620124.2090433,0.5754190682643898,4.447344050387177,0.0021289578582825396,False,False,True,True,True
1788620124.3020208,4.848996996809044,46.054597551138286,0.04426914395082469,False,False,True,True,True
1788620124.3976188,7.423682310795721,26.65120844159096,0.07425825000852183,False,False,True,True,True
1788620124.514507,6.952131219468339,3.919661846502559,0.11360527383336698,False,False,True,True,True
1788620124.603836,2.4133188722285595,51.04389259614997,0.1025466561891868,False,False,True,True,True
1788620124.7035546,0.9930515907685464,14.607954082681905,0.011419447074929366,False,False,True,True,True
1788620124.7980447,0.7698731225406575,2.15505462994666,0.002815027539124838,False,False,True,True,True
1788620124.9153445,3.4428437296862295,22.796676878725137,0.028482692118753053,False,False,True,True,True
1788620125.0090933,0.708981755471448,29.148213413010463,0.03163812991887608,False,False,True,True,True
1788620125.1038113,3.9651456345497826,34.36248650417239,0.027233095149512616,False,False,True,True,True
1788620125.1988587,0.849733019763226,32.68517359915065,0.03200668798187758,False,False,True,True,True
1788620125.3126662,0.49922229802719614,3.0201409959076138,0.0011300172438772041,False,False,True,True,True
1788620125.404652,2.6652776280656303,23.487594114760093,0.01427854102374107,False,False,True,True,True
1788620125.5037234,1.9196617465916996,7.4175005528957705,0.00974985422692323,False,False,True,True,True
1788620125.5984316,4.02554757246267,22.219245460203595,0.04609008884564296,False,False,True,True,True
1788620125.7065613,3.3500874493866015,6.304983910526343,0.02740778498882976,False,False,True,True,True
1788620125.8037462,1.9528361480257552,14.419110651539729,0.020558250865141302,False,False,True,True,True
1788620125.9017136,1.2835813475192737,6.84821952409405,0.006361915784808525,False,False,True,True,True
1788620126.0157995,0.46380044128116893,7.160548963317422,0.002372076638380873,False,False,True,True,True
1788620126.1092966,0.4682897157629687,0.059097968102537105,0.0008902832258889631,False,False,True,True,True
1788620126.1989028,4.729218010573743,47.53034529920441,0.03435544055710086,False,False,True,True,True
1788620126.3019168,3.701377404782693,10.053940936289191,0.03229845525401206,False,False,True,True,True
1788620126.4179819,0.7616366994447421,25.340014620698994,0.02540911236250917,False,False,True,True,True
1788620126.5139096,1.5240259226454673,7.9748971046933645,0.0053864456937591215,False,False,True,True,True
1788620126.6044192,2.5833909224545364,11.865631038545907,0.00824467318472575,False,False,True,True,True
1788620126.7068584,0.6111562872815816,19.314503000880954,0.014030520510872955,False,False,True,True,True
1788620126.8172262,0.6367730436843598,0.24481151764828454,0.002474005241713803,False,False,True,True,True
1788620126.9073944,0.43548858145063407,2.252338514263006,0.0013749716851768569,False,False,True,True,True
1788620127.0042334,1.1028185087499651,6.892106930297114,0.0022504430324406066,False,False,True,True,True
1788620127.1032555,4.683565845517524,35.96922273440997,0.052373151289543,False,False,True,True,True
1788620127.217824,3.1978804018146794,13.035744771049243,0.03425378649831513,False,False,True,True,True
1788620127.30844,0.5130264779482405,29.32418673139748,0.025253860853398216,False,False,True,True,True
1788620127.406989,2.056052311568507,15.640094335652586,0.008220932066490758,False,False,True,True,True
1788620127.4991138,1.988625535492254,0.8798606421734374,0.021183131840046776,False,False,True,True,True
1788620127.609078,2.692079477527551,6.458271103143676,0.012856654784595141,False,False,True,True,True
1788620127.7078323,0.19194834829004653,25.365907380475946,0.016583820848330454,False,False,True,True,True
1788620127.8053505,4.860650440696469,47.873141967276666,0.042542752956719,False,False,True,True,True
1788620127.9050364,4.154095329002114,6.463599168082123,0.03816712470001562,False,False,True,True,True
1788620128.016003,1.1462175172493998,27.18755435927846,0.04410936046557394,False,False,True,True,True
1788620128.1205423,0.4627771313268854,6.562469637244766,0.004564267118972551,False,False,True,True,True
1788620128.202164,1.4086220786936205,11.599307543552937,0.002166806401285897,False,False,True,True,True
1788620128.3180175,3.4622831817451196,17.882017216013764,0.04236732125862244,False,False,True,True,True
1788620128.4134805,3.8625354265396394,3.9802294084277925,0.029290117602505637,False,False,True,True,True
1788620128.5034587,0.29962189898960956,39.71957612253202,0.027488423827857603,False,False,True,True,True
1788620128.6041884,2.4353351951523825,21.20305181933579,0.012371658387947437,False,False,True,True,True
1788620128.7215877,2.1361342278136393,2.4678015249153726,0.011973882716345642,False,False,True,True,True
1788620128.80947,0.7296625000344737,16.018077353066438,0.01044456286267618,False,False,True,True,True
1788620128.9082804,1.8110865840167731,10.972880727007551,0.004824982887122334,False,False,True,True,True
1788620129.0020053,3.3428579187877694,16.406417367981806,0.03301379103744594,False,False,True,True,True
1788620129.1124802,8.327031949699508,44.915566332930226,0.1280480681689918,False,False,True,True,True
1788620129.2105682,4.503154194495652,39.26910578377518,0.12475603901868679,False,False,True,True,True
1788620129.3135483,2.395263280401141,20.111634067836732,0.0688906883292712,False,False,True,True,True
1788620129.4069371,0.7490212871022198,17.651061269391096,0.01496126856737209,False,False,True,True,True
1788620129.519893,1.6559506260075534,8.017011973832997,0.006180420760715336,False,False,True,True,True
1788620129.6154034,1.6046527622123963,0.5276799535429378,0.006089074670817497,False,False,True,True,True
1788620129.709232,3.6531353097722334,21.873163194599748,0.01745709212177959,False,False,True,True,True
1788620129.8053675,0.5589938609221935,31.578409756579383,0.025728752793467626,False,False,True,True,True
1788620129.9152715,1.0230970403868374,4.215978784914572,0.002572067784812877,False,False,True,True,True
1788620130.0101535,0.5587481453544821,4.893419868174305,0.004006597587630724,False,False,True,True,True
1788620130.104718,0.9909973483837119,4.5721066670264365,0.003074613615097669,False,False,True,True,True
1788620130.2010703,0.4051603714196453,6.063648947151968,0.0015055255957688598,False,False,True,True,True
1788620130.3203554,0.8379948954489823,3.6311994221985415,0.002924885408444836,False,False,True,True,True
1788620130.406965,0.2471571635982787,6.813015735945226,0.0020617261361914065,False,False,True,True,True
1788620130.5042667,1.6881318993161667,14.778489063966083,0.0052855536341705174,False,False,True,True,True
1788620130.6162782,3.6049431067236943,16.965231601923108,0.024243030664609692,False,False,True,True,True
1788620130.721052,0.8757842589007397,25.991913475911613,0.031992191139276455,False,False,True,True,True
1788620130.811988,1.4516244135316219,6.330244555161427,0.0048306627001638855,False,False,True,True,True
1788620130.9067924,2.272964116138692,8.68994790309737,0.017838660529570262,False,False,True,True,True
1788620131.0180407,1.3149437720406654,8.583092557628547,0.007148271933405389,False,False,True,True,True
1788620131.1128654,0.9015492545124545,4.2902473350127845,0.003552567942093351,False,False,True,True,True
1788620131.2109594,1.2401959491482808,3.5004815408194707,0.0024407033360472636,False,False,True,True,True
1788620131.3081768,2.046100247601662,8.252366295374964,0.015240746580433964,False,False,True,True,True
1788620131.419847,3.7660031506632303,15.313600708360195,0.05753209169496426,False,False,True,True,True
1788620131.5124524,5.339480966352673,16.705897531124517,0.04357962456972587,False,False,True,True,True
1788620131.610851,0.6868369382222665,46.76131698185575,0.043424226082063457,False,False,True,True,True
1788620131.711995,1.1243705501004468,4.189907995516637,0.0035419401959989236,False,False,True,True,True
1788620131.8151665,2.6679327754872886,14.832927585213682,0.020347963066367263,False,False,True,True,True
1788620131.9156032,0.8845996235196756,17.524576940263614,0.012569558820588406,False,False,True,True,True
1788620132.0105457,4.431798346944683,37.375572657074805,0.04022246831902197,False,False,True,True,True
1788620132.1089976,2.251586938061447,21.95123545689975,0.026121606378395352,False,False,True,True,True
1788620132.21915,0.23304162023617464,18.33977921238225,0.009591566795046596,False,False,True,True,True
1788620132.3128045,1.8003781870276945,16.73888095006205,0.0054525280501948395,False,False,True,True,True
1788620132.4123855,0.6158293776956278,11.930969025193004,0.0065453632751986315,False,False,True,True,True
1788620132.5063245,0.6409681106503774,0.33445307226531834,0.0010761124887091016,False,False,True,True,True
1788620132.6173716,2.6538765363629944,18.040037229790524,0.01559992019539198,False,False,True,True,True
1788620132.7173243,2.05312077324695,5.889613160641214,0.03561575770501487,False,False,True,True,True
1788620132.810619,0.623577730412412,15.387101336096919,0.006903908069620434,False,False,True,True,True
1788620132.924412,2.152869468628355,13.421652701310334,0.01450320820615443,False,False,True,True,True
1788620133.0250127,1.9125698648162295,2.4657229193896724,0.010352937505682449,False,False,True,True,True
1788620133.1148083,1.4508062469861773,5.220803874688218,0.006472457140525093,False,False,True,True,True
1788620133.2094784,1.4795040369904102,0.38455757407474467,0.009961821297476754,False,False,True,True,True
1788620133.3210933,1.0603353012035732,3.7124081436032728,0.003947990799073625,False,False,True,True,True
1788620133.4178126,0.5930797858933238,4.707523083847318,0.00415152995252215,False,False,True,True,True
1788620133.5198772,1.5730846420543714,9.62760429005691,0.0040885780185222365,False,False,True,True,True
1788620133.616387,2.1164010181467057,5.644474278874947,0.0072858817255335336,False,False,True,True,True
1788620133.7211807,1.2839982823012663,7.899895595025268,0.016021517062302662,False,False,True,True,True
1788620133.8196769,2.1840380151343193,9.22637795222576,0.007961119924876778,False,False,True,True,True
1788620133.9212184,1.266025823150492,8.827143479065844,0.008162447506381421,False,False,True,True,True
1788620134.009848,2.755890276043911,16.874557286777648,0.011167189143434206,False,False,True,True,True
1788620134.124465,0.8978187055276569,16.215727970198234,0.017214080908247085,False,False,True,True,True
1788620134.2153826,3.172198802106094,24.852210882068874,0.012919564177873787,False,False,True,True,True
1788620134.3115635,0.636946426573564,26.666971413267174,0.01401532795171789,False,False,True,True,True
1788620134.4168622,2.7504454772079145,20.078705728622392,0.014966562618698057,False,False,True,True,True
1788620134.5230343,3.496549655316439,7.057823196353206,0.022890830886870373,False,False,True,True,True
1788620134.6185322,5.1660860987494654,17.56615556144277,0.0386978426946318,False,False,True,True,True
1788620134.7154362,1.431261272094838,38.24639313958578,0.038729249682682834,False,False,True,True,True
1788620134.8122945,0.6764193842951128,7.7969478427916545,0.004839530929057362,False,False,True,True,True
1788620134.920363,2.511923062963436,17.030944655626215,0.016202849068393352,False,False,True,True,True
1788620135.0228004,0.8477794691932786,16.64914363193988,0.02048969546103566,False,False,True,True,True
1788620135.1200366,0.6424343959512474,2.217148407152622,0.0015685535942608832,False,False,True,True,True
1788620135.2262573,1.4692636472715228,7.809980216267552,0.003845166129419872,False,False,True,True,True
1788620135.3304949,5.109594963475744,34.9419455937063,0.04520891448131237,False,False,True,True,True
1788620135.4168239,2.670467472743781,29.095489925928636,0.047245621096402554,False,False,True,True,True
1788620135.523283,4.990386313006534,21.94333718900834,0.08189734108696202,False,False,True,True,True
1788620135.629615,1.0122282502810276,37.75784337005651,0.06075222900310199,False,False,True,True,True
1788620135.7232463,5.270214257485679,45.523018849870766,0.04594141016012934,False,False,True,True,True
1788620135.82084,0.9808477515162042,43.83396143512139,0.05549961161680365,False,False,True,True,True
1788620135.9219258,1.0741878234983475,0.920451056538516,0.002147331825444596,False,False,True,True,True
1788620136.0263531,2.4944301162668685,13.620947423791625,0.017461305120220382,False,False,True,True,True
1788620136.124782,4.63088965024071,21.7616874040246,0.0716837959479076,False,False,True,True,True
1788620136.2222254,6.984342563022995,24.302991030899495,0.07071353313270261,False,False,True,True,True
1788620136.319408,1.7174022800644253,53.89891817891425,0.1148036714290732,False,False,True,True,True
1788620136.4259484,1.795639647403251,0.8036465456001173,0.006401722638053221,False,False,True,True,True
1788620136.526446,0.2812326816704061,14.989985471236286,0.007142654380995007,False,False,True,True,True
1788620136.6189723,0.4829649634634978,2.184346922988114,0.0006322523706988635,False,False,True,True,True
1788620136.7230947,1.5057524763950279,9.709609123180606,0.006228227383344699,False,False,True,True,True
1788620136.8272154,3.45303921124411,18.656321711020773,0.03911954117187274,False,False,True,True,True
1788620136.9225264,0.9459897288430045,26.29951300011334,0.020231311459599954,False,False,True,True,True
1788620137.0185542,0.6494690324131587,3.0425883871308685,0.002081067844780692,False,False,True,True,True
1788620137.1179407,3.02483884499515,23.891529586676217,0.017346307664627202,False,False,True,True,True
1788620137.2334318,2.1577771945115107,7.239563918905198,0.043004562690301416,False,False,True,True,True
1788620137.3314643,0.835089162315256,13.401155116148978,0.00938621969119944,False,False,True,True,True
1788620137.4170544,1.183794259837922,4.073719442674996,0.002165474590264302,False,False,True,True,True
1788620137.5332656,3.206823621044779,17.49356379273356,0.023330087445961597,False,False,True,True,True
1788620137.6301477,2.6213701949532204,6.340854323489677,0.022103782608161857,False,False,True,True,True
1788620137.7221806,1.2101161007967978,15.652897403729915,0.009918433756882382,False,False,True,True,True
1788620137.824508,0.31059024064889057,8.768769953733207,0.001928370537343773,False,False,True,True,True
1788620137.928865,2.561104827877878,21.583532546456386,0.015496275860316936,False,False,True,True,True
1788620138.0236864,1.3014059456221063,13.204395720012947,0.011107049660748753,False,False,True,True,True
1788620138.1265028,4.331633893721745,29.354860891132752,0.0502557669562901,False,False,True,True,True
1788620138.21672,0.9087147426493469,37.68439934854566,0.03224342537436529,False,False,True,True,True
1788620138.3304708,5.7192424291293165,42.18303154583216,0.09139752472530026,False,False,True,True,True
1788620138.4289951,4.498666786573809,11.16606611036339,0.062312071540086895,False,False,True,True,True
1788620138.5308244,0.22638901693409746,42.02533451508485,0.03989102718291901,False,False,True,True,True
1788620138.6240566,0.9897134713571276,8.168032827638381,0.0020092122555006257,False,False,True,True,True
1788620138.7315152,2.8645549030169297,17.467206607196438,0.014807905667933236,False,False,True,True,True
1788620138.8311696,1.3352988338684282,15.292007900263295,0.014232425296136436,False,False,True,True,True
1788620138.920618,1.1704972171743768,1.844356792941605,0.00299167415542722,False,False,True,True,True
1788620139.0201046,0.6584296337950942,5.060229681660066,0.0023293148074154117,False,False,True,True,True
1788620139.130664,1.5810104681066828,8.35244430239616,0.004777048052869323,False,False,True,True,True
1788620139.2246337,1.070007559176612,5.431439084183198,0.009406539718290039,False,False,True,True,True
1788620139.324176,5.635207334304092,45.873427335731904,0.05486168270214509,False,False,True,True,True
1788620139.4209905,0.6777494954879812,51.02048818777764,0.05755050482468909,False,False,True,True,True
1788620139.532032,2.667582482610381,17.946939446241448,0.019924460264610026,False,False,True,True,True
1788620139.629984,0.44798969575041103,22.612807195322933,0.019916865433167105,False,False,True,True,True
1788620139.7260067,2.4817694619715387,21.173516915188344,0.009582897760011047,False,False,True,True,True
1788620139.8336563,1.0786707582656934,13.047923632154673,0.018574642478304863,False,False,True,True,True
1788620139.930794,1.539867767224082,4.520899883917964,0.004054240319840118,False,False,True,True,True
1788620140.0285685,3.0913794298434896,15.947116810030918,0.014381794502566112,False,False,True,True,True
1788620140.123957,9.070237702224569,61.71808314412665,0.1084379227002255,False,False,True,True,True
1788620140.232304,3.329128908160803,52.44984512905405,0.10990266364390128,False,False,True,True,True
1788620140.3290968,0.7435575367302135,26.695091392422363,0.024375316366856865,False,False,True,True,True
1788620140.4311726,0.8942729546149703,1.518159019876264,0.003313458701566077,False,False,True,True,True
1788620140.5270095,1.949752097172119,11.032195225205678,0.009969863597613217,False,False,True,True,True
1788620140.6348577,1.5197565430471212,3.79615120174465,0.016483244399506842,False,False,True,True,True
1788620140.7281253,1.7428986327692493,2.3531905554616905,0.005481299543773169,False,False,True,True,True
1788620140.8271153,0.2395007799937742,15.147571753674704,0.004959140242263106,False,False,True,True,True
1788620140.924901,3.7924779936176525,36.332695011298334,0.025978471143752343,False,False,True,True,True
1788620141.039011,7.51976589804926,33.08160976808275,0.10859070806212354,False,False,True,True,True
1788620141.1295657,6.167118886974858,15.468272223145936,0.11148764680362203,False,False,True,True,True
1788620141.2261105,3.2294461176902325,30.850106674471736,0.11188692548966886,False,False,True,True,True
1788620141.3263812,0.5812962986228468,26.415136483654003,0.018337061846634202,False,False,True,True,True
1788620141.4347887,0.4342392706153647,1.3585085604978215,0.0012785221990318342,False,False,True,True,True
1788620141.533913,0.9599561947116626,5.329845043136529,0.0021032401092345564,False,False,True,True,True
1788620141.6304293,1.977695910302284,10.521667728217183,0.011166475285944139,False,False,True,True,True
1788620141.721909,5.690169983803655,40.562663043074636,0.040713869697026964,False,False,True,True,True
1788620141.8352141,7.560964093853313,16.652648044135177,0.10836016838060425,False,False,True,True,True
1788620141.9300964,5.259403105584936,24.332121698722887,0.1074990940706462,False,False,True,True,True
1788620142.0271292,0.819446069830358,45.77918612995856,0.043036788604433905,False,False,True,True,True
1788620142.1360693,5.763084925042334,45.26786321113047,0.0681259073777371,False,False,True,True,True
1788620142.239399,5.257486233406786,5.263427674804024,0.06653173606041635,False,False,True,True,True
1788620142.3319309,2.223951307853244,32.328695821872024,0.08411376754278158,False,False,True,True,True
1788620142.4291377,0.7269725340404708,15.27596503492789,0.006504552926885079,False,False,True,True,True
1788620142.5376184,4.409871834098816,33.97003039751875,0.05059891817379395,False,False,True,True,True
1788620142.664673,1.0531095289053418,26.21695793641652,0.03635345255216227,False,False,True,True,True
1788620142.734983,8.754021185758571,109.43407208151913,0.08998750116071173,False,False,True,True,True
1788620142.8325596,4.566113964153788,42.512354279572826,0.05924912420788042,False,False,True,True,True
1788620142.9395428,2.7321066254848367,17.108442574820845,0.029859631690053415,False,False,True,True,True
1788620143.0346093,0.8321922715142349,20.042008764361373,0.021820301425922683,False,False,True,True,True
1788620143.1315665,1.396694307092998,5.867042796006952,0.006095115595966621,False,False,True,True,True
1788620143.2316093,5.556104955965673,41.49183070248411,0.04930297920982983,True,False,True,True,True
1788620143.3434873,0.9163267556438017,41.923360006486924,0.051563947265734544,False,False,True,True,True
1788620143.4396229,1.3985056198587122,5.029584888412891,0.007494111077359721,False,False,True,True,True
1788620143.5306227,1.6239077392373755,2.619384500854592,0.008930630401821462,False,False,True,True,True
1788620143.6341617,0.4013471016360017,11.778347049484134,0.004543112069059152,True,False,True,True,True
1788620143.7396607,1.6307966842325297,11.6638348856804,0.00563395824016326,False,False,True,True,True
1788620143.8342657,0.2844014315014377,14.041600665333116,0.0053714711399480905,False,False,True,True,True
1788620143.9291487,0.0744752692465771,2.21071435669901,0.00016873147039931808,False,False,True,True,True
1788620144.0241652,1.2065707055040547,11.91034518686759,0.0025393460324146695,False,False,True,True,True
1788620144.1367133,0.5664349957837392,5.649353918653716,0.002087740911277859,False,False,True,True,True
1788620144.2325516,3.3920841534664383,29.49797529757369,0.024460039770216716,False,False,True,True,True
1788620144.331277,5.621669222526305,22.534797577675743,0.045864478861695646,False,False,True,True,True
1788620144.4444764,0.980296215809668,40.83491421170758,0.0510105859014447,False,False,True,True,True
1788620144.5391629,2.735811963806251,18.553342455651897,0.02098725415545175,False,False,True,True,True
1788620144.635063,2.7229359356470924,0.11252924520154212,0.014455200202752972,False,False,True,True,True
1788620144.7287333,2.650923865622251,0.7377186149968666,0.01314391362082526,False,False,True,True,True
1788620144.8433514,2.398747996982265,2.178242192525218,0.014813455866430734,False,False,True,True,True
1788620144.9412024,2.1057268648662646,2.99304025113418,0.012492900850113583,False,False,True,True,True
1788620145.0330412,0.626364787758697,16.25641580779622,0.00680843739533447,False,False,True,True,True
1788620145.1344252,1.141658403278552,5.054235938104085,0.004516731859660084,False,False,True,True,True
1788620145.244802,2.653586484779951,13.617668527715354,0.012813986354797755,False,False,True,True,True
1788620145.339208,0.9736341446763476,17.819403822178554,0.01679307987565425,False,False,True,True,True
1788620145.4364994,5.160735377810655,42.911637523094974,0.05014853395323622,False,False,True,True,True
1788620145.5337505,1.3653454102107168,37.96500207187718,0.0394252060881214,False,False,True,True,True
1788620145.646124,0.5950741563427137,7.057517646588482,0.0052644232972883075,False,False,True,True,True
1788620145.7451377,1.9378185180179865,13.563631163680093,0.009845960710740656,False,False,True,True,True
1788620145.8391511,0.7544945392390778,12.585364431842525,0.005802967691247783,False,False,True,True,True
1788620145.9342616,0.7914708252006171,0.4237067717665211,0.0013316571035325473,False,False,True,True,True
1788620146.0442953,0.27082293456645196,4.811901805058243,0.0012171226523172633,False,False,True,True,True
1788620146.1379416,1.3984913445658373,12.036023477362084,0.0035953134592699807,False,False,True,True,True
1788620146.239263,0.858007466286711,5.19347291421327,0.003867895393191628,False,False,True,True,True
1788620146.3337147,2.579031689567714,18.139378672255468,0.014288019349541702,False,False,True,True,True
1788620146.4452453,0.22202175948512226,21.175211030480494,0.011878446518582777,False,False,True,True,True
1788620146.5462565,0.853576272341596,6.243519093243049,0.0016581692141089408,False,False,True,True,True
1788620146.639017,0.5311624174357955,3.472988586888344,0.001789492646278129,False,False,True,True,True
1788620146.7491121,0.5420169697223605,0.12193999387159246,0.0015015021638079215,False,False,True,True,True
1788620146.8480415,2.4104902499140564,18.879047696840736,0.013744844470545121,False,False,True,True,True
1788620146.9406927,7.300164743052068,52.86072963960845,0.1282887462085651,False,False,True,True,True
1788620147.0373232,2.9897504435681412,43.269245261420096,0.06496349701861812,False,False,True,True,True
1788620147.1471646,0.6142292796931877,21.783762678842166,0.014466913937989776,False,False,True,True,True
1788620147.2486715,3.5866911558729573,29.243067935834706,0.022731740617053926,False,False,True,True,True
1788620147.341472,2.1079872291236845,15.879610612241677,0.020512335869577725,False,False,True,True,True
1788620147.436292,0.7887896471300965,13.873029793504507,0.005644708966893813,False,False,True,True,True
1788620147.5494428,0.41131798778767126,3.2220880873805853,0.0012729446575036928,False,False,True,True,True
1788620147.6463006,3.584515279511753,32.752059725129826,0.022065557595822557,False,False,True,True,True
1788620147.7430205,0.7578523396152581,29.1455239699909,0.021396892321675437,False,False,True,True,True
1788620147.8419235,0.19108604068429558,5.71792610880078,0.000965226471229319,False,False,True,True,True
1788620147.9475412,0.5822653066229487,3.717062799612794,0.000698828922109955,False,False,True,True,True
1788620148.0436156,1.3244808916950839,7.72830850047728,0.004625298541299763,False,False,True,True,True
1788620148.1420372,3.7279253110161767,24.408556165289077,0.020871658733449056,False,False,True,True,True
1788620148.2383406,0.6188430067077533,32.34112536171679,0.023183479632040857,False,False,True,True,True
1788620148.3482347,1.772011684003443,10.351691500441289,0.006071201237142875,False,False,True,True,True
1788620148.4479334,3.102929552520697,13.309699533629303,0.01521893247498959,False,False,True,True,True
1788620148.540677,1.2620852336650121,20.115176177792414,0.026940776344590498,False,False,True,True,True
1788620148.635003,0.35392683353085236,9.783252530195645,0.002512417490298764,False,False,True,True,True
1788620148.753533,0.15165477195338836,1.705830121394177,0.0003418594059465735,False,False,True,True,True
1788620148.8514614,1.1584833313948908,10.285036595222271,0.0021930949024229164,False,False,True,True,True
1788620148.9487069,0.2720224459748857,9.192720311110703,0.0024190420160854305,False,False,True,True,True
1788620149.0580506,1.209420356494748,8.58018230700314,0.00378407336004307,False,False,True,True,True
1788620149.1584425,0.8205493936296496,3.8217802576834274,0.0050925907183178975,False,False,True,True,True
1788620149.2536707,0.832332492242714,0.1198832123972837,0.002153591653900569,False,False,True,True,True
1788620149.352768,2.8714687237781114,20.534053553405045,0.01308016113794651,False,False,True,True,True
1788620149.4625444,1.0170642631738964,17.320851677460137,0.012928830689535398,False,False,True,True,True
1788620149.553555,1.8554233829601687,9.350534487762127,0.01016944733577881,False,False,True,True,True
1788620149.6515183,5.741290911985178,39.543942623182176,0.07120009357073132,False,False,True,True,True
1788620149.7551217,2.283387967005488,32.12843796888213,0.04468714240883849,False,False,True,True,True
1788620149.856252,4.209099529900099,19.136708062391847,0.06327153644634763,False,False,True,True,True
1788620149.957338,0.7008665746232391,34.72695761494748,0.03322096776242777,False,False,True,True,True
1788620150.0547943,0.41659675020357906,2.918520014339454,0.0008966655163762725,False,False,True,True,True
1788620150.1465273,1.059472585316087,7.008751649742729,0.0023933207368819435,False,False,True,True,True
1788620150.266392,0.5133967504115136,4.417155670328249,0.0016617169011985847,False,False,True,True,True
1788620150.3590713,2.8142545889840047,24.822341953097112,0.012593396301161151,False,False,True,True,True
1788620150.4448028,8.446542096585294,65.98665308951863,0.07890098685224323,False,False,True,True,True
1788620150.544466,6.10339688083682,27.048022847939304,0.09145358291490087,False,False,True,True,True
1788620150.6586921,8.670718228411834,23.803894371843693,0.14362116405086706,False,False,True,True,True
1788620150.75363,4.137176814214168,45.80210101851517,0.1426345290334006,False,False,True,True,True
1788620150.856118,6.557496267076097,23.08195127695826,0.1649500426701717,False,False,True,True,True
1788620150.96475,3.287042864220207,30.008013375411146,0.06586699483331526,False,False,True,True,True
1788620151.0564685,1.1837754948285144,22.86703024406177,0.020308176928662124,False,False,True,True,True
1788620151.1497664,0.7327157632520119,4.722002289278703,0.001924050879396805,False,False,True,True,True
1788620151.25206,3.3927331326531736,25.866993179546917,0.01959524597257979,False,False,True,True,True
1788620151.3575768,1.2520937091065798,20.9866756301952,0.01929311901586751,False,False,True,True,True
1788620151.4541872,3.6036065036771228,24.278931538928457,0.032956887744599005,False,False,True,True,True
1788620151.550582,1.7752267147033876,18.9270049425334,0.018752572718650527,False,False,True,True,True
1788620151.6449218,1.9873521249671486,2.2449200309306114,0.015051750860312817,False,False,True,True,True
1788620151.7574522,2.3233461781084763,3.1099836610680787,0.012836680844729062,False,False,True,True,True
1788620151.855389,0.4350002499788857,19.283509267534303,0.012076549311920978,False,False,True,True,True
1788620151.9518526,0.9109315481065632,4.900973777052826,0.00234152737409754,False,False,True,True,True
1788620152.047113,4.065727402402203,33.23641138846962,0.025615236511396675,False,False,True,True,True
1788620152.1621892,3.3255590297995234,6.368980972830129,0.08384095976132788,False,False,True,True,True
1788620152.2518473,10.485016503635903,79.9929156570217,0.12871596964409354,False,False,True,True,True
1788620152.3461792,1.1863887153327324,98.40863525339304,0.15528544388129537,False,False,True,True,True
1788620152.4442062,3.417241577505809,22.84460327023235,0.029327523486158042,False,False,True,True,True
1788620152.5594828,3.06980535914749,3.025759672914103,0.023079020848365852,False,False,True,True,True
1788620152.652107,2.117896326137026,10.457374478002455,0.01878208722009482,False,False,True,True,True
1788620152.7470498,1.060788325251174,10.953292136016975,0.011824388680419764,False,False,True,True,True
1788620152.8417163,3.067944315263442,20.853300974001282,0.013015858913592466,False,False,True,True,True
1788620152.9554758,4.25209619093521,10.319046865316809,0.036102297916080564,False,False,True,True,True
1788620153.0492394,2.108881352211748,22.66786316925167,0.03608625892092124,False,False,True,True,True
1788620153.1459954,3.8655791787777134,18.197450322535524,0.04475503983465683,False,False,True,True,True
1788620153.262661,2.312476659270489,13.304686571551038,0.021230928003299745,False,False,True,True,True
1788620153.3543084,2.2559724608538443,0.6708287947070461,0.011809725156055684,False,False,True,True,True
1788620153.4524648,0.8541907183144805,14.063467861323693,0.009237374186573154,False,False,True,True,True
1788620153.5456755,0.2653076872904868,6.289909920022909,0.0013605218743794757,False,False,True,True,True
1788620153.659998,1.2229778166015701,8.38419206395281,0.0044189955179804105,False,False,True,True,True
1788620153.7588823,0.5277918260130449,7.053252159536405,0.003032301823161644,False,False,True,True,True
1788620153.8559473,1.4898994046662783,9.925377711261165,0.0035033053641340293,False,False,True,True,True
1788620153.9536746,1.6639851396853478,1.7796018072642399,0.004997772054741583,False,True,True,True,True
1788620154.0671759,0.43702883313252167,10.712736935771558,0.004790381875506741,False,False,True,True,True
1788620154.1581802,0.5429798161816863,1.174033109761701,0.0008831028589468461,False,False,True,True,True
1788620154.2523196,1.3030681739582284,8.103600526029386,0.0031539107023745142,True,False,True,True,True
1788620154.3479958,0.2547798797409225,10.937413974511731,0.003083684447237217,False,False,True,True,True
1788620154.4615355,3.0868656328194435,24.931574072821107,0.023602334288493138,False,True,True,True,True
1788620154.5569143,7.973245443613936,50.98364836716991,0.08321399600875026,False,False,True,True,True
1788620154.6528955,6.445584905657497,15.85160248886125,0.09444794015322769,False,False,True,True,True
1788620154.747496,6.311212673796961,2.4695650355373417,0.07174428986465507,False,False,True,True,True
1788620154.8600295,0.7841518301122719,49.57100283999743,0.06083345938240472,False,False,True,True,True
1788620154.955581,2.91374224255732,22.368154225559437,0.018914455711683122,False,False,True,True,True
1788620155.0495744,3.790679119489869,9.706781104696294,0.051451077634410584,False,True,True,True,True
1788620155.1476865,1.8628435494898248,19.64221314042004,0.018248018225672746,False,False,True,True,True
1788620155.2598329,1.9806034608121212,0.9472598786711013,0.022838171787821406,False,False,True,True,True
1788620155.358112,2.3647683497735517,4.1019507108797155,0.009861429309252094,False,False,True,True,True
1788620155.4497042,0.999359764120788,15.419009765127639,0.014833475096152847,False,False,True,True,True
1788620155.562883,0.38298786215960634,5.297433809293626,0.0015655085125314478,False,False,True,True,True
1788620155.6564195,2.0601121032671466,17.88923862409668,0.007302947905055288,False,False,True,True,True
1788620155.7538126,1.2789497471041857,7.98567946758224,0.014051044513712245,False,False,True,True,True
1788620155.8562577,1.4828602962035842,1.9490612565216043,0.010803294653232078,False,False,True,True,True
1788620155.9651492,3.3321166850147086,17.00838977125686,0.01891462082385291,False,False,True,True,True
1788620156.0568078,1.2572910583867984,22.581673557846717,0.019529377841430728,False,False,True,True,True
1788620156.1604567,0.3909054489099056,8.253170461065885,0.0022982672842981303,False,False,True,True,True
1788620156.2542958,5.848244193673347,58.14895800259414,0.0550721370029271,False,False,True,True,True
1788620156.3635542,6.546731309913346,6.992791995181786,0.08127645245019574,False,False,True,True,True
1788620156.4560604,5.021992857261664,17.20494699246911,0.07706745541087888,False,False,True,True,True
1788620156.554935,0.8604254331399215,42.296997244167684,0.03649800266042867,False,False,True,True,True
1788620156.6505477,1.0846137394192907,2.358587611190645,0.004315578253882829,False,False,True,True,True
1788620156.7653766,1.0555445218046586,0.2845821999702154,0.006749073251308939,False,False,True,True,True
1788620156.8620572,2.0108704820697496,9.90059189540322,0.005947932681148455,False,False,True,True,True
1788620156.958989,6.363548033121259,44.93020042299741,0.05807163880393782,False,False,True,True,True
1788620157.0501876,5.950756302170558,3.8856413189427377,0.06492178818228571,False,False,True,True,True
1788620157.1654336,0.4314610251361383,47.59906891215637,0.055894773538376116,False,False,True,True,True
1788620157.266031,5.449109761442232,49.91098338897666,0.05960152640400604,False,False,True,True,True
1788620157.3540466,1.710474451780661,42.34904388401536,0.04852812776765612,False,False,True,True,True
1788620157.4507458,1.0938971390033074,6.344790867401213,0.008062961761356334,False,False,True,True,True
1788620157.562952,0.85164569613654,2.1694434296866723,0.004689146311911192,False,False,True,True,True
1788620157.658989,4.08908557236503,33.74135588843566,0.03655586930100747,False,False,True,True,True
1788620157.752605,4.236994794396143,1.5947268657305318,0.031288420653218206,False,False,True,True,True
1788620157.8625765,0.3044265350666709,35.235368403396414,0.032533724213092585,False,False,True,True,True
1788620157.9628704,3.4601661346933343,31.40983240414535,0.021923349364639858,False,False,True,True,True
1788620158.0681298,6.48734156946297,28.727065539709507,0.07055901149605788,False,False,True,True,True
1788620158.16055,6.027576007228421,7.09769531478952,0.07894015594199554,False,False,True,True,True
1788620158.2675061,1.416121949861072,43.10176445235647,0.07881073345311702,False,False,True,True,True
1788620158.3604233,4.315314546249523,31.25598550793842,0.023556009928687473,False,False,True,True,True
1788620158.4621735,2.427753837739122,18.521976569834585,0.02339314302891735,False,False,True,True,True
1788620158.5553477,1.9254200031837156,5.07739220864271,0.025288062508759666,False,False,True,True,True
1788620158.664798,1.1813495422037938,6.644076250717883,0.005724406585878481,True,False,True,True,True
1788620158.7637858,2.247203945883541,10.761426927110895,0.007484334874830353,False,False,True,True,True
1788620158.8574193,5.83881662182656,38.44795126334157,0.045382975719843344,False,False,True,True,True
1788620158.951288,4.024730329557313,20.009609838457866,0.0471161880079394,False,False,True,True,True
1788620159.0697987,1.2035224215484732,23.858266998559692,0.021699053292850674,False,False,True,True,True
1788620159.1642342,0.7206475690491865,5.107599309003119,0.0033962315198454896,False,False,True,True,True
1788620159.2573895,2.06736741571489,14.386638553055752,0.005725314531826413,False,False,True,True,True
1788620159.3552306,0.5032059462482822,15.52493620400104,0.005968490373358142,False,False,True,True,True
1788620159.464482,0.6583415485098327,1.4194718893136147,0.001926200456202436,False,False,True,True,True
1788620159.5614395,1.9431042780221313,13.247670375897831,0.005635457443292914,False,False,True,True,True
1788620159.657306,5.812128444892787,40.45430258114759,0.047554800603283584,False,False,True,True,True
1788620159.755413,0.8135631323561455,51.01570177067367,0.05397814252247935,False,False,True,True,True
1788620159.8761938,2.785065473123905,16.31286886801278,0.02797930202349275,False,False,True,True,True
1788620159.9676766,0.3912155267513449,26.06151414921459,0.020150970769604912,False,False,True,True,True
1788620160.060107,0.8439936883658077,4.926393559649642,0.0019310469188994874,False,False,True,True,True
1788620160.1774173,2.2501025368887086,11.934514766436708,0.017231351455741655,False,False,True,True,True
1788620160.2727935,5.207384558901262,30.956581307705466,0.03693162368654024,False,False,True,True,True
1788620160.3686538,2.2890290742631887,31.46687048840835,0.03969968542526322,False,False,True,True,True
1788620160.4642365,0.4371747466632909,19.371722144540946,0.010288769105997199,False,False,True,True,True
1788620160.5767806,0.5037000893440354,0.5568262112177921,0.0011821342672251073,False,False,True,True,True
1788620160.6701362,0.8735810032447843,3.966582605233411,0.001218233532418441,False,False,True,True,True
1788620160.770658,1.549634984471933,6.744079711538937,0.007748234116440044,False,True,True,True,True
1788620160.8639367,0.3328890547337577,12.735634053572742,0.004720263390215104,False,False,True,True,True
1788620160.9764938,1.1708972769183152,7.448449245995232,0.0037135203393250976,False,False,True,True,True
1788620161.0742936,1.288437057593953,1.228182844845317,0.005014160583062136,False,False,True,True,True
1788620161.1669295,4.293927152477341,32.289752707646144,0.024625860276024904,False,False,True,True,True
1788620161.2673516,0.7350427735868834,35.522590700693165,0.026080563192734135,False,False,True,True,True
1788620161.3781772,0.5607159190380328,1.5187915920472514,0.0009938829222290188,False,True,True,True,True
1788620161.4682107,2.542163121622064,21.996706189048705,0.0082341495596189,False,False,True,True,True
1788620161.5665462,0.930977185225255,16.516829228663244,0.015120135524904023,False,False,True,True,True
1788620161.6585069,0.46786703659427314,5.030491337616864,0.0025411816224440173,False,False,True,True,True
1788620161.7786367,1.5369056861148367,8.906029055600124,0.005520016792927205,False,False,True,True,True
1788620161.8695605,2.8984291784751965,14.98358589244076,0.029064033439916547,False,False,True,True,True
1788620161.9703956,5.508813400572094,25.869747331798223,0.0449507192596487,False,False,True,True,True
1788620162.0646772,1.538214842303031,41.99561833465564,0.049739501538411585,False,False,True,True,True
1788620162.1784673,1.0846635992376477,3.889992882108944,0.00559613372955744,False,False,True,True,True
1788620162.269456,1.1666754293953654,1.040367984679958,0.005088366672094853,False,False,True,True,True
1788620162.372097,7.214863045554343,59.03986241267501,0.10504775744008488,False,False,True,True,True
1788620162.4789023,2.126269838052802,48.38881870738971,0.0881460678036829,False,False,True,True,True
1788620162.5741065,5.364838731049481,33.941821845575156,0.03968869528146066,False,False,True,True,True
1788620162.6729286,0.8481054495279569,45.60795448349538,0.04548714527970937,False,False,True,True,True
1788620162.7679675,1.092246558884055,2.5459684572308277,0.004972658890242092,False,False,True,True,True
1788620162.8786626,2.2962498361214676,10.814351279248946,0.019773629644503136,False,False,True,True,True
1788620162.967058,2.7121036313407108,4.715579784290325,0.012227236476037429,False,False,True,True,True
1788620163.0738404,3.8392570301975644,10.637894402930106,0.027813641197066766,False,False,True,True,True
1788620163.168486,3.8578551915253447,0.3731113552749709,0.03016799443301852,False,False,True,True,True
1788620163.2828262,4.497692780005589,5.829949127781409,0.04171934266431521,False,False,True,True,True
1788620163.3741562,4.735637590219213,3.1609673730662093,0.04667788036845659,False,False,True,True,True
1788620163.469252,4.681545745764676,0.1245920840014671,0.11401283269474276,False,False,True,True,True
1788620163.569511,2.6031042804327673,20.869940402301886,0.03327238028194548,False,False,True,True,True
1788620163.6816547,2.838097043814631,2.1157177061421306,0.01859290023736807,False,False,True,True,True
1788620163.775007,0.5796446405967614,24.548664075982277,0.021383398919029094,False,False,True,True,True
1788620163.8726907,1.3025282443876387,7.451974094120409,0.002867101008722221,False,False,True,True,True
1788620163.9622016,2.812452597921793,16.52873860218083,0.009880297379829865,False,False,True,True,True
1788620164.074043,2.5177782593335682,2.4376807947460026,0.014488798228113352,False,False,True,True,True
1788620164.17019,1.996684249225515,5.5104784612579,0.0167077643429132,False,False,True,True,True
1788620164.267467,0.42374955694403355,16.45605113880992,0.006699657947406781,False,False,True,True,True
1788620164.365229,1.1222665397316731,7.19487965903123,0.003087586443321792,False,False,True,True,True
1788620164.4723065,0.8379957362877206,2.616924365636221,0.002531318110690616,False,False,True,True,True
1788620164.567332,1.3080219812193656,4.9080943386221065,0.005022252751939692,False,False,True,True,True
1788620164.6671438,0.4400779815985738,8.620663791389696,0.004099622379973163,False,False,True,True,True
1788620164.786101,1.7116451810282909,10.69310664946836,0.008134010488030691,False,False,True,True,True
1788620164.8789697,0.33336610676707756,14.966967167021773,0.007590996270161881,False,False,True,True,True
1788620164.9702587,6.159056087282797,63.71974499750612,0.05858602813112155,False,False,True,True,True
1788620165.0670643,1.5417569343966777,47.92442221878771,0.05366101545629512,False,False,True,True,True
1788620165.1808524,0.7563912612788449,7.024959483428022,0.00424288372769427,False,False,True,True,True
1788620165.2720695,0.6494961344239816,1.1541922677301661,0.0018579772186542041,False,False,True,True,True
1788620165.3681047,2.870898457593893,23.011052016864834,0.017064194025346355,False,False,True,True,True
1788620165.464018,0.8012461610320416,20.810479185711607,0.0146633167269299,False,False,True,True,True
1788620165.5794623,3.6278112382674577,24.57595730692581,0.03466987627418947,False,False,True,True,True
1788620165.6813555,0.6232653418173612,28.099027342175194,0.031481794608982976,False,False,True,True,True
1788620165.7698038,0.6798996832501308,0.7062110865760234,0.0018892031975293474,False,False,True,True,True
1788620165.8745592,3.6894432830766624,28.775424757330704,0.027213336545893183,False,False,True,True,True
1788620165.97833,4.039968366713886,3.6335806734038316,0.09841451624002376,False,False,True,True,True
1788620166.0771458,0.5874783783952634,35.20107435294081,0.04194905561677081,False,False,True,True,True
1788620166.1698985,3.7041058737560673,33.602213241236946,0.02144212580020566,False,False,True,True,True
1788620166.2687879,0.5363942062717904,32.46798931214396,0.027895130371818826,False,False,True,True,True
1788620166.380082,1.0859688812419712,4.901184284385626,0.0027795474100032664,False,False,True,True,True
1788620166.4739926,0.6538848858717861,4.716991800288258,0.0027996880721592185,False,False,True,True,True
1788620166.5691557,2.7193939296081453,21.639420467689245,0.011677426270764554,False,False,True,True,True
1788620166.6667936,0.6149317225936594,21.789831891445157,0.011741987915915244,False,False,True,True,True
1788620166.7781806,1.7873753487287423,10.535988241517813,0.00954036197827825,False,False,True,True,True
1788620166.871968,1.8628029550041842,0.4078585371021119,0.007664419230427177,False,False,True,True,True
1788620166.9695175,1.0799702431353342,8.246919512713546,0.0062227682927845805,False,False,True,True,True
1788620167.0829139,1.3128906752141363,2.114865681566691,0.008245565766575686,False,False,True,True,True
1788620167.1772685,0.2204845797514944,11.550800488245164,0.003808255299508861,False,False,True,True,True
1788620167.272827,1.8427776121612094,16.971821262474027,0.006583491402932829,False,False,True,True,True
1788620167.3753476,1.1605354304297861,6.633780083369531,0.01161524203709834,False,False,True,True,True
1788620167.480263,0.34159172898743967,7.815087289752787,0.0023486398050378784,False,False,True,True,True
1788620167.5829768,2.7270098590106033,23.18499411373071,0.016499212039784737,False,False,True,True,True
1788620167.6738458,1.618456483240139,12.561943362366577,0.011610900021357536,False,False,True,True,True
1788620167.7699168,0.41042345183172285,12.494697077947647,0.0035688092599859473,False,False,True,True,True
1788620167.885291,1.79264203580893,12.03377368030673,0.007145563275856575,False,False,True,True,True
1788620167.97882,1.34996779240548,4.595155486062545,0.006577933877794948,False,False,True,True,True
1788620168.0779235,0.9473348431654609,4.125370611287237,0.0026377839265807643,False,False,True,True,True
1788620168.1705847,1.3767566888029652,4.536201853008929,0.00534472485267021,False,False,True,True,True
1788620168.2873502,3.0753119657647368,14.527050744441334,0.02577241682821572,False,True,True,True,True
1788620168.3821075,7.940016742518701,50.93256198550442,0.17812516186207933,False,False,True,True,True
1788620168.4773178,3.925012575980731,40.47503424333354,0.07856843390742223,False,False,True,True,True
1788620168.5721447,0.7284147982822413,33.4017777033021,0.025137919994400588,False,False,True,True,True
1788620168.6886554,4.847795863353593,35.54758821117564,0.059815758778778275,False,False,True,True,True
1788620168.778509,0.7416200865239398,45.42850204146688,0.05714669135161176,False,False,True,True,True
1788620168.8788981,4.0419894297359,32.733577356112605,0.02861630713441898,False,False,True,True,True
1788620168.978048,1.6326707171457122,24.537486933232657,0.024914442727363848,False,False,True,True,True
1788620169.086274,1.2937707216935153,2.9781802729178053,0.006792557589755256,False,False,True,True,True
1788620169.185438,0.754075501445798,5.409398267619466,0.006812419703744317,False,False,True,True,True
1788620169.278221,6.148160352763827,58.2647080848948,0.06158662744078628,False,False,True,True,True
1788620169.3949373,7.807002211891696,13.085045136683862,0.31252054529122686,False,False,True,True,True
1788620169.4868124,9.833916444734125,23.512499786806302,0.16582802936114505,False,False,True,True,True
1788620169.5848672,2.356556619639007,77.1650941017299,0.20932708920930793,False,False,True,True,True
1788620169.6820061,3.4722562192219812,11.410381875768143,0.01780088319463826,False,False,True,True,True
1788620169.7873602,1.2870661562454013,20.770798402778432,0.019162544253738575,False,False,True,True,True
1788620169.8840082,0.2796813829088701,10.347582829312461,0.003583227127209525,False,False,True,True,True
1788620169.977486,1.3005690418448064,11.012764446992602,0.0028148552983627033,False,False,True,True,True
1788620170.0771646,1.045548463713301,2.6401059525440864,0.0034736215415171485,False,False,True,True,True
1788620170.1922581,1.9987624438956864,8.370974529551665,0.015480128704965582,False,False,True,True,True
1788620170.2920277,0.740412057572066,12.670596641946801,0.014849582607520166,False,False,True,True,True
1788620170.3792548,0.5612790498491455,2.1923153140638614,0.002028841593566194,False,True,True,True,True
1788620170.480544,2.5201854014240173,19.248283006149595,0.014882274499098338,False,False,True,True,True
1788620170.5928535,2.0176457297363046,4.51820428532383,0.013912231708572866,False,False,True,True,True
1788620170.6893144,1.8954660281878768,1.4388531954202266,0.009866825324991025,False,False,True,True,True
1788620170.785877,0.9840285714855851,9.728621436837916,0.0065287028954282116,False,False,True,True,True
1788620170.8793182,2.1181413251165404,12.044810456893455,0.009462744448609253,False,False,True,True,True
1788620170.9928937,0.5666981696034539,13.851345795349042,0.006218191053556073,False,False,True,True,True
1788620171.0888848,2.298376786824808,18.05529233670076,0.011877081042255275,False,False,True,True,True
1788620171.1757197,1.901476117762564,4.641553316839854,0.007696220798842391,False,False,True,True,True
1788620171.2810924,1.360496407735698,5.014759392625769,0.005997348452965265,False,True,True,True,True
1788620171.3897042,1.8498443786908114,4.531133966421496,0.015736212240672044,False,False,True,True,True
1788620171.4877813,1.293152114311031,5.896958551101554,0.007393167612556136,False,False,True,True,True
1788620171.5844438,2.522001719324309,12.846687923830384,0.01801572331807961,False,False,True,True,True
1788620171.6939428,1.985155788682093,4.866474955143178,0.012570773357543252,False,False,True,True,True
1788620171.791443,1.8383370592447812,1.4549428690780108,0.012929500768057487,False,False,True,True,True
1788620171.886199,3.772492704984962,20.448345131732598,0.018888188853964823,False,False,True,True,True
1788620171.983059,2.636367965270198,11.599047796232375,0.019631718941617377,False,False,True,True,True
1788620172.099092,1.0480841394051135,13.860808129522026,0.010921342655163662,False,False,True,True,True
1788620172.1930933,0.9924761808063266,0.6883731633316797,0.002678276207224865,False,False,True,True,True
1788620172.2888992,1.6894268605132334,7.310873957648545,0.007255855545712357,False,False,True,True,True
1788620172.3842885,0.4401169539457856,13.13866780021689,0.004601622041957227,False,False,True,True,True
1788620172.4914289,1.2619954302781884,7.5885687102941874,0.0036926107132547905,False,False,True,True,True
1788620172.5925841,0.8802762228734816,3.7110281549923596,0.0027371233584400747,False,False,True,True,True
1788620172.6876287,0.2546776919231457,6.609256928945015,0.001316064204097479,False,False,True,True,True
1788620172.7811518,2.2236153896923323,21.056384279296623,0.00846891416897279,False,False,True,True,True
1788620172.8975031,0.8882932881192044,11.731580197709349,0.006449110311564173,False,False,True,True,True
1788620172.9934988,0.5377072458693667,3.7057273597320624,0.0016015908124800884,False,False,True,True,True
1788620173.0898118,1.2096336822893716,7.0091284332718535,0.0020275522702071216,False,False,True,True,True
1788620173.1822703,1.4706142918489913,2.8000312738190565,0.008478228479189978,False,False,True,True,True
1788620173.300312,0.8881830936594184,4.851529145379007,0.007574879003908559,False,False,True,True,True
1788620173.3921974,0.9672558416214498,0.7031515867605149,0.00450980834882759,False,False,True,True,True
1788620173.4887218,1.2389484185433643,2.720866318903805,0.005402763287459491,False,False,True,True,True
1788620173.5809667,2.4567297144048394,13.619467191119558,0.01232511067720732,False,False,True,True,True
1788620173.6879954,1.6624668143794203,7.698102148527759,0.012960725342548187,False,False,True,True,True
1788620173.7903366,0.9831946978178288,6.590771125485614,0.00631507644720675,False,False,True,True,True
1788620173.8886945,0.38000090892585997,6.145212733410041,0.0027056486646742975,False,False,True,True,True
1788620173.9922976,2.8953990809505603,24.234236361527092,0.015381225870080352,False,False,True,True,True
1788620174.0887434,0.554756167851758,24.06162356889731,0.014430989783201481,False,False,True,True,True
1788620174.191982,2.144167042955758,15.411563219153164,0.011299777908865754,False,False,True,True,True
1788620174.2894645,0.4736290539068625,17.365109867845142,0.009303038685098769,False,False,True,True,True
1788620174.402945,1.0117499341534701,4.737030989259433,0.002659744894018877,False,False,True,True,True
1788620174.4963162,1.6324072380898083,6.639010423924308,0.0038718888232646374,False,False,True,True,True
1788620174.5862904,0.8645289523796166,8.24198255530058,0.006990756980894988,False,False,True,True,True
1788620174.6868458,2.230895640519458,13.622586919297929,0.008004328379378787,False,False,True,True,True
1788620174.79958,0.37141616492766416,16.804760379353823,0.008534161603734425,False,False,True,True,True
1788620174.8947787,0.5783047507600138,2.162079201140061,0.001190822134589961,False,False,True,True,True
1788620174.9889288,0.3644141873485768,2.2816648345625388,0.0004711192597827189,False,False,True,True,True
1788620175.0874984,0.7789961363496786,4.169962114705175,0.0009751387550656743,False,False,True,True,True
1788620175.20687,1.2172598143562599,3.779167448940113,0.0049796637276054686,False,False,True,True,True
1788620175.2874935,1.1232007588976232,1.3997337668251617,0.004631861083475476,False,False,True,True,True
1788620175.3899682,0.8234775149269141,2.9409079889879948,0.0020993198934056083,False,False,True,True,True
1788620175.4905305,1.7538304485033376,9.25719536013738,0.004580887515006457,False,False,True,True,True
1788620175.5990896,4.184575326705324,22.226666839948034,0.029934502619753896,False,False,True,True,True
1788620175.6966777,4.2263714592531,0.6719450931658721,0.03376590880603015,False,False,True,True,True
1788620175.791543,1.424728899672208,29.609123562148568,0.02443452534542508,False,False,True,True,True
1788620175.888863,1.5405598808800025,1.0803962323254455,0.003799932809670034,False,False,True,True,True
1788620175.99229,0.3620551272160125,11.52717728760149,0.0037193774575314067,False,False,True,True,True
1788620176.0960052,1.4339091433195785,10.336682025769498,0.003621302840867779,False,False,True,True,True
1788620176.191346,1.710999471587304,2.8497993686700585,0.004677741569958367,False,False,True,True,True
1788620176.3026848,1.53327003897346,1.6202524656729886,0.0051735411325407755,False,False,True,True,True
1788620176.398151,0.814748210407177,7.781117661342175,0.005058625268805337,False,False,True,True,True
1788620176.4965966,0.9853210606754437,1.7887062671122156,0.0017215125253769103,False,False,True,True,True
1788620176.5894012,0.6426622523005143,3.6912573092599423,0.0015279622716662753,False,False,True,True,True
1788620176.7031069,0.65637074387811,0.11615398490851363,0.0009422076272542026,False,False,True,True,True
1788620176.7971132,0.6229006262804474,0.44718174435408775,0.001722132630406465,False,False,True,True,True
1788620176.8990088,0.6094832433022637,0.14971169971183357,0.001069235469043561,False,False,True,True,True
1788620176.9912214,0.9590347735041966,3.7425178959808516,0.0027687545854942048,False,False,True,True,True
1788620177.1088128,1.239628002549897,2.394004247921957,0.0029566425274948492,False,False,True,True,True
1788620177.2017093,0.48334539496964735,7.940488653536475,0.003951656595658312,False,False,True,True,True
1788620177.2910833,2.675326346861766,24.518088448462116,0.010292760568945222,False,False,True,True,True
1788620177.3902597,1.1900665166583762,15.028934196483197,0.008747749186428606,False,False,True,True,True
1788620177.5042338,0.5084378583517376,5.931175010017628,0.0023017541458464135,False,False,True,True,True
1788620177.6029508,1.2163980865244237,7.224061355207969,0.0024023319502232622,False,False,True,True,True
1788620177.6945586,0.4000226873145071,8.711677166626663,0.002572720103299072,False,False,True,True,True
1788620177.790598,1.7815882665048308,14.366519200359297,0.005415300317631246,False,False,True,True,True
1788620177.9008214,0.6013399232674216,10.511106960651798,0.005852623393747569,False,False,True,True,True
1788620177.99285,1.0386143626779267,4.828447208259821,0.001603462833879849,False,False,True,True,True
1788620178.0914686,1.3583865203977123,3.1797862436151463,0.004772606983549114,False,False,True,True,True
1788620178.1915238,0.6121319451715612,7.226444291676644,0.0050151484372389105,False,False,True,True,True
1788620178.3047898,2.7731387290301375,19.081809524356885,0.015693710397419555,False,False,True,True,True
1788620178.3959348,1.126259482573184,18.18622385978001,0.024650250736747256,False,False,True,True,True
1788620178.492558,2.873909343652656,18.184256535768967,0.01211563406850789,False,False,True,True,True
1788620178.604789,0.9542049393714075,17.176993655156696,0.01269550905885812,False,False,True,True,True
1788620178.7044091,0.31236007345459976,6.659333240728026,0.0025617674699070616,False,False,True,True,True
1788620178.7964993,0.6370060941127265,3.5082045655978464,0.0006885137795252797,False,False,True,True,True
1788620178.8998268,2.14311710429595,14.574467974383454,0.007633613679645958,False,True,True,True,True
1788620179.0087128,1.6540999089518489,4.13148636349599,0.008764409895858966,False,False,True,True,True
1788620179.106541,2.0419739723893593,4.127133742024672,0.0071519963297098765,False,False,True,True,True
1788620179.2024362,2.2013697686570417,1.4244696697753103,0.010228704884729737,False,False,True,True,True
1788620179.294564,0.3416642976200561,20.40337631610349,0.007632526064765827,False,False,True,True,True
1788620179.4083045,0.4106751756762109,0.602399133444372,0.0006482929265209576,False,False,True,True,True
1788620179.5037932,0.683197797685761,2.8814403415638905,0.0011470793642192247,False,False,True,True,True
1788620179.599253,1.5168075806827452,8.691855781721584,0.0038748915331176595,False,False,True,True,True
1788620179.6959007,0.5947554186440861,9.584958646058709,0.0038220685893002307,False,False,True,True,True
1788620179.8125353,1.4073133004447875,7.0458952986300325,0.005130916159827044,False,False,True,True,True
1788620179.9058743,2.0918656925925503,7.432492207309653,0.006363358975925246,False,False,True,True,True
1788620180.0012174,3.744247533070549,17.05509226965439,0.0177195652472244,False,False,True,True,True
1788620180.0929792,1.1706314378505052,27.524835382060527,0.01943954660360498,False,False,True,True,True
1788620180.2066846,1.619119172056468,3.890481312940396,0.010326958354709436,False,False,True,True,True
1788620180.3017344,1.0030331832081205,6.586178226788322,0.0049972839600750645,False,False,True,True,True
1788620180.3964229,0.440572578672506,5.881342216008272,0.0014351597716857646,False,False,True,True,True
1788620180.4893239,1.333489898440292,9.588745652164164,0.002901515237551462,False,False,True,True,True
1788620180.6030884,1.5920002473095183,2.322608251832262,0.004896351100427468,False,False,True,True,True
1788620180.6987708,0.5783407767459604,10.654156590003877,0.004875558067135297,False,False,True,True,True
1788620180.7988904,0.7282671380949642,1.4348451775231716,0.0019597646797943603,False,True,True,True,True
1788620180.913991,0.9991273009228144,2.3625376494317254,0.0029074372061907066,False,False,True,True,True
1788620181.0096016,1.4323795169355198,4.3967176848279905,0.006260804456758273,False,False,True,True,True
1788620181.1030307,3.2876113744652202,19.934576915289824,0.026624923515228507,False,False,True,True,True
1788620181.200722,3.6250997554058477,3.6324376579584348,0.01992031197849771,False,False,True,True,True
1788620181.3135467,3.8738669302234827,2.6590735357779183,0.030116402485514858,False,False,True,True,True
1788620181.404639,2.0664968810960795,20.84969670020852,0.05304141422884137,False,False,True,True,True
1788620181.5047288,3.611835733008594,15.54150164753973,0.039985222940262515,False,False,True,True,True
1788620181.5980484,1.1387719919721302,26.518264365395847,0.022494885879809714,False,False,True,True,True
1788620181.7150629,1.1550421769931352,0.14546579491937556,0.004186156128962367,False,False,True,True,True
1788620181.8028588,2.426768575713909,14.584739311271273,0.01568637953432895,False,False,True,True,True
1788620181.901764,0.7850081451188105,16.201917048735893,0.011118950432928019,False,False,True,True,True
1788620181.9973214,0.6790907286975991,1.0022233664456601,0.0018053130081452178,False,False,True,True,True
1788620182.1122246,1.8819373828418047,10.575648395036888,0.008537503912784327,False,False,True,True,True
1788620182.2079642,4.321330085288636,25.135913792125653,0.02802147541541319,False,False,True,True,True
1788620182.3005528,0.9985550574167789,35.98013008800315,0.03642415409910012,False,False,True,True,True
1788620182.4013991,2.140579344451813,11.198479654339943,0.01173879521666585,False,False,True,True,True
1788620182.5117488,0.5308213132247459,14.644368882658942,0.007336347050193478,False,False,True,True,True
1788620182.6084793,0.5269447583516088,0.06217359184161817,0.001263219123254171,False,False,True,True,True
1788620182.7034838,3.805374200109464,34.44924374136778,0.02577530709307015,False,False,True,True,True
1788620182.8002079,1.3480023987375722,25.514207452640594,0.018501133286166548,False,False,True,True,True
1788620182.9089718,2.6588486604561634,12.172218188650037,0.023889532884231447,False,False,True,True,True
1788620183.0068583,2.518048912406321,1.5015343372435652,0.013383209370222813,False,False,True,True,True
1788620183.1031091,0.3248202643877296,22.96169116482184,0.010750775502951188,False,False,True,True,True
1788620183.2148023,2.0033425860131184,15.045887400288752,0.009571326782899445,False,False,True,True,True
1788620183.310773,0.3264710236135143,17.434218462087777,0.008256950643722272,False,False,True,True,True
1788620183.401894,2.8486927535909143,27.72065012680042,0.013433240641942972,False,False,True,True,True
1788620183.4967086,1.8203842125583964,10.930257631288853,0.010164563012296984,False,False,True,True,True
1788620183.6194088,3.000851781175942,9.371872090940787,0.020314861803014932,False,False,True,True,True
1788620183.7119894,2.811469244965407,2.0260037362800714,0.0204161574320403,False,False,True,True,True
1788620183.8062837,0.3307103963081371,25.99580910476459,0.011276041630978338,False,False,True,True,True
1788620183.899862,2.813107209602619,26.499182737180337,0.01250619654733481,False,False,True,True,True
1788620184.0147855,1.0870515805365004,14.61671744665016,0.009643985701838565,False,False,True,True,True
1788620184.108736,1.5372499958492105,4.738385838037003,0.003825199220798769,False,False,True,True,True
1788620184.2085192,1.9827975823748354,4.580114159860436,0.005869421275676013,False,False,True,True,True
1788620184.3015804,0.39229078366858156,17.13593308081143,0.006794246880032542,False,False,True,True,True
1788620184.415103,0.8032679889983896,3.567023533590094,0.0019502365285556692,False,False,True,True,True
1788620184.5105157,0.5757659257009686,2.428231771361019,0.001456438216194577,False,False,True,True,True
1788620184.6045299,2.8063994444240876,23.802775804030272,0.014448649813875166,False,False,True,True,True
1788620184.702564,4.998384711474847,22.324758060541583,0.03656962183012014,False,False,True,True,True
1788620184.807662,3.214490958812584,16.630337347085486,0.03455245615843119,False,False,True,True,True
1788620184.9132144,1.0610044114061183,21.026351771049946,0.01753932981459265,False,False,True,True,True
1788620185.010809,0.385443779367168,6.827540481932333,0.0026983093445319597,False,False,True,True,True
1788620185.1058252,1.5067208000420633,11.808869487283708,0.004431445743547415,False,False,True,True,True
1788620185.2118704,1.6147738635285824,1.5892196284167872,0.005333380984241068,False,False,True,True,True
1788620185.3116179,0.6852698904158616,9.381406371151275,0.004499477127248944,False,False,True,True,True
1788620185.4107182,0.595590262725013,1.0789297785659158,0.001310710701445494,False,False,True,True,True
1788620185.519402,0.5489654036274082,0.439201305976525,0.0010556395322552522,False,False,True,True,True
1788620185.6162877,1.1923109703834522,6.649251673268408,0.0026078104434571216,False,False,True,True,True
1788620185.7108643,1.3710058898712911,1.865243566421275,0.003162581086905153,False,False,True,True,True
1788620185.8113055,1.341000526689521,0.5076937137321241,0.007667905956393997,False,False,True,True,True
1788620185.919639,0.6101306986224168,6.678256115005662,0.005156910998348058,False,False,True,True,True
1788620186.0172222,0.8693123818206471,2.7073279259047873,0.0012823414306900429,False,False,True,True,True
1788620186.1083996,2.4911095278050093,17.731569906741395,0.01243579267643448,False,False,True,True,True
1788620186.2007267,2.282866168074294,2.137003976022076,0.009283616815895023,False,False,True,True,True
1788620186.3222547,2.011774474091662,2.5129518612498174,0.010421812243091504,False,False,True,True,True
1788620186.4157174,2.5552294160140785,6.027098514825296,0.010674573280667237,False,False,True,True,True
1788620186.5097342,0.4799483625593478,22.300974755749877,0.009280810355571788,False,False,True,True,True
1788620186.607011,1.0626583209525666,6.046569062264705,0.0027045635999104053,False,False,True,True,True
1788620186.717696,1.5790328435276746,4.552206502855234,0.007378832490630427,False,False,True,True,True
1788620186.8130786,0.9467275331583549,6.557877243969807,0.004665384948732114,False,False,True,True,True
1788620186.9144237,1.3508060575674454,3.880593277034674,0.004422978904095616,False,False,True,True,True
1788620187.0037832,1.4500249149747284,1.5393231378577277,0.007229971796729465,False,False,True,True,True
1788620187.1181686,1.0913498194428235,3.523402505347698,0.005259450189307089,False,False,True,True,True
1788620187.2146926,0.20557261272767677,9.196579872418111,0.002830446325342405,False,False,True,True,True
1788620187.3161435,0.6933407397807473,4.80033099027092,0.0011281034249745615,False,False,True,True,True
1788620187.4216208,0.428390902471823,2.3717297699157647,0.0014357791965664607,False,False,True,True,True
1788620187.5118246,1.5465681805314522,12.313712275807944,0.0030037893251896523,False,False,True,True,True
1788620187.6090963,0.8169760038153627,7.484149954996762,0.0029185454897097227,False,False,True,True,True
1788620187.7123346,0.7825492417147798,0.3892714041044016,0.003089428702975702,False,False,True,True,True
1788620187.8217745,1.1492685791997792,3.33729138790246,0.00519926639435977,False,False,True,True,True
1788620187.9172232,1.6976885771754486,5.82683717093056,0.003953168991868233,False,True,True,True,True
1788620188.0159566,0.8009018448272411,9.181396325429215,0.004228397064508025,False,False,True,True,True
1788620188.1170347,2.8574534298898544,20.35858594942793,0.013077283144394452,False,False,True,True,True
1788620188.2202368,3.448176679193721,6.458204049809194,0.019350843167506925,False,False,True,True,True
1788620188.3185477,0.7798907032660336,27.194717245960078,0.028612834496420558,False,False,True,True,True
1788620188.4145112,1.0717218826256605,3.0148728801298597,0.0016163580712539418,False,False,True,True,True
1788620188.5136592,2.2936638102217746,12.250247655990627,0.007452280797782466,False,False,True,True,True
1788620188.6247294,0.510489101588522,16.00362131636755,0.007622599358641631,False,True,True,True,True
1788620188.723844,1.71251538734286,12.115408617972255,0.007071077308691456,False,False,True,True,True
1788620188.81606,2.6102562369470985,9.844005800786606,0.0197672513814272,False,False,True,True,True
1788620188.915427,1.3893453077890618,12.559657829430572,0.008006147199091863,False,False,True,True,True
1788620189.024585,1.193716354536836,1.6243326946184824,0.009313851063579053,False,False,True,True,True
1788620189.1209455,1.5816241187240594,3.856100811414123,0.0037880767896450633,False,False,True,True,True
1788620189.2150948,0.5132177370152823,11.314788710567564,0.00569120959503189,False,False,True,True,True
1788620189.3121326,0.25684880368229845,2.6104882175697113,0.0005444326271694755,False,False,True,True,True
1788620189.4218464,0.384266830943967,1.1477915542248518,0.00031688170494969766,False,False,True,True,True
1788620189.5198345,0.4622725570859504,0.7708977858769026,0.0009745965432349205,False,False,True,True,True
1788620189.6170783,0.8315065839090012,3.8536683030692047,0.0013030175889111012,False,False,True,True,True
1788620189.7261636,0.7274037848201539,0.8367741929801698,0.003183836336473397,False,False,True,True,True
1788620189.824576,0.25403572295051796,4.776122382625465,0.0012852262921830874,False,False,True,True,True
1788620189.9166641,1.982691310523494,18.792143810150577,0.006217319624692187,False,False,True,True,True
1788620190.0177925,3.410240673312655,14.132210659850518,0.017883993130599792,False,False,True,True,True
1788620190.1287754,4.0106104738353165,4.605596758400619,0.03064803815952853,False,False,True,True,True
1788620190.2262065,3.9471546734121064,0.20295916870446976,0.031855705142547555,False,False,True,True,True
1788620190.3145099,0.5092490933429159,39.29053971644869,0.025156878346200437,False,False,True,True,True
1788620190.4063916,0.8254829424443116,3.5181006168215725,0.0013907236187052992,False,False,True,True,True
1788620190.5193439,0.67925011073582,1.3242153601758797,0.001339736596105045,False,False,True,True,True
1788620190.6192806,1.6067296132424342,9.333931180116968,0.006302602517536936,False,False,True,True,True
1788620190.7120926,0.9905068136789967,7.182271655151914,0.00488196934782715,False,False,True,True,True
1788620190.8072484,0.6750686258232925,3.1686687994151534,0.0013380434530591374,False,False,True,True,True
1788620190.9183428,0.7679152892092254,0.8347456118234444,0.0011878243832440585,False,False,True,True,True
1788620191.023168,4.353671591499287,34.127828261714626,0.03330320973655168,False,False,True,True,True
1788620191.1212387,2.815969473817093,15.747533051372663,0.029529840822487916,False,False,True,True,True
1788620191.215181,1.9536798376030444,8.741538639145473,0.026286448855774792,False,False,True,True,True
1788620191.3257701,0.4629207566665811,13.489125341388815,0.005655373606793013,False,False,True,True,True
1788620191.422993,3.023791983331755,26.342636532427907,0.0180649465304975,False,False,True,True,True
1788620191.5213342,4.322707084316119,12.86226454976013,0.02611528026917595,False,False,True,True,True
1788620191.6110528,1.2531578755888209,34.627316814714064,0.028592529016802558,False,False,True,True,True
1788620191.7268167,0.31461262181343663,8.231873323208914,0.00275453566306158,False,False,True,True,True
1788620191.8253064,1.6190523280146771,13.20695720055977,0.005293079844142019,False,False,True,True,True
1788620191.9218707,0.9642164541249915,6.669824409879772,0.007432156571011528,False,False,True,True,True
1788620192.030317,1.368334932935471,3.7691340548694248,0.003933638891075451,False,False,True,True,True
1788620192.1298027,1.2494498844555395,1.1110514583243405,0.009061697376955393,False,False,True,True,True
1788620192.2249587,1.0814272194352899,1.34655398997477,0.006002730609653382,False,False,True,True,True
1788620192.3216403,1.0336416814732639,0.4694318047449694,0.0036632382975649966,False,False,True,True,True
1788620192.4305503,0.6623987718086426,3.513318204298367,0.0018839307884664805,False,False,True,True,True
1788620192.5292795,0.3846690878983515,2.9494401256089304,0.0012966526756386407,False,False,True,True,True
1788620192.6220212,0.3296313621252761,0.5999550391657774,0.00030814709197272955,False,False,True,True,True
1788620192.720833,0.754259675710873,4.255671090445587,0.0009089221088175055,False,False,True,True,True
1788620192.8328269,0.39280467921639695,3.202030895459121,0.0011817050469911854,False,False,True,True,True
1788620192.928259,2.258750569244871,19.572878264409674,0.008177720334295296,False,False,True,True,True
1788620193.0176609,4.539098022140552,25.774856452534703,0.022188173685834058,False,False,True,True,True
1788620193.1222725,1.624427639466589,27.122130241758793,0.022269394483239717,False,False,True,True,True
1788620193.2332814,0.8054669371935813,7.4547047621789915,0.00556197520501528,False,False,True,True,True
1788620193.3272617,0.3768769226241234,4.587570847663408,0.0015544393950666523,False,False,True,True,True
1788620193.4247777,2.092330237574292,17.61354745184552,0.00757589782905476,False,False,True,True,True
1788620193.519056,0.6990988765146217,14.211016206876632,0.007146843708989864,False,False,True,True,True
1788620193.62809,1.8737783399933614,10.775459056173027,0.007944041282405265,False,False,True,True,True
1788620193.725767,0.26411686081372265,16.530739615045736,0.006978084808539681,False,False,True,True,True
1788620193.8239505,2.1507260290015275,19.211516828775878,0.009226045127365051,False,False,True,True,True
1788620193.9158132,2.5247034254926013,4.2539718867090235,0.009182530208407182,False,False,True,True,True
1788620194.0303063,1.3130128618527495,10.557207824013943,0.012617223128723699,False,False,True,True,True
1788620194.12503,1.670354423300124,3.5507080522910224,0.006238812308559987,False,False,True,True,True
1788620194.2278185,1.7568210723599336,0.8150723090824116,0.00713817249109535,False,False,True,True,True
1788620194.328337,0.8622886967730908,9.126854434810278,0.004864285118708823,False,False,True,True,True
1788620194.4297235,0.1506597926666305,7.107502801794731,0.0014439856262658615,False,False,True,True,True
1788620194.5287454,2.0729735677898145,19.421109557084264,0.0076202844121244315,False,False,True,True,True
1788620194.623962,0.6539329471136399,15.318344158426257,0.007457862916361034,False,False,True,True,True
1788620194.7389333,3.651681227958703,26.098487767518044,0.033979616744359224,False,False,True,True,True
1788620194.8277037,3.140346918931174,5.380135422105314,0.024444605952175166,False,False,True,True,True
1788620194.9289715,0.9635117155341413,21.213344848746356,0.02007684060616561,False,False,True,True,True
1788620195.0229704,1.9013315521797356,9.967032454661304,0.004557490124272663,False,False,True,True,True
1788620195.133146,2.152649297670208,2.73952478979136,0.008620055435157942,False,False,True,True,True
1788620195.2258105,0.5082068384556883,17.806965759152092,0.009689062909528439,False,False,True,True,True
1788620195.3220868,1.1992341896508432,7.141364705820357,0.0027812795045995616,False,False,True,True,True
1788620195.4193888,1.0321371375197246,1.6324781283695042,0.003974286238644461,False,False,True,True,True
1788620195.5308254,0.26850583139620415,6.941141654700547,0.0020307449626963416,False,False,True,True,True
1788620195.627754,1.73644565944762,15.149011532220593,0.00506823661741488,False,False,True,True,True
1788620195.7230244,1.7148179462273783,0.6031682142413596,0.005237903421984634,False,False,True,True,True
1788620195.8223011,0.6771265761241929,9.820947787396454,0.0049670279716301545,False,False,True,True,True
1788620195.9303021,0.6043943510792334,0.8043950196133376,0.0009192811718750914,False,False,True,True,True
1788620196.0286112,1.2398350463679146,6.363576839180932,0.0030268619808761794,False,False,True,True,True
1788620196.1243,2.00485680561095,8.067848781323693,0.006824532780044009,False,False,True,True,True
1788620196.2219234,1.1585293486114252,8.800885796968883,0.007378418213909985,False,False,True,True,True
1788620196.3286388,1.6980604163136537,5.040199337745696,0.007357773026373584,False,False,True,True,True
1788620196.4284325,4.279588637933084,25.87845206129088,0.024901915995290264,False,True,True,True,True
1788620196.5296683,2.718248748188182,15.82564108370497,0.02576987458255342,False,False,True,True,True
1788620196.6610103,0.6345970335540588,15.830599739062604,0.011654306596639097,False,False,True,True,True
1788620196.7322056,0.2414523749429322,5.545814177983236,0.0013400022553031932,False,False,True,True,True
1788620196.830008,0.5616909617583976,3.2464074205180995,0.0005013014736412588,False,False,True,True,True
1788620196.9263318,1.7416009791541522,12.401279296590351,0.004399807148061309,False,False,True,True,True
1788620197.0332835,0.7560752353315312,9.164481642108557,0.005983606393610572,False,False,True,True,True
1788620197.1334739,0.5071951982118047,2.454763822799505,0.0020020939980880882,False,False,True,True,True
1788620197.2319674,2.585295541259271,20.989161429079726,0.011026837022728542,False,False,True,True,True
1788620197.3306522,0.4830312329002191,21.17671928794606,0.010035804712833827,False,True,True,True,True
1788620197.4392138,0.8332251997681598,3.1965683114512835,0.0024685277827695387,False,False,True,True,True
1788620197.5348108,0.900425852996789,0.7188727587880348,0.002352838347283634,False,False,True,True,True
1788620197.6277058,0.48509783826198793,4.414147469956344,0.0015646169382718075,False,False,True,True,True
1788620197.7243683,0.39744158132410656,0.9840554071014032,0.0006403058761448548,False,False,True,True,True
1788620197.8411722,0.691680604491795,2.556868917747766,0.0013547624550427435,False,False,True,True,True
1788620197.9331782,2.0045303869501665,14.176719783492448,0.004860031880766817,False,False,True,True,True
1788620198.032354,1.7130932037622693,2.889038002769974,0.005613584151532674,False,False,True,True,True
1788620198.124095,0.6424191737351292,11.732885810591407,0.004265630333982359,False,False,True,True,True
1788620198.2349226,0.6840186575046175,0.3967732068657443,0.0017970557398448092,False,False,True,True,True
1788620198.3329647,0.8789815633459634,2.339871691213517,0.0019525016742642084,False,False,True,True,True
1788620198.429519,1.1045706425019335,2.219586444269204,0.003627104779641878,False,False,True,True,True
1788620198.5298262,0.8808860844860199,2.264454485585874,0.0022325866710901435,False,False,True,True,True
1788620198.6395218,1.3607973696855418,4.231025838497869,0.007049655465313184,False,False,True,True,True
1788620198.7385278,1.780540276889468,4.1990400287579845,0.00581961870482344,False,False,True,True,True
1788620198.8275042,0.20705261424596313,17.575281599275538,0.005389927195113282,False,False,True,True,True
1788620198.9377677,0.3280635525334639,1.0776887555993115,0.00031708050361891693,False,False,True,True,True
1788620199.0406048,1.882116648578713,15.11055935072894,0.006513714543889413,False,False,True,True,True
1788620199.1343386,1.6416618841861101,2.233835045437556,0.005682635370620016,False,False,True,True,True
1788620199.235803,0.25488533003535363,13.818808993938427,0.0042020860044827656,False,False,True,True,True
1788620199.335453,0.8440764746242171,5.918228679719026,0.0013343920480737347,False,False,True,True,True
1788620199.4313693,0.7917839588232036,0.5604645441510002,0.0017440147201752056,False,False,True,True,True
1788620199.5293303,0.8576630655799294,0.6567276908520691,0.0027288217754486057,False,False,True,True,True
1788620199.6273606,0.8435963639704364,0.02248242473443121,0.0014943802841372723,False,False,True,True,True
1788620199.7362823,0.5365235300478426,2.821709636359893,0.0024658963780016903,False,False,True,True,True
1788620199.8413713,1.4675009806778043,8.867699751283494,0.004517541225612753,False,False,True,True,True
1788620199.9321084,0.2949427752084422,13.051911402818808,0.004093882506878037,False,False,True,True,True
1788620200.0254662,1.2137768364314234,9.807469297290172,0.0027671832091852927,False,False,True,True,True
1788620200.1386998,0.7294295706293389,4.398045061892275,0.0023473260262147485,False,False,True,True,True
1788620200.2367249,0.5401434297304628,2.045883120213697,0.0012784278730373216,False,False,True,True,True
1788620200.334249,0.8729631158132571,3.448761245055817,0.0010631444628766674,False,False,True,True,True
1788620200.432053,0.8647053955547299,0.12116601299633788,0.0015226029418186323,False,False,True,True,True
1788620200.5457654,1.0217602652547577,1.468988094542589,0.0038204544773259817,False,False,True,True,True
1788620200.643478,0.8728735472281922,1.5478511277952454,0.004858993111225846,False,False,True,True,True
1788620200.7384574,0.8389582611944608,0.09791504156510877,0.0014838475111601211,False,False,True,True,True
1788620200.8415892,0.743478438345088,0.9314368238433625,0.002509094096318511,False,False,True,True,True
1788620200.9495823,0.5899440227183147,1.4218479808831217,0.0017755830262292942,False,False,True,True,True
1788620201.0402453,1.381729728101897,8.839571377695618,0.004583761113910026,False,False,True,True,True
1788620201.147498,0.7985544600041065,5.5587164681193215,0.003396244886852798,False,False,True,True,True
1788620201.2530477,1.486890608372001,6.532317716160911,0.005502169354847902,False,False,True,True,True
1788620201.3512466,0.8024402702753898,7.080135048293336,0.004505188030010426,False,False,True,True,True
1788620201.4368386,0.5436265679391495,3.0304615607659957,0.0010142651507383082,False,False,True,True,True
1788620201.535915,1.598413424892935,10.66377149227243,0.004285850150693353,False,False,True,True,True
1788620201.6498394,0.5398287982364872,9.203706815935966,0.004158449146627938,False,False,True,True,True
1788620201.7459428,2.0926511800536507,16.10425115405545,0.008942908909923507,False,False,True,True,True
1788620201.8393598,2.5707564512033905,5.537605895590344,0.009990822218464293,False,False,True,True,True
1788620201.9307873,1.4665696454354993,12.035638382900446,0.012133843778065732,False,False,True,True,True
1788620202.0497937,0.7307347243166101,6.300901189256189,0.003654633152495371,False,False,True,True,True
1788620202.1444287,1.270514778579547,5.724069419579888,0.0022953510961538945,False,False,True,True,True
1788620202.237505,0.4605746835919025,8.719898329876752,0.00244147250582888,False,False,True,True,True
1788620202.3396595,0.7176977862040337,2.4629521348341443,0.0015570260397045508,False,False,True,True,True
1788620202.4549549,0.8772937244956579,1.411229670925961,0.002669471517442788,False,False,True,True,True
1788620202.547897,1.4550005341831491,6.184541240554063,0.004029312958995589,False,False,True,True,True
1788620202.6359675,0.8412619723784199,6.893254882510179,0.0025534460493133087,False,False,True,True,True
1788620202.740089,0.891317505143612,0.4878157244189374,0.0025650686000504136,False,False,True,True,True
1788620202.849085,1.352773873076629,4.254246289454783,0.0031749500110632586,False,False,True,True,True
1788620202.9460835,0.6787415004464419,7.077892478314688,0.0041178925066450555,False,False,True,True,True
1788620203.0413492,2.8701166880102047,23.081344675420592,0.011872606814831772,False,False,True,True,True
1788620203.1398768,2.6586014717746966,2.7284605030949294,0.01350850133817207,False,False,True,True,True
1788620203.2529094,0.2870104479811705,20.67147845810917,0.011588605538751122,False,False,True,True,True
1788620203.3461788,3.036552576850362,29.480066209692694,0.014434888713452183,False,False,True,True,True
1788620203.440132,10.00315133646715,73.81301308768154,0.12705807854646103,False,False,True,True,True
1788620203.5545683,2.4481199223941603,61.93882033355501,0.13952508766988506,False,False,True,False,False
1788620203.6462872,6.393881831506045,44.789354618322065,0.0976614961548681,False,True,True,False,False
1788620203.7479348,3.062973157592707,32.627298564189054,0.12363168826367277,False,False,True,False,False
1788620203.8385763,0.769815924274297,24.697937915219637,0.021034947544933045,False,False,True,False,False
1788620203.9598827,1.0123984930808994,2.057769361410719,0.004101484646844349,False,False,True,True,True
1788620204.050709,1.0975355149061061,1.0580041607592214,0.006469966799106294,False,False,True,False,False
1788620204.14468,3.187756967853419,22.75248896453783,0.0235040183057651,False,False,True,False,False
1788620204.243527,2.8303577502566455,3.9453709286035266,0.0524088623050898,False,False,True,False,False
1788620204.3519902,0.5806161857920928,20.674561719638273,0.01465345238651718,False,False,True,False,False
1788620204.4461703,3.2810779392168516,28.650913243142902,0.025404407192900484,False,False,True,True,True
1788620204.5467997,0.6825474236474495,26.008626885227457,0.017866869369340305,False,False,True,True,True
1788620204.6399674,3.329238805051081,28.40340610037142,0.01778907107787132,False,False,True,True,True
1788620204.754057,0.9942707435208399,19.984632765274608,0.01652069972585485,False,False,True,True,True
1788620204.8458722,1.5449217947884717,6.076897004379823,0.010624824786675242,False,False,True,True,True
1788620204.9482393,1.3673171091240146,1.724443119057431,0.012538806602779382,False,False,True,True,True
1788620205.0417736,0.9064329995930287,4.87624545085249,0.0062296408616551715,False,False,True,True,True
1788620205.1565955,0.7477843483614072,1.3941651713404335,0.004640459813737408,False,False,True,True,True
1788620205.251746,5.479622598337165,49.50370235592104,0.06295003303710255,False,True,True,True,True
1788620205.3450332,1.6810713646721422,42.862173885710725,0.06981115878203353,False,False,True,True,True
1788620205.441795,1.5148968666041178,2.0083807928147595,0.00904284751981939,False,False,True,True,True
1788620205.5558014,5.051121126396008,30.39610975726632,0.0837738417875526,False,False,True,True,True
1788620205.6494434,1.6715038000214935,38.99395210356685,0.084854144808162,False,True,True,True,True
1788620205.7408834,4.625221566131441,32.22280786851849,0.0462083713193681,False,False,True,True,True
1788620205.857875,0.9015210495449014,33.24676559299175,0.035266988877404724,False,False,True,True,True
1788620205.9559553,6.055611150020688,52.541677019105045,0.062365379345369405,False,False,True,True,True
1788620206.0490463,1.775299031071993,45.42187937134848,0.05251484961005164,False,False,True,True,True
1788620206.1455626,3.4567580595744616,17.484345104909504,0.0167554964810953,False,False,True,False,False
1788620206.2611573,6.756896281014157,27.30320483223973,0.08164603532406063,False,False,True,True,True
1788620206.3504357,2.7191887408525477,45.695613340139076,0.0855514604279551,False,False,True,True,True
1788620206.4488842,5.159397051943173,24.846047747219345,0.07513331876446427,False,False,True,True,True
1788620206.5430384,1.1931464323608085,41.37256486973124,0.03704144491969609,False,True,True,True,True
1788620206.659254,1.8803775678181194,6.022393740055789,0.006662106303738819,False,False,True,False,False
1788620206.752984,0.630855829018704,13.005117964092744,0.0074029980256720895,False,False,True,False,False
1788620206.8431065,0.483746748451917,1.7124875756376792,0.0009484419107619176,False,False,True,False,False
1788620206.9397883,3.4056483282677914,30.206399451018765,0.019457489640470838,False,False,True,False,False
1788620207.0481315,2.357158439217431,10.70597027206203,0.017243229512699944,False,False,True,False,False
1788620207.1522365,0.7799759597099594,15.488092648643507,0.015148192536178563,False,False,True,False,False
1788620207.2458775,4.900261715793216,44.0356491066856,0.031885951131428336,False,False,True,False,False
1788620207.3507805,6.778207004337438,17.320746550879196,0.06596318007784606,False,True,True,False,False
1788620207.4616647,4.465800974571653,20.825441913272826,0.06773882082283729,False,False,True,False,False
1788620207.554921,5.365331706251533,9.643489529362482,0.041669162013397334,False,False,True,False,False
1788620207.6554043,0.7906014670982991,44.924603985365266,0.03662751024533,False,False,True,False,False
1788620207.741654,3.0925253017095278,26.791854766614417,0.01603372319135207,False,False,True,False,False
1788620207.8560266,1.892379685440463,10.199669158865806,0.010989097449932478,False,False,True,False,False
1788620207.9503179,4.6803509612477665,29.63925319682832,0.02554182047799742,False,False,True,False,False
1788620208.0476708,0.7227595046845363,40.117963814847414,0.03618349680933341,False,False,True,False,False
1788620208.1618805,0.9398763224190154,1.9205146579966963,0.0032906439413063746,False,False,True,False,False
1788620208.2550635,2.7695184393111245,19.758070328707927,0.010037144649810151,False,False,True,False,False
1788620208.3515675,1.5493846707596914,12.323390447430079,0.02029849442844697,True,False,True,False,False
1788620208.444068,0.9653410593371992,6.218200211214702,0.0032896212242724777,False,False,True,False,False
1788620208.563113,2.097653587816124,9.659097680342805,0.009287843245486415,False,False,True,False,False
1788620208.6543381,0.29110611749689164,19.751415115176407,0.012253431386385174,False,False,True,False,False
1788620208.7476215,2.484378735001967,23.52915687781966,0.0106895706230327,False,False,True,False,False
1788620208.847183,0.692425467454717,18.186800150817135,0.008280699276722451,False,False,True,False,False
1788620208.957023,0.2868289508982384,3.6465611818581274,0.0011286589043727378,False,False,True,False,False
1788620209.0555046,1.5403741079579418,12.56413313507133,0.004103075860960522,False,False,True,False,False
1788620209.1498713,0.6624979409536582,9.238294801807323,0.00334484763738986,False,False,True,False,False
1788620209.2437623,3.3049131997949597,28.053718385713413,0.01521304826672574,False,False,True,False,False
1788620209.3572636,3.526599199530357,2.7543000397819797,0.023776697039178996,False,False,True,False,False
1788620209.4523592,2.4899067276836697,10.967762500446083,0.05197292589326286,False,False,True,False,False
1788620209.554331,8.371936241769486,58.38081967582728,0.11753112740365869,False,False,True,True,True
1788620209.647007,5.241827303166364,33.53955224637796,0.10271846758904668,False,False,True,True,True
1788620209.7570496,1.7987183479198035,30.32978658196754,0.06677529015191686,False,False,True,True,True
1788620209.851585,0.876962836077815,9.76850350231193,0.007477230631725546,False,False,True,True,True
1788620209.9492073,1.9619951336025063,11.14157615949768,0.010225961735608875,False,False,True,True,True
1788620210.0471551,0.6658931077773355,13.131781033686826,0.0057643912923853735,False,False,True,True,True
1788620210.1634994,0.3530050583735077,2.664835429143587,0.0007878273916385067,False,False,True,True,True
1788620210.2515404,0.7409854669396376,4.422256521401387,0.0012389841816538433,False,False,True,True,True
1788620210.3521771,0.8524935745165054,1.1049373925865078,0.002858889210520393,False,False,True,True,True
1788620210.4658058,1.3991617151051263,4.87791367842133,0.006914855762299329,False,False,True,True,True
1788620210.5546787,2.665245205102334,14.463107560348757,0.010556378461894207,False,False,True,True,True
1788620210.6546762,1.5099167949865302,11.448415152740058,0.014568178595034996,False,False,True,True,True
1788620210.7518651,1.8360727893025508,3.332980402020283,0.012050337106741263,False,False,True,True,True
1788620210.8620636,0.6323938514931546,11.06067646474204,0.008335524556828913,False,False,True,True,True
1788620210.9584725,0.9465889037532367,3.2519397156284287,0.0015993958774153576,False,False,True,True,True
1788620211.055032,0.678526234531514,2.8204450831846852,0.0030798925980795584,False,False,True,True,True
1788620211.1516676,1.8683649792502237,12.285061768564196,0.0059923381501354005,False,False,True,True,True
1788620211.2617936,0.3152640803916631,14.1367530516757,0.005632631056396939,False,True,True,True,True
1788620211.3587496,1.4905423484452893,12.076825910167614,0.003740246574153769,False,False,True,True,True
1788620211.4540775,2.098243128861605,6.402585067478058,0.0077252448586770505,False,False,True,True,True
1788620211.5497925,0.8500584394251639,13.389413705439395,0.006339445503515231,False,False,True,True,True
1788620211.663438,0.5942894268851345,2.287043744185759,0.0030384391000255516,False,False,True,True,True
1788620211.7560773,2.344575355940877,18.899983494779875,0.012004060081604708,False,False,True,True,True
1788620211.8527963,2.5976799369805725,2.501673423915181,0.010766251018976962,False,False,True,True,True
1788620211.9527862,0.28809008066949093,23.265730941312636,0.011802225627553708,False,False,True,True,True
1788620212.0609481,0.13437233278286914,1.4157899987302527,0.00018948682776879597,False,False,True,True,True
1788620212.1579044,2.6998371817983133,26.48257314507518,0.013424245719935828,False,False,True,True,True
1788620212.2544038,2.05717711409103,6.76882928424451,0.01122810394932243,False,False,True,True,True
1788620212.35411,2.5525064440142584,4.693250859726877,0.010290741287518517,False,False,True,True,True
1788620212.4638023,2.9612339586924676,3.865575968442641,0.019311635442769447,False,False,True,True,True
1788620212.556313,1.3195040293217208,17.739781098774536,0.015397961061065413,False,False,True,True,True
1788620212.6586819,0.7724984318459086,5.344406417405557,0.0024815218718712987,False,False,True,True,True
1788620212.7669258,4.431448203125639,33.74719379509308,0.03886343258339875,False,False,True,True,True
1788620212.863663,0.6940322219129829,39.12727943533894,0.04624530383560523,False,False,True,True,True
1788620212.9608402,4.280168822954753,36.92317650237255,0.029288975657858356,False,False,True,True,True
1788620213.0562043,3.6257724060976075,6.727623960931613,0.07811768554565554,False,False,True,True,True
1788620213.170212,0.8361260574091913,24.258934200519626,0.029447009142533176,False,False,True,True,True
1788620213.2610402,2.0605390995752964,13.547121292200915,0.011338060470139058,False,False,True,True,True
1788620213.3587024,1.9923543102330608,0.47969150290936274,0.009361330373424565,False,False,True,True,True
1788620213.452898,1.486907376696776,5.349598295541842,0.006779200469016102,False,False,True,True,True
1788620213.5695934,2.293186726405357,6.922683495457913,0.011662447495330476,False,False,True,True,True
1788620213.6644702,1.3383187504427796,10.602994495173682,0.013463962592906347,False,False,True,True,True
1788620213.755682,1.306942489367991,0.13685683234036486,0.003775397340223551,False,False,True,True,True
1788620213.853861,1.3337758184550859,0.5095713804042171,0.006250770540820907,False,False,True,True,True
1788620213.9693017,1.822724482940149,4.346490817046896,0.016004158069832825,False,False,True,True,True
1788620214.061602,0.4257645326708187,14.996571088049501,0.007922558295728402,False,False,True,True,True
1788620214.1591103,0.3464923814252908,0.7857327420724967,0.0006481836349992126,False,False,True,True,True
1788620214.2544868,0.4685028872803367,1.244147353449779,0.00035687688430647316,False,False,True,True,True
1788620214.3694274,1.938246659358589,12.80391722893842,0.00907488349437839,False,False,True,True,True
1788620214.4662826,2.957320061826971,10.332689788664752,0.01535249735905245,False,False,True,True,True
1788620214.5554364,6.366647442502433,38.21593409734475,0.04709221377478825,False,False,True,True,True
1788620214.65218,4.552174160132571,18.217336941820765,0.05128836541620113,False,False,True,True,True
1788620214.7648067,0.46445865713811496,36.529103549683555,0.041207189485543715,False,False,True,True,True
1788620214.8628182,0.8528756617015324,3.9382549684396997,0.0023600218997928473,False,True,True,True,True
1788620214.9587188,2.2558886229671167,14.748507805603706,0.013264185304592526,False,False,True,True,True
1788620215.0715034,2.49050583486998,2.4290927000118905,0.013632742618905078,False,False,True,True,True
1788620215.1702993,0.3601816925931405,21.7340129915166,0.015454965048364305,False,False,True,True,True
1788620215.2559345,0.8034894906855261,5.144976560507977,0.0015805020895059395,False,False,True,True,True
1788620215.3601563,2.6095963152424355,17.34187807921169,0.016073946623822312,False,False,True,True,True
1788620215.47193,1.3983386925340335,10.606185927987763,0.01115107913006814,False,False,True,True,True
1788620215.565603,0.6645840705794311,7.638466431177365,0.004816677050380119,False,False,True,True,True
1788620215.6572855,2.428750584096219,19.160582988507205,0.009598719164173274,False,False,True,True,True
1788620215.7674468,0.8138965482121965,14.75471068588812,0.014866364322970194,False,False,True,True,True
1788620215.87874,1.265747675493391,3.9647624585099814,0.0070651870726922,False,False,True,True,True
1788620215.9751744,1.6969479144558879,4.3270855445628715,0.005150541482037274,False,False,True,True,True
1788620216.0576153,4.504983039655548,34.57200413553004,0.04317400815437059,False,False,True,True,True
1788620216.1527529,1.4823893604765392,32.01071287499489,0.03584490397901493,False,False,True,True,True
1788620216.2756073,1.8720927526084172,3.2908068633658294,0.008902920199590521,False,False,True,True,True
1788620216.362425,1.035536725991776,9.72436317017712,0.015360265848437298,False,False,True,True,True
1788620216.4662728,2.1179628605521876,10.306438741972265,0.008425962751262188,False,False,True,True,True
1788620216.560103,2.3256430335437175,2.3355518686207444,0.02644463897001158,False,False,True,True,True
1788620216.6681254,1.4157876603202706,8.524277631996307,0.00929841167617241,False,False,True,True,True
1788620216.7628522,1.2213089641174282,2.226228597132277,0.007964817600395028,False,False,True,True,True
1788620216.8583438,0.8706834922581754,3.7219560739379904,0.0026240374615983573,False,False,True,True,True
1788620216.9659922,1.0893442965495461,2.0522958226417383,0.0054413188094241186,False,False,True,True,True
1788620217.067435,2.140267235346255,10.274221035047631,0.007762532309947673,False,False,True,True,True
1788620217.1670702,0.46921065755266,16.90631348483232,0.007891932844839973,False,False,True,True,True
1788620217.2661724,0.752526917991467,2.827198812609577,0.001401244705447069,False,False,True,True,True
1788620217.3773315,4.103109823155468,30.110772979591495,0.04456810854904888,False,False,True,True,True
1788620217.4701607,3.5927633175206437,5.646746772708243,0.03246632986785563,False,False,True,True,True
1788620217.5687692,0.3365007787977974,33.14557760931571,0.019643108044736922,False,False,True,True,True
1788620217.6601436,1.1975828419461572,9.512497186583078,0.0025906385135081905,False,False,True,True,True
1788620217.7908785,0.610191897007551,4.378873328357251,0.003449173872977808,False,False,True,True,True
1788620217.8786445,2.5290582943879145,21.85025201320834,0.012660714833677537,False,False,True,True,True
1788620217.9715457,0.6327366754689581,20.187238974747473,0.008567345513273818,False,False,True,True,True
1788620218.076906,1.4209429718443511,7.490749784025456,0.004551224763822003,False,False,True,True,True
1788620218.1796885,1.0605222881867191,3.1648900668035798,0.005457966890391255,False,False,True,True,True
1788620218.2750003,1.410855033712437,3.775563089901356,0.00878151921230221,False,False,True,True,True
1788620218.3609674,0.501557216660363,10.579155907526818,0.003965981419752849,False,False,True,True,True
1788620218.4573967,1.96153999873583,15.147268859581258,0.007614025825680842,False,False,True,True,True
1788620218.5735645,0.32614286011817695,14.061395678516305,0.00796978788020112,False,False,True,True,True
1788620218.6703756,0.3942875361614645,0.6825274943360623,0.0005906293648129362,False,False,True,True,True
1788620218.7654803,0.4289171094504076,0.344501284527487,0.0007482988347177039,False,False,True,True,True
1788620218.8594017,0.7475020602557774,3.3763342163872796,0.0010191207640564096,False,False,True,True,True
1788620218.9764056,0.19769879232209037,4.73737071177704,0.0009165841528738835,False,False,True,True,True
1788620219.0685363,0.7250609889075917,5.700812323362698,0.00117513276932041,False,False,True,True,True
1788620219.164423,0.39041452082760725,3.478576580602507,0.0009419316738483878,False,False,True,True,True
1788620219.2649379,0.47872395370782345,0.8880042154907061,0.00044001932429595683,False,False,True,True,True
1788620219.3792644,1.4941850891580177,8.833431947054159,0.007518526093417562,False,False,True,True,True
1788620219.471519,0.947585782490558,5.923626574393247,0.004871728537312239,False,False,True,True,True
1788620219.5673609,0.7896207047943256,1.6809753063270636,0.0024901434916084807,False,False,True,True,True
1788620219.6839795,1.9609464590020838,10.001447846419019,0.009530924970239305,False,False,True,True,True
1788620219.7750435,4.0248429307509,22.713824188708458,0.020367144933118156,False,False,True,True,True
1788620219.8751893,0.7005180547807793,33.18423674365183,0.029766809870088583,False,False,True,True,True
1788620219.9682536,0.33613621019897894,3.9249870998194663,0.0013023297805673532,False,False,True,True,True
1788620220.0747323,0.26331093106212144,0.6678877027841661,0.0002163497898858315,False,False,True,True,True
1788620220.1740592,3.7640328299891337,35.233653302850406,0.028284515158268846,False,False,True,True,True
1788620220.2646668,2.590179664508243,12.831136953539353,0.021066531398052524,False,False,True,True,True
1788620220.3596385,0.3703680270190675,23.114283169343352,0.01181361573854429,False,False,True,True,True
1788620220.4765365,1.317975099121326,8.10586341006484,0.005654921244601544,False,False,True,True,True
1788620220.5704083,4.02539122868342,28.66843613250804,0.021273159556911846,False,False,True,True,True
1788620220.6679714,0.9126809961344295,31.022798454614513,0.022948610370752714,False,False,True,True,True
1788620220.7660606,1.6891996386122563,7.923849006499973,0.00946755905552726,False,False,True,True,True
1788620220.8762202,0.6882151306492635,9.080979346924087,0.00787297550077563,False,False,True,True,True
1788620220.9741204,1.9294774878153067,12.603971239162815,0.010535669337959297,False,True,True,True,True
1788620221.0650012,1.2889462602658208,6.998662640212578,0.011031916748065147,False,False,True,True,True
1788620221.1641178,0.8051985057861996,4.787345976793496,0.004414793277978021,False,False,True,True,True
1788620221.2781003,1.4580293697224322,5.686272589525741,0.004695767337614169,False,False,True,True,True
1788620221.3690062,0.47934252133824,10.80423829498736,0.004411726366080308,False,False,True,True,True
1788620221.4676795,0.5943436001224601,1.155276458843845,0.000585995437061584,False,False,True,True,True
1788620221.563368,0.5161737992031743,0.8112727291119826,0.001669160307103972,False,False,True,True,True
1788620221.6763582,0.3503868640248344,1.529843853417461,0.000752657788730825,False,False,True,True,True
1788620221.7722762,0.3351837375711076,0.1907288938464645,0.0006259746131210656,False,False,True,True,True
1788620221.8635004,1.3699989872421563,11.335150459821511,0.0030493979760228443,False,False,True,True,True
1788620221.9825828,0.3284987054348435,8.71122914740406,0.003174325039571961,False,False,True,True,True
1788620222.0819244,1.0613645270183911,7.308671012422076,0.0025403923678161797,False,False,True,True,True
1788620222.1741438,0.7211907262077449,3.5788493487706465,0.002246899613486163,False,False,True,True,True
1788620222.272576,1.2014576378330273,4.881669512545443,0.0026377875869349424,False,False,True,True,True
1788620222.3844368,0.20492338570449986,8.962723714032899,0.0028317059550248057,False,False,True,True,True
1788620222.4774065,3.4767094775299023,35.195476698650126,0.019586973871667496,False,False,True,True,True
1788620222.5748277,1.3026355422798628,21.72149032393428,0.028712204537584534,False,False,True,True,True
1788620222.6744664,2.9935692398324467,16.9692470986727,0.013425638412327157,False,False,True,True,True
1788620222.7856123,0.2863893225526421,24.341423638974405,0.0171360866780025,False,False,True,True,True
1788620222.8776445,2.0031865885699696,18.662912441161634,0.006744838403460315,False,False,True,True,True
1788620222.9757206,3.5872855894651825,16.126165359333132,0.04285762839234535,False,False,True,True,True
1788620223.0675476,0.9331587500349718,28.81048636763583,0.019721589892208683,False,False,True,True,True
1788620223.1836314,4.2752884519614485,28.57847050443814,0.05505740132260802,False,False,True,True,True
1788620223.2772434,1.0981099502535112,33.96080752915801,0.05124153237254792,False,False,True,True,True
1788620223.3745077,4.790904272936174,38.04286521681161,0.03846658482037415,False,False,True,True,True
1788620223.469855,4.676876451467974,0.8559067600233695,0.039463401710392615,False,False,True,True,True
1788620223.5819397,2.0711922711818724,22.832357208251622,0.028895516884696732,False,False,True,True,True
1788620223.6789122,1.4111799616747225,6.75304684375834,0.009996367723923177,False,False,True,True,True
1788620223.7781572,0.37448679062879797,10.461743795970056,0.00424390728406456,False,False,True,True,True
1788620223.8909147,0.7090594390153249,2.9614364228384806,0.0020161370905303552,False,False,True,True,True
1788620223.9836361,1.161918309283344,4.856950567596879,0.0021085110704654303,False,False,True,True,True
1788620224.0829086,1.3453722781515223,1.831936977091176,0.003048285994865279,False,False,True,True,True
1788620224.1801698,1.3544463709177197,0.139807287478729,0.0039853700864533985,False,False,True,True,True
1788620224.2941616,0.6699460261897536,5.9488696466775846,0.004025449509453791,False,False,True,True,True
1788620224.3798416,0.5945098174828288,0.8909675003685958,0.0019548214716831385,False,False,True,True,True
1788620224.4787977,0.48366533605157347,1.1173566346488766,0.0010087408394576472,False,False,True,True,True
1788620224.5761886,1.6770628379896424,12.26654120735034,0.005233270244372348,False,False,True,True,True
1788620224.6879022,0.4111085991668543,11.271440529620952,0.0067833022386989145,False,False,True,True,True
1788620224.7844524,1.0244514986939766,6.317447943281515,0.0016377201340864146,False,False,True,True,True
1788620224.8842235,1.7158324658117172,7.053393999630037,0.004550684762446741,False,False,True,True,True
1788620224.9767103,3.1413306029981847,15.35630797012448,0.012957990034629486,False,False,True,True,True
1788620225.082571,0.512460872609833,25.140415953148576,0.014781815450908677,False,False,True,True,True
1788620225.178303,0.40081909866072996,1.2379789357879436,0.0007020826394373008,False,False,True,True,True
1788620225.2724473,1.2541883816655677,9.046341060771402,0.002562516241378825,False,False,True,True,True
1788620225.3803635,0.9000671026808229,3.266774880397771,0.006259602393398005,False,False,True,True,True
1788620225.4901001,0.26095358764305204,5.807973553673918,0.0015402926715076687,False,False,True,True,True
1788620225.5870287,0.33435259078688984,0.7703079091354168,0.00030392195054697443,False,False,True,True,True
1788620225.6831982,1.6557770284853237,13.735157233315425,0.004840839826830411,False,False,True,True,True
1788620225.7725143,2.2772391519767305,6.853083735242982,0.006614843635785783,False,False,True,True,True
1788620225.8829184,2.3447580446166723,0.8036101573021888,0.012323973492701198,False,False,True,True,True
1788620225.9838247,2.4939439287571386,1.5874795511190225,0.012641852268440498,False,False,True,True,True
1788620226.0802324,1.3200161625987377,12.190850407383586,0.021160246581091037,False,False,True,True,True
1788620226.190991,0.3247993232642968,8.976500640446908,0.003285420089400447,False,False,True,True,True
1788620226.2926936,1.6304140997117347,12.83540410057495,0.00554096333131298,False,False,True,True,True
1788620226.384795,2.9492641778620317,14.279616451860221,0.010910157289157882,False,False,True,True,True
1788620226.478585,1.3699197732948452,16.651652108373444,0.010600064080991132,False,False,True,True,True
1788620226.5948527,0.44199380939172994,7.982678233461483,0.004561137468865675,False,False,True,True,True
1788620226.686853,0.9751569192127919,5.767259277028224,0.0011975174203915117,False,False,True,True,True
1788620226.7863832,2.0652960709733628,10.933537089722368,0.006396952373142873,False,False,True,True,True
1788620226.8789113,2.199521230979382,1.4853333402714317,0.008194421570568624,False,False,True,True,True
1788620226.9939153,0.4024789494907708,15.632361504749351,0.009935523008143845,False,False,True,True,True
1788620227.0877113,1.1433143671680106,7.863701827225472,0.001723430257218094,False,False,True,True,True
1788620227.18466,0.6075275024244261,5.410032126927167,0.001870253147805591,False,False,True,True,True
1788620227.280207,0.5845015874115034,0.16824735734101048,0.0018706177045188694,False,False,True,True,True
1788620227.3923223,3.391605245302352,25.013027253857604,0.02489283281445317,False,False,True,True,True
1788620227.4895594,3.051837341339713,3.9657949493693367,0.02422145228872802,False,False,True,True,True
1788620227.5889,0.3836150693772671,26.960063559337243,0.015558997181230981,False,False,True,True,True
1788620227.6807966,0.5922061636043517,2.2764357297037745,0.0008777869388760521,False,False,True,True,True
1788620227.790543,0.2325395520602565,3.237095471132801,0.0007395838968455077,False,False,True,True,True
1788620227.889563,0.8465703203718054,6.1983022089700155,0.0015037710002732203,False,False,True,True,True
1788620227.9834228,2.5086658340450048,17.691748905930883,0.008498580857706762,False,False,True,True,True
1788620228.0826054,0.5512201135566314,19.688151897260447,0.009463644432671149,False,False,True,True,True
1788620228.1918805,0.9607963963490158,3.7731587631732997,0.00286901535422668,False,False,True,True,True
1788620228.2839499,2.771379397406971,19.699095870191826,0.010118560174646329,False,False,True,True,True
1788620228.3816674,2.8586616419785513,0.7809599698860532,0.015118615109042164,False,False,True,True,True
1788620228.4937093,1.0926613587839864,15.575375646703803,0.02309565415902582,False,False,True,True,True
1788620228.5921438,0.39166437963395684,7.124651931566618,0.0022909906822135245,False,False,True,True,True
1788620228.6881409,0.9954123647961981,6.272236525187509,0.0015041464622187525,False,False,True,True,True
1788620228.7862039,0.8839256092901797,1.0885212475789152,0.0017333626288535769,False,False,True,True,True
1788620228.8958204,0.14113250650081266,6.804930727665065,0.00172486319785412,False,False,True,True,True
1788620228.9896414,1.4461026811066326,13.905211467677356,0.0032693372652479904,False,False,True,True,True
1788620229.093074,0.2638987768124208,11.372750462255489,0.0032062789609889064,False,False,True,True,True
1788620229.1858025,4.972230907508784,50.78485387710401,0.04310711259319848,False,False,True,True,True
1788620229.2929056,2.041424168215605,27.556852506822864,0.03135246554152557,False,False,True,True,True
1788620229.3881466,0.938951239789892,11.776622361821047,0.013845948795186466,False,False,True,True,True
1788620229.4868739,1.741671270111335,8.095034352281587,0.009696806150146455,False,False,True,True,True
1788620229.5841415,2.2710730026471273,5.2302013468966715,0.0078596930936844,False,False,True,True,True
1788620229.696735,1.9553891763314686,3.158172191600719,0.027227968515412024,False,False,True,True,True
1788620229.788305,2.131218092768979,2.027540907048906,0.008237700606687782,False,False,True,True,True
1788620229.8882718,1.270291305607877,8.265492573616214,0.013599670348411174,False,False,True,True,True
1788620229.9809198,1.2847777301654855,0.15971660289754785,0.003207735277623907,False,False,True,True,True
1788620230.097096,1.2860102241610711,0.0903176628952692,0.004566487420576681,False,False,True,True,True
1788620230.1951675,0.8446835229754683,4.358932240646964,0.005597587751608408,False,False,True,True,True
1788620230.291609,2.417698205657889,16.312893149136144,0.010325608724949229,False,False,True,True,True
1788620230.3859942,0.23120663204284556,23.09110097196842,0.010444411577679686,False,False,True,True,True
1788620230.4996312,0.3116617212949322,0.7236485825812986,0.00029008849689199834,False,False,True,True,True
1788620230.5973003,0.7473747387235105,4.457356732554748,0.0009612817016552571,False,False,True,True,True
1788620230.6911123,0.38194097146288714,3.909972820602191,0.0009648342301146502,False,False,True,True,True
1788620230.801283,1.209499628397159,7.516575193866996,0.0033744192968090327,False,False,True,True,True
1788620230.8980196,0.25792725443684983,9.751080925091658,0.0033512319073256604,False,False,True,True,True
1788620230.988623,0.12132593619842201,1.5105723471617747,0.0001679401688570453,False,False,True,True,True
1788620231.0878367,1.4559783288940589,13.439631534680123,0.004177773854576082,False,False,True,True,True
1788620231.201864,1.211996940812293,2.23777766465079,0.003960219148390394,False,False,True,True,True
1788620231.294687,1.1788828526399187,0.40396885333009663,0.0031550614434498712,False,False,True,True,True
1788620231.389316,0.1960945223569993,10.408922297883764,0.0021716251056658168,False,False,True,True,True
1788620231.490585,0.4386090284675425,2.389524004894438,0.00046879901162282835,False,False,True,True,True
1788620231.6004527,1.0257508512808367,5.338493284752002,0.003497006055459894,False,False,True,True,True
1788620231.6933527,0.4691152394993628,5.915735391286319,0.002197344936386787,False,False,True,True,True
1788620231.789721,0.7507377302460375,2.9253099448936983,0.0010856729528974385,False,False,True,True,True
1788620231.8889523,0.21009647025107067,5.447351344257678,0.0010226981025487434,False,False,True,True,True
1788620231.9950745,0.7382455807331435,4.992125750261247,0.0012193018728419273,False,False,True,True,True
1788620232.0905373,0.20557794099846746,5.543209706487089,0.0010397845998828593,False,False,True,True,True
1788620232.1920166,2.800255634927048,25.572291465933944,0.015869384638867754,False,False,True,True,True
1788620232.2886693,0.44488336364218645,24.62069600895623,0.01397093839998471,False,False,True,True,True
1788620232.3989542,0.1773788194397954,2.4236876352434917,0.0005411884206030804,False,False,True,True,True
1788620232.4946525,1.74871103253848,16.417607854343128,0.0057719283560938375,False,False,True,True,True
1788620232.588761,0.8316205721641302,9.64152683915405,0.006145434337110636,False,False,True,True,True
1788620232.687516,0.3164883951709594,5.244137821811586,0.0013460292969319765,False,False,True,True,True
1788620232.800267,0.8064028333376999,4.343642888450113,0.0017369578254496582,False,False,True,True,True
1788620232.8985677,0.198541753652917,6.207039666596338,0.00174919802570469,False,False,True,True,True
1788620232.98963,1.7025396374118058,16.517004769816886,0.004337342419657014,False,False,True,True,True
1788620233.1050904,1.6841848899553387,0.12179246961888253,0.006040911162361445,False,False,True,True,True
1788620233.201395,0.4984718547252106,12.10694363856287,0.006228507944832081,False,False,True,True,True
1788620233.293573,0.14642622191445673,3.824435842201317,0.0005279528604143947,False,False,True,True,True
1788620233.3919477,1.7452669719682152,16.237140076807492,0.005752960612975483,False,False,True,True,True
1788620233.5053322,0.9596420301318435,7.130701661868315,0.005314237722081898,False,False,True,True,True
1788620233.60273,0.39661261528714004,5.7581285103188655,0.0025663346483737882,False,False,True,True,True
1788620233.693038,3.4172870542972476,33.452038536273896,0.019290022391819612,False,False,True,True,True
1788620233.7948391,2.191517307088942,11.93347096461009,0.01446846507378214,False,False,True,True,True
1788620233.9020503,1.8536223839230868,3.199677191477694,0.025078038003239683,False,False,True,True,True
1788620233.997531,1.0558579313892587,8.290022867215267,0.005671467937209443,False,False,True,True,True
1788620234.0956254,0.8739137154294694,1.8976119574422996,0.0045234248849285305,False,False,True,True,True
1788620234.1917734,0.3716115038262853,5.1696967193062555,0.0020549081804270408,False,False,True,True,True
1788620234.3018675,1.260355324073587,8.084994626234991,0.0033125914589246528,False,False,True,True,True
1788620234.4031174,1.1838660378591588,0.7746539212008375,0.0038239715728609707,False,False,True,True,True
1788620234.495533,1.1261442906153636,0.6565192550958273,0.0027341764202660863,False,False,True,True,True
1788620234.5917916,3.187544846904114,21.598083570948027,0.014437350385424652,False,False,True,True,True
1788620234.7042494,0.44632351447882895,24.274801943408278,0.01615602813321254,False,False,True,True,True
1788620234.7991447,0.7703534007416346,3.426001746719579,0.002094284257894913,False,False,True,True,True
1788620234.8932793,0.5791056984913117,2.0660163456858753,0.002303699411863027,False,False,True,True,True
1788620234.9902406,0.6378342625612075,0.5825528421409334,0.001744148671757419,False,False,True,True,True
1788620235.1008978,2.854902091892953,20.029229459461344,0.016805775317938216,False,False,True,True,True
1788620235.1975026,2.077154646344024,8.097704658947482,0.014740725366529263,False,False,True,True,True
1788620235.2947066,0.4019967317082974,17.247651520904466,0.008884258503840102,False,False,True,True,True
1788620235.4110222,0.6658131554557585,2.294441480172593,0.0015696805962805895,False,False,True,True,True
1788620235.5011177,1.3481972271344942,7.562435367546964,0.002426331242925473,False,False,True,True,True
1788620235.6011443,0.18055039578317628,11.788268713758978,0.0027152640268155955,False,False,True,True,True
1788620235.6927671,2.500786382740778,25.30675751125022,0.010322968198855096,False,False,True,True,True
1788620235.8060107,0.3656310891865511,18.910022877013176,0.00944243586253466,False,False,True,True,True
1788620235.9005253,0.7012606433042463,3.548976723877478,0.0008881340003668107,False,False,True,True,True
1788620235.9980595,1.677944283456219,10.032472467637042,0.005481740015283924,False,False,True,True,True
1788620236.0961404,1.30576444984722,3.949520082006325,0.004798049970816759,False,False,True,True,True
1788620236.209982,0.41255726169481244,7.889631307988848,0.004443659960897351,False,False,True,True,True
1788620236.3084843,1.569063034626315,11.735361224933266,0.004501918784843165,False,False,True,True,True
1788620236.3979127,0.9875236685898746,6.457323902128375,0.0037958116629948874,False,False,True,True,True
1788620236.492426,1.3225486587497461,3.563974281526625,0.0057204761934028635,False,False,True,True,True
1788620236.6068158,1.9298905504734418,5.2217299074634385,0.006896955515640237,False,False,True,True,True
1788620236.7004352,1.9571683386935743,0.3186791389888503,0.008146614777937152,False,False,True,True,True
1788620236.7991219,1.8179956538901274,1.443130518703096,0.007090502150370676,False,False,True,True,True
1788620236.897291,2.145853081884954,3.3023826602175874,0.007963400343611956,False,True,True,True,True
1788620237.005315,0.8819113178335372,11.479808349223974,0.010711735530010941,False,False,True,True,True
1788620237.103772,2.1751055985243277,13.39671656216637,0.011233946796404314,False,False,True,True,True
1788620237.1970837,1.1211646288461807,11.666149585181177,0.008205854263845827,False,False,True,True,True
1788620237.296251,2.4954157748241483,13.784817351104268,0.01532443742235692,False,False,True,True,True
1788620237.40678,0.77489789981618,15.646907103606775,0.01666964010766029,False,False,True,True,True
1788620237.506753,2.3226861274050803,15.474065139343702,0.007979024376605335,False,False,True,True,True
1788620237.6019347,0.44732504786766225,19.58627705984975,0.009310946116018405,False,False,True,True,True
1788620237.7120113,0.4359640420264758,0.08325608744713986,0.0010935489964165412,False,False,True,True,True
1788620237.8060827,0.7812976234894697,3.726820160369517,0.0009053507760121816,False,False,True,True,True
1788620237.8980644,1.1443909090058888,3.944476513365228,0.0018251589924617314,False,False,True,True,True
1788620237.9931126,0.9292326549571349,2.262273755196315,0.0020557005280120344,False,False,True,True,True
1788620238.1142828,0.7316861111357914,1.642907982444285,0.00410971550754727,False,False,True,True,True
1788620238.2160587,0.3198151925765619,4.0773207239518925,0.0014083970380163915,False,False,True,True,True
1788620238.3010428,1.8455689464765557,17.96191772590282,0.00432294694479756,False,False,True,True,True
1788620238.4012673,2.121137474505542,2.493381649527177,0.007388133510713966,False,False,True,True,True
1788620238.5038645,0.12846139645460108,19.461373470444073,0.00856994059697477,False,False,True,True,True
1788620238.6042523,0.19713418924114812,0.6884715506963048,9.926523957573133e-05,False,False,True,True,True
1788620238.7042935,0.9367381437226877,7.403345351834422,0.001840359042810757,False,False,True,True,True
1788620238.7945144,0.68128684493374,2.7383347610103326,0.003197008142861961,False,False,True,True,True
1788620238.9033468,2.286574245255037,14.74758982028591,0.010673537403484383,False,False,True,True,True
1788620239.0028908,1.3231375848273652,9.802813845475612,0.009590295424286237,False,False,True,True,True
1788620239.096698,0.7296582165103769,6.369128381117577,0.005020885867832805,False,False,True,True,True
1788620239.1995692,0.5371738112611181,1.8531996323958255,0.001878467687706207,False,False,True,True,True
1788620239.3115518,2.110254371815262,14.051158559304818,0.008803968819282575,False,False,True,True,True
1788620239.4067116,1.1018850258407722,10.660829559608118,0.008642541980708752,False,False,True,True,True
1788620239.5116088,1.2292537442003864,1.2503332845890713,0.006385904509273024,False,False,True,True,True
1788620239.6014009,1.163740801770428,0.6116516827417936,0.0038199848582095622,False,False,True,True,True
1788620239.7110286,0.5632525119625156,5.499354128712066,0.0018568588753059073,False,False,True,True,True
1788620239.8111615,0.37806319317516807,1.9075033998349606,0.0011202016417098954,False,False,True,True,True
1788620239.9061544,0.8625743058799622,5.014526035584332,0.0017844902727878645,False,False,True,True,True
1788620240.018862,0.6715091040816905,1.7369193340070868,0.0016408030202765078,False,False,True,True,True
1788620240.1139007,1.6857063582394813,10.681158756369813,0.0037709919437793533,False,False,True,True,True
1788620240.2095566,0.8166939013173508,8.893089799241803,0.005011559811778251,False,False,True,True,True
1788620240.3112738,4.625383124526958,37.35873235628439,0.04471857339858944,False,False,True,True,True
1788620240.4165344,7.4365348255040455,27.114348292590304,0.2164843603568067,False,False,True,True,True
1788620240.5162392,2.79439041290384,46.09106511715968,0.09026812361106971,False,False,True,True,True
1788620240.6116166,1.1315337890961938,17.750752349634777,0.013846507130254657,False,False,True,True,True
1788620240.7069995,1.4694410164834073,3.552130998077438,0.005253318006034609,False,False,True,True,True
1788620240.820387,3.6429416041739793,19.226528232373777,0.02495368499973041,False,False,True,True,True
1788620240.9123147,1.9532682502732475,18.40511630580497,0.025333174872642854,False,False,True,True,True
1788620241.0111632,2.730191997781627,7.97599257112271,0.026239380487255607,False,False,True,True,True
1788620241.1010227,0.47642739034037107,25.09133496010247,0.015353725189223406,False,False,True,True,True
1788620241.2185855,0.537059504417562,0.5591525894477268,0.0012910931970379097,False,False,True,True,True
1788620241.313682,5.714402112136491,54.46708254228564,0.05218162985383369,False,False,True,True,True
1788620241.411712,4.472717085361395,12.938090242221172,0.049870418537134094,False,False,True,True,True
1788620241.5015543,1.2257482867596987,36.703743024245426,0.03187701014109026,False,False,True,True,True
1788620241.6195164,0.7303723605587309,4.235820075185259,0.004463054159825663,False,False,True,True,True
1788620241.7081563,1.7802649506370927,11.80264624651242,0.004017816437865292,False,False,True,True,True
1788620241.8098764,0.23881200181332288,15.052393684571259,0.004218656390867344,False,False,True,True,True
1788620241.9007323,0.576416480651733,3.7159379452519756,0.00042452948047268723,False,False,True,True,True
1788620242.0122383,2.1715561029497694,14.31230375431004,0.009921303306797384,False,False,True,True,True
1788620242.1152608,1.186516912387868,9.440592515631643,0.018130288059408667,False,False,True,True,True
1788620242.2074573,4.019581969900709,30.763560677317,0.02135857822384761,False,False,True,True,True
1788620242.3184536,1.6224663843162463,21.73876831977349,0.04193265240985834,False,False,True,True,True
1788620242.415904,5.357309400164901,38.372528752850485,0.04311144364918717,False,False,True,True,True
1788620242.5103884,4.0556667053566295,13.846506587740931,0.04184333959808927,False,False,True,True,True
1788620242.6068645,0.5748962822112829,36.61198502429679,0.026179408896176867,False,False,True,True,True
1788620242.7178679,0.528411041728539,0.42770593218122055,0.0015587156412873162,False,False,True,True,True
1788620242.81576,2.4472768180337447,19.563045126163622,0.00877396298177105,False,True,True,True,True
1788620242.9129796,2.508547912128077,0.4686623716742745,0.011267035333224327,False,False,True,True,True
1788620243.0072298,1.0981628033397843,14.935900286643804,0.012958083031147911,False,False,True,True,True
1788620243.1206696,2.0550635452868815,8.5500278913947,0.011854280103332365,False,False,True,True,True
1788620243.2156131,2.307861482055533,2.684945062693021,0.009814688169492906,False,False,True,True,True
1788620243.3156204,0.8645297790088391,14.554094454577603,0.012951511208914333,False,False,True,True,True
1788620243.407933,0.9107501088021767,0.5157196699745227,0.0030644798296883854,False,False,True,True,True
1788620243.521023,2.2372343607621645,11.877980175192777,0.013387699324390323,False,False,True,True,True
1788620243.6178188,4.064964306002587,18.731147108472303,0.023372267628683805,False,False,True,True,True
1788620243.7118685,2.7346800252458485,14.305561359415702,0.022580924214049867,False,False,True,True,True
1788620243.8044422,1.5991377229683261,12.1486015737298,0.02125169496752424,False,False,True,True,True
1788620243.9200785,3.4932595142012675,16.106951691416075,0.02420306779489662,False,False,True,True,True
1788620244.0155487,0.9819432599905633,26.262601073953128,0.03187878073918109,False,False,True,True,True
1788620244.10885,1.32702377117884,3.6849749921908623,0.0035847244195468158,False,False,True,True,True
1788620244.206126,2.0572122742943293,7.310793909344276,0.010870820007447837,False,False,True,True,True
1788620244.3160317,1.4257116869080777,5.765750909236186,0.015402870363519332,False,False,True,True,True
1788620244.416563,1.1389794937938156,2.3733020923942583,0.005860513436049606,False,False,True,True,True
1788620244.515324,0.8312396692872392,3.1115110658508356,0.0024393782018339583,False,False,True,True,True
1788620244.618262,7.142633479684064,61.33076982802314,0.09973164740662731,False,False,True,True,True
1788620244.7199905,8.473187438554854,12.197389815238326,0.12225021728668511,False,False,True,True,True
1788620244.8134348,3.2456560079497794,55.97909757254305,0.11563422928565563,False,False,True,True,True
1788620244.9151213,1.0316745150854085,22.077227122658087,0.015917329993146184,False,False,True,True,True
1788620245.020779,0.6424266460899432,3.7088096226616787,0.003922869372127979,False,False,True,True,True
1788620245.1179492,7.8559967217258375,74.22645957494743,0.10948163119244102,False,False,True,True,True
1788620245.214379,7.5893809307428475,4.225366837437437,0.1030478300419909,False,False,True,True,True
1788620245.31169,0.8042174788220628,69.52093668847958,0.088827033746456,False,False,True,True,True
1788620245.424054,0.4699920492725599,2.895148766486825,0.0015589737357976589,False,False,True,True,True
1788620245.5190685,0.9793930822562864,5.364244180320004,0.0021002493241157965,False,False,True,True,True
1788620245.6160917,0.7571736447503774,2.3949621471834246,0.0035436697205313175,False,False,True,True,True
1788620245.7086844,2.6086900461605875,19.981348686601955,0.00917061644778228,False,False,True,True,True
1788620245.823237,3.344766968881564,6.304483125628448,0.020650664313612822,False,False,True,True,True
1788620245.921445,3.212658742150244,1.243861312545348,0.06519977105403091,False,False,True,True,True
1788620246.013127,5.69509981405445,27.310869525588892,0.038369059143851456,False,False,True,True,True
1788620246.1100388,3.1111110074767447,24.92259010845856,0.042240374163006314,False,False,True,True,True
1788620246.2271113,0.7156727684397197,20.530733893967803,0.021038473766845055,False,False,True,True,True
1788620246.315922,5.571038352306163,54.63395945616746,0.0409806144455044,False,False,True,True,True
1788620246.416192,5.166863505104479,3.1776354847623454,0.04851482411135547,False,False,True,True,True
1788620246.5174282,2.1527662812950825,29.829186334509522,0.03850666321415298,False,False,True,True,True
1788620246.6228507,1.0244165952605642,10.74301355335944,0.0068773004566032685,False,False,True,True,True
1788620246.7172697,2.5401381831218464,15.885723927433062,0.008238382661164953,False,False,True,True,True
1788620246.8145325,2.858243486078652,3.2926139362685483,0.013218855007577236,False,False,True,True,True
1788620246.9267497,0.7220793380196825,19.00447860459086,0.018973735187543486,False,False,True,True,True
1788620247.0208886,0.6334532038916111,0.9671727918446882,0.0012763207551952532,False,False,True,True,True
1788620247.1184514,0.9466961625273259,3.207807744366683,0.0027836108405716216,False,False,True,True,True
1788620247.2157543,1.1413154159456511,2.0488345153990397,0.0021054891057554407,False,False,True,True,True
1788620247.329406,1.5849464613937798,4.116682058705251,0.012010261270542298,False,False,True,True,True
1788620247.4224005,1.3564269337436496,2.288449311635461,0.005443445629651903,False,False,True,True,True
1788620247.5202742,1.9674786777127178,6.186047364984265,0.013334197419519423,False,False,True,True,True
1788620247.6157367,0.5249611555417414,15.172845090825549,0.005966754995561826,False,False,True,True,True
1788620247.7250025,2.2331664812610215,15.656697970553815,0.013701484779325953,False,False,True,True,True
1788620247.8246865,2.2544705354013477,0.23606735373767454,0.011120291992397403,False,False,True,True,True
1788620247.9230702,0.7817084146353728,14.764727869308773,0.0083808436749966,False,False,True,True,True
1788620248.0172935,0.3010265003527808,5.1456744356602915,0.0012645714622667667,False,False,True,True,True
1788620248.1292005,0.5664603223738355,2.377131938140111,0.0011520033811288721,False,False,True,True,True
1788620248.22322,3.9472841001953034,35.95163467291365,0.02496391913567203,False,False,True,True,True
1788620248.3196282,1.3958778941891679,26.068497233254153,0.021288776239172042,False,False,True,True,True
1788620248.4164197,1.2938273620411829,1.1421096374525115,0.008074318448890888,False,False,True,True,True
1788620248.5293636,1.5222923679047324,1.963062574855627,0.009347907224203344,False,False,True,True,True
1788620248.6223516,2.329716003934194,8.720910142879282,0.008687902033812015,False,False,True,True,True
1788620248.7150786,1.6263727564013797,7.5072578277879245,0.008076701705267036,False,False,True,True,True
1788620248.8183599,2.509726334632931,8.617260820068447,0.023493674896677537,False,False,True,True,True
1788620248.926195,1.278724024575564,11.163949669410437,0.009880014690340607,False,False,True,True,True
1788620249.025117,2.9903356152947884,17.486356331147967,0.014239650983281131,False,False,True,True,True
1788620249.120892,3.439940610201625,4.7265447154206175,0.019779473626346165,False,False,True,True,True
1788620249.2322068,0.6918304812044207,24.820872143091684,0.025873418569369394,False,False,True,True,True
1788620249.326627,0.867491965978383,1.8445235946409753,0.001464868949336839,False,False,True,True,True
1788620249.4219813,0.4846324167788973,4.00043195794824,0.0010838493531098422,False,False,True,True,True
1788620249.5187004,0.5767872235334358,0.9578469648030707,0.0008732111204578503,False,False,True,True,True
1788620249.626851,1.0650289780022224,4.524614641891281,0.003798342780242908,False,False,True,True,True
1788620249.724346,1.6313255744112038,5.779336452159653,0.004633584850132358,False,False,True,True,True
1788620249.825231,1.1210949078974788,5.162692773485066,0.004251516466212868,False,False,True,True,True
1788620249.916075,0.8196973625114435,3.304910216403616,0.0020732306961635714,False,False,True,True,True
1788620250.0287347,1.6080469484635376,6.925923550226527,0.005083864672616221,False,False,True,True,True
1788620250.119601,6.712719028615818,55.82183786686705,0.05659160808326146,False,False,True,True,True
1788620250.2219126,1.6810457184528695,49.42536482039318,0.0572874751102404,False,False,True,True,True
1788620250.3173885,2.172417061177056,4.8479311623992345,0.007164137264637347,False,False,True,True,True
1788620250.4301734,3.41135557456913,11.148101543321438,0.021252090557480705,False,False,True,True,True
1788620250.5278091,2.787255715582269,6.135944917353151,0.05971498756686772,False,False,True,True,True
1788620250.6223214,3.277617897347351,4.894023678627139,0.016437878212784512,False,False,True,True,True
1788620250.7163858,0.7108498221556955,27.215733228777776,0.020969697520070347,False,False,True,True,True
1788620250.833351,1.0585321131490804,2.963431342926319,0.004914736005540745,False,False,True,True,True
1788620250.9243166,4.04732540474419,32.872802218951925,0.020041221716442195,False,False,True,True,True
1788620251.024243,2.3322199276303106,17.2819120491381,0.020405710130413753,False,False,True,True,True
1788620251.1215973,3.117908934952993,8.097270283071598,0.014679586905987757,False,False,True,True,True
1788620251.23169,1.0243378567523334,18.622191132223474,0.01457146995665233,False,False,True,True,True
1788620251.326517,3.7359705784976436,28.528476499109992,0.02956296792309162,False,False,True,True,True
1788620251.422302,1.8193151211376613,20.14394265164394,0.040374942370632494,False,False,True,True,True
1788620251.5356107,3.87949709658391,18.01329672338123,0.02840923997972313,False,False,True,True,True
1788620251.6296647,1.2716268640153572,27.618697845857938,0.03112296883456192,False,False,True,True,True
1788620251.7267795,2.696444963332134,14.59739384666391,0.018617078987990327,False,False,True,True,True
1788620251.8207467,1.5992469897048056,11.727297936142017,0.010062630817725965,False,False,True,True,True
1788620251.9332957,1.469213713143803,1.1574643065692067,0.013811666794087997,False,False,True,True,True
1788620252.0325751,0.8713634574637147,6.034804946815731,0.004325880171744352,False,False,True,True,True
1788620252.1258855,0.4088007901906927,4.962604844395406,0.001107471567618213,False,False,True,True,True
1788620252.2234735,0.7255207280491289,3.3156825729579915,0.0014651888846295062,False,False,True,True,True
1788620252.3384778,0.8127531093033498,0.7351514760632144,0.001716730848120373,False,False,True,True,True
1788620252.4343352,1.152152965651201,3.5899556176405985,0.0056500272323229735,False,False,True,True,True
1788620252.5241406,2.6482314741044997,16.633359847862646,0.008248138514810068,False,False,True,True,True
1788620252.6226327,0.47182673849669304,22.102314683831096,0.009618904780174187,False,False,True,True,True
1788620252.736827,0.7118429337009347,2.12428055250037,0.001090551504255193,False,False,True,True,True
1788620252.829781,2.822556261095277,22.695803640860856,0.010318101642526719,False,False,True,True,True
1788620252.9305937,2.707185010057821,1.207668931478888,0.015156138517069616,False,False,True,True,True
1788620253.0221186,0.5985516615553658,23.336529851560922,0.013189425543473509,False,False,True,True,True
1788620253.1340785,3.450327866774869,25.477691089042843,0.030630728898726294,False,False,True,True,True
1788620253.2302485,3.8925598000150403,4.631832326365894,0.027620279565243672,False,False,True,True,True
1788620253.328244,3.9436603623292013,0.615017534660104,0.02747599124822919,False,False,True,True,True
1788620253.423088,6.038941759001494,22.358437817557633,0.04879945813328444,False,False,True,True,True
1788620253.5350816,3.142336394868642,26.25998739042855,0.0479686637283128,False,False,True,True,True
1788620253.631846,2.3729251266704168,7.927793683018452,0.01828934569201928,False,False,True,True,True
1788620253.7280116,0.796314463816161,16.20441469265667,0.008142581763062864,False,False,True,True,True
1788620253.8356912,0.8996594945663209,0.9352273821830065,0.0038396488345649395,False,False,True,True,True
1788620253.934801,0.6568637812084971,2.4523180666662685,0.0031966035455341145,False,False,True,True,True
1788620254.0338924,3.2629922888030687,26.24634208014686,0.023842891782004556,False,False,True,True,True
1788620254.1267526,2.075976116981946,12.721874615380546,0.015925109054773307,False,False,True,True,True
1788620254.2447062,1.6648755457323217,3.5108357894973365,0.00737669059804216,False,True,True,True,True
1788620254.337486,0.6396205544544454,11.078803391543234,0.006328099037024392,False,False,True,True,True
1788620254.4300315,2.7045827922267947,22.313581980438553,0.010871786118731238,False,False,True,True,True
1788620254.5266736,5.181059228762956,26.354777417777758,0.036706187215589846,False,False,True,True,True
1788620254.638606,4.116435980934955,9.911265327212066,0.045667159016011774,False,False,True,True,True
1788620254.7356257,4.637961379493597,5.349574976328214,0.04142144652637428,False,False,True,True,True
1788620254.8292527,3.074417606225417,17.46968445983745,0.030620633389480078,False,False,True,True,True
1788620254.9280298,4.657326187460061,15.690089142895616,0.030818933884876092,False,False,True,True,True
1788620255.0374904,10.489215759116108,53.075795564882,0.18515868559810067,False,False,True,True,True
1788620255.1344044,5.9993225217669774,46.250305879251165,0.18506784460090062,False,False,True,True,True
1788620255.2291803,3.7578105838460045,23.648154734407505,0.1213913753954758,False,False,True,True,True
1788620255.3263464,2.7737917054163064,10.169237334211795,0.044874449340968785,False,False,True,True,True
1788620255.4380538,2.4108483982953115,3.2064642038095865,0.02076183915586679,False,False,True,True,True
1788620255.5320854,0.49792082865990794,20.03855662016001,0.01271968925314405,False,False,True,True,True
1788620255.6292846,1.1342973054629495,6.512647734984206,0.002584661698408998,False,False,True,True,True
1788620255.7244685,1.7421357570638383,6.417934476459736,0.009139529045341639,False,False,True,True,True
1788620255.8404558,0.8809051199660424,7.597886722392879,0.004715420975314093,False,False,True,True,True
1788620255.940001,2.9171342994110314,20.264782755725165,0.021062086250780248,False,False,True,True,True
1788620256.031737,2.0277769331779827,10.240713874721076,0.03058270143650201,False,False,True,True,True
1788620256.143032,2.4368423051024375,3.6818469973180252,0.026388378991134262,False,False,True,True,True
1788620256.2403493,9.826549146175084,75.913091498278,0.13682829974906904,False,False,True,True,True
1788620256.334332,5.584124270049053,41.025145539556085,0.12207647293468535,False,False,True,True,True
1788620256.4298973,1.5516897212190328,42.067731705281545,0.042120076487323806,False,False,True,True,True
1788620256.5465548,2.54645384336184,8.513330852930126,0.026811614400583824,False,False,True,True,True
1788620256.6397715,6.858358062615028,46.68891406024522,0.05917827637710835,False,False,True,True,True
1788620256.7353652,4.619740069063384,23.615163268238266,0.0614517249230435,False,False,True,True,True
1788620256.8377779,6.219407621158573,15.662322166818328,0.06820264877231734,False,False,True,True,True
1788620256.9421382,7.7287172209365576,13.280448263248681,0.1065753452604209,False,False,True,True,True
1788620257.0406406,1.8971180097589972,60.06062332336883,0.1135583499494931,False,False,True,True,True
1788620257.1374283,4.787544978657021,29.767960870197662,0.04696261130615135,False,False,True,True,True
1788620257.230856,7.3401293275422415,28.077865525148553,0.07768949512228827,False,False,True,True,True
1788620257.3485048,6.773015114470298,2.8381820827306123,0.11469221942070719,False,False,True,True,True
1788620257.4391456,13.125776037159243,69.47569763225083,0.2086262897488323,False,False,True,True,True
1788620257.535143,10.7854607524723,24.039136010392788,0.23679322036257575,False,True,True,True,True
1788620257.6317623,4.140761281508083,67.98830858919591,0.15444158242085526,False,False,True,True,True
1788620257.7424958,2.503650094044216,14.999786816498643,0.06551506206187413,False,True,True,True,True
1788620257.8408737,7.071745002483137,46.437274640558,0.06979090074968029,False,False,True,True,True
1788620257.9338574,5.3238906667330115,19.805850399352114,0.07368091632024493,False,False,True,True,True
1788620258.029925,2.9466538961841624,24.82380346651691,0.03500097332874715,False,False,True,True,True
1788620258.1443837,1.352029799711668,13.659119899201894,0.011981849933756119,False,False,True,True,True
1788620258.2336843,1.8768401835237256,5.84067504790264,0.013379339277556941,False,False,True,True,True
1788620258.3380015,3.4153081186039773,15.023894570478323,0.019156199891937942,False,False,True,True,True
1788620258.4446266,3.6609994002018613,2.509421081938692,0.02763711711771038,False,False,True,True,True
1788620258.5449014,1.512877750521674,21.49659820491899,0.024508256260093963,False,False,True,True,True
1788620258.6405709,0.585028852339314,9.512491466104848,0.0047965163966697056,False,False,True,True,True
1788620258.7389877,0.8642607464978704,2.800876875211087,0.0016422235613746438,False,False,True,True,True
1788620258.8474047,0.7843534464636001,0.8016861502108799,0.0038944309306513476,False,False,True,True,True
1788620258.9406974,0.6248533910655831,1.7063502681751994,0.0029538340871160976,False,False,True,True,True
1788620259.038111,0.2527938193780477,3.8002248807262538,0.0007893465023492675,False,False,True,True,True
1788620259.1384337,3.705621629421393,34.408232652429334,0.02649030015420489,False,False,True,True,True
1788620259.2504258,1.2231333205003316,21.756945406444647,0.023751139779214624,False,False,True,True,True
1788620259.3464284,1.8548262186572322,6.617086715679849,0.012718905471312743,False,False,True,True,True
1788620259.4388514,0.855380092058618,10.424662716118974,0.00905408345533258,False,False,True,True,True
1788620259.5347202,1.4636594361856836,6.377573889216556,0.0066683858465486955,False,False,True,True,True
1788620259.6527686,0.4317871633603131,8.877191527885156,0.005154109584767599,False,False,True,True,True
1788620259.7404933,1.1488401945976694,8.13575363835674,0.0028486437756698557,False,False,True,True,True
1788620259.8410769,1.0152917416631655,1.3766333122244523,0.0038763166572747545,False,False,True,True,True
1788620259.9309597,0.6460533907158309,4.2569499581189545,0.0017963404979942658,False,False,True,True,True
1788620260.0459664,0.34480859686994714,2.5977213941277815,0.0006424316049780133,False,False,True,True,True
1788620260.1442165,7.3976854229947415,71.76011361480765,0.10318724980346689,False,False,True,True,True
1788620260.2403255,3.664165369929385,38.33703536603916,0.07800528569653446,False,False,True,True,True
1788620260.344881,6.0244184859224665,22.65224648136292,0.13833985595130907,False,False,True,True,True
1788620260.4521766,3.2563616302691782,25.946317526278516,0.059753500109611744,False,False,True,True,True
1788620260.548911,2.837944436098457,3.9778464794785635,0.01968237160679689,False,False,True,True,True
1788620260.6401088,2.2621520903960635,6.333826526331088,0.012683664257614049,False,False,True,True,True
1788620260.7531426,2.3560202060742936,0.831066679190966,0.012431541159149791,False,False,True,True,True
1788620260.8517053,2.801043428692789,4.757234606454665,0.016210806891208962,False,False,True,True,True
1788620260.9404905,1.6529202776378598,13.323999975438579,0.023200971611627277,False,False,True,True,True
1788620261.0382683,0.4521204321702354,12.427550882618558,0.004299789575788505,False,False,True,True,True
1788620261.1545408,0.40305532163985175,0.46580184388836515,0.0010690319026149036,False,False,True,True,True
1788620261.2474775,1.0094312846041127,6.476413756399699,0.001881544799590677,False,False,True,True,True
1788620261.3409228,0.8402045893561997,1.9951436017707245,0.002026516992354285,False,True,True,True,True
1788620261.4351838,2.273675645626072,15.073449764053,0.007385187901230358,False,False,True,True,True
1788620261.544449,1.4818941253901163,7.313332768792295,0.01932460596658186,False,False,True,True,True
1788620261.6431406,2.872548248788568,14.684539257322353,0.02724747168072045,False,False,True,True,True
1788620261.7380679,3.4136161006041212,5.754815388866763,0.018950041437701147,False,False,True,True,True
1788620261.831632,2.1684326577810253,13.064844965250664,0.03821292094569646,False,False,True,True,True
1788620261.951065,1.82289083539785,2.8420500757508376,0.009199028592612441,False,False,True,True,True
1788620262.049635,0.3624871680006437,14.670827088459506,0.008444231136762567,False,False,True,True,True
1788620262.1438673,0.988463736939663,6.648222737348976,0.002308838484296698,False,False,True,True,True
1788620262.2402585,1.4703539248702666,5.021490157071711,0.004182145367610421,False,False,True,True,True
1788620262.3535542,2.3331603230276206,7.619463267514127,0.01948824181609458,False,False,True,True,True
1788620262.4438653,2.294301059366793,0.4466451991039775,0.011410568266045373,False,False,True,True,True
1788620262.544678,1.316618545070895,9.715266080483273,0.014654314316229513,False,False,True,True,True
1788620262.6527874,0.6972255861112187,5.818016196589998,0.002874069021362029,False,False,True,True,True
1788620262.7542787,1.7044358421293082,9.919491929956992,0.008793180800335606,False,False,True,True,True
1788620262.857479,0.27435701586948086,13.855374740953572,0.0051008660915025095,False,False,True,True,True
1788620262.949298,0.6867789179994921,4.495030752981048,0.000826451603164451,False,False,True,True,True
1788620263.0583367,1.3545599183952057,6.209486382585632,0.003561473517532002,False,False,True,True,True
1788620263.1519501,1.9707964990166187,6.592153984693813,0.014706256249656135,False,False,True,True,True
1788620263.247894,1.7145126145971359,2.5921858083854517,0.006020224808620398,False,False,True,True,True
1788620263.3500164,1.4752180819620053,2.364113347319572,0.01296122988111905,False,False,True,True,True
1788620263.45664,1.823772551685261,3.2775962257760893,0.007202418766138137,False,False,True,True,True
1788620263.5523434,3.4134596939721247,16.433872580989462,0.015962523110619607,False,False,True,True,True
1788620263.650063,0.8080055083215217,26.674323779087786,0.018538172358762692,False,False,True,True,True
1788620263.7486234,0.5832688152819626,2.3521607875722634,0.0012121531727375227,False,False,True,True,True
1788620263.8623736,0.2876861392545508,2.6022949167746376,0.0010705029993370628,False,False,True,True,True
1788620263.954043,0.3419103333117237,0.6097306896658055,0.0003040605376259838,False,False,True,True,True
1788620264.0511913,1.5840023816243074,12.797398874456222,0.004598261013672864,False,False,True,True,True
1788620264.1412146,2.120150487427651,6.046386380566211,0.0166009104686199,False,False,True,True,True
1788620264.2639763,0.7306925667539521,11.305452792853151,0.0072945846065989375,False,False,True,True,True
1788620264.354544,1.5839958700008288,9.393706672019395,0.003964920042101971,False,False,True,True,True
1788620264.448382,7.107958814057573,58.63029125429068,0.10609928754731848,False,False,True,True,True
1788620264.544118,3.9854850399259694,33.80343929072227,0.06840902002847567,False,False,True,True,True
1788620264.6540463,2.3396238565352583,15.408524908226218,0.022943613151238516,False,False,True,True,True
1788620264.7476387,6.3046096240304355,42.398785429736854,0.05175166105832396,False,False,True,True,True
1788620264.850644,2.7397377786220356,34.66894444813663,0.04954589620256546,False,False,True,True,True
1788620264.9666076,0.7377163825347715,17.06851178057444,0.012067319067262392,False,False,True,True,True
1788620265.0533361,5.311474055848526,52.74283957987834,0.035701538487857,False,False,True,True,True
1788620265.1505156,4.056309581439237,12.890641153345499,0.035817041747827745,False,False,True,True,True
1788620265.2497752,1.6103134100360479,26.1267021139417,0.04147304337993182,False,False,True,True,True
1788620265.35789,3.026595230411422,13.125211893496191,0.02674314994162651,False,False,True,True,True
1788620265.4547465,1.119961100015714,19.4857558373904,0.023835203861672056,False,False,True,True,True
1788620265.5517118,6.336715588192005,53.6584815652807,0.07217418474992371,False,False,True,True,True
1788620265.6459181,2.8336115288074115,36.25452005988676,0.05526653731358856,False,False,True,True,True
1788620265.7598622,3.5543070320025056,6.476878948694353,0.05958723076104587,False,False,True,True,True
1788620265.8560402,1.096228259896323,25.429565007332265,0.029429430418567597,False,False,True,True,True
1788620265.9482133,0.3200819571309583,8.38351913962761,0.0018509185163781915,False,False,True,True,True
1788620266.0523176,2.996328212206922,25.697260213682295,0.018057034531663567,False,False,True,True,True
1788620266.1588907,0.7458343961804845,20.904331726617002,0.016026376303685263,False,False,True,True,True
1788620266.2553797,1.3370983707176913,6.122351533609927,0.004045360384828849,False,False,True,True,True
1788620266.352951,1.173003343916581,1.6035316771377284,0.004024503242226355,False,False,True,True,True
1788620266.447565,1.035087972367854,1.3765957874295696,0.002449565630331916,False,False,True,True,True
1788620266.5596385,0.9571723303902693,0.6798645038404841,0.004425063120580614,False,False,True,True,True
1788620266.6587868,0.44408474010854465,5.126001591130354,0.0022948205355937225,False,False,True,True,True
1788620266.7485998,0.937674813060479,5.51397119273237,0.0021456258994215654,False,False,True,True,True
1788620266.8468466,1.528136024690779,6.116786156308045,0.004255532298196512,False,False,True,True,True
1788620266.9609795,1.0812033956633276,4.054929586542121,0.008269363178711736,False,False,True,True,True
1788620267.0553493,0.4748756152022334,6.519752585957278,0.00394632187872153,False,False,True,True,True
1788620267.1503916,0.7565559991061817,2.9689448599212853,0.0007960112992481015,False,False,True,True,True
1788620267.2688098,0.34157442624482404,3.412855519788783,0.0015162294589873941,False,False,True,True,True
1788620267.358227,2.557225860649772,24.783463873316865,0.011117957219080803,False,False,True,True,True
1788620267.4532256,0.569846204342548,20.92827632280903,0.012865513173609056,False,False,True,True,True
1788620267.5502017,1.67135314684391,11.38998409356741,0.003970617707938524,False,False,True,True,True
1788620267.668381,1.710643455898497,0.26733910769690766,0.006915815094983586,False,False,True,True,True
1788620267.758421,3.6827120973308554,21.605273319719476,0.017180002720950206,False,False,True,True,True
1788620267.855838,1.5128844079770851,22.736263894959315,0.032074666914554455,False,False,True,True,True
1788620267.9521356,0.44743980258003635,11.102469554862983,0.004785465069849448,False,False,True,True,True
1788620268.0627162,1.9792097107048832,13.850992476530756,0.008064663336843672,False,False,True,True,True
1788620268.1558464,3.1815155082518323,12.888583805077678,0.014950302439242596,False,False,True,True,True
1788620268.2562475,1.946019160555697,12.157832159413248,0.014442843285311585,False,False,True,True,True
1788620268.3485487,2.65014113397034,7.685435968199635,0.012667087687459472,False,False,True,True,True
1788620268.463238,1.0836111296700677,13.6285400493167,0.00959291527600441,False,False,True,True,True
1788620268.560715,0.5748900261655882,5.182559196976308,0.003582485068084083,False,False,True,True,True
1788620268.6533613,3.6070993915783163,32.72262347688233,0.019363973416044757,False,False,True,True,True
1788620268.7522023,0.8207783532419164,28.173455951354505,0.01720230787018572,False,False,True,True,True
1788620268.866966,3.399605365382947,22.518213457393724,0.03582956823840442,False,False,True,True,True
1788620268.952484,0.7021979307598969,31.473469460618546,0.03266809069414918,False,False,True,True,True
1788620269.0500333,0.41105509967954157,2.976952479649496,0.0008866696570923772,False,False,True,True,True
1788620269.1464798,2.5523868599958965,22.228999796886058,0.012802136590880427,False,False,True,True,True
1788620269.261216,1.8148577847587508,6.424212530542213,0.010392879750205959,False,False,True,True,True
1788620269.357187,0.4143373828475592,14.588813602496579,0.009540385580331552,False,False,True,True,True
1788620269.4527907,0.5490378499283266,1.3894379683997193,0.0011177144360890138,False,False,True,True,True
1788620269.5685863,0.7628417511068624,1.7984449549956347,0.0013948740213007846,False,False,True,True,True
1788620269.6623478,3.735201622176297,31.676556922359556,0.028525562341206838,False,False,True,True,True
1788620269.7597237,3.4824104147195794,2.555344308025307,0.022715299532928706,False,False,True,True,True
1788620269.8536637,0.9511586086763126,27.40402915306379,0.027709019652024453,False,False,True,True,True
1788620269.9709952,3.518231864671393,21.85431236705647,0.02693598892091386,False,False,True,True,True
1788620270.0628378,2.6670530229103635,9.314784785058075,0.05615901742451631,False,False,True,True,True
1788620270.1596053,1.2460065483985374,14.671252888866269,0.009776721070219513,False,False,True,True,True
1788620270.2549918,2.0788144759364,8.833428428688515,0.013075633629307184,False,False,True,True,True
1788620270.3670835,3.4271833128719793,12.037632386394828,0.02075534984452656,False,False,True,True,True
1788620270.4596019,6.2370498369180085,30.736697297952194,0.049083086966850466,False,False,True,True,True
1788620270.5578237,0.8200793852942966,55.0720631400753,0.06963477244558519,False,False,True,True,True
1788620270.6578038,0.6315444947915855,1.8529895728948929,0.001278773596162075,False,False,True,True,True
1788620270.7727947,1.3826669675607008,6.524703870950832,0.0037402935151443373,False,False,True,True,True
1788620270.8633535,0.3953318814409132,10.916845370847494,0.004127900426421816,False,False,True,True,True
1788620270.9597692,0.3542601059568279,0.4263892825638547,0.0004782616486495922,False,False,True,True,True
1788620271.0544925,1.8677987134128695,15.964366174652357,0.005104591395403627,False,False,True,True,True
1788620271.1663454,4.355151261370553,22.184578937546213,0.037525415584044285,False,False,True,True,True
1788620271.2638934,0.8408428221327326,36.19147334348205,0.04064998638878836,False,False,True,True,True
1788620271.3591459,2.316564187312821,15.397481969690032,0.00868291725095461,False,False,True,True,True
1788620271.453833,1.5677481382917096,7.834943148345663,0.008483065285806488,False,False,True,True,True
1788620271.5676374,0.9539579086448173,5.4365743310706085,0.00354929168472031,False,False,True,True,True
1788620271.663612,3.21002908687858,23.727716238949597,0.01705167829777848,False,False,True,True,True
1788620271.7572846,3.609600206043285,4.296764866700602,0.056808681660096186,False,False,True,True,True
1788620271.8705015,3.185526138241324,3.6829508661322023,0.06866858458803048,False,False,True,True,True
1788620271.9690673,4.04463826437912,8.811917424348684,0.027849432458871805,False,False,True,True,True
1788620272.0577638,0.47525510586436903,40.220963680034124,0.03048712573395398,False,False,True,True,True
1788620272.158155,2.1981736740445093,17.244652609401186,0.009425175794635674,False,False,True,True,True
1788620272.2696707,0.8131467149453879,12.3847231853185,0.01156032129748394,False,False,True,True,True
1788620272.3669674,0.9713538310215099,1.6979262011060565,0.003249780328284394,False,False,True,True,True
1788620272.4654043,2.7682982244843126,18.309891923203224,0.011783737710693073,False,False,True,True,True
1788620272.558282,3.1947985206091354,4.3912416549595354,0.01662246662238486,False,False,True,True,True
1788620272.6670382,3.2173369953833117,0.4750914076278699,0.0214521715655883,False,False,True,True,True
1788620272.766614,2.9065467190970615,2.956259976910314,0.020880809402981513,False,False,True,True,True
1788620272.859359,2.8424421966306777,0.4428083882260492,0.04317029561786819,False,False,True,True,True
1788620272.961697,0.9570770927536759,18.58908438880531,0.018037220405664474,False,False,True,True,True
1788620273.0732422,0.8941078090206426,0.5866239145906088,0.0030581799777671423,False,False,True,True,True
1788620273.1650336,1.842837372066548,10.29413444234406,0.0059695330386611714,False,False,True,True,True
1788620273.261519,2.759756525335406,9.507469489030345,0.027270078977793166,False,False,True,True,True
1788620273.358874,1.4930391397100482,12.872643616632686,0.011093873230123959,False,False,True,True,True
1788620273.4746816,2.4274961603226233,8.170621692251363,0.012315643233624482,False,False,True,True,True
1788620273.5632534,1.0868459821121887,14.861313031856104,0.012704518450872088,False,False,True,True,True
1788620273.6646545,1.8782769291428942,7.5684917978112365,0.010914848382387028,False,False,True,True,True
1788620273.757435,0.9498519007189673,9.936076683808592,0.006048495481617755,False,False,True,True,True
1788620273.8743417,0.5780077486842432,3.119028584101138,0.002564348468207077,False,False,True,True,True
1788620273.9660137,2.5707493783986584,21.79352198577228,0.009066179322229419,False,False,True,True,True
1788620274.0607314,1.3649483762777233,12.72283854567854,0.008791023738337643,False,False,True,True,True
1788620274.1774035,1.6309237708902913,2.1312608022721626,0.013615752639671429,False,False,True,True,True
1788620274.2717292,0.43702421851009504,12.574239353712851,0.005944843598472314,False,False,True,True,True
1788620274.3651125,2.376655854747846,20.797092979584555,0.010916692215129635,False,False,True,True,True
1788620274.4645534,0.4736568088996045,19.19737707140898,0.008224696822420352,False,False,True,True,True
1788620274.5732772,0.31544111045117745,1.474048284068693,0.0007994467632704806,False,False,True,True,True
1788620274.671941,3.139795505768677,28.601348866951298,0.019572860825672896,False,False,True,True,True
1788620274.7693725,0.7665452122291101,24.812334481368044,0.01999550038049461,False,False,True,True,True
1788620274.8625457,0.5847344622300679,2.0416104980655847,0.0017071602193584239,False,False,True,True,True
1788620274.9775794,2.0811289130392914,13.005400968024071,0.009620964757031994,False,False,True,True,True
1788620275.0721765,1.8909626977168967,2.1604918645930455,0.01271583651709446,False,False,True,True,True
1788620275.1689687,3.3539661496328774,15.33353545354598,0.015509841498593793,False,False,True,True,True
1788620275.2616625,0.7039249169731497,28.75211235377792,0.01719938054390031,False,False,True,True,True
1788620275.3796299,0.33265728350372736,3.116484546884195,0.0009460772086599818,False,False,True,True,True
1788620275.4679537,4.327116985685526,45.22093471188547,0.026119357583492604,False,False,True,True,True
1788620275.5678072,0.9268422793253522,33.88159935488828,0.022988695415827758,False,False,True,True,True
1788620275.66052,0.8796929032942805,0.5174305406212599,0.002481507270039396,False,False,True,True,True
1788620275.7753823,0.926201014679517,0.39110545930760643,0.0028468762211818115,False,False,True,True,True
1788620275.873089,0.4756001360919061,4.591109034436375,0.0020920038935763855,False,False,True,True,True
1788620275.965194,0.5649457352909175,0.9369956558221382,0.0005674669857854344,False,False,True,True,True
1788620276.0609894,1.7341295642139174,12.191649168220627,0.004406685085701714,False,False,True,True,True
1788620276.1782875,2.229387960248423,4.1195693062727,0.010790634010669795,False,False,True,True,True
1788620276.2655616,2.695842913211288,5.099261082779967,0.01676586532655883,False,False,True,True,True
1788620276.3670619,1.4498056845620018,11.988246052468497,0.014105137063309004,False,False,True,True,True
1788620276.4806106,1.6468227376722078,1.75189007541873,0.007262769981970389,False,False,True,True,True
1788620276.5780272,2.597860380498234,9.84246642057073,0.009944693542323718,False,False,True,True,True
1788620276.6724072,6.94075410305628,46.05931396617416,0.11872247140580097,False,False,True,True,True
1788620276.7697563,4.312243311352946,27.634237777282397,0.06287203653574294,False,False,True,True,True
1788620276.877885,2.8038912768817186,13.567426379616938,0.07109451893694799,False,False,True,True,True
1788620276.9776046,2.8120300770611557,0.21209932315502675,0.016679358441186863,False,False,True,True,True
1788620277.0719323,0.7338001549928458,21.382629125711745,0.013414187409719624,False,False,True,True,True
1788620277.1680994,0.673704683922915,0.6277144391953323,0.0011186565440927982,False,False,True,True,True
1788620277.2792528,0.9669166005928393,2.613842801752378,0.004219971424332963,False,False,True,True,True
1788620277.3772178,0.7721153640910001,1.961676392034581,0.0034898209766775377,False,False,True,True,True
1788620277.47104,1.0009101276382106,2.4405561297876166,0.0028462083786762577,False,False,True,True,True
1788620277.5676837,2.4318075119793967,14.811134358712522,0.01612272901337966,False,False,True,True,True
1788620277.6793265,2.8549385971749834,3.745716881827502,0.016355057854808643,False,False,True,True,True
1788620277.7721913,0.6368352700426663,24.201668818709393,0.022569836053906396,False,False,True,True,True
1788620277.8667378,1.1385788289306051,5.299259582039445,0.002688377991703434,False,False,True,True,True
1788620277.963318,0.6917070162384505,4.683841762366359,0.002944486713991712,False,False,True,True,True
1788620278.0764105,0.7203639040299511,0.25171519092144523,0.0018890096234230108,False,False,True,True,True
1788620278.1727657,0.9055925606991596,1.8318500245475033,0.0022807329969303453,False,False,True,True,True
1788620278.2742116,1.4900861168547819,5.763222465516742,0.005036099735993437,False,False,True,True,True
1788620278.3675542,5.126488308955188,38.901826559639645,0.035663320584823285,False,False,True,True,True
1788620278.4751642,1.563279733896906,32.0623276867929,0.033766491405877175,False,False,True,True,True
1788620278.5729454,2.4066604598763583,8.357018377031865,0.018018689075371373,False,False,True,True,True
1788620278.6678355,0.6126097929626144,18.870935451709286,0.009256307152894373,False,False,True,True,True
1788620278.7811048,1.7335824411252194,9.828116366387881,0.006049288908411507,False,False,True,True,True
1788620278.8764827,3.541707795489926,19.603544346871892,0.01730271179210154,False,False,True,True,True
1788620278.9749205,0.8030049647249645,28.32987517081386,0.02311991834207772,False,False,True,True,True
1788620279.073148,1.9292128347827517,11.476537898310289,0.008068940271684227,False,False,True,True,True
1788620279.1822095,2.198348318136402,2.4232065271532863,0.025899539896045473,False,False,True,True,True
1788620279.27838,3.6833202976527564,15.696834099384716,0.01995519554990806,False,False,True,True,True
1788620279.3753803,0.6440454004907993,31.272097643908737,0.0210256257689416,False,False,True,True,True
1788620279.4710336,5.642941259657118,52.306813699600276,0.062247047380590996,False,False,True,True,True
1788620279.5819936,3.943922523943767,15.312567628503524,0.04801933980932046,False,False,True,True,True
1788620279.6793993,0.5800805672751684,35.11467727619155,0.03864531862446041,False,False,True,True,True
1788620279.7773275,0.1773510812962013,4.123745920571613,0.0006915952622866276,False,False,True,True,True
1788620279.874681,3.7245530863207823,36.410743935487446,0.024607604398935796,False,False,True,True,True
1788620279.9834654,3.545544823542227,1.5535839184677542,0.028131018260012373,False,False,True,True,True
1788620280.0720012,1.368511932173054,24.03006195973328,0.03473924593342496,False,False,True,True,True
1788620280.1810925,4.715672115582281,30.677571200419727,0.04391156584595671,False,False,True,True,True
1788620280.2717717,3.9993655353360884,8.100545430990111,0.04041991585582809,False,False,True,True,True
1788620280.3945854,1.5076896382522897,20.23756058079842,0.01894590034095449,False,False,True,True,True
1788620280.4864473,1.2585188767738889,2.675935527346736,0.012381170677762067,False,False,True,True,True
1788620280.5764456,4.8424419594976555,39.75516320182784,0.029897866709455708,False,False,True,True,True
1788620280.671353,3.0963536612160367,18.519609880442253,0.028198276681336454,False,False,True,True,True
1788620280.7815094,2.680959778763748,3.777475183370217,0.017699177412399385,False,False,True,True,True
1788620280.889388,2.814956327727226,1.3188974173786696,0.017530650045415593,False,False,True,True,True
1788620280.9781647,2.420961171958379,4.411849673038588,0.014333234452121861,False,False,True,True,True
1788620281.0939407,1.180343405708965,10.727968675592905,0.008794395883686853,False,False,True,True,True
1788620281.1910617,1.8480713585494304,6.764044774627449,0.005662725938816714,False,False,True,True,True
1788620281.286603,4.266260860915708,25.278023486359597,0.029423298895712123,False,False,True,True,True
1788620281.3752732,6.821241667821492,28.908526756259647,0.05411785094984227,False,False,True,True,True
1788620281.4926267,1.025777248700716,49.00114994511687,0.057452819773918355,False,False,True,True,True
1788620281.5840561,0.880795053355252,1.4094690342436056,0.002557686832699103,False,False,True,True,True
1788620281.6798706,2.12536213843039,13.051360396864665,0.006590913884460236,False,False,True,True,True
1788620281.7713387,0.47985952736242704,18.086313332441453,0.007680527373389736,False,False,True,True,True
1788620281.8817031,0.7688630716286458,2.5628234571663455,0.001291436281955964,False,False,True,True,True
1788620281.9759378,2.4494643200611432,17.710952232251902,0.011885811962265215,False,False,True,True,True
1788620282.0729623,1.4949550006841787,10.058840855474754,0.008340194348408611,False,False,True,True,True
1788620282.1671915,5.491627045658601,42.189877568573785,0.0654080436643493,False,False,True,True,True
1788620282.280567,7.794222588636205,20.409222654204033,0.10981117477660432,False,False,True,True,True
1788620282.376003,3.116640960881441,47.154917865559675,0.11435830589803878,False,False,True,True,True
1788620282.4751716,0.9583600648956355,21.611819575369363,0.015625287716706085,False,False,True,True,True
1788620282.5687363,4.34462802840272,36.17623439180968,0.030332998019566078,False,False,True,True,True
1788620282.681585,1.6652179739844557,23.53652649689603,0.03034064675010263,False,False,True,True,True
1788620282.778079,6.105542120860217,45.90019106714124,0.07786364648563576,False,False,True,True,True
1788620282.8712535,2.6819314315826532,36.832467691401284,0.1007501782296145,False,False,True,True,True
1788620282.9725986,1.1734327455493068,14.832293138418857,0.009126704921978871,False,False,True,True,True
1788620283.0881262,1.0576451975035321,0.8770523218520725,0.008115349631772767,False,False,True,True,True
1788620283.1828735,2.166288397057039,11.708513066796392,0.01464369556302039,False,False,True,True,True
1788620283.2768493,4.996330219546039,30.064993584160128,0.06609163419834586,False,False,True,True,True
1788620283.3879883,2.9752343386214757,19.190137851164685,0.03589989943406225,False,False,True,True,True
1788620283.4868693,5.970587326866186,30.25470038617159,0.05058566401932963,False,False,True,True,True
1788620283.5816946,7.0258164120260025,11.29117416476378,0.07726984234140606,False,False,True,True,True
1788620283.675856,3.516331683061054,38.145339454607544,0.06460394886072005,False,False,True,True,True
1788620283.7906408,2.4111627108122877,9.706339097763232,0.01791132142587354,False,False,True,True,True
1788620283.887858,1.6248716765104994,8.097768734626396,0.013212309422227602,False,False,True,True,True
1788620283.981477,2.0185569380027046,4.258050918160052,0.01607872143909565,False,False,True,True,True
1788620284.0773008,4.685265901299012,27.818969845863634,0.029642894283005525,False,False,True,True,True
1788620284.190505,1.3855353300613242,29.252944461468523,0.03627611401931119,False,False,True,True,True
1788620284.2862694,1.005631236089067,4.114381227689522,0.006925356397021513,False,False,True,True,True
1788620284.3854394,10.67638113548765,97.48454291913797,0.20795290189290494,False,False,True,True,True
1788620284.477096,3.2849000889143025,77.1518430323884,0.15836395581985666,False,False,True,True,True
1788620284.5859017,2.785970945609706,4.350267257899928,0.05092940522621736,False,False,True,True,True
1788620284.6857455,0.8338095087131489,19.62173620386149,0.02275498790833951,False,False,True,True,True
1788620284.7811418,1.1164887900067464,2.9615766848123193,0.004717598222999348,False,False,True,True,True
1788620284.8808672,0.7164259195932581,4.26964738120201,0.0036183789873434997,False,False,True,True,True
1788620284.9910734,5.079964530688886,39.539073674193965,0.0530793297096806,False,False,True,True,True
1788620285.087958,3.766920640464377,12.81344263457553,0.047811701246051636,False,False,True,True,True
1788620285.1838017,1.0170981304256648,27.96452226590909,0.031902818101260826,False,False,True,True,True
1788620285.276365,0.6559280509956541,3.888559318892721,0.0029106142865185816,False,False,True,True,True
1788620285.3873913,0.44276904121184524,1.9186784148162401,0.0013391396898978318,False,False,True,True,True
1788620285.4868472,1.5530709365745392,11.202088319060287,0.004412650505485234,False,False,True,True,True
1788620285.5846844,1.2214175212859502,3.3872017228554196,0.0037644467508776646,False,False,True,True,True
1788620285.6970005,0.6972995799704242,4.6806393076888,0.0022058012607604574,False,False,True,True,True
1788620285.790804,0.7223186222799906,0.2466569231765755,0.0012265283291355224,False,False,True,True,True
1788620285.884257,0.8484811794795613,1.3267027405960756,0.0014343375275034252,False,False,True,True,True
1788620285.9837384,6.417412201953682,55.920694276564866,0.07557685999018797,False,False,True,True,True
1788620286.0951567,7.2748791804085435,7.52822362695375,0.10256760651591315,False,False,True,True,True
1788620286.1902883,7.316134089175795,0.31384447094801454,0.10786020834837168,False,False,True,True,True
1788620286.2869127,1.1805016923946472,63.91968639802395,0.07854534219882225,False,False,True,True,True
1788620286.38195,1.337560063067879,1.5763457862379828,0.007699922198233034,False,False,True,True,True
1788620286.49166,3.9082663076115636,23.54675454358404,0.04571695587205881,False,False,True,True,True
1788620286.5925333,0.93159914284612,29.465902978796375,0.028513647292123273,False,False,True,True,True
1788620286.689883,2.7151192464041394,18.41807296694896,0.018905424752985667,False,False,True,True,True
1788620286.7872934,0.5906326141794461,21.463582284535597,0.01248037488949543,False,False,True,True,True
1788620286.8889763,2.3384127470248997,17.138086182966305,0.010398481810314518,False,False,True,True,True
1788620286.9874353,2.708476568891053,3.6765986767073633,0.013272267660165015,False,False,True,True,True
1788620287.0879917,1.5747099316251232,11.40565675582014,0.02586283510611734,False,False,True,True,True
1788620287.1772945,0.5803711315533862,11.129182698000157,0.005341091986617441,False,False,True,True,True
1788620287.2925627,1.9295816583494858,11.728288426756587,0.009626674768693947,False,False,True,True,True
1788620287.3874135,1.2192040787761915,7.602305376034517,0.01362963437806945,False,False,True,True,True
1788620287.4837418,1.035482551603928,1.9193381908813152,0.004100502427194305,False,False,True,True,True
1788620287.5831099,2.7861892108874833,17.60018398867334,0.020881807246738937,False,False,True,True,True
1788620287.6952243,3.6010653967581567,7.308963942594078,0.024481134178090128,False,False,True,True,True
1788620287.7906272,1.7609081777732531,19.508555769555592,0.026917335116149972,False,False,True,True,True
1788620287.885739,0.7978467195710385,10.199031832067863,0.008455500729045046,False,False,True,True,True
1788620287.9960086,2.065217569191944,11.494031059123627,0.012920492733854793,False,False,True,True,True
1788620288.093732,3.3175451001096574,12.883716812492914,0.01669729013864985,False,False,True,True,True
1788620288.1909418,2.8932010032036275,4.043869254776368,0.020272085988896286,False,False,True,True,True
1788620288.296851,2.096112043641294,7.193906298973555,0.03408930984610855,False,False,True,True,True
1788620288.396282,2.105629711042512,0.22375080463665858,0.009125536487372818,False,False,True,True,True
1788620288.4978762,1.1402395587174563,9.536181550663033,0.01394491367695547,False,False,True,True,True
1788620288.592855,4.815101910855179,38.66084850231642,0.04710048176659738,False,False,True,True,True
1788620288.6883147,4.869507943723357,0.8796707144638801,0.041162816969868905,False,False,True,True,True
1788620288.798763,0.9655146768764531,35.320151528763866,0.048853460786921425,False,False,True,True,True
1788620288.8943453,0.21079044212956716,7.955435430325843,0.0025155923292098925,False,False,True,True,True
1788620288.9926505,1.1951275977584486,10.001878803395977,0.0024671457964114385,False,False,True,True,True
1788620289.0876591,0.49213093533403496,7.427631401138779,0.003964552981304059,False,False,True,True,True
1788620289.2006032,2.41550682161131,17.02203494340579,0.016165007725244346,False,False,True,True,True
1788620289.2936146,5.1397015430001955,29.525872551811013,0.03291565257150942,False,False,True,True,True
1788620289.3884482,6.261068626222127,10.807489112236569,0.05670874827222795,False,False,True,True,True
1788620289.488197,3.4705894381131124,27.767771255348737,0.05057698519154944,False,False,True,True,True
1788620289.599776,1.0850209966834043,21.356161252200472,0.017462673148075328,False,False,True,True,True
1788620289.693846,1.219292925384273,1.4494559858857736,0.0028127743098162843,False,False,True,True,True
1788620289.7932124,2.211883672536437,10.124186851329048,0.015343780490936374,False,False,True,True,True
1788620289.8842695,2.772087306694976,5.942201797187545,0.010959817632532155,False,False,True,True,True
1788620289.9999058,0.7050692568881435,17.83292472800531,0.010803650055610415,False,False,True,True,True
1788620290.0963335,0.6810737958271188,0.28381684985710026,0.002368141598581621,False,False,True,True,True
1788620290.1943336,0.9206041437182949,2.455769836276616,0.002410801794126469,False,False,True,True,True
1788620290.3022234,0.20109895478906334,6.667230978726073,0.0017147567051559638,False,False,True,True,True
1788620290.3984542,0.6854834831942551,5.030185305447819,0.0010158506620757486,False,False,True,True,True
1788620290.4918785,2.0706016730749695,14.823668518102863,0.005888230292080128,False,False,True,True,True
1788620290.5929384,1.5827086410805353,4.717417066602109,0.007726462626479332,False,False,True,True,True
1788620290.7027164,0.49856193870243404,9.900863020174546,0.005382905390214842,False,False,True,True,True
1788620290.799018,1.0574770080981881,5.79913210748979,0.0022495349946612285,False,False,True,True,True
1788620290.8968089,3.3422094602689665,23.30408345468897,0.027528790883669038,False,False,True,True,True
1788620290.990689,4.873349178060734,16.045366501802764,0.031213934538703716,False,False,True,True,True
1788620291.1025438,1.9762668348782844,25.99886980871672,0.029398804662961568,False,False,True,True,True
1788620291.1980183,0.7745122102132374,12.57818908678592,0.011983905262713557,False,False,True,True,True
1788620291.295333,0.3581661068407338,4.2543880156066605,0.0015093966368841022,False,False,True,True,True
1788620291.3933775,0.20045980988154108,1.6021704457745665,0.00025744166057132243,False,False,True,True,True
1788620291.5041604,4.86454107889341,42.14458719138477,0.05678624166730407,False,False,True,True,True
1788620291.5995083,4.847074351398487,0.17703231449548718,0.04947410924324105,False,False,True,True,True
1788620291.6985795,1.1069474752969672,37.95277665699099,0.03392514566083625,False,False,True,True,True
1788620291.790171,0.5161292911132708,6.503865218233723,0.0023165091987026776,False,False,True,True,True
1788620291.9061143,1.9220363246775685,12.114473843654844,0.010320419360620395,False,False,True,True,True
1788620291.997934,1.3160089159133772,6.68980987174412,0.01621447216967761,False,False,True,True,True
1788620292.0940201,6.609102808950574,54.655931077341975,0.06586759963265622,False,False,True,True,True
1788620292.192148,6.147128848658702,4.929880895759365,0.0710544604147542,False,False,True,True,True
1788620292.3034196,2.44820589134972,33.24349378966905,0.049933397386155536,False,False,True,True,True
1788620292.3982232,1.3504048004931979,11.21740753126112,0.011453214451736313,False,False,True,True,True
1788620292.495954,0.5987342901724398,7.47871941996308,0.0028068497336150777,False,False,True,True,True
1788620292.605235,1.25920389173448,6.062972078395113,0.0030144447954105185,False,False,True,True,True
1788620292.7040193,4.365448695601651,31.442152006865758,0.028573055770053903,False,False,True,True,True
1788620292.7986698,1.0097704770221134,35.89174601777955,0.03047310982571672,False,False,True,True,True
1788620292.8958752,3.468506818339224,25.18891744760153,0.02750111313210751,False,False,True,True,True
1788620293.0055678,1.7525732759147645,15.807810695828866,0.01620688347145427,False,False,True,True,True
1788620293.1012986,1.400145308236175,3.3128570708775253,0.005636608671420843,False,False,True,True,True
1788620293.1970623,0.8483674701456856,5.6457130421725825,0.002854085470189543,False,False,True,True,True
1788620293.292771,1.8291116499066067,10.288957669126338,0.009538061418142334,False,False,True,True,True
1788620293.4101322,0.3592793476776817,12.495220919652317,0.006339365031379504,False,False,True,True,True
1788620293.499659,0.2623170105395491,1.0665519877054888,0.000437044261304961,False,False,True,True,True
1788620293.5979793,1.095221181326359,8.471729481882251,0.0024527934436082703,False,False,True,True,True
1788620293.6964562,2.6675503306674226,15.979448612536345,0.01003972174126476,False,False,True,True,True
1788620293.8063605,2.8030142026222618,1.2452361578862061,0.016392048540297955,False,False,True,True,True
1788620293.9041867,1.1612926429585004,16.767726347730175,0.015595576699040044,False,False,True,True,True
1788620294.0006568,1.2948036028702026,1.328781158074442,0.003019531278294739,False,False,True,True,True
1788620294.0989683,3.3400887082684267,20.732271574543013,0.030474191584886623,False,False,True,True,True
1788620294.2125955,0.976244883027489,20.872988561297518,0.01600438680836281,False,False,True,True,True
1788620294.3053505,1.3561637540700169,3.9312097508281827,0.007459191791367339,False,False,True,True,True
1788620294.3990686,1.2130196009001863,1.622372702565505,0.006445868104865756,False,False,True,True,True
1788620294.4999123,1.1024002925197156,1.1243710981907653,0.0030476883882593255,False,False,True,True,True
1788620294.609595,4.233611253784485,28.50474581484606,0.04992446080685275,False,False,True,True,True
1788620294.7054935,5.52924656109197,13.492076569369148,0.04692684107701364,False,False,True,True,True
1788620294.7990057,2.0068172314805275,37.535794272442175,0.07292758445305034,False,False,True,True,True
1788620294.913374,1.2611449418195215,6.459328018712285,0.014841593669221732,False,False,True,True,True
1788620295.004637,2.20942685970655,10.622239225083913,0.006442742749561169,False,False,True,True,True
1788620295.097336,0.40763862652159283,19.42158243025316,0.006996248466054523,False,False,True,True,True
1788620295.2053146,0.8036581308345192,3.666060476493779,0.0019478826747447477,False,False,True,True,True
1788620295.3166509,0.153879546726102,5.837098326895782,0.0015163237215528123,False,False,True,True,True
1788620295.4080005,0.6934901883769253,5.8983787974059485,0.0007921649180445692,False,False,True,True,True
1788620295.5110269,4.069814133429946,32.772405568546404,0.030024226971093516,False,False,True,True,True
1788620295.599617,0.41171322812842864,41.48408001605912,0.03481422728007956,False,False,True,True,True
1788620295.7178297,4.317744923039643,33.019423811238696,0.046323460891635686,False,False,True,True,True
1788620295.8100386,0.6133421388957351,39.791041193319806,0.04628900751422219,False,False,True,True,True
1788620295.903657,3.601080185244313,31.92274048693684,0.02346587245267185,False,False,True,True,True
1788620296.0011637,1.1697194629895327,24.992578440644724,0.026592369182451933,False,False,True,True,True
1788620296.119245,2.529537527048676,11.49680849400576,0.015105289056563423,False,False,True,True,True
1788620296.211138,0.19878342102525867,25.365275716467455,0.01652420312826692,False,False,True,True,True
1788620296.3088555,6.1231938129076635,60.61717161589434,0.06605564259139668,False,False,True,True,True
1788620296.402253,2.01960145735186,43.932485217931415,0.05236037966371156,False,False,True,True,True
1788620296.5178568,2.80860449973253,6.830251141199352,0.015385708705295549,False,False,True,True,True
1788620296.611267,7.288799861256816,48.00686229587573,0.06593687401444005,False,False,True,True,True
1788620296.706564,3.375277453242492,41.12858177576966,0.06546935538018579,False,False,True,True,True
1788620296.820853,1.7411182981985045,14.098514776517218,0.014850044457693527,False,False,True,True,True
1788620296.9160113,1.0890741203682885,6.825106758565396,0.013015210040340744,False,False,True,True,True
1788620297.0069456,1.3658464356730797,2.9540876244521117,0.003276831012950116,False,False,True,True,True
1788620297.1046271,2.7174126851669067,13.782516863667448,0.019441931709048267,False,False,True,True,True
1788620297.212814,0.63148514947802,19.324171607189502,0.010837400857703896,False,False,True,True,True
1788620297.3137481,2.253009540373506,16.0714851038021,0.012565194472484654,False,False,True,True,True
1788620297.408475,3.001622711233633,8.146938941236895,0.012783539860006675,False,False,True,True,True
1788620297.5053027,3.75136495932716,7.735240928584771,0.023233601149620402,False,False,True,True,True
1788620297.6196437,1.3199069574221884,21.337542584966165,0.019389762379175866,False,False,True,True,True
1788620297.7132907,1.0671625263844384,2.7504833159856568,0.008636449950550183,False,False,True,True,True
1788620297.8070133,3.603254071864529,27.071632500122302,0.018133961178227263,False,False,True,True,True
1788620297.9060097,1.384386885707373,22.427951515264034,0.016999995933855178,False,False,True,True,True
1788620298.017785,1.304391057214952,0.7078156952844009,0.010429313988465139,False,False,True,True,True
1788620298.1188917,0.8137900692857548,4.848545195403523,0.0032433932991071312,False,False,True,True,True
1788620298.2105987,1.8989812159287924,11.868796671057739,0.004971822414191184,False,False,True,True,True
1788620298.3078685,2.409269244492759,5.318613369960695,0.02321289870328158,False,False,True,True,True
1788620298.4222598,3.276074775665897,8.014554414585808,0.02113500779103089,False,False,True,True,True
1788620298.512697,1.1815807755726973,23.05998068625965,0.03605860585668731,False,False,True,True,True
1788620298.6057694,0.9110142014211234,2.9152759091390044,0.0024432388901079027,False,False,True,True,True
1788620298.7040024,3.3618595693816973,24.935352787003385,0.017530336290713967,False,False,True,True,True
1788620298.8109028,0.8877430788300029,23.090260711287925,0.01752237004130465,False,False,True,True,True
1788620298.9088824,0.9993876488506068,1.0738900257399808,0.0047911133478188836,False,False,True,True,True
1788620299.004329,2.6202494463981885,16.749511885773067,0.017602707330479687,False,False,True,True,True
1788620299.1263242,0.4112527931752173,18.138913929966254,0.01112974617444657,False,False,True,True,True
1788620299.2147245,2.71824706820405,26.085312696068286,0.01143356422503828,False,False,True,True,True
1788620299.314566,6.779409754007774,40.66632519230288,0.06532490910965119,False,False,True,True,True
1788620299.4022162,1.001421787093565,65.7681571030227,0.07545328999881831,False,False,True,True,True
1788620299.5155072,4.85142663508683,34.075778840181094,0.0659615022546016,False,False,True,True,True
1788620299.6078548,3.6497339466585883,13.135100001627121,0.04563570829438818,False,False,True,True,True
1788620299.7062383,0.6089589383553533,31.01731283009031,0.024045126106497658,False,False,True,True,True
1788620299.8010788,1.0751452657047502,4.981418557290102,0.0020056183793117615,False,False,True,True,True
1788620299.9157546,1.5350775321358956,4.004784648792366,0.004611627439987223,False,False,True,True,True
1788620300.0078516,1.223449523228178,3.38493258465957,0.0061496484019680315,False,False,True,True,True
1788620300.1100914,1.350449567078516,1.263578899286686,0.0031676084513681565,False,False,True,True,True
1788620300.2046568,1.0089478229679243,3.6084019597224546,0.006267130486422725,False,False,True,True,True
1788620300.3171868,4.5522189896820775,31.497496040251022,0.044088859075561856,False,False,True,True,True
1788620300.414723,1.9461461972488978,26.682777225551874,0.039283531267791695,False,False,True,True,True
1788620300.5107274,1.4068138544306534,5.764083059530243,0.013901305354067172,False,False,True,True,True
1788620300.600769,3.5948932397866797,24.332343193739508,0.01607725088005242,False,False,True,True,True
1788620300.7127302,2.3209424914651304,11.421137438668234,0.016728985984710638,False,False,True,True,True
1788620300.8120186,1.2026621883605007,11.322932032446378,0.009614693076334111,False,False,True,True,True
1788620300.9145596,1.702427013468226,4.894554892524838,0.012076223828666919,False,False,True,True,True
1788620301.0026627,0.7356476541992124,11.041483311943331,0.004671101434541445,False,False,True,True,True
1788620301.1139817,0.5548131839153682,1.6334306003161014,0.0017955813346058164,False,False,True,True,True
1788620301.209623,1.0939992032331611,5.610424791822455,0.0018000542891504882,False,False,True,True,True
1788620301.3096545,4.481506228882185,33.87447461462189,0.030922852176695145,False,False,True,True,True
1788620301.4227576,1.6470284301024931,25.118407964810345,0.030805087646852636,False,False,True,True,True
1788620301.515129,2.2153183441232427,6.1563704586351715,0.020427640303535236,False,False,True,True,True
1788620301.6148462,1.395663401629808,8.180984783505561,0.0069211828864620606,False,False,True,True,True
1788620301.7089515,3.99831790056338,27.65948516660801,0.02173936015692408,False,False,True,True,True
1788620301.8211305,2.23550028866508,15.104108200752101,0.020461645955733403,False,False,True,True,True
1788620301.9202514,0.5192049323648574,17.225761309696736,0.01012894126158747,False,False,True,True,True
1788620302.0102649,0.29789041359135165,2.4603421184024485,0.0007925385578862387,False,False,True,True,True
1788620302.1066606,0.17613529490503246,1.2767772352710285,0.0002397191208409366,False,False,True,True,True
1788620302.224217,0.7416448723868826,4.809809380660366,0.0014299578976897152,False,False,True,True,True
1788620302.3172295,0.7272158132347896,0.12268831134413714,0.0020317976355382107,False,False,True,True,True
1788620302.4164298,1.4389659844023206,7.211688827585247,0.005540556664963116,False,False,True,True,True
1788620302.5091314,2.5136273933812894,11.639891033824252,0.008093913382380835,False,False,True,True,True
1788620302.6224332,1.9141012065628724,5.377406225134412,0.014684653710607076,False,False,True,True,True
1788620302.7199378,0.815507510088933,11.402291140313276,0.013353000780145627,False,False,True,True,True
1788620302.811468,3.2596835154545487,26.664079425965355,0.013571813494233021,False,False,True,True,True
1788620302.9084902,0.46471773466300187,28.83533360415791,0.018940901997142483,False,False,True,True,True
1788620303.025498,2.038362335950275,13.440013991993712,0.009286154591512287,False,False,True,True,True
1788620303.119968,1.4200887455496733,6.510247200167751,0.00951860585523249,False,False,True,True,True
1788620303.2175853,1.0930969753482225,3.4745323109820037,0.003889223131663824,False,False,True,True,True
1788620303.3135653,2.6318024992131517,15.864061232923886,0.012995205088734144,False,False,True,True,True
1788620303.424896,0.5333641587644442,18.927628137058516,0.010820352158764961,False,False,True,True,True
1788620303.5182445,1.0608961475369907,5.661168977101015,0.003263946202340253,False,False,True,True,True
1788620303.6156826,1.2004117220349866,1.4718139648234,0.006165406065753238,False,False,True,True,True
1788620303.7191114,1.5835901534717756,3.7628054075842177,0.004492307811426766,False,False,True,True,True
1788620303.8282716,3.3440254653509855,16.19561174019416,0.020745946167599727,False,False,True,True,True
1788620303.9172692,3.922825328081036,6.653629310755082,0.02505062566022437,False,False,True,True,True
1788620304.01536,0.46765346245003914,35.347829394238886,0.022778230902110275,False,False,True,True,True
1788620304.1238966,0.39131692888915537,0.7148340536049017,0.0010066477802800453,False,False,True,True,True
1788620304.222139,1.087168929210819,7.095762073703825,0.0020530212602182032,False,False,True,True,True
1788620304.3182037,1.2328875059524818,1.4979909008098,0.002515992907358668,False,False,True,True,True
1788620304.4146242,1.0465528234318013,1.9302986548191945,0.0055701710058021535,False,False,True,True,True
1788620304.5265546,0.8977659162232607,1.314381154236717,0.005466770050385793,False,False,True,True,True
1788620304.6259363,2.309532702464349,14.38189263373641,0.008203889128051341,False,False,True,True,True
1788620304.7137241,2.6747332100527497,4.06617985661854,0.010761430816130554,False,False,True,True,True
1788620304.8079834,0.5641316891744856,22.2614944458493,0.010941494083851365,False,False,True,True,True
1788620304.925426,0.12739497891589716,3.714329250369181,0.0005613382341588748,False,False,True,True,True
1788620305.0248814,0.5216772068373595,3.9706821646053108,0.0005177041053170503,False,False,True,True,True
1788620305.118966,0.6382280517454553,1.2438401808554633,0.0008143710780301966,False,False,True,True,True
1788620305.215623,1.0123031474913962,3.8887123372901145,0.0028076659791787775,False,False,True,True,True
1788620305.3285887,0.5771259090744412,3.839832039917689,0.003250330166144828,False,False,True,True,True
1788620305.4201114,1.5975148148148515,11.062000227753042,0.004940450357785143,False,False,True,True,True
1788620305.5201294,1.5422783836864282,0.5991688969468901,0.004497138298883226,False,False,True,True,True
1788620305.6116073,4.769861837468701,35.23579662210282,0.03440894200880548,False,False,True,True,True
1788620305.7319274,1.4162265157225409,28.129481590047394,0.05548971333103369,False,False,True,True,True
1788620305.817423,5.332491731469599,45.57498904542213,0.030152686645667785,False,False,True,True,True
1788620305.9207115,2.4460346511996796,28.29037027754837,0.02941921359733035,False,False,True,True,True
1788620306.0286753,2.4720573947644153,0.5504208126019916,0.013138045889516593,False,False,True,True,True
1788620306.1282187,0.5631945254477703,19.007471647633192,0.011591630668664775,False,False,True,True,True
1788620306.2224054,0.8449743847920135,3.041475556699233,0.0023405019955727345,False,False,True,True,True
1788620306.3202312,0.9167105191127937,0.8080761376356348,0.002126190007777622,False,False,True,True,True
1788620306.4392953,0.5022636760060574,3.474821580445153,0.002884538493953735,False,False,True,True,True
1788620306.5320191,0.8895499945329629,4.167545707444992,0.002566108425141062,False,False,True,True,True
1788620306.6241238,1.0808791950643657,2.095679215815872,0.001826981572389849,False,False,True,True,True
1788620306.7253387,0.91798287021112,1.66655475134946,0.005077457209541231,False,False,True,True,True
1788620306.8350732,2.504774738021922,14.3616488588279,0.020573809794180716,False,False,True,True,True
1788620306.9363902,2.436898181319045,0.7298522032804087,0.013059973900541618,False,False,True,True,True
1788620307.0241575,0.8193496169716438,18.849159969926912,0.014263756666356044,False,False,True,True,True
1788620307.1238286,1.4042687084570837,5.866041253106704,0.0042859289704050285,False,False,True,True,True
1788620307.2390637,0.24993994137194145,9.941742817405123,0.0037331711173144515,False,False,True,True,True
1788620307.3336606,0.621540281976298,3.928761154083076,0.000720103204493268,False,False,True,True,True
1788620307.4273422,4.940875349558909,46.26462599004308,0.04489702193383945,False,False,True,True,True
1788620307.5206463,0.88686881064516,43.7990873859897,0.046662801149197984,False,False,True,True,True
1788620307.6332445,1.0260703556834987,1.2868185383035655,0.0028972251827154116,False,False,True,True,True
1788620307.7293718,0.5677651297936704,4.626437962438247,0.0037531758328248734,False,False,True,True,True
1788620307.8286037,0.5521740495942399,0.12761729884720704,0.0014454614312922438,False,False,True,True,True
1788620307.9216487,0.8062685613021384,2.8767360954850623,0.0012839059402321056,False,False,True,True,True
1788620308.0397773,0.6889470211570494,1.121006768490401,0.0017450836920647986,False,False,True,True,True
1788620308.1287482,1.926478152259351,13.843001959519015,0.00858963061631967,False,False,True,True,True
1788620308.228082,4.245731370757503,23.215659429345866,0.027415221684456648,False,False,True,True,True
1788620308.3352494,2.0962117805460303,20.02745186453278,0.026054495626981318,False,False,True,True,True
1788620308.4327023,2.9914537744591017,9.106799788662805,0.034919797119352225,False,False,True,True,True
1788620308.5281477,4.518673408432105,15.869167183893435,0.07390163268476516,False,False,True,True,True
1788620308.6214,2.017261548512846,26.988960607937152,0.027536835836127423,False,False,True,True,True
1788620308.7367647,0.5086854112813091,13.109213728282883,0.009114090447241686,False,False,True,True,True
1788620308.8351593,1.3796433763103484,8.82676833984829,0.002812642178117423,False,False,True,True,True
1788620308.9257119,2.208505340227218,9.090670759734676,0.007567761453274951,False,False,True,True,True
1788620309.021117,1.1726787329204382,10.875324217229734,0.010357558874905914,False,False,True,True,True
1788620309.1316986,2.227504027475141,9.497163301850655,0.011377373391994782,False,False,True,True,True
1788620309.2324107,2.0851657710288887,1.4570820048722712,0.010712451095799267,False,False,True,True,True
1788620309.3279638,1.7810188448545317,2.9662230573466157,0.007042246251972913,False,False,True,True,True
1788620309.4224665,1.5694274162859236,2.2218154140734483,0.005008978387801476,False,False,True,True,True
1788620309.5405424,0.7025677119525776,7.529885647060276,0.007555120315727935,False,False,True,True,True
1788620309.6314483,0.8054625287000262,1.1716070916915884,0.0025947729734429052,False,False,True,True,True
1788620309.7281618,0.5209036550138073,2.9349596005996883,0.0015051536254185288,False,False,True,True,True
1788620309.8186436,1.2947537012415475,8.541950329586593,0.002838855965285642,False,False,True,True,True
1788620309.9356697,0.9007224879826765,3.487193674529523,0.0024024381222416346,False,False,True,True,True
1788620310.0305386,1.4199758863910126,5.496547628892252,0.004446478139433523,False,False,True,True,True
1788620310.1243792,0.8012566581936446,6.405110778621619,0.005847437300576837,False,False,True,True,True
1788620310.2294822,1.528754247802473,6.902509232932567,0.007808946218661547,False,False,True,True,True
1788620310.3302824,3.3812354647717013,18.35524244962719,0.01636103840376404,False,False,True,True,True
1788620310.4320984,3.322175447737918,0.8586555437841568,0.022580049122998446,False,False,True,True,True
1788620310.5306077,1.9373690718573109,13.842521935682552,0.036756867396613206,False,False,True,True,True
1788620310.6432717,1.7659795682576649,1.539780614688018,0.010412748159036702,False,False,True,True,True
1788620310.732869,2.5940918955169474,9.16535088373606,0.008923772237874432,False,False,True,True,True
1788620310.8374128,2.06126101334529,5.089391996423112,0.009813048266789247,False,False,True,True,True
1788620310.926086,0.41667092016886065,18.413922780618826,0.009157287194241082,False,False,True,True,True
1788620311.0390766,0.4578094524253157,0.37129392254442023,0.0009341599329545022,False,False,True,True,True
1788620311.1359184,2.253860609418857,18.46402673344198,0.008792727743092525,False,False,True,True,True
1788620311.235647,1.78766140384121,4.634311078093835,0.01754853824489158,False,False,True,True,True
1788620311.3269007,1.419986668082096,4.136555421999204,0.004955841621877619,False,False,True,True,True
1788620311.4433916,0.8206103078893265,5.230598718142837,0.0028407729818297413,False,False,True,True,True
1788620311.538183,1.865917973468749,11.028572067441093,0.004353666376116846,False,False,True,True,True
1788620311.628782,1.4276205429948792,4.696695009816886,0.012707625281309646,False,False,True,True,True
1788620311.7281024,0.4330908187742562,9.805358944610614,0.003236774530206982,False,False,True,True,True
1788620311.8421845,2.3279064798686697,16.62232449722544,0.014067251328409115,False,False,True,True,True
1788620311.9363208,0.3967173817272504,20.233485839131674,0.012737836761437745,False,False,True,True,True
1788620312.027668,2.7081722580208605,25.30231163841818,0.01174328962412927,False,False,True,True,True
1788620312.1261094,1.6789356849168295,10.428346780411339,0.019034988824706462,False,False,True,True,True
1788620312.23696,1.9957056972841933,2.7711639267933625,0.017364699691045194,False,False,True,True,True
1788620312.333388,3.928151191021148,20.01563278371395,0.05153692634775455,False,False,True,True,True
1788620312.4313498,10.122622283465859,63.063312495762446,0.14244370169253434,False,False,True,True,True
1788620312.5294266,3.7840621883519243,64.2262403420102,0.16155901025432295,False,False,True,True,True
1788620312.640978,2.949691956125954,6.9350742046948595,0.051486903022624084,False,False,True,True,True
1788620312.7374084,0.7702268426251961,22.62321645030631,0.025015367799921234,False,False,True,True,True
1788620312.8329139,2.060859825576099,13.49622294435939,0.010484761543574401,False,False,True,True,True
1788620312.9417953,1.9488843755451923,1.3059934410701668,0.023167592729324813,False,False,True,True,True
1788620313.0432105,6.449037736724919,44.30649673783545,0.0627630893530358,False,False,True,True,True
1788620313.1413157,0.7986617731932437,57.252983818364676,0.08365532849920194,False,False,True,True,True
1788620313.2353425,5.2931459019218146,47.83953507570154,0.044412604403565065,False,False,True,True,True
1788620313.347889,3.9191479805089573,12.17908625285006,0.04204655444816733,False,False,True,True,True
1788620313.4420512,1.6238046933023866,24.374179245580155,0.03005825376262724,False,False,True,True,True
1788620313.538413,4.131183640840723,25.985031050890502,0.02300348967388528,False,False,True,True,True
1788620313.6292243,1.7486120642020528,26.275333363819882,0.02405148085442396,False,False,True,True,True
1788620313.7464285,0.570785457206819,9.920607213145644,0.00445843595129883,False,False,True,True,True
1788620313.843063,0.6489001556048684,0.8128086164066277,0.0013153944956381639,False,False,True,True,True
1788620313.9326177,1.440089908364618,8.846514131715864,0.004945105545348669,False,False,True,True,True
1788620314.0324068,2.9160356144956254,14.905548136294234,0.017383751150795445,False,False,True,True,True
1788620314.145126,0.452610306985209,21.857619499177634,0.014376672637719159,False,False,True,True,True
1788620314.2413232,1.0455064908629963,6.145664231736561,0.0029225529350364677,False,False,True,True,True
1788620314.3388736,2.6570344901665517,16.52098806736211,0.01799180356729125,False,False,True,True,True
1788620314.436994,0.616352277063031,20.906794658860477,0.01213305051389013,False,False,True,True,True
1788620314.5480745,4.558418075586093,35.44828863960873,0.047227000591205104,False,False,True,True,True
1788620314.640121,4.770923471851678,2.0805779137980984,0.04318153644237293,False,False,True,True,True
1788620314.740362,1.011795709276086,37.55053899363377,0.04516862046650941,False,False,True,True,True
1788620314.8314352,8.425964492686164,81.38539434798582,0.09930308563522876,False,False,True,True,True
1788620314.9503613,6.757467538659655,13.716978172896534,0.11581332430705578,False,False,True,True,True
1788620315.0410523,2.6704848527714677,44.31156362362466,0.09706526503817035,False,False,True,True,True
1788620315.1350093,2.854864714264376,2.4167422912826204,0.012695163201466509,False,False,True,True,True
1788620315.2481723,0.5515746219867179,20.3356369102778,0.011551271902194129,False,False,True,True,True
1788620315.3412907,1.3523721206115877,8.62798624041542,0.002345708328895481,False,False,True,True,True
1788620315.4441786,0.5732074740823827,7.4974862964707425,0.004772621548757388,False,False,True,True,True
1788620315.5393293,0.32933719310390364,2.557973154516665,0.0005910375369054176,False,False,True,True,True
1788620315.6443887,1.4513967058205037,10.658760095680604,0.0054222060181762285,False,False,True,True,True
1788620315.7419136,0.16171458012765993,13.281540028929394,0.004305491400919572,False,False,True,True,True
1788620315.8439803,1.660424057021331,14.690697591127783,0.005866323378438354,False,False,True,True,True
1788620315.9394045,0.7940660497097911,9.14295635199875,0.008700950286792188,False,False,True,True,True
1788620316.0485444,1.2844397780585572,4.4881022492303275,0.003140155156765183,False,False,True,True,True
1788620316.145635,0.28988244485081965,10.234301948693702,0.0036970048487025282,False,False,True,True,True
1788620316.2403543,0.636950468681881,3.6949663316874197,0.0009204206243497815,False,False,True,True,True
1788620316.3281338,0.4522379806489919,2.113666503196234,0.0006586788208403127,False,False,True,True,True
1788620316.4487324,1.124624201016668,5.613464572478975,0.004923804281240792,False,False,True,True,True
1788620316.543259,2.3014229176710144,12.377080760121096,0.007595188400849777,False,False,True,True,True
1788620316.6354992,1.4478465408021217,9.414429735181047,0.007376106916989922,False,False,True,True,True
1788620316.757274,1.4430935470446533,0.0017143058354058796,0.013358673265239398,False,False,True,True,True
1788620316.8584921,0.9726154694682188,4.539729700600315,0.00573665114475848,False,False,True,True,True
1788620316.9413545,1.170433358118506,2.3776273354901547,0.0037788015478707393,False,False,True,True,True
1788620317.0419543,1.6488987730229916,4.681071050958568,0.00880435419695525,False,False,True,True,True
1788620317.137284,1.0489101778597525,6.430730397368526,0.004591150493635213,False,False,True,True,True
1788620317.2515671,1.6127836361959607,4.9220909346064925,0.01125958072837501,False,False,True,True,True
1788620317.3425264,0.5414098361311313,11.721255123278278,0.006387600464389631,False,False,True,True,True
1788620317.4489312,1.6833495674195655,10.718266335592157,0.0071787221194661655,False,False,True,True,True
1788620317.552934,0.7879388419869379,8.545633853800908,0.00474087360595752,False,False,True,True,True
1788620317.6446326,0.09124830983924613,7.585760491193249,0.001382584966814431,False,False,True,True,True
1788620317.7459543,0.5560112384664826,4.590366318048216,0.0006342904582722919,False,False,True,True,True
1788620317.8386993,0.8550553955087734,3.199193114930843,0.002043262625961022,False,False,True,True,True
1788620317.9556997,1.1299141093405811,2.3278548822205574,0.006088521519033088,False,False,True,True,True
1788620318.0479057,2.1021481624565976,10.464157795485503,0.005924572967919114,False,False,True,True,True
1788620318.1412606,0.6700501518364476,15.259741029592414,0.009792449301971644,False,False,True,True,True
1788620318.241497,0.8222308450633157,1.5509137454349955,0.0015233874131844551,False,False,True,True,True
1788620318.3527021,1.8014693242741768,8.818985366584323,0.006118283246879298,False,False,True,True,True
1788620318.4482844,1.6526040266264594,1.4769906522103173,0.007352184535003876,False,False,True,True,True
1788620318.5429587,1.6227190173377215,0.26605896997755457,0.01331417997161988,False,False,True,True,True
1788620318.639777,1.1068435652831534,5.344316046936545,0.004405909286300166,False,False,True,True,True
1788620318.7534416,1.011991954800336,0.823803239320487,0.006359842882018216,False,False,True,True,True
1788620318.8497455,1.1358960414546881,1.2676432432996299,0.0028811276369288584,False,False,True,True,True
1788620318.9479861,0.3431394177885407,8.1261835455828,0.0024892957379898857,False,False,True,True,True
1788620319.0396001,0.39519780783222414,0.535418670994421,0.000442988254661961,False,False,True,True,True
1788620319.1546652,0.21377079623457776,1.606447555001093,0.000332014918171288,False,False,True,True,True
1788620319.2492604,1.2038401692725051,10.465147038101323,0.002340631934161885,False,False,True,True,True
1788620319.341407,0.64912372017624,5.987932603076783,0.001959739761828475,False,False,True,True,True
1788620319.4435084,0.4055801078366771,2.364974897661187,0.0013444526535761779,False,False,True,True,True
1788620319.5528936,0.5961268364028761,1.7786645507479117,0.0007984483479819441,False,False,True,True,True
1788620319.6474054,0.727838544137252,1.468088653899455,0.0014065059301920859,False,False,True,True,True
1788620319.7435763,1.1533801647964028,4.376138678334364,0.004113215720773488,False,False,True,True,True
1788620319.858646,1.6463550185834863,4.298634141157262,0.005691415831275476,False,False,True,True,True
1788620319.955765,1.4097681005778657,2.4705491007875637,0.005808621991403872,False,False,True,True,True
1788620320.0477576,0.8391429501590354,6.350714305011129,0.003283231273486304,False,False,True,True,True
1788620320.1436012,1.0815653114563306,2.540535223270014,0.0031645479945071634,False,False,True,True,True
1788620320.259459,1.736194230252794,5.629481282356125,0.007647222723698395,False,False,True,True,True
1788620320.3523533,0.24128323624078912,16.155168039799975,0.008061707723616205,False,False,True,True,True
1788620320.4511409,0.5388396048365006,3.0075802929859217,0.0006600658969428952,False,False,True,True,True
1788620320.5435073,0.5565221203147239,0.17513454234250925,0.0007238202372536686,False,False,True,True,True
1788620320.6585279,2.1095738405064113,13.555399362555372,0.009886743970384715,False,False,True,True,True
1788620320.752189,0.8148404213180895,13.857657806200447,0.009717318155281767,False,False,True,True,True
1788620320.8511002,0.7634821589875935,0.5441679797156196,0.0017333909816096076,False,False,True,True,True
1788620320.9413917,3.101426354494908,25.83528296586394,0.012629031537600257,False,False,True,True,True
1788620321.059547,0.3869526210597854,23.220899752816866,0.01338177054427493,False,False,True,True,True
1788620321.1554317,1.2374137007349155,8.883398945465535,0.003393570912873544,False,False,True,True,True
1788620321.2499387,0.5576480748606037,7.185038097140231,0.003274057507588728,False,False,True,True,True
1788620321.343068,1.066481739897294,5.458065742143694,0.0017192385193188758,False,False,True,True,True
1788620321.4571464,0.1771507350206364,7.814966256105167,0.0018831771705888132,False,False,True,True,True
1788620321.5540504,0.44233068631465144,2.7314051276095253,0.0004058039014745613,False,False,True,True,True
1788620321.6466258,1.363170715607111,9.956947077703242,0.0024204061063597933,False,False,True,True,True
1788620321.740384,1.0510460633475862,3.3177337127802535,0.0027066395218938357,False,False,True,True,True
1788620321.8565106,0.45871780595318795,5.177278926987984,0.0018645891392414927,False,False,True,True,True
1788620321.954698,0.833943655485791,3.844126325915404,0.0014474154323229275,False,False,True,True,True
1788620322.0479598,0.26263103034198443,6.093368266806935,0.0011321411583229146,False,False,True,True,True
1788620322.1588585,1.543986653376808,11.565962614994916,0.00576037690841085,False,False,True,True,True
1788620322.2540312,1.029792821868291,5.410622762292423,0.004301860458357686,False,False,True,True,True
1788620322.353466,1.6117094158172656,5.84010687278057,0.003835928311162302,False,False,True,True,True
1788620322.4525652,1.2899465172428914,3.253048692705899,0.004193349202424028,False,False,True,True,True
1788620322.5553288,3.172243791472627,18.30830507938719,0.031027048144408032,False,False,True,True,True
1788620322.6586206,1.8549068869763636,12.7307972740417,0.01583512559451513,False,False,True,True,True
1788620322.7549481,0.4711874303281031,14.52752521266584,0.007613895837401301,False,False,True,True,True
1788620322.8565726,3.331885366382522,28.163649211825707,0.022449999498342966,False,False,True,True,True
1788620322.9628904,4.679096934960633,12.670281164063146,0.03783357274621663,False,False,True,True,True
1788620323.062163,3.308714378603551,14.060895813937442,0.03731613679672278,False,False,True,True,True
1788620323.1521556,2.8302208591928766,4.809314976624706,0.04631613013860416,False,False,True,True,True
1788620323.2524593,3.6444256451116566,8.22519290531775,0.020803155530266498,False,False,True,True,True
1788620323.37254,1.3828818202325286,18.973621374727806,0.01961091477405459,False,False,True,True,True
1788620323.466358,1.0613056929977227,3.4373142514805055,0.004200105346812176,False,False,True,True,True
1788620323.5560906,0.7456331831684856,3.589322055783771,0.003454944605221148,False,False,True,True,True
1788620323.7180152,0.6212324139980872,0.7385693695181531,0.0016703642470322362,False,False,True,True,True
1788620323.792256,3.7925164368083775,42.71300820387959,0.011838183909730474,False,False,True,True,True
1788620323.8609464,3.0747462064908815,10.001436327381924,0.012357316197076161,False,False,True,True,True
1788620323.9595253,1.646679953825693,14.245043156984286,0.007105928854245256,False,False,True,True,True
1788620324.0534246,2.1970846704780667,5.766114812292277,0.007427594459070219,False,False,True,True,True
1788620324.1553369,0.2509104367661566,19.12004139722709,0.008148436345386666,False,False,True,True,True
1788620324.252709,0.5412086780058675,2.984421076974966,0.0008054279277882088,False,False,True,True,True
1788620324.3449948,1.1247449879776887,6.338217447308524,0.0033131669106973485,False,False,True,True,True
1788620324.4574225,0.3742197793058586,6.771503051978707,0.0017281636583481622,False,False,True,True,True
1788620324.5577176,0.4251022335474652,0.5099551388600082,0.000553478726652884,False,False,True,True,True
1788620324.6502824,2.8064698124001266,25.73074491778437,0.011656498958416027,False,False,True,True,True
1788620324.7544315,2.462212255055257,3.2943143275819855,0.012984604242549564,False,False,True,True,True
1788620324.8641474,0.5344234385703974,17.379306573580823,0.011347199032968408,False,False,True,True,True
1788620324.964181,0.708189374334781,1.7813251147430775,0.0009655469345676554,False,False,True,True,True
1788620325.0561795,0.9863279025611693,2.9757241584003933,0.0014300101464146879,False,False,True,True,True
1788620325.148934,0.6069028729766421,4.105673921080292,0.003092185905029459,False,False,True,True,True
1788620325.2665553,1.272024142908682,5.672630785165003,0.006117827118448864,False,False,True,True,True
1788620325.3581817,0.6373496018348576,6.899058158761644,0.0038666402442327835,False,False,True,True,True
1788620325.4578142,0.47900393612092956,1.5970057541510814,0.0013137914179066712,False,False,True,True,True
1788620325.5499895,1.0111678431514655,5.710115028424722,0.0014518433014463529,False,False,True,True,True
1788620325.6650841,0.4639196097735682,4.841311203711978,0.001635887855609634,False,False,True,True,True
1788620325.75766,1.0815277847530007,6.708002465052342,0.0025617481054504587,False,False,True,True,True
1788620325.8584783,0.5149379330351381,5.592844709506666,0.0028982974321515886,False,False,True,True,True
1788620325.9566283,0.44075429951100636,0.7768297348427222,0.0008816869565995988,False,False,True,True,True
1788620326.0598316,5.464998123639129,48.6872606563762,0.06194626199144619,False,False,True,True,True
1788620326.1603832,3.1744962375262613,23.68322091804899,0.11285438476944981,False,False,True,True,True
1788620326.2623007,1.4210640951732623,16.941862185056628,0.016706002679432067,False,False,True,True,True
1788620326.3533835,0.4765276308381234,10.353044694122577,0.004790729897168964,False,False,True,True,True
1788620326.4619007,0.9449688838021535,4.355158295228406,0.0030213139497883073,False,False,True,True,True
1788620326.5576363,2.997225133360746,21.403032324294806,0.022020474151796338,False,False,True,True,True
1788620326.6521566,8.8007869013415,62.08770907606189,0.10600616385047917,False,False,True,True,True
1788620326.7720823,5.977120764534049,24.36379750156176,0.12603007291991863,False,True,True,True,True
1788620326.8739998,1.321321855536604,45.83098068361054,0.11938446086657752,False,False,True,True,True
1788620326.9622815,5.31453887442713,45.95402861325176,0.038038862309925314,False,False,True,True,True
1788620327.0624516,0.8407845398897116,44.93093492492269,0.049066547172039725,False,False,True,True,True
1788620327.1741877,0.5435669110097621,2.73322578002022,0.0014039509604324137,False,False,True,True,True
1788620327.2698379,2.5476041434273977,20.960504269352697,0.010250655054236104,False,False,True,True,True
1788620327.371186,1.4385481608470083,11.047781361154536,0.009451046664238655,False,False,True,True,True
1788620327.4621184,2.5044069655280197,11.717864798913466,0.008262507076604109,False,False,True,True,True
1788620327.5673354,0.5813111531574074,18.108005578901473,0.010121561124579279,False,False,True,True,True
1788620327.6635911,4.050753112210128,36.03099282573127,0.033112088833894854,False,False,True,True,True
1788620327.7619293,0.9445258597729755,31.322494002771876,0.027006437791761043,False,False,True,True,True
1788620327.85625,0.38259220704154934,6.044811837216777,0.002142225934255833,False,False,True,True,True
1788620327.9866543,0.6514501668246026,2.0682211097672134,0.0014836596695196114,False,False,True,True,True
1788620328.0626934,1.1140020155638208,6.077351361460854,0.0015913984926860599,False,False,True,True,True
1788620328.1573706,2.654514271484321,16.289028532328064,0.018107132629935196,False,False,True,True,True
1788620328.2475693,6.172806009188756,38.99819765835994,0.0489795507583789,False,False,True,True,True
1788620328.363281,1.0537215503668946,44.249370335328436,0.051723588249464963,False,False,True,True,True
1788620328.4649642,0.836865918637946,2.126546865230794,0.006465191358659638,False,False,True,True,True
1788620328.5600538,2.0862504270936517,13.136065475769628,0.012441379195278981,False,False,True,True,True
1788620328.6543944,0.7487773085891796,14.17856955976282,0.0067216439272297845,False,False,True,True,True
1788620328.7717025,0.31075767289808737,3.745584390469685,0.0009430388391591843,False,False,True,True,True
1788620328.8554144,1.880699156835924,18.75563495038976,0.0043652267058857785,False,False,True,True,True
1788620328.9597442,1.5978335933051047,2.7437030672583096,0.00569954648917564,False,False,True,True,True
1788620329.0769653,0.9233424031238652,5.599714833033925,0.010394699192592095,False,False,True,True,True
1788620329.169462,2.856226515641689,20.91620223615509,0.011831987323296675,False,False,True,True,True
1788620329.2627323,0.40043853156356124,26.31362205357711,0.01490476517312874,False,False,True,True,True
1788620329.3612306,2.61619270116108,22.49467843288382,0.01323775862130623,False,False,True,True,True
1788620329.4738793,0.48053976543169113,19.076092839800367,0.0162307813752846,False,False,True,True,True
1788620329.5678735,0.8835153597626685,4.261571873745487,0.0016370139466937187,False,False,True,True,True
1788620329.6628938,2.7656398681503354,19.867770389942837,0.01777222197562528,False,False,True,True,True
1788620329.7604835,3.886399271875944,10.993111792118858,0.02288534201222581,False,False,True,True,True
1788620329.8702729,0.36397625581738635,32.122446014928386,0.02670331410830521,False,False,True,True,True
1788620329.9703841,0.7529857046128106,3.8469785963346017,0.0009089892526973196,False,False,True,True,True
1788620330.0602136,0.14873293341032523,6.7127709023933875,0.0012044649621931539,False,False,True,True,True
1788620330.1591778,2.0584775230896843,19.310473207325696,0.008050819006981545,False,False,True,True,True
1788620330.2664642,1.6843674459564375,3.208393594873952,0.007556949878981899,False,False,True,True,True
1788620330.3590786,0.21016831314482098,15.9183910356439,0.0063689785073048405,False,False,True,True,True
1788620330.4585068,0.41614388907810324,2.0765586988625224,0.0004098571697556823,False,False,True,True,True
1788620330.553084,0.9869888361444623,6.031709940063508,0.00249634482488791,False,False,True,True,True
1788620330.670907,1.0363383625874822,0.4916102369932908,0.005701193159550487,False,False,True,True,True
1788620330.7620654,1.206106679468677,1.6706280486213212,0.0028587916873665143,False,False,True,True,True
1788620330.8623729,1.523056471113541,3.046706070731494,0.010085247350940192,False,False,True,True,True
1788620330.9711335,0.766871426665277,6.878769589400481,0.004070084280668722,False,False,True,True,True
1788620331.08002,0.2696810269805575,4.51630001670674,0.0014236665736336589,False,False,True,True,True
1788620331.1661732,1.420757553473968,13.28735900926253,0.003078482688140032,False,False,True,True,True
1788620331.2624137,0.3844481549924691,10.70926855943074,0.0027664847292417495,False,False,True,True,True
1788620331.376954,1.4827309036927467,9.588402938064888,0.00484661806715107,False,False,True,True,True
1788620331.475464,1.5289568557879734,0.4665436887280159,0.005211105958808599,False,False,True,True,True
1788620331.5678346,0.3140597367073954,13.150021055984935,0.005135116067384719,False,False,True,True,True
1788620331.6644096,1.34131321917821,10.645937617844337,0.0030860670747729795,False,False,True,True,True
1788620331.7794948,2.049280699880814,6.190763423297419,0.008595610198913745,False,False,True,True,True
1788620331.8724504,2.946167835222342,9.667673654039936,0.013237218412845099,False,False,True,True,True
1788620331.9658654,2.271314767412126,7.104813482945951,0.015508811463768436,False,False,True,True,True
1788620332.0664897,1.446543507033317,8.187909517878689,0.007273117286400888,False,False,True,True,True
1788620332.1821637,1.4714046062261585,0.2833620415224675,0.006248413793902764,False,False,True,True,True
1788620332.2730796,1.9472329271310405,5.069400322942199,0.017193891119472955,False,False,True,True,True
1788620332.368096,0.8291352778714655,11.916603824127835,0.00510221692888213,False,False,True,True,True
1788620332.4696417,0.30365067574988835,5.136171124844315,0.000993571261248915,False,False,True,True,True
1788620332.5770442,0.5972762492133366,2.7410779954362035,0.0008259941279010213,False,False,True,True,True
1788620332.6725833,3.37636924157883,29.132196104529044,0.025459186425418265,False,False,True,True,True
1788620332.7684522,0.16972996665334533,33.4031638097646,0.02087277646138969,False,False,True,True,True
1788620332.8676167,4.378036865314198,42.42760846782778,0.037279979350328486,False,False,True,True,True
1788620332.9838161,1.4240958165606843,25.587412469634767,0.028892062665773367,False,False,True,True,True
1788620333.0739725,0.7257980219440602,7.639520843907222,0.00456089586427073,False,False,True,True,True
1788620333.1721492,0.6461589063522882,0.7859942415441653,0.0022246398144752685,False,False,True,True,True
1788620333.2795992,0.4210862908400662,2.0720817067471855,0.0012040381910883534,False,False,True,True,True
1788620333.3812282,0.7137126923351403,2.9117391778374735,0.0017313673251486321,False,False,True,True,True
1788620333.4738996,0.4186977624490278,3.178059159570119,0.0015152790027457104,False,False,True,True,True
1788620333.5680199,0.5952881927731922,1.8774959452343218,0.0005216281328697096,False,False,True,True,True
1788620333.6774778,0.10632208822171707,4.4809103156124666,0.0007364724170161872,False,False,True,True,True
1788620333.775888,0.8776811315147675,7.8304391330831535,0.001688925995360396,False,False,True,True,True
1788620333.868827,2.5377235479310194,17.993026528685867,0.00906705533167399,False,False,True,True,True
1788620333.9599733,0.17416360684066498,25.945125230194748,0.011231949343914053,False,False,True,True,True
1788620334.0812905,1.6905542267049893,12.479366684643457,0.008520741482753691,False,False,True,True,True
1788620334.1772754,0.2867855667695465,14.711861444664468,0.008914829673468183,False,False,True,True,True
1788620334.2718818,1.4890977610080316,12.727885747938844,0.003948457096605527,False,False,True,True,True
1788620334.372457,0.5685661660033078,9.231241823857832,0.0030899314476163257,False,False,True,True,True
1788620334.479455,1.1763631256675102,5.6530394497429635,0.005133097673731154,False,False,True,True,True
1788620334.576357,1.218540923701865,0.42815920761205567,0.003219508463299383,False,False,True,True,True
1788620334.666743,0.7483897665224926,5.228127835493977,0.0022524109630135524,False,False,True,True,True
1788620334.7626624,1.1423807461882858,4.056458778161688,0.004438569789135473,False,False,True,True,True
1788620334.8768642,0.19403345238613323,8.261995556351572,0.0021326365995987455,False,False,True,True,True
1788620334.9761631,1.2488292518318302,10.608110405542181,0.0028165479997616415,False,False,True,True,True
1788620335.068228,6.355629193947004,55.162100010183764,0.0811751112201405,False,False,True,True,True
1788620335.162578,3.3171873639059934,32.8269054480766,0.057865842938650075,False,False,True,True,True
1788620335.2823505,8.947864677991513,47.24437928769922,0.2984976335234176,False,False,True,True,True
1788620335.3748572,3.5136704537081105,58.78507641840361,0.17410565930044766,False,True,True,True,True
1788620335.468113,5.7023778236995915,23.41133147545393,0.10693122395307703,False,False,True,True,True
1788620335.5813422,4.04870028254039,13.985505845723576,0.04819700346514078,False,False,True,True,True
1788620335.6798077,2.0885563687542787,20.08018325168631,0.06568987257511337,False,False,True,True,True
1788620335.7696736,0.7725307967827139,14.604722987457984,0.006845361923563233,False,False,True,True,True
1788620335.869927,1.581932780043887,8.04339756121789,0.003956828628192439,False,False,True,True,True
1788620335.9821014,0.455449088196238,10.101796160479063,0.00630408964048922,False,False,True,True,True
1788620336.0795476,3.444845463797216,30.733552029236204,0.01972604020862555,False,False,True,True,True
1788620336.1757631,1.0417734682993685,25.218218246727552,0.021552574224016557,False,True,True,True,True
1788620336.2682166,3.355196278223967,24.88185193403415,0.02173743216816038,False,False,True,True,True
1788620336.3856869,5.536474441236902,18.257299566929074,0.13610733987915533,False,False,True,True,True
1788620336.4791284,5.021042432942135,5.444600322380658,0.06385254610267095,False,False,True,True,True
1788620336.5724502,2.3523883833112134,28.3117890502368,0.06886945546666205,False,True,True,True,True
1788620336.6729481,0.5960866413612326,17.48786316805385,0.008807808143539982,False,False,True,True,True
1788620336.7848597,5.140497456357167,40.66109170485295,0.06109384491837476,False,False,True,True,True
1788620336.8784275,0.9621025042427612,44.319220498827704,0.07333901543340875,False,False,True,True,True
1788620336.9779258,1.2685389563047371,3.0191195731855633,0.006619581331663473,False,False,True,True,True
1788620337.0744267,0.7645661269344685,5.2247081124931185,0.004631837376449005,False,False,True,True,True
1788620337.1879332,0.8654015680078481,0.8069957452376025,0.001837202486888414,False,False,True,True,True
1788620337.2835534,0.5404859262807618,3.4272730618558636,0.002217159013339016,False,False,True,True,True
1788620337.3776257,3.1632551174229655,27.92093080143287,0.01825473345490295,False,False,True,True,True
1788620337.4724717,2.328344697060313,8.845519053205997,0.013873466325940727,False,False,True,True,True
1788620337.5867386,1.0586201582980608,11.099680233200981,0.016210718106387845,False,False,True,False,False
1788620337.6779554,3.628155544551246,28.152643463479286,0.016549092182335783,False,False,True,False,False
1788620337.7802446,1.8095757558256969,16.812071431800874,0.01679408548633873,False,False,True,False,False
1788620337.8887906,0.8195508375627633,9.149884271749603,0.00994888044689624,False,False,True,False,False
1788620337.9852521,1.063176650396249,2.5444368507723767,0.002313174765214927,False,False,True,False,False
1788620338.080059,1.3544572622563733,3.0903354490725055,0.007343006150632463,False,False,True,False,False
1788620338.1741662,3.1387543031397787,19.164469464244586,0.013906957215143933,False,False,True,False,False
1788620338.289815,1.4798290311043654,13.913451818495101,0.013531130481691316,False,False,True,False,False
1788620338.3852963,0.7742513424862411,7.409635048098563,0.0046139680822901916,False,False,True,False,False
1788620338.4789631,2.0029867833408495,13.28264683252502,0.01070323160857497,False,False,True,False,False
1788620338.5803864,0.6169754048961484,13.705133863909033,0.009701179910579756,False,False,True,False,False
1788620338.6846247,2.0726645858886434,13.938219307472114,0.012013634772426297,False,False,True,False,False
1788620338.78661,0.8529521749117427,12.043114730858344,0.008087987660633162,False,False,True,False,False
1788620338.8786685,0.7871382532220156,0.9417644258840623,0.0022979393350115694,False,False,True,False,False
1788620338.9763343,1.0520919321067126,2.4169598789950673,0.0034737874902468066,False,False,True,False,False
1788620339.0889683,0.5507434624217951,4.59882827643834,0.002755348048650499,False,False,True,False,False
1788620339.18558,2.8106780138350493,23.39756747256331,0.013612570111548577,False,False,True,True,True
1788620339.2785943,1.714440199212623,11.856882695337738,0.025296019113262447,False,False,True,True,True
1788620339.3765876,2.397324919887074,7.313253578729998,0.02071192227797334,False,False,True,True,True
1788620339.4869294,0.8154879784625936,14.114851163345252,0.00822111538101428,False,False,True,True,True
1788620339.5855355,0.709513386592931,1.2211336159199826,0.0033588736328679938,False,True,True,True,True
1788620339.6713502,0.9474895701534569,2.715123224922182,0.0013263814673948682,False,False,True,True,True
1788620339.777539,0.19632316368227412,7.132125729387226,0.001524873133033543,False,False,True,True,True
1788620339.8786752,2.882138468846963,26.563094516487176,0.015738474203370458,False,False,True,True,True
1788620339.9853692,3.0169060837552157,1.4441692683599667,0.05251294224372019,False,False,True,True,True
1788620340.0791144,5.243235658997519,23.99989462137893,0.036224800890302444,False,False,True,True,True
1788620340.1909957,1.3162785534074832,35.1636573688451,0.049023989036268874,False,False,True,True,True
1788620340.2847464,3.3003625597006416,21.11300933904438,0.022909102829601558,False,False,True,True,True
1788620340.3855782,2.897003770465403,4.1033397204002,0.05122605264759817,False,False,True,True,True
1788620340.4877348,2.4114560520091888,4.408048656042737,0.01456902241209206,False,False,True,True,True
1788620340.5917413,1.6388149045560514,7.6879270889845515,0.009436816803357458,False,False,True,False,False
1788620340.737039,4.271811702619099,18.177957692453035,0.05980047240779273,False,False,True,False,False
1788620340.7929108,3.824734479819034,8.288886726792306,0.10706124434974112,False,False,True,False,False
1788620340.8829587,0.8171040264652438,33.498088306251184,0.01231392096560316,False,False,True,False,False
1788620340.9947028,0.9432024634747567,0.9207068028324086,0.0019705896983947505,False,False,True,True,True
1788620341.0896409,6.04813189048524,53.78922803568844,0.07265187110169678,False,False,True,True,True
1788620341.1839435,3.933159598967206,21.099180994318306,0.0465836186954354,False,True,True,True,True
1788620341.28154,4.238642607745433,4.175912220366036,0.030473932265016976,False,False,True,True,True
1788620341.3914793,1.8856513501783805,21.31546418511388,0.02539348670654347,False,False,True,True,True
1788620341.4882975,1.8096315265181708,0.8152180310458177,0.007588912721384806,False,False,True,True,True
1788620341.5803246,2.824123838163394,11.010918601168488,0.010406745139659515,False,False,True,True,True
1788620341.6780734,2.4329526959797696,4.156690508478163,0.012362140780383772,False,False,True,True,True
1788620341.795701,2.0914836615504178,2.560451240441594,0.011547003665505172,False,False,True,True,True
1788620341.8860226,0.4553248176556818,17.926344165586638,0.013682607556958987,False,False,True,True,True
1788620341.9858694,1.7761973073254016,13.29900692404716,0.007807094902025019,False,False,True,True,True
1788620342.0831838,0.5805860976887949,12.31687459268645,0.008784441501783822,False,False,True,True,True
1788620342.1912932,3.97941256812124,31.45930678235538,0.033414941329321685,False,False,True,True,True
1788620342.2920308,0.6660745678609548,32.783136800814695,0.03257197435502562,False,False,True,True,True
1788620342.3814664,1.6708623370830866,11.272649824207049,0.003910583912320363,False,False,True,True,True
1788620342.5025406,0.6021835073161238,8.804522701880002,0.0038735179290619193,False,True,True,True,True
1788620342.595794,0.5251493494075874,0.8040569664297225,0.0010310752732666693,False,False,True,True,True
1788620342.6913037,0.5588595579593825,0.3619081067124295,0.0008698756786134421,False,False,True,True,True
1788620342.7811966,2.839300694188423,25.35264556704049,0.014849594606769947,False,True,True,True,True
1788620342.8992615,1.2188256613683106,13.714331308881716,0.011539323269511004,False,False,True,True,True
1788620342.997168,0.858830595783844,3.6942527994632712,0.0033613761390748984,False,False,True,True,True
1788620343.085132,2.438226051500823,17.93842490581543,0.013608439684048021,False,False,True,True,True
1788620343.1870282,2.5168206564545152,0.8064125901426545,0.012258687618521853,False,False,True,True,True
1788620343.2980738,1.43570073439397,9.759338207890954,0.02344966116530092,False,False,True,True,True
1788620343.3916502,1.9398240310392456,5.483734216493011,0.006740587047126536,False,False,True,True,True
1788620343.4879827,1.024220282558916,9.315824798179907,0.0061526219355143,False,False,True,True,True
1788620343.578556,0.5673439096008237,5.081337657694876,0.0018103438064110413,False,False,True,True,True
1788620343.703906,1.9490034533578398,11.007583405550369,0.01319935434519727,False,False,True,True,True
1788620343.792722,1.0055482566839806,11.278917086477653,0.01729744575230343,False,False,True,True,True
1788620343.886446,0.7751828474208119,2.403689488241757,0.0015594437414005794,False,False,True,True,True
1788620343.98755,2.142566382463101,13.560347862655338,0.01326650603687829,False,False,True,True,True
1788620344.0965405,3.877135324330841,15.862050916768794,0.06259612195822954,False,False,True,True,True
1788620344.1962075,4.719633223336765,8.322666636365868,0.04012398909514616,False,False,True,True,True
1788620344.291522,5.538222838761755,8.211523449883897,0.05021707642400194,False,True,True,True,True
1788620344.3845603,0.9567258187507882,48.05916442165325,0.04784049207096872,False,False,True,True,True
1788620344.4978,0.5496529110262542,3.5537974896288484,0.0031642085295158855,False,False,True,True,True
1788620344.5936155,1.758390882201652,12.650713884231678,0.004810910916201796,False,False,True,True,True
1788620344.6934464,3.408074228374375,16.53216387241392,0.018428805991857748,False,True,True,True,True
1788620344.802625,3.0112173864742315,3.615465258419101,0.06680959049578938,False,False,True,True,True
1788620344.8957524,1.5845262523898915,15.328630601818901,0.034571390222456436,False,False,True,True,True
1788620344.9895327,1.8062409672564432,2.0341211068006886,0.008039323051156927,False,False,True,True,True
1788620345.087334,1.4690956604581558,3.5058541372946106,0.00524182955244975,False,False,True,True,True
1788620345.19948,1.6618630915701726,1.710345520810449,0.007690221517649227,False,False,True,True,True
1788620345.2941906,0.5471655376317978,11.745463211551469,0.0064845546736941925,False,True,True,True,True
1788620345.396373,3.9909249143196193,33.70256959343972,0.03232267306654236,False,False,True,True,True
1788620345.488816,3.8291174903389495,1.6716571868077437,0.029476059409394142,False,False,True,True,True
1788620345.601485,1.7535581753987355,18.539396967535033,0.04501841146292307,False,False,True,True,True
1788620345.6957538,0.4181408483462336,14.199698935291632,0.006669905926891152,False,False,True,True,True
1788620345.7916768,0.6798848120807366,2.712822289517789,0.0013870684223534183,False,False,True,True,True
1788620345.8918805,1.3065341117732587,6.279911013943438,0.0028066004233953104,False,True,True,True,True
1788620346.0031786,1.9198997758937055,5.451989400981821,0.007169970094042136,False,False,True,True,True
1788620346.0950365,1.4775398534718447,4.621509249158344,0.008180250845201792,False,False,True,True,True
1788620346.1976743,0.8814486905274318,5.736419038449861,0.004638652637516819,False,False,True,True,True
1788620346.287019,1.080341967301314,2.173708418036153,0.002366548776735104,False,False,True,True,True
1788620346.403358,2.142880999940769,9.140929352520455,0.01843712523222127,False,False,True,True,True
1788620346.4998507,1.7154886229964672,4.449381025803599,0.02552578990289877,False,False,True,True,True
1788620346.5938065,5.43242582208505,39.474706972075374,0.0410951208275043,False,False,True,True,True
1788620346.683676,5.481214514730885,0.2548935122354386,0.050299508832246084,False,False,True,True,True
1788620346.8044212,1.1071621778527774,36.041340772523256,0.0407437601079236,False,True,True,True,True
1788620346.895318,4.729769452680467,40.000667592014246,0.0501738680305078,False,False,True,True,True
1788620346.9925418,1.3898487859922262,34.202632188881815,0.030442560647664308,False,False,True,True,True
1788620347.1090465,2.2954383790614923,8.02488274495001,0.023787741422593624,False,False,True,True,True
1788620347.1999412,2.51868410164289,2.2165035763322076,0.014217735890189048,False,False,True,True,True
1788620347.2958057,2.1248561663143875,3.800086664682145,0.011202506430830829,False,False,True,True,True
1788620347.3944516,0.6982819600741916,14.340298678526253,0.011586341933412129,False,False,True,True,True
1788620347.5155878,2.549828738242278,15.18353436204043,0.01739587987224931,False,True,True,True,True
1788620347.600077,0.5228527398957111,23.79490330734595,0.020216535614785067,False,False,True,True,True
1788620347.700448,1.0965843648514133,5.610170000609564,0.0031741340645729155,False,False,True,True,True
1788620347.797014,1.2791319693223226,1.8624369354949104,0.0029545006499708667,False,False,True,True,True
1788620347.9064755,3.218105453403817,17.61584410064194,0.0193443037354588,False,False,True,True,True
1788620348.0040889,2.576741199200249,6.887436434464059,0.02120877150185626,False,False,True,True,True
1788620348.097805,0.2997396761667165,24.309617362342067,0.012485894327595606,False,False,True,True,True
1788620348.193643,6.300563587418773,62.638298679984175,0.07278448285505439,False,False,True,True,True
1788620348.3041244,1.8711557319727188,40.124321415854126,0.05623064030380598,False,False,True,True,True
1788620348.401379,0.6390824834912091,12.65443968629762,0.011498449532090897,False,False,True,True,True
1788620348.4974802,1.8945670745714076,13.060266387106559,0.005272663021805829,False,False,True,True,True
1788620348.5909717,0.704072587255262,12.72499209074509,0.008671864051751783,False,False,True,True,True
1788620348.713459,0.2643163834793572,3.6153737604748235,0.000943706985450276,False,False,True,True,True
1788620348.797783,5.28962857886454,59.57846871149881,0.04094975154089721,False,False,True,True,True
1788620348.8963392,1.1786103598150832,41.315879547509525,0.03171467516377659,False,False,True,True,True
1788620348.9932506,2.4460597049478663,13.12425496691452,0.008933240549926478,False,False,True,True,True
1788620349.108533,0.52433777637409,16.86866242429327,0.009388791757293631,False,True,True,True,True
1788620349.1954305,2.346919695475544,20.996972576570805,0.01059184850135773,False,False,True,True,True
1788620349.2967463,3.4258066197053854,10.731342255377525,0.019007090337344264,False,False,True,True,True
1788620349.414491,4.469252203019596,8.400685258366472,0.044737743777914805,False,False,True,True,True
1788620349.504294,3.1996664707997424,13.904034620743353,0.043585560522108775,False,False,True,True,True
1788620349.6011515,1.091145743272018,21.68031844616205,0.012623930213302707,False,False,True,True,True
1788620349.6996114,1.05463855111691,0.33478051066381853,0.003417898131937278,False,False,True,True,True
1788620349.8073153,1.6098338784943382,5.153179958562165,0.010297915404607958,False,False,True,True,True
1788620349.907499,0.22286375330183625,13.812212122766326,0.00536406243003584,False,False,True,True,True
1788620349.9994624,1.8658579176617305,17.856803275465207,0.00650751142272664,False,False,True,True,True
1788620350.091766,3.0398391838137546,12.891724206135867,0.03039836435856328,False,False,True,True,True
1788620350.1985369,3.343677956228462,2.9697192268718426,0.02134377146946571,False,False,True,False,False
1788620350.3040738,0.16364822209980562,30.09652669978654,0.026127325359352124,False,False,True,False,False
1788620350.4001865,1.8356577110538126,17.388955547383564,0.005774872049801296,False,False,True,False,False
1788620350.4976728,1.5219066674916732,3.1756177619507304,0.012768205210145598,False,False,True,False,False
1788620350.6111057,1.6175669191957247,0.9043199788032134,0.016514019841945074,False,False,True,False,False
1788620350.7046392,0.9981314070406568,6.528592470378086,0.0057604113840381815,False,False,True,False,False
1788620350.8033922,1.6727588533646711,6.704810340273835,0.010082003182228705,False,False,True,False,False
1788620350.896475,1.4781246022747088,2.303666318503672,0.004933660146795741,False,False,True,False,False
1788620351.0154965,1.8522188616318294,2.936920598659541,0.00796403532885049,False,False,True,False,False
1788620351.102687,1.9369510127799838,1.1994381845407598,0.008534643532225815,False,False,True,False,False
1788620351.204394,1.6143292463570247,3.18177452216058,0.006034036774421523,False,False,True,False,False
1788620351.2929347,2.68472715617721,12.130323289591622,0.022368714652274597,False,False,True,False,False
1788620351.4151618,1.962573418755757,5.867289901540993,0.013483326063214555,False,False,True,False,False
1788620351.505119,2.446959613616335,5.591712468748295,0.027197527776355958,False,False,True,False,False
1788620351.6054468,0.3386060347877958,21.033254326803004,0.008628911601587245,False,False,True,False,False
1788620351.7099974,1.1354282929167065,7.616589591884253,0.002377598820990456,False,False,True,False,False
1788620351.8110497,1.7861546028297883,6.632348427976325,0.005490033245968197,False,False,True,False,False
1788620351.901109,0.35740268713984713,15.861807558414894,0.006071533572307772,False,False,True,False,False
1788620351.995562,0.6544061502841051,3.1487704708271873,0.0007325901913909354,False,False,True,False,False
1788620352.1095757,0.7307392355252429,0.6639736379837778,0.002828578933937622,False,False,True,False,False
1788620352.2083073,1.6635251111838723,9.44308998052003,0.004160630314547603,False,False,True,False,False
1788620352.3008041,4.428992905251314,29.71524183275361,0.050435125545571995,False,False,True,False,False
1788620352.3966095,5.601897171819209,12.550154367233098,0.04716441446776232,False,False,True,False,False
1788620352.5128684,1.1768786019534672,37.844631325066395,0.07262622265932747,False,False,True,False,False
1788620352.6087763,2.8412816746513108,17.1332842508891,0.012529249281239952,False,False,True,False,False
1788620352.7083502,0.7053883317042184,21.475605411625935,0.014319410896594805,False,False,True,False,False
1788620352.8029387,0.30522161894867234,4.229328440902702,0.0011001686396254914,False,False,True,False,False
1788620352.9191866,3.5672858694177076,28.01707026013304,0.03235453246816306,False,False,True,False,False
1788620353.0079417,0.9955286213992426,28.996977595211295,0.028370575696077812,False,False,True,True,True
1788620353.1051722,1.1619011944877986,1.7438301918581758,0.0022011130553797557,False,False,True,True,True
1788620353.200703,4.925679395610489,39.412728094204326,0.03612111818099298,False,True,True,True,True
1788620353.3187523,3.62776223373274,10.957985955305395,0.04007548657583539,False,False,True,True,True
1788620353.4089448,0.3194185265848485,36.6312240097242,0.03649053539542565,False,False,True,True,True
1788620353.5037696,4.646365298345463,45.63641801079292,0.03740406714596612,False,False,True,True,True
1788620353.6027045,2.7835204772702613,19.47415542283926,0.029629935535604727,False,False,True,True,True
1788620353.715845,3.2346292708625035,3.7306140014669675,0.021289571107968572,False,False,True,True,True
1788620353.8079746,0.3449335151651538,31.337229497051926,0.025460865615500934,False,False,True,True,True
1788620353.9050274,3.3683806890490997,31.223470725746246,0.0210596483119832,False,False,True,True,True
1788620354.0158849,2.0517041814721346,11.884749064846634,0.016688493232670826,False,True,True,True,True
1788620354.1149113,3.594004836816257,15.694658138560365,0.05052714204977707,False,False,True,True,True
1788620354.2068248,1.0948638749385955,27.314401318715223,0.02016267903051764,False,False,True,True,True
1788620354.3095746,5.081393928019699,38.768920235304655,0.06396123275813051,False,False,True,True,True
1788620354.4188821,0.8445392705079581,38.876896120657925,0.06274914387834664,False,False,True,True,True
1788620354.5135958,3.2453390125915775,25.386718712676085,0.01484882836329116,False,False,True,True,True
1788620354.6080384,4.969033207894329,18.382411120284214,0.033576947649458025,False,False,True,True,True
1788620354.7035356,1.100923307489471,39.740064314074424,0.03556857408883947,False,False,True,True,True
1788620354.818511,3.0092325820004495,16.555812933147397,0.032722392384578296,False,False,True,True,True
1788620354.9126208,2.61783594931343,4.027361729004018,0.050899608480912406,False,False,True,True,True
1788620355.0100358,1.002262527992083,16.191118771145305,0.010750476655834416,False,False,True,True,True
1788620355.1036766,4.048892992148478,32.37951863988055,0.03657006550800569,False,False,True,True,True
1788620355.220782,3.132083184416754,8.597072655898627,0.03279213881108103,False,False,True,True,True
1788620355.3196318,0.7544140449083917,24.85803005355949,0.024650734457727672,False,False,True,True,True
1788620355.408481,0.9875141792533335,2.5250486436962896,0.002056056001677636,False,False,True,True,True
1788620355.5057955,4.475564242452373,35.593190951081795,0.03161159190972325,False,False,True,True,True
1788620355.6209335,1.8426027048601086,23.088644174828257,0.05641182704680922,False,True,True,True,True
1788620355.7136528,3.5480508617661246,18.71000743964111,0.03766223330084735,False,False,True,True,True
1788620355.8117275,0.36196448642763446,32.52443317747375,0.01955699868102221,False,False,True,True,True
1788620355.9110048,5.573618911455755,52.484768399425995,0.058132232993506554,False,False,True,True,True
1788620356.0241094,3.1075250584472767,21.534038457955106,0.04669874241576266,False,False,True,True,True
1788620356.1124237,10.780371780570574,85.88303615822139,0.12871866619118102,False,False,True,True,True
1788620356.2143662,2.068859982119756,88.73192696741377,0.2001329105377677,False,False,True,True,True
1788620356.324048,2.0875635835208612,0.1186607326567228,0.012430387194253266,False,False,True,True,True
1788620356.4150991,1.0844034302741936,10.760737416347448,0.013404291544492524,False,False,True,True,True
1788620356.5119746,2.967285272009025,19.249189651939318,0.012467272631425892,False,True,True,True,True
1788620356.61501,0.7876086397180111,21.58087003335192,0.01851021414262766,False,False,True,True,True
1788620356.7265325,3.3011191002425697,22.553485759342017,0.020255850491091035,False,False,True,True,True
1788620356.8175278,5.587405102387404,25.082052561205558,0.03631078233260142,False,False,True,True,True
1788620356.9168406,2.8987358434443955,26.617513007322128,0.0334380696216124,False,False,True,True,True
1788620357.013077,2.049602145944572,8.786884512699993,0.011565327815975855,False,False,True,True,True
1788620357.1251686,4.824410234555638,25.278434099152317,0.040796191218329496,False,False,True,True,True
1788620357.219424,4.886350456423203,0.4592893599996406,0.04686632593163687,False,False,True,True,True
1788620357.3148863,5.680240871047105,8.754437433211494,0.04651547515571189,False,False,True,True,True
1788620357.4098506,1.426873814647907,44.80846980058385,0.043279362668973066,False,False,True,True,True
1788620357.5240226,2.5421085399497416,9.745115678383732,0.02349078514878262,False,False,True,True,True
1788620357.614683,2.9411803099390146,3.9454039538400933,0.037558746757069196,False,False,True,True,True
1788620357.710491,9.35802254673796,67.816275753384,0.11637487427865313,False,False,True,True,True
1788620357.8069503,6.5495717661156805,29.11370180267822,0.11627943390475157,False,False,True,True,True
1788620357.920532,1.349363965883688,47.00062579417299,0.06231990054469598,False,False,True,True,True
1788620358.0190446,4.566993091253507,32.22203257691896,0.028511186719276393,False,True,True,True,True
1788620358.1098754,7.235273069783248,30.380045665214364,0.060587396727089675,False,False,True,True,True
1788620358.2104118,12.496479822460133,47.74035853904318,0.1956748706149983,False,False,True,True,True
1788620358.317711,7.608335447494674,44.90685255104578,0.20112352828383664,False,False,True,True,True
1788620358.4126136,0.38890993788729744,75.64117919199401,0.1053641833449697,False,False,True,True,True
1788620358.5052114,2.1022265504609865,18.596701736270106,0.0077953303678488595,False,False,True,True,True
1788620358.618434,0.8431565167152621,11.084226883385886,0.01041402699922589,False,False,True,True,True
1788620358.717503,3.6668248572608833,28.496030575642795,0.018357682946263703,False,False,True,True,True
1788620358.81615,4.014294827716297,5.1237925687694865,0.07278073504575727,False,False,True,True,True
1788620358.9097872,6.854253524088477,29.642047131656042,0.056421007603103965,False,False,True,True,True
1788620359.0190957,1.7413115517914943,46.60641598381787,0.05854647667459901,False,False,True,True,True
1788620359.1214905,2.2661922113131707,4.939835993876803,0.008726806043186944,False,False,True,True,True
1788620359.2154026,1.9709884580090407,3.2686122313482455,0.022048777565605977,False,False,True,True,True
1788620359.3122368,3.099848192269798,11.773660043226345,0.012222888455904687,False,False,True,True,True
1788620359.426691,7.7966069921666055,41.72753702696455,0.1988859518348623,False,False,True,True,True
1788620359.5162516,1.7612102125780091,65.35030053207856,0.1299624802751633,False,False,True,True,True
1788620359.615663,1.6057789565692824,1.3408066193359731,0.007996627501468458,False,False,True,True,True
1788620359.7121232,0.3380511000999158,12.944706591457146,0.005452468371354105,False,False,True,True,True
1788620359.8201506,0.7690341146369117,4.064471448097712,0.0014376946828315328,False,False,True,True,True
1788620359.917119,0.8243629501222304,0.5077713228667979,0.0036336583377748564,False,False,True,True,True
1788620360.017112,0.6351393811680046,1.898447132253484,0.001270585025929001,False,False,True,True,True
1788620360.113972,3.3253178105273453,27.770715252811915,0.023674399370226726,False,False,True,True,True
1788620360.2284174,3.438392045894209,1.2622828878813261,0.07122306263207176,False,False,True,True,True
1788620360.3150866,2.226708940872624,13.720361742395763,0.026461785328745727,False,False,True,True,True
1788620360.411755,0.8305035998076441,14.338230143356098,0.006731696163548252,False,False,True,True,True
1788620360.5177193,2.205351530526667,13.00911175963331,0.013374814501502741,False,False,True,True,True
1788620360.6240933,0.6450207793967306,14.667517099444312,0.011181738384152231,False,False,True,True,True
1788620360.7204363,0.48040203592863195,1.6871431091132898,0.0013021919542691,False,False,True,True,True
1788620360.8184042,4.762316966439109,43.67272884784039,0.039051779996130985,False,False,True,True,True
1788620360.928545,1.3540242400270068,30.15036797590887,0.03327534819975126,False,True,True,True,True
1788620361.0253036,4.000695587968111,27.453966684048343,0.04498673933018114,False,False,True,True,True
1788620361.1226332,0.6598811401730811,33.5400721951786,0.0279639030737479,False,False,True,True,True
1788620361.2192895,1.0593151260552103,4.030602440058846,0.002776374087235882,False,False,True,True,True
1788620361.3251822,0.5947023053209738,4.498777022242375,0.0028060500998198855,False,False,True,True,True
1788620361.4243925,0.4791306728328416,1.1643488130811424,0.001161564760830784,False,False,True,True,True
1788620361.5219188,3.0092286410753846,25.928628883211022,0.01921450074448808,False,False,True,True,True
1788620361.6147056,1.037772820639575,21.15937943359028,0.0132854896242312,False,False,True,True,True
1788620361.7263525,1.8044014910486257,6.871825470686301,0.006074719080185478,False,False,True,True,True
1788620361.8216243,0.8197501709794849,10.33694428392262,0.006826059406679571,False,False,True,True,True
1788620361.9139729,1.629394077538112,8.733542178490696,0.006922979196778538,False,False,True,True,True
1788620362.011013,1.2858180143438722,3.7001153692034805,0.0062922929825266465,False,False,True,True,True
1788620362.1286612,0.5837450936541559,5.860698558936003,0.0023800371714733553,False,False,True,True,True
1788620362.2220392,1.8510360198587166,13.622286388812372,0.005353292861001192,False,False,True,True,True
1788620362.3198366,1.3936729319687577,4.536237496919458,0.0064765716883164294,False,False,True,True,True
1788620362.4127011,1.7242568979123025,3.5763438951700235,0.007636032518417164,False,False,True,True,True
1788620362.5307372,1.5146837084216913,2.0454669338518614,0.009418596822762635,False,False,True,True,True
1788620362.6198366,2.8245525399294142,14.689633819507822,0.012016750212359009,False,False,True,True,True
1788620362.7191331,3.334102139182079,5.108386166974997,0.01803532346671527,False,False,True,True,True
1788620362.8138154,0.8754330758055875,25.91688649764867,0.018226825730320983,False,False,True,True,True
1788620362.9316711,0.7900646976097591,0.7294880262073463,0.001687239761714653,False,False,True,True,True
1788620363.0230665,3.68835662753456,31.723568279087175,0.01906096812819073,False,False,True,True,True
1788620363.1206534,2.6327656249179237,10.829311675127324,0.018745001786868113,False,False,True,True,True
1788620363.2288692,1.6337252236575248,9.435491411984524,0.010785304664350959,False,False,True,True,True
1788620363.3298583,1.909785838566386,2.8550014496152896,0.019520201519673482,False,False,True,True,True
1788620363.422013,3.598367027783426,18.403600403404727,0.016669599275891813,False,False,True,True,True
1788620363.523817,1.6131047068728748,19.80067385073593,0.037457881070020335,False,False,True,True,True
1788620363.6322317,2.7027550978847845,10.045697683531563,0.01307262038619224,False,False,True,True,True
1788620363.7305984,2.5827701461430417,1.2190357425045735,0.01495935527021837,False,False,True,True,True
1788620363.8189507,1.932832196951911,6.944852194685517,0.01008342081404807,False,False,True,True,True
1788620363.917716,1.0318121222764962,9.087934555196492,0.011158394097953737,False,False,True,True,True
1788620364.0318613,0.9584866701511476,0.6600078077094886,0.005019608595362063,False,False,True,True,True
1788620364.1233637,1.0117797020437476,0.5837520719230045,0.003005043254649794,False,False,True,True,True
1788620364.221813,1.0249081811947836,0.17613572284993978,0.0035909285235713522,False,False,True,True,True
1788620364.320512,1.6746436844138326,6.518756314495461,0.004376172193826559,False,False,True,True,True
1788620364.4346924,0.327877907039815,11.825789508737083,0.004642493861664876,False,False,True,True,True
1788620364.5336826,0.9454551414554803,6.235328280559825,0.0013863018408124697,False,False,True,True,True
1788620364.6315982,1.0663127790307418,1.1607335577257094,0.0023411871794955953,False,False,True,True,True
1788620364.7196097,1.4798712419529927,4.64474512261239,0.008021603565805628,False,False,True,True,True
1788620364.8340454,0.667287035472841,7.063730816161493,0.006187211758903641,False,False,True,True,True
1788620364.9348211,0.26792177294358643,3.97198626143198,0.0010618843954785804,False,False,True,True,True
1788620365.020869,1.771942086339817,17.39398452222448,0.00432993915693405,False,False,True,True,True
1788620365.1136982,3.892365614999467,22.873209923442698,0.019542019885769948,False,False,True,True,True
1788620365.2315443,1.2584196217291546,22.002452480806824,0.020242750769030232,False,False,True,True,True
1788620365.3282876,1.4188820163262723,1.7480944966956644,0.011531884564251058,False,False,True,True,True
1788620365.4171162,1.7158499619267402,3.3561517667013394,0.004485119729613295,False,False,True,True,True
1788620365.5274365,1.3053785864053524,3.781518697246228,0.0052658064903098175,False,False,True,True,True
1788620365.632487,0.994724387994359,2.87503782907222,0.0035277496036072546,False,False,True,True,True
1788620365.72755,1.2364304521479854,2.525973119430089,0.002867855798157667,False,False,True,True,True
1788620365.8262987,0.240664039752805,10.110948700051344,0.0025053488787486183,False,False,True,True,True
1788620365.94171,0.5377024188990445,2.568285935628582,0.000814904062519122,False,False,True,True,True
1788620366.0349312,0.936630651942891,4.310057701859862,0.0015667840839396975,False,False,True,True,True
1788620366.1314678,2.536598101471771,16.539279320747934,0.009808038208616915,False,False,True,True,True
1788620366.224014,0.943731982862669,17.703002494635946,0.009957547790756548,False,False,True,True,True
1788620366.3326845,1.4182596707200057,4.440913789469376,0.0074292823811994285,False,False,True,True,True
1788620366.4464786,0.5328057535613888,7.8285604425869595,0.004750784306880682,False,False,True,True,True
1788620366.529247,1.03251017602832,6.041118145566158,0.0012652715286603261,False,False,True,True,True
1788620366.6275105,1.899547037105729,8.824179086932181,0.01045493959372137,False,False,True,True,True
1788620366.7360716,1.2403366933780533,5.916468548845364,0.005561568785931308,False,False,True,True,True
1788620366.8338842,1.8747469574308138,6.184905657169485,0.00541872546352681,False,False,True,True,True
1788620366.9266555,0.7996103555704979,11.57186809119795,0.004884202563707038,False,False,True,True,True
1788620367.0266614,1.2878148159352898,4.819789875676579,0.0026856036172644656,False,False,True,True,True
1788620367.1346135,2.2634118721070164,9.163730953286741,0.009399931012308148,False,False,True,True,True
1788620367.2368076,2.326200033750986,0.7370594237783687,0.025007706189418076,False,False,True,True,True
1788620367.3252034,0.5938410173259377,19.21245115286643,0.009341763947732779,False,False,True,True,True
1788620367.421802,1.1902919470902154,6.177144703181737,0.002223984810132021,False,False,True,True,True
1788620367.5369987,1.7386128037953543,4.681473352744066,0.006059153896104063,False,False,True,True,True
1788620367.6307547,0.763156772324599,10.329082428357111,0.007145033416900613,False,False,True,True,True
1788620367.7279055,0.47999588853838504,2.9170002654391367,0.0016301448254256812,False,False,True,True,True
1788620367.8446474,2.1032833020434847,13.983282009353568,0.013009687910576382,False,False,True,True,True
1788620367.9356413,0.4410421649717922,18.27370357261894,0.011297846591502814,False,False,True,True,True
1788620368.02964,3.585327114200192,33.47990117431998,0.02356429283755965,False,False,True,True,True
1788620368.1299307,0.3353129200813243,32.395700006334984,0.020676788686916078,False,False,True,True,True
1788620368.2543333,0.6798572827218461,2.744819819947263,0.002086465094620399,False,False,True,True,True
1788620368.3419213,1.5084370909437728,9.430776705701982,0.005560138103184157,False,False,True,True,True
1788620368.4355454,1.5033689101304006,0.0153687966985655,0.004177891609303214,False,False,True,True,True
1788620368.5375972,1.4502845530338453,0.42264890329904853,0.004633380270368751,False,False,True,True,True
1788620368.6455934,0.7553438827342294,6.369455260201242,0.0035073760536885818,False,False,True,True,True
1788620368.744531,1.1249465719588416,3.7264646692052317,0.002487648770366811,False,False,True,True,True
1788620368.8365412,1.8985642203632775,8.47209844798412,0.004697330099424011,False,False,True,True,True
1788620368.9405067,1.1444667299754046,7.282425768921146,0.009584438546433625,False,False,True,True,True
1788620369.0425155,1.7066431448348434,5.462119738685353,0.005479621045210663,False,False,True,True,True
1788620369.132561,0.5132844878040198,13.235943609426617,0.007090212527377677,False,False,True,True,True
1788620369.233098,0.3371902866224182,1.7167288944206496,0.0006498685697109892,False,False,True,True,True
1788620369.327651,0.3756703981070637,0.40720036541792953,0.0005346649055182533,False,False,True,True,True
1788620369.4375904,0.9685445968993303,5.3710139989168635,0.002716967738317284,False,False,True,True,True
1788620369.535151,1.3108320761117351,3.6838038929964614,0.002942355089480389,False,False,True,True,True
1788620369.6347592,1.2257517123377195,0.9855931267112888,0.008591218513196478,False,False,True,True,True
1788620369.7417264,1.049367822004146,1.9391294354605981,0.003323423500854046,False,False,True,True,True
1788620369.842663,2.444133487484992,13.816200383108162,0.018313552633155747,False,True,True,True,True
1788620369.9336574,3.3317426860677486,9.295977948855962,0.016495431577176832,False,False,True,True,True
1788620370.0306005,1.7564205076280481,16.313111160662586,0.014651485659994077,False,False,True,True,True
1788620370.1431265,0.5100275985805057,10.822792722683358,0.005480796344463802,False,False,True,True,True
1788620370.2361271,0.5506071725900447,0.4513609906906211,0.001204974820954617,False,False,True,True,True
1788620370.3348637,5.535303275671884,50.51300098710109,0.054912923488339156,False,False,True,True,True
1788620370.4272385,1.6387734150252662,42.50386164093406,0.04903198927946555,False,False,True,True,True
1788620370.5377295,0.7909173091765128,7.655865352215472,0.0035814049983119095,False,False,True,True,True
1788620370.6386297,0.7265587189738917,0.7033731860811432,0.002985146382310976,False,False,True,True,True
1788620370.735743,4.280572951164633,36.59998488172368,0.030657587143336325,False,False,True,True,True
1788620370.8298526,0.6408734378122427,38.77200429724536,0.02995980385096348,False,False,True,True,True
1788620370.9388125,0.9285469201800658,2.6345689891638084,0.003617994121134941,False,False,True,True,True
1788620371.0358973,0.9487375278800874,0.17491545898211688,0.00525880346070423,False,False,True,True,True
1788620371.1331902,1.471969105272738,5.482974183577698,0.0033645353617667733,False,False,True,True,True
1788620371.2330105,0.8657339348511546,6.1478501167534425,0.006457538655313385,False,False,True,True,True
1788620371.343394,1.4440995535663306,5.28858507793845,0.007294031163281565,False,False,True,True,True
1788620371.436768,1.0295946803613636,4.49513941059438,0.006311548628882708,False,False,True,True,True
1788620371.537618,0.8049947120180545,2.2632453098741028,0.003546844130183179,False,False,True,True,True
1788620371.6284173,0.5591915387437447,2.6960987603091353,0.0011011637995193282,False,False,True,True,True
1788620371.7451618,0.11789086979413825,3.7546111081476754,0.0005561019377694039,False,False,True,True,True
1788620371.84177,1.613914833287263,15.50227619033444,0.004797234033074762,False,False,True,True,True
1788620371.939167,1.8114485287022957,2.0071109378526883,0.005870932206505158,False,False,True,True,True
1788620372.0480592,0.18804530167345182,14.88321385272451,0.005630127684874944,False,False,True,True,True
1788620372.140755,0.38210085867634536,2.11311901825559,0.0003596983685786469,False,False,True,True,True
1788620372.2433035,1.2968457940717912,8.948640189323767,0.004279186644585447,False,False,True,True,True
1788620372.3376162,1.1263917278806508,1.6883750214310838,0.0041965541910658375,False,False,True,True,True
1788620372.4473991,2.334334903024316,11.008593771743147,0.01190288809175532,False,False,True,True,True
1788620372.5420725,0.8377848788117631,15.633508642845905,0.010624703463632474,False,False,True,True,True
1788620372.6417084,3.1030159687535646,22.70276822460381,0.025145517830447325,False,False,True,True,True
1788620372.7351515,0.4521438111424941,28.298735932982446,0.017236275295957657,False,False,True,True,True
1788620372.8465228,0.39418755777344344,0.5236741945218925,0.0005646155952597986,False,False,True,True,True
1788620372.9406478,0.6561091161695298,2.7882000873506207,0.0014497723962951573,False,False,True,True,True
1788620373.0369802,0.20729522906114464,4.643083251091781,0.000763785007542018,False,False,True,True,True
1788620373.1370986,0.692854131840424,4.847162766527904,0.0011963020191362891,False,False,True,True,True
1788620373.249748,2.3325565793534775,14.550451086268742,0.018627886480807414,False,False,True,True,True
1788620373.3382347,1.2504588593463606,12.194206077037581,0.012659164414042233,False,False,True,True,True
1788620373.4393067,1.8197478599897634,5.562186149468425,0.009189852695271073,False,False,True,True,True
1788620373.534258,3.224690809051894,14.899990992866478,0.02155012290357061,False,False,True,True,True
1788620373.6432188,0.7517440679627296,22.640450502476842,0.019076245169442375,False,False,True,True,True
1788620373.7409754,0.6570817967433756,0.9538574537119388,0.0021695096520293754,False,False,True,True,True
1788620373.8406734,2.4610256941112576,18.145493635939676,0.010402628574002096,False,False,True,True,True
1788620373.9348605,1.790819462692805,7.517068637902461,0.010646952163559209,False,False,True,True,True
1788620374.0481808,0.702355429904655,9.64944596448697,0.0064920457995487875,False,False,True,True,True
1788620374.1436653,0.5548334046688691,1.568857895376218,0.002441295750022658,False,False,True,True,True
1788620374.2395964,1.4758107438018426,9.593630310657803,0.006080662155414549,False,False,True,True,True
1788620374.3446946,0.2180298421970586,11.950474240321022,0.004202854996715565,False,False,True,True,True
1788620374.4416225,0.28350927557457223,0.6723436639818695,0.00017282668400463578,False,False,True,True,True
1788620374.546513,0.7678808374256235,4.611889674775549,0.0011722530252338248,False,False,True,True,True
1788620374.6441805,1.2675480703412036,5.119595864851814,0.003267599896988483,False,False,True,True,True
1788620374.74916,0.8132189895822742,4.223229492818629,0.0039976403480038785,False,False,True,True,True
1788620374.8425405,0.7277517620195313,0.8343195478913404,0.0014640009254462052,False,False,True,True,True
1788620374.9464946,0.22931969723144316,4.789096928820227,0.0012209646014591372,False,False,True,True,True
1788620375.0484846,0.7862818937382853,5.4412055299148605,0.0014625935529677717,False,False,True,True,True
1788620375.1509323,0.7072227471508059,0.7860783792752216,0.002156147903700079,False,False,True,True,True
1788620375.2427087,1.6361698800251585,10.099074319321714,0.0044536574206081566,False,False,True,True,True
1788620375.3452513,0.9359158840073586,6.78705944416034,0.007135475463822546,False,False,True,True,True
1788620375.436956,1.0875350245564224,1.6667046934627177,0.0022658348642801618,False,False,True,True,True
1788620375.555678,0.24193874977955582,7.159411768622338,0.002615441270234875,False,False,True,True,True
1788620375.6440105,0.26297640766216135,0.21164894101906165,0.00022952816627900568,False,False,True,True,True
1788620375.7393234,1.3461150007603833,11.349247015826892,0.0034764684603051845,False,False,True,True,True
1788620375.8395991,0.6399619769895982,7.048130636000853,0.0026007634504460796,False,False,True,True,True
1788620375.951929,1.553286758408635,8.115927922260513,0.004973164694088059,False,False,True,True,True
1788620376.045517,1.9106802583070652,3.8777919708201263,0.00631638308869446,False,False,True,True,True
1788620376.142106,0.7155926470258289,12.59233962198699,0.008925786533826101,False,False,True,True,True
1788620376.2405498,1.3910208173525749,6.860854690673366,0.006294897827139995,False,False,True,True,True
1788620376.353199,1.5201371978744904,1.152845645451189,0.0058400930513693855,False,False,True,True,True
1788620376.4492455,0.933598993584415,6.095974991122158,0.008168596080532579,False,False,True,True,True
1788620376.548888,0.9860134644616252,0.5279299828669574,0.0022426649466517857,False,False,True,True,True
1788620376.6564934,0.895176208558399,0.814163417894232,0.005424312079577982,False,False,True,True,True
1788620376.752736,0.35369812138381235,5.589652025892061,0.0018525022365792436,False,False,True,True,True
1788620376.8497722,0.9727885564581171,6.399262168225589,0.0018955296997739037,False,False,True,True,True
1788620376.9494472,0.914144408616381,0.6012430948425163,0.003543362619227669,False,False,True,True,True
1788620377.056293,0.2052649177847705,6.647588388800038,0.0014901883489023646,False,False,True,True,True
1788620377.1544943,0.5733412371520429,3.756467048525576,0.0009139957725429918,False,False,True,True,True
1788620377.2477355,0.6030396416008481,0.33859921081009,0.0015296174537660027,False,False,True,True,True
1788620377.3495154,0.8175231194377027,2.0861789850319936,0.0025864154391766346,False,False,True,True,True
1788620377.45807,0.142398218917553,6.249684653317895,0.001450059811864738,False,False,True,True,True
1788620377.5501766,1.979818050810462,19.937792507691974,0.006749926690701857,False,False,True,True,True
1788620377.6480763,1.3643951952388085,6.4265467072742535,0.01442684631979881,False,False,True,True,True
1788620377.7480936,1.4246233514490614,0.5614647711083659,0.004005409108427863,False,False,True,True,True
1788620377.8539584,1.3169149775197466,0.9678375786977016,0.010686483034021409,False,False,True,True,True
1788620377.9504676,0.331484573612854,9.997795252230995,0.0037247449418129353,False,False,True,True,True
1788620378.0497298,0.7059043490845887,3.7572690479321382,0.0013138620413393513,False,False,True,True,True
1788620378.1484742,0.8014996920628679,0.9864224905558042,0.0026692160736448024,False,False,True,True,True
1788620378.257511,0.6149150687306179,1.7625565245171568,0.0013996972497675286,False,False,True,True,True
1788620378.349629,1.373566122975275,8.122920686435688,0.0047926334119412495,False,False,True,True,True
1788620378.4462843,1.7597610000216781,3.96342131184756,0.005426389633891897,False,False,True,True,True
1788620378.5430849,0.4086702877720109,13.962483640945171,0.006588757821857338,False,False,True,True,True
1788620378.6563349,1.5862880852737806,10.421737365504004,0.006391050869972356,False,False,True,True,True
1788620378.749483,0.5932899019151716,10.592995696802294,0.00834259559175633,False,False,True,True,True
1788620378.846359,0.3958019380557676,1.9939936413004846,0.0011277764943895233,False,False,True,True,True
1788620378.960608,0.6999064598822562,2.6629371516617115,0.001819043800584961,False,False,True,True,True
1788620379.0520947,0.736338211664985,0.3963686539310649,0.002515796247408554,False,False,True,True,True
1788620379.1513572,0.13326091390153916,6.094654471863493,0.0009464450534615935,False,False,True,True,True
1788620379.248301,1.6813211460081858,15.976174292525931,0.005348181121652986,False,False,True,True,True
1788620379.3636618,1.610917868866279,0.6055459357177629,0.008140972138672481,False,False,True,True,True
1788620379.4677036,1.2241004294909292,3.715004570205651,0.006751349884588061,False,False,True,True,True
1788620379.552165,0.3656337848701992,10.173034352307711,0.0031684142805634818,False,False,True,True,True
1788620379.6457307,0.9788230115021681,6.543320020565852,0.001929264646103545,False,False,True,True,True
1788620379.7595694,0.62024919304231,3.1328099551193938,0.0026519484369785518,False,False,True,True,True
1788620379.857465,0.9849705545554375,3.7433744403130267,0.0018818362966231007,False,False,True,True,True
1788620379.953922,1.94290411578164,9.959857348240162,0.011701362063941024,False,False,True,True,True
1788620380.0470445,0.7665836082280146,12.828441817300172,0.005971945063687073,False,False,True,True,True
1788620380.156863,1.4434448769289976,6.141539201829563,0.007458869879146772,False,False,True,True,True
1788620380.254293,0.8004381703265737,6.637355058895434,0.003801412986182345,False,False,True,True,True
1788620380.3508189,0.5591653144411945,2.492911222590117,0.0024546795638870395,False,False,True,True,True
1788620380.4461966,2.10623759689759,16.18751328214978,0.007823888857977865,False,False,True,True,True
1788620380.5574174,0.7085875222142227,12.4845424010489,0.006624453248157978,False,False,True,True,True
1788620380.6509476,0.8762422960689338,1.785171189287367,0.002983515743424267,False,False,True,True,True
1788620380.747143,0.8069237641770656,0.6788965205124683,0.0016768954695272453,False,False,True,True,True
1788620380.8464627,0.6247529140247683,1.8489238135972226,0.0011269582551806411,False,False,True,True,True
1788620380.9515452,0.5961583679394342,0.3224697161922152,0.0019313089710570111,False,False,True,True,True
1788620381.0526326,1.0518823770767587,4.515109871058354,0.0018941691429216361,False,False,True,True,True
1788620381.148079,0.7111043847002788,3.8399438320123664,0.003269155141010385,False,False,True,True,True
1788620381.2648044,0.5306017735947649,1.5270301678427343,0.0014236114482928054,False,False,True,True,True
1788620381.3526194,0.6725061131276922,1.618904716014947,0.0010137296149840844,False,False,True,True,True
1788620381.4549074,0.7273175821388214,0.5489483501620105,0.0025014680169211352,False,False,True,True,True
1788620381.5499043,1.7403653172286448,10.665653922860349,0.008418391042829838,False,False,True,True,True
1788620381.664809,1.6911548906483551,0.2863993811622542,0.006601656798551751,False,False,True,True,True
1788620381.7621105,0.3681488085786464,13.492385648180276,0.007724321471300275,False,False,True,True,True
1788620381.8540056,0.4559365261223042,1.021797853373873,0.0005632204883797051,False,False,True,True,True
1788620381.950992,0.5593615572779329,1.0703043142091837,0.0009323588393569258,False,False,True,True,True
1788620382.0638711,1.0413232471966554,4.197795359477265,0.0022001694865656056,False,False,True,True,True
1788620382.15922,0.7065282458342413,3.5159385705911985,0.004979956848525541,False,False,True,True,True
1788620382.25876,0.6943913637360972,0.036843813949596974,0.0010381307978808631,False,False,True,True,True
1788620382.350792,0.9199267085427417,2.4650262669780627,0.002915686975028147,False,False,True,True,True
1788620382.47087,0.4462021247407033,3.968865900551883,0.002356957476367694,False,False,True,True,True
1788620382.5597382,1.687759493434786,13.954044754730946,0.004729996273152479,False,False,True,True,True
1788620382.6515915,0.6913242434118227,10.92518954264178,0.004171737901750377,False,False,True,True,True
1788620382.7503154,0.5145486838616294,1.791099975785378,0.0014522311767261463,False,False,True,True,True
1788620382.86274,2.415297701818186,16.8675831111019,0.01392258567269463,False,False,True,True,True
1788620382.9555793,0.4155068218745481,21.4772427334289,0.016431324653491525,False,False,True,True,True
1788620383.0570269,0.40378396377250614,0.08915650597446229,0.00040371799440698525,False,False,True,True,True
1788620383.1498854,0.6563773129817901,2.733711833910806,0.0014104152717126978,False,True,True,True,True
1788620383.2654917,0.32485529787126827,2.8756750858026687,0.0006561200091295267,False,False,True,True,True
1788620383.3586798,0.38798765341978064,0.7081656644848678,0.0005769340132142799,False,False,True,True,True
1788620383.457712,1.0408425983816856,6.626051301677867,0.001989243160571359,False,False,True,True,True
1788620383.5690634,1.2037396009649173,1.4584415762163414,0.008296091775425247,False,False,True,True,True
1788620383.6638494,0.720024010789406,5.092196337972681,0.0037510457857683937,False,False,True,True,True
1788620383.7582116,1.0559655309223213,3.5204908152506817,0.003283583417832622,False,False,True,True,True
1788620383.852317,0.6869910366850484,4.191196922003378,0.0032512631416761243,False,False,True,True,True
1788620383.9652112,1.6873617335880235,8.860810279165499,0.007567159351607841,False,False,True,True,True
1788620384.0620627,1.9012099431888563,2.0927452421067487,0.006999092631730616,False,False,True,True,True
1788620384.1619217,0.6610740351743145,12.609397079126316,0.005396580592920642,False,False,True,True,True
1788620384.2554247,1.2391944268916586,6.204230918388646,0.0043508402993085935,False,False,True,True,True
1788620384.3720682,0.6084036134108658,5.34796515279674,0.002429557427343168,False,False,True,True,True
1788620384.45999,0.355421430500999,2.8180242163774034,0.001461970221588416,False,False,True,True,True
1788620384.559514,0.23064573429309862,1.2540100779880692,0.00028394609295434223,False,False,True,True,True
1788620384.6532388,0.8332568436758834,6.433542202917756,0.0012046986371326267,False,False,True,True,True
1788620384.7701075,1.1468579589805843,2.7078640390617883,0.0053720154591651095,False,False,True,True,True
1788620384.8610985,1.9570859143532937,8.871745796509105,0.005424757502569178,False,False,True,True,True
1788620384.9577546,1.3645481495654055,6.647822289267984,0.013620524782594621,False,False,True,True,True
1788620385.0542943,1.7158659611467364,3.685379691916902,0.007593021628900688,False,False,True,True,True
1788620385.1641572,1.4958443051876475,1.7094891939082528,0.010889778430701368,False,False,True,True,True
1788620385.2655966,1.1336696276429485,3.428951828670712,0.008640199168036955,False,False,True,True,True
1788620385.3602514,1.798866541978287,7.002844043516565,0.010007119221225623,False,False,True,True,True
1788620385.455284,0.8191977936182501,10.45028985329797,0.008654825569976462,False,False,True,True,True
1788620385.5711715,0.8420535630886933,0.13010442529887334,0.0018842118252337425,False,False,True,True,True
1788620385.6630678,1.0756493753676233,2.5177438466053905,0.0047128644978707175,False,False,True,True,True
1788620385.762145,1.6595488012840296,5.975955652761188,0.0045287966616946425,False,False,True,True,True
1788620385.8694057,0.36701453926080324,12.002456512561261,0.005011872233953671,False,False,True,True,True
1788620385.967933,1.6368446317795866,12.88082007632663,0.00479011217851879,False,False,True,True,True
1788620386.0614722,0.46456702429643215,12.528899446709016,0.00538463197563377,False,False,True,True,True
1788620386.161014,1.7874162303769479,13.295351666712323,0.006393478995974561,False,False,True,True,True
1788620386.2701201,0.2039290385381229,14.546706846704593,0.00625827819942189,False,False,True,True,True
1788620386.3667045,0.2801010440147915,0.7877698177395724,0.00023161084913560722,False,False,True,True,True
1788620386.4627314,0.43563867540776774,1.6303142935671044,0.0006754848826039184,False,False,True,True,True
1788620386.5574243,1.371303036854719,9.895797988802512,0.0029372120450221815,False,False,True,True,True
1788620386.6722708,0.5760769694544031,6.90822045620917,0.0030490967307127094,False,False,True,True,True
1788620386.7699606,1.5414363201771997,9.932869931843138,0.0035440575515288788,False,False,True,True,True
1788620386.86292,1.3796405056391134,1.575223213654032,0.004959537848899046,False,False,True,True,True
1788620386.9604971,0.64794737565177,7.28455644983201,0.004530827134923076,False,False,True,True,True
1788620387.0725346,0.8444630567409833,1.748451441998451,0.002870116404274708,False,False,True,True,True
1788620387.1643257,0.4387313045560021,4.481185213428215,0.002102000675440628,False,False,True,True,True
1788620387.264267,0.33758313437939813,1.050214211166434,0.0005157945299626009,False,False,True,True,True
1788620387.3605883,0.7899729589904456,4.67994069480351,0.001099741404217976,False,False,True,True,True
1788620387.4704568,0.23202686096430372,5.075613411370383,0.0011731147691199319,False,False,True,True,True
1788620387.5657938,0.4754666185623014,2.5574472689216785,0.000398448340692338,False,False,True,True,True
1788620387.6644828,0.17613576791333876,3.054522640126149,0.0004430891174578975,False,False,True,True,True
1788620387.7582784,1.5291557380267315,14.418415462950108,0.004155907172552653,False,False,True,True,True
1788620387.8739314,2.009134597822571,3.9621703143677487,0.00906984348368111,False,False,True,True,True
1788620387.9652941,0.8358065360566035,12.793912825458756,0.008194424639257071,False,False,True,True,True
1788620388.0643585,1.0826709018378669,2.522904556057293,0.004887193692175898,False,False,True,True,True
1788620388.1783626,0.7895173207545063,2.5241768930376045,0.002060884148994294,False,False,True,True,True
1788620388.2738285,0.5634965078583204,2.371892928191738,0.002838372483492803,False,False,True,True,True
1788620388.3646743,0.767535108403178,2.2661907376329746,0.0011047545844434664,False,False,True,True,True
1788620388.4622903,0.3577213999702327,4.174591706055237,0.0011573624052103593,False,False,True,True,True
1788620388.576337,0.6968517433939323,2.9423688500226324,0.0018140912092525045,False,False,True,True,True
1788620388.6731856,0.5542260450494405,1.518175058651407,0.0025773267476066597,False,False,True,True,True
1788620388.7653284,0.7355098152624399,1.9783769505784397,0.0009035260229495401,False,False,True,True,True
1788620388.8668175,1.3385750723328866,5.902675102607988,0.003850579708932057,False,True,True,True,True
1788620388.9781168,2.2590358783218076,8.134489185457717,0.021305735963693916,False,False,True,True,True
1788620389.0717552,4.108008164495073,19.311267516249604,0.055307403973479934,False,False,True,True,True
1788620389.1670172,4.115292015897558,0.0928405494152957,0.02869715457210273,False,False,True,True,True
1788620389.2592118,1.6140370141364742,27.05766907388686,0.022809328411256692,False,False,True,True,True
1788620389.3710008,0.787032354791081,7.181664473779737,0.0037973125825089753,False,False,True,True,True
1788620389.472691,1.1757117464792919,3.7109754824039736,0.004245184997758709,False,False,True,True,True
1788620389.5677714,0.22908719402516903,10.004764902078572,0.0027086173828153952,False,False,True,True,True
1788620389.6617355,2.907567652060823,28.549194689656435,0.014442492114501014,False,False,True,True,True
1788620389.7723887,0.4855061818400178,21.51003942120541,0.012561083099877473,False,True,True,True,True
1788620389.871182,2.5957667261599093,21.367182663942728,0.014956080200644177,False,False,True,True,True
1788620389.9692256,0.8471428281269224,17.464026205940364,0.013240943353491312,False,False,True,True,True
1788620390.060254,0.43073188871899887,4.59369867413513,0.0013213896893320483,False,False,True,True,True
1788620390.1778357,0.8347540379916812,3.4638229542470906,0.0016266670004361917,False,False,True,True,True
1788620390.2701883,3.0257151463775402,23.74573162970127,0.01196706105657598,False,False,True,True,True
1788620390.3655157,4.253818840792036,12.844529722397324,0.02590095729853539,False,False,True,True,True
1788620390.479189,3.8143150035331033,4.14186492999884,0.03483700023576875,False,False,True,True,True
1788620390.576367,2.41611664298196,14.174246276932491,0.027580789634005055,False,False,True,True,True
1788620390.6693184,3.179521664920044,8.598243017600824,0.015313760465699553,False,False,True,True,True
1788620390.7657754,0.6268612191363746,26.246193658631523,0.014586591463928864,False,False,True,True,True
1788620390.8806446,2.427848125792005,15.663482284741926,0.019427910205387602,False,False,True,True,True
1788620390.9724288,0.21268850471511155,24.04970084195878,0.014986744884237582,False,False,True,True,True
1788620391.0684412,2.5053800230812624,23.88628381101277,0.012318216973423122,False,False,True,True,True
1788620391.166246,3.3170379455545094,7.876172712520208,0.017661437993536956,False,False,True,True,True
1788620391.276195,1.7547578152213357,14.177917481829938,0.01656367777831045,False,False,True,True,True
1788620391.3752563,0.6399133374815212,11.248298890142365,0.005908094721126923,False,False,True,True,True
1788620391.4702015,1.867722478065128,12.897103285562627,0.008762182204978592,False,False,True,True,True
1788620391.5676196,0.4331207984174507,15.112051885202685,0.006299646186525312,False,False,True,True,True
1788620391.674353,3.072713499135695,24.686810458532445,0.02175922111973741,False,False,True,True,True
1788620391.7725916,2.2313344373865442,8.849794821064721,0.017199969176995428,False,True,True,True,True
1788620391.871663,1.2691140077044272,9.697097044702733,0.007238288557565421,False,False,True,True,True
1788620391.966578,2.505360458284638,12.977037313684939,0.008410731481247675,False,False,True,True,True
1788620392.0827115,1.8518428284320938,5.695287855019585,0.01073190037454049,False,False,True,True,True
1788620392.1753433,1.7957580343429886,0.428211432389212,0.01829145894211892,False,False,True,True,True
1788620392.2681675,1.0203011275258964,8.332835414191686,0.009721265567160686,False,False,True,True,True
1788620392.364434,1.475383311423137,4.737183450313079,0.0036326508294739113,False,False,True,True,True
1788620392.4802747,0.6634113895165716,6.80154674767847,0.003465261341589048,False,False,True,True,True
1788620392.5749042,1.1303390852019337,5.018321770840207,0.003807863879152369,False,False,True,True,True
1788620392.67184,1.9997703691723816,8.83094153842046,0.006711051412352107,False,False,True,True,True
1788620392.7839537,1.6596560494997952,3.120626880471573,0.020033928114624355,False,False,True,True,True
1788620392.8728075,0.48572632735874,13.17206428909256,0.0058399095598275184,False,False,True,True,True
1788620392.9713361,2.998481983360648,25.471700652970558,0.019078900301614386,False,False,True,True,True
1788620393.072043,0.5569563405014984,24.17193925284798,0.014808176574970366,False,False,True,True,True
1788620393.187674,0.2588640087403322,2.5844822040242925,0.0008406997604111406,False,False,True,True,True
1788620393.2787938,0.3428424255877496,0.9208997059086255,0.00031440434719669024,False,False,True,True,True
1788620393.3730838,0.3346408185790032,0.10249788325467821,0.00038659136286196344,False,False,True,True,True
1788620393.4689121,0.6865400407009696,3.6895894001097065,0.0012887528308211473,False,False,True,True,True
1788620393.5845768,0.7822410298993822,0.8481250420508166,0.0018425640620080438,False,False,True,True,True
1788620393.6789527,0.5484315310240233,2.6346754919422377,0.002016249259138974,False,False,True,True,True
1788620393.7708895,1.6391471933137511,11.860660145661402,0.004597564049435029,False,False,True,True,True
1788620393.8701482,1.8960436062089254,2.607358897635595,0.005749131540397992,False,False,True,True,True
1788620393.9838011,0.6487950229823706,10.816663268942706,0.005847708305663958,False,False,True,True,True
1788620394.0832767,0.528174663290073,1.2102703333064022,0.0012178569135672408,False,False,True,True,True
1788620394.1750572,0.4255482478105203,1.114442875244164,0.0008914396621707174,False,False,True,True,True
1788620394.2742803,1.6603088555745973,12.478739606790489,0.005669219493142011,False,False,True,True,True
1788620394.3823342,1.4265624773251426,2.1348080072497786,0.012687405384290676,False,False,True,True,True
1788620394.4763818,0.561058160966362,8.999627923258217,0.004313231494764616,False,False,True,True,True
1788620394.5780008,1.1176347091777716,5.474839402729209,0.002806191629822887,False,False,True,True,True
1788620394.674047,0.2088695478632254,9.48581157195142,0.002356661030952641,False,False,True,True,True
1788620394.7863302,0.8329627441079386,5.546713079162259,0.0020302828765990594,False,False,True,True,True
1788620394.8768594,1.4496749159005207,6.834998256853029,0.0037532445914550713,False,False,True,True,True
1788620394.974907,1.6700529639472221,2.280290999563032,0.004841451376066399,False,False,True,True,True
1788620395.087262,2.3245144698867355,5.819430125341239,0.010213908272895502,False,False,True,True,True
1788620395.185605,1.5016172342976613,8.440469194954606,0.010105446570180174,False,False,True,True,True
1788620395.2784195,0.33980601250582254,12.545117647687274,0.0046158184829309876,False,False,True,True,True
1788620395.3740454,0.6796050418489192,3.555631864108903,0.0008337371475621012,False,False,True,True,True
1788620395.4907255,0.2992349657706336,3.2391765465610964,0.0009003998582073401,False,False,True,True,True
1788620395.5876224,0.4103105121490926,1.1241622327025755,0.0004655154783500628,False,False,True,True,True
1788620395.679087,0.615232015015895,2.2418124514591846,0.0006200518377440541,False,False,True,True,True
1788620395.7783828,1.0912222092967534,4.772022744874379,0.0024690367502641724,False,False,True,True,True
1788620395.8885996,0.42598156981387975,5.963534637644048,0.002749047261964999,False,False,True,True,True
1788620395.9822392,1.3240477767135608,9.567570936826668,0.0024523555765057553,False,False,True,True,True
1788620396.0814755,0.5190222183015105,8.180006600909419,0.0033900055368426617,False,False,True,True,True
1788620396.182278,1.823287380974789,12.950332391906208,0.007786939442799928,False,False,True,True,True
1788620396.2860312,0.6519870979596099,11.01736114151488,0.009392997360063566,False,False,True,True,True
1788620396.380239,0.6378568360945441,0.11813398719396018,0.0019031234631050292,False,False,True,True,True
1788620396.4885442,1.0989552872975676,4.2698645814419445,0.003853162995329768,False,False,True,True,True
1788620396.5763733,1.2278750253568516,1.4845795565221616,0.0026354097166992625,False,False,True,True,True
1788620396.6953697,1.9362480447685453,5.945353069256108,0.009640421081766565,False,False,True,True,True
1788620396.7856362,2.39603911585833,5.35768521259286,0.010300500410141626,False,False,True,True,True
1788620396.8826272,0.50101564990573,19.135272939238845,0.01129703988977866,False,False,True,True,True
1788620396.9839134,1.8010416533331002,12.831583529978062,0.008242024217061763,False,False,True,True,True
1788620397.0923724,1.7690331210857737,0.44261775418771016,0.007687173304982934,False,False,True,True,True
1788620397.185005,1.8932013227954438,1.2238306479610506,0.007316691436367689,False,False,True,True,True
1788620397.2744558,1.770531620350278,1.5151267582875851,0.00595553769067405,False,False,True,True,True
1788620397.3914485,0.3479484604091648,12.147551534253449,0.006282011299834552,False,False,True,True,True
1788620397.483658,0.4359625148931026,0.9685587347164951,0.0007790867670886076,False,False,True,True,True
1788620397.581032,0.43003073311669593,0.04145344864884282,0.0004049218788237984,False,False,True,True,True
1788620397.6765628,1.055389763816818,6.5109910289876005,0.001605683729523259,False,False,True,True,True
1788620397.7894938,0.5154394051765095,4.75301797012746,0.002942316009328578,False,False,True,True,True
1788620397.8801162,0.1973624961424824,3.5358402302233194,0.0006181816698116698,False,False,True,True,True
1788620397.9842334,2.303958790349828,20.235186671387666,0.01188226572402158,False,False,True,True,True
1788620398.077954,1.8410833508094657,4.888972623655591,0.009343494164998871,False,False,True,True,True
1788620398.1888788,1.1003557363582956,6.734830808897118,0.012782447371526007,False,False,True,True,True
1788620398.2832296,4.575664255573366,36.76656619661161,0.029507888051254958,False,False,True,True,True
1788620398.3795345,1.3559010898227974,33.478569257752845,0.031806312188597946,False,False,True,True,True
1788620398.4764557,3.2974055434540204,19.981085333907544,0.02921473791331296,False,False,True,True,True
1788620398.5897944,0.6562889700504566,23.501653402352208,0.01735177510281101,False,False,True,True,True
1788620398.6885965,1.151744575022786,5.016544197089871,0.0021323581252662826,False,False,True,True,True
1788620398.7842627,0.24554563762593076,9.466370503294835,0.0021632057354103625,False,False,True,True,True
1788620398.8725834,0.1511849165602619,1.0577926603441596,0.0001858992678447978,False,False,True,True,True
1788620398.9929276,1.049450333718132,7.4769196620163845,0.003418021892882205,False,False,True,True,True
1788620399.093476,4.28989582171685,32.23100029391408,0.048587806394369305,False,False,True,True,True
1788620399.1936998,3.3729172223582924,8.921633968325567,0.03235911625333141,False,False,True,True,True
1788620399.2883835,2.3275480816059053,10.983727636168009,0.01903787306633859,False,False,True,True,True
1788620399.3982773,0.5579972364483886,16.168650497619783,0.00817691563910405,False,False,True,True,True
1788620399.4975884,2.177955413297698,16.29428934906504,0.012437636693703062,False,False,True,True,True
1788620399.589958,1.1161579735072376,11.63444626101019,0.01455339558622982,False,False,True,True,True
1788620399.6974218,2.4017652187033343,11.799961944965913,0.018350255991957286,False,False,True,True,True
1788620399.7895486,1.1454234312917724,13.57843751392699,0.010068116583926468,False,False,True,True,True
1788620399.8893178,0.2865241703857761,8.536717458491381,0.002484804028754358,False,False,True,True,True
1788620399.9802568,0.22181769692726758,0.7106695149019912,0.00023134824316304407,False,False,True,True,True
1788620400.096255,0.599114300157041,3.3109048607565383,0.001241485010403069,False,False,True,True,True
1788620400.1897488,3.086189348846613,26.599769866218033,0.015124126256499,False,False,True,True,True
1788620400.2863917,1.6787150330713085,15.388467709231865,0.01605992749616881,False,False,True,True,True
1788620400.377403,1.959983924540127,2.726263058962988,0.016230784457943064,False,False,True,True,True
1788620400.4872682,1.8062631332819603,1.5423949783537558,0.007982687567236788,False,False,True,True,True
1788620400.6005363,1.3502085202509515,4.040465247215016,0.017429117608042576,False,False,True,True,True
1788620400.6875527,1.3126508344719847,0.49905739976888275,0.009342186148614248,False,True,True,True,True
1788620400.7841299,1.1134386680806094,2.160863309477303,0.006079145581046969,False,False,True,True,True
1788620400.960136,2.225621929350799,6.231686388491892,0.02406465562413301,False,False,True,True,True
1788620401.005616,2.281381404461462,1.1738256254593646,0.023937314629606965,False,False,True,True,True
1788620401.1957195,0.19204774966564928,11.03074590000829,0.0027287625869235914,False,False,True,True,True
1788620401.2955441,0.6911663230332417,4.996782206909868,0.0007812792393405666,False,False,True,True,True
1788620401.390277,3.6176520889732067,30.878048795368265,0.024639852462946227,False,False,True,True,True
1788620401.4892464,1.3362442051327925,23.16901002647393,0.024491171515116827,False,False,True,True,True
1788620401.5880785,0.19669567233723942,11.459591601083964,0.003475429586672277,False,False,True,True,True
1788620401.6941588,2.4037165641863676,20.803432566153354,0.011465374203688993,False,False,True,True,True
1788620401.7948964,1.2260995698299324,11.67461101845614,0.01841352477221807,False,False,True,True,True
1788620401.8890176,1.7665633233252152,5.7691589105361025,0.009607612471798381,False,False,True,True,True
1788620402.0051677,0.5482037538159111,10.490297401875495,0.00573121941152918,False,False,True,True,True
1788620402.1002834,0.6229099070602742,0.7690024502240823,0.0016356062503440894,False,False,True,True,True
1788620402.19804,0.7841124188283777,1.615853097609531,0.0022577745425561976,False,False,True,True,True
1788620402.3005395,0.7777297516039812,0.12266382019671777,0.0018178189474868846,False,False,True,True,True
1788620402.458712,0.7211278894285809,0.3711628601558893,0.0047965967977266315,False,False,True,True,True
1788620402.5432532,3.3243974633721574,30.840882425779917,0.021786586401833063,False,False,True,True,True
1788620402.619071,1.9939923662850783,17.597446862828722,0.0109896187556408,False,False,True,True,True
1788620402.708217,0.6488083506995322,14.951494334884488,0.0035471293253941803,False,False,True,True,True
1788620402.8139665,1.066609319174653,3.9500463070869767,0.002106975890368175,False,False,True,True,True
1788620402.907626,2.475187041220092,14.853076653803369,0.016333400819649707,False,False,True,True,True
1788620402.9995341,1.9561599615698293,5.749986321992624,0.00870266730249928,False,False,True,True,True
1788620403.1028736,1.3180359485328426,6.13585309808354,0.012852011075569013,False,False,True,True,True
1788620403.2085226,0.9911537427740316,3.079431447418503,0.007773368160240949,False,False,True,True,True
1788620403.2942247,1.7904788260815399,9.363417455213746,0.003731745922578876,False,False,True,True,True
1788620403.3994398,0.8000874789714343,9.222906377518262,0.0034591992671102194,False,False,True,True,True
1788620403.4971037,0.6698441965739,1.2936104630177034,0.002957210905004996,False,False,True,True,True
1788620403.603953,0.838253726377924,1.5966420530375172,0.001269816298743887,False,False,True,True,True
1788620403.7026896,1.4654643729609895,6.391616147653745,0.003101377713326049,False,False,True,True,True
1788620403.808156,0.5923400553334488,8.204645980951266,0.003227217160590369,False,False,True,True,True
1788620403.9090261,0.6384412557436517,0.4621816340991042,0.0020852745861031636,False,False,True,True,True
1788620404.001898,1.4055220505708206,8.247951769005763,0.002477694291998834,False,False,True,True,True
1788620404.1004658,4.71516190920475,33.5038931450452,0.053697037664666755,False,False,True,True,True
1788620404.1995711,5.867755641100361,11.308798604423865,0.05345654006157064,False,False,True,True,True
1788620404.3113089,0.4320807364409591,48.821602265602735,0.061521200407564425,False,False,True,True,True
1788620404.4059582,0.3684677947799262,0.6598038902478607,0.0008478668382258379,False,False,True,True,True
1788620404.5020068,0.24427561555433125,1.2900568150455842,0.0003885091502371742,False,False,True,True,True
1788620404.5923827,0.36021289704835463,1.2902195444245086,0.00025523079407249434,False,False,True,True,True
1788620404.7101357,2.2305588955626376,15.928972072498718,0.012760163394431574,False,False,True,True,True
1788620404.8066254,2.0390045042817913,1.4914740421275752,0.029179045643135223,False,True,True,True,True
1788620404.8966227,1.1580431771445943,10.014204976861441,0.006418688782464056,False,False,True,True,True
1788620404.9994957,0.5746713527741546,5.690088570755725,0.002306238830966591,False,False,True,True,True
1788620405.107268,1.013580605207072,4.079331839339331,0.0025931696876201876,False,False,True,True,True
1788620405.197352,3.128240349073676,23.467906469901553,0.012952700895927505,False,False,True,True,True
1788620405.2915676,1.0723999046241801,21.85491566273125,0.011931154450683983,False,False,True,True,True
1788620405.3944886,0.9719497409827738,1.0679360894405099,0.005576375793072816,False,False,True,True,True
1788620405.5019715,1.0312174335471382,0.509697152162832,0.002460854230265913,False,False,True,True,True
1788620405.5959988,0.939167719818878,1.0948992507278381,0.005020080130424443,False,False,True,True,True
1788620405.6899693,2.60072229373273,17.71079796584302,0.010489263181967644,False,False,True,True,True
1788620405.794673,1.0442775147706962,14.892036681131259,0.008885399252167556,False,False,True,True,True
1788620405.9029737,0.5001002958752775,5.065084393083269,0.00174007462117573,False,False,True,True,True
1788620405.9996119,0.6573245162173093,1.6506657753532294,0.0010944514379362055,False,False,True,True,True
1788620406.0906181,0.32584624440841353,3.6429664071180095,0.0009682010376359305,False,False,True,True,True
1788620406.207365,1.839374795823361,13.010443941214284,0.008676132696975938,False,False,True,True,True
1788620406.3042111,0.39187037278910125,15.00766228256017,0.007643019024385234,False,True,True,True,True
1788620406.3979938,0.25527173214865,1.4704012260503956,0.000537614121309737,False,False,True,True,True
1788620406.4942756,1.1263397197989202,9.054361630771371,0.0020706917929322706,False,False,True,True,True
1788620406.6136358,0.7294099408059345,3.4118197209548495,0.0034625425403043138,False,False,True,True,True
1788620406.7093081,3.7576322872337777,31.624746260579148,0.02753555086070916,False,False,True,True,True
1788620406.7984083,1.2854851420988607,27.617051435776556,0.01950135554615452,False,False,True,True,True
1788620406.8995957,0.30108146311802253,9.738533990484097,0.0030660652187396963,False,False,True,True,True
1788620407.0184758,0.693305235095969,3.3316536719533896,0.00120639880222871,False,False,True,True,True
1788620407.1015046,2.4046038241780625,20.66796819024182,0.007706718892331156,False,True,True,True,True
1788620407.1988027,1.190199154280315,12.146130068242213,0.008269861204809449,False,False,True,True,True
1788620407.2977915,0.5595130577060173,6.379813745261031,0.0021348298441658253,False,False,True,True,True
1788620407.4190128,1.2847699847116658,5.962522561747838,0.0059560694198814166,False,False,True,True,True
1788620407.5022526,1.6660428237319447,4.536601338456917,0.004480628997226711,False,False,True,True,True
1788620407.5977554,1.946876524119983,2.94555685731628,0.006333176744419565,False,False,True,True,True
1788620407.6991148,1.0408700551325936,8.998186355850956,0.011399324649370898,False,False,True,True,True
1788620407.81993,0.6597899282801877,3.1603633144596275,0.0018131658523135722,False,False,True,True,True
1788620407.904541,0.6190421860089603,0.5201952062633418,0.0012508744785939836,False,False,True,True,True
1788620408.0049396,1.0996946233162683,4.768480361530947,0.0025516110194596644,False,False,True,True,True
1788620408.0973928,0.4375162563908636,7.175503016683674,0.0021707616888262385,False,False,True,True,True
1788620408.2122612,1.2094294280817137,6.692263998399899,0.004328608701603689,False,False,True,True,True
1788620408.3047354,0.8992641004749494,3.2946999044675227,0.003080411620051981,False,False,True,True,True
1788620408.4080741,1.4923053525782854,5.81585844888052,0.007482928588644842,False,False,True,True,True
1788620408.516461,1.3831991467982907,1.020751738701934,0.011736076625033138,False,False,True,True,True
1788620408.6103797,3.1808384069086006,19.156012124753737,0.013133956977173308,False,False,True,True,True
1788620408.705326,2.889634840160189,2.9341547792074323,0.01599847360751719,False,False,True,True,True
1788620408.7941144,0.6030295061285428,26.06778258429431,0.015207274115775892,False,False,True,True,True
1788620408.9137845,2.9435311558480475,19.524789916282174,0.02330233512194607,False,False,True,True,True
1788620409.008445,1.2201950518783724,18.224163539908993,0.01892076445731467,False,False,True,True,True
1788620409.1059632,0.8070411904467474,4.2292205662747335,0.002205971473029104,False,False,True,True,True
1788620409.2053435,2.1805674149245147,13.81883054451544,0.006842819574076801,False,False,True,True,True
1788620409.3109896,2.797235556688574,5.879973207118658,0.013807292546571098,False,False,True,True,True
1788620409.4144993,1.3870437349130313,13.467066395213122,0.012556046379645351,False,False,True,True,True
1788620409.5046916,1.8036994746253012,4.6008680700352,0.012244630470571468,False,False,True,True,True
1788620409.6048632,0.5234855251896758,12.745744382959348,0.005537770431940403,False,False,True,True,True
1788620409.718267,1.581015037660972,9.343628598485301,0.006208904655363673,False,False,True,True,True
1788620409.8107061,0.2921404653088142,14.033402414069625,0.006114100819023963,False,False,True,True,True
1788620409.9149284,0.17789830178258143,1.101437754931054,0.00019015184355495267,False,False,True,True,True
1788620410.0030718,0.7158306104143703,6.094718264992398,0.0007623234195303757,False,False,True,True,True
1788620410.1182334,1.2677610210087595,4.759893127320673,0.005107172932434481,False,False,True,True,True
1788620410.215473,1.386862938899881,1.1993722029874239,0.003992562678011742,False,False,True,True,True
1788620410.3027434,0.5980399188940455,9.099952620136346,0.0026912692830428674,False,False,True,True,True
1788620410.3930504,1.8673722405091868,14.057669908219086,0.004244214163589462,False,False,True,True,True
1788620410.5189033,0.40363122418432845,11.347396177143128,0.004678272601392379,False,False,True,True,True
1788620410.6123188,1.2134028946318807,8.674526427171818,0.0027480903041868735,False,False,True,True,True
1788620410.6994646,0.4726191965317754,8.49748106440501,0.0019653926760379577,False,False,True,True,True
1788620410.8264503,0.23756415921896556,1.8659581483063241,0.0006797435608659437,False,False,True,True,True
1788620410.919479,0.7062603730490262,5.038960968472211,0.0009878628431783164,False,False,True,True,True
1788620411.0141602,0.46066248542967003,2.584565371442265,0.001008967547564658,False,False,True,True,True
1788620411.1113522,0.6066448244661659,1.5190880762557863,0.001149668817800274,False,False,True,True,True
1788620411.2125201,1.13593819404414,5.214852293813617,0.004117924457049647,False,False,True,True,True
1788620411.3124275,2.1095535230519253,9.745156535902176,0.006458203622224079,False,False,True,True,True
1788620411.4082568,2.1763430479952626,0.7030948952338194,0.00924382870600385,False,False,True,True,True
1788620411.5071697,0.4558938751788304,17.331001965264395,0.009237748216326025,False,False,True,True,True
1788620411.6147296,0.7669597184390343,2.85640634041291,0.00182472658902415,False,False,True,True,True
1788620411.7095363,1.1753030010308172,4.302310937810141,0.004188115512808023,False,False,True,True,True
1788620411.8095708,1.3661554622147307,1.9092430946065677,0.0030400933080573685,False,False,True,True,True
1788620411.9035509,0.9305831913667286,4.56650120692386,0.0029341667498926083,False,False,True,True,True
1788620412.0166345,0.09496767384434059,7.390246864203304,0.0015148792599308715,False,False,True,True,True
1788620412.1125114,2.4538404550435655,24.60655532841897,0.01053882054687449,False,False,True,True,True
1788620412.2098484,0.7438420306599415,17.622893288845283,0.01036899772222603,False,False,True,True,True
1788620412.3039799,1.6862821020271543,9.98531612685389,0.006075182501652586,False,False,True,True,True
1788620412.4212036,0.6448735957955084,8.878961061372078,0.004667462989399866,False,False,True,True,True
1788620412.513217,0.24590907495950495,4.340084139247636,0.0010918826375334743,False,False,True,True,True
1788620412.6075785,1.3311590156469633,11.514064789228444,0.0029976437226149257,False,False,True,True,True
1788620412.7059402,1.2732049232181364,0.6106175364618327,0.0051563059859626205,False,False,True,True,True
1788620412.8214118,0.29916321948618974,8.409492764126531,0.0025764285819542673,False,False,True,True,True
1788620412.9195025,1.0492275700863816,7.650771733410999,0.001726666830613951,False,False,True,True,True
1788620413.0118423,0.9262067305279066,1.3471908154300198,0.004652587870644747,False,False,True,True,True
1788620413.1323452,0.4365341969888528,4.078542529779487,0.0019832813887944493,False,False,True,True,True
1788620413.2239797,2.9511550911973505,27.429060215303224,0.013268134819553473,False,False,True,True,True
1788620413.315361,1.9917480937023277,10.438543436315111,0.02851344499660792,False,False,True,True,True
1788620413.4260879,2.504079240837849,4.516011861414174,0.012006629651632118,False,False,True,True,True
1788620413.529059,0.5259083544450874,19.161675503852493,0.014973352580038532,False,False,True,True,True
1788620413.6257792,1.2069477913115798,7.0945155884577416,0.003405918728330229,False,False,True,True,True
1788620413.7147038,2.622421112140283,16.072411587508167,0.017917425361673713,False,False,True,True,True
1788620413.8056827,0.869576731899555,19.32807490400537,0.008969166632277927,False,False,True,True,True
1788620413.9140394,2.820831644536766,17.96382428175204,0.021968564159700592,False,False,True,True,True
1788620414.0168672,1.623743779577199,11.511574780544144,0.015331464664059543,False,True,True,True,True
1788620414.1153367,0.43891137723688567,11.812751029838418,0.005444266909700949,False,False,True,True,True
1788620414.2073936,3.452203150549951,32.77000721562889,0.019940755203204947,False,False,True,False,False
1788620414.317481,2.9293575910243077,5.549413269916804,0.05706248147676824,False,False,True,False,False
1788620414.4242294,3.0716418218366046,1.1697314357819921,0.05929885060096082,False,False,True,False,False
1788620414.5072212,4.2574378219904725,12.943605766588002,0.05273601316472989,False,False,True,False,False
1788620414.6063123,1.148940887748013,31.787681888534504,0.020656487274235923,False,False,True,False,False
1788620414.7195394,1.8208098593675164,5.651375023075086,0.012334619365677995,False,False,True,False,False
1788620414.8110092,1.4816831153891392,3.9546612898362254,0.00796438599509076,False,False,True,False,False
1788620414.9055007,2.1386558607191044,6.286055418938474,0.013924071970630203,False,False,True,False,False
1788620415.0050716,1.9701889353968216,1.3163190088115615,0.007032711646057336,False,False,True,False,False
1788620415.1135612,1.3550447382287734,5.982371725052347,0.012312235771844208,False,False,True,False,False
1788620415.2159903,2.768343062711941,13.825687875023496,0.012767057569151722,False,False,True,False,False
1788620415.3127675,2.5361243121769257,2.674493426941907,0.03482596046737663,False,False,True,False,False
1788620415.424299,1.7697149866481416,6.5087990718595785,0.011314741645068868,False,False,True,False,False
1788620415.5193915,1.2912694077999916,5.222329757238386,0.005944906268291842,False,False,True,False,False
1788620415.6176987,1.059015309196843,2.60197411512368,0.0030192925116325994,False,False,True,False,False
1788620415.7146053,2.321715081641622,13.011808732254604,0.00716571868846978,False,False,True,False,False
1788620415.815871,1.6337797517086545,6.885862800848732,0.010372940073493231,True,False,True,True,True
1788620415.9154434,0.6608222477829824,9.835936908338423,0.00558713454451076,False,False,True,False,False
1788620416.01359,1.6389773634964349,9.816947390654452,0.004563764291515733,False,False,True,False,False
1788620416.1109114,1.4581593822416616,1.7277089055778716,0.00828753598311898,False,False,True,False,False
1788620416.2229953,1.1267776009927544,2.9078997762605727,0.006754360578278357,False,False,True,False,False
1788620416.316267,0.71615590932405,4.361054781752907,0.0022031900834628966,False,False,True,False,False
1788620416.4112701,1.8148092972813568,11.53588470859938,0.004272571355878984,False,False,True,False,False
1788620416.5105815,1.7997829691186669,0.24390945879530868,0.005309807617890597,False,False,True,False,False
1788620416.6200023,1.2811044529925464,4.848906568132603,0.005217908966854115,False,False,True,False,False
1788620416.7172022,1.1211581773843267,1.6001507980209329,0.003401784800675347,False,False,True,False,False
1788620416.8193402,5.385688317752945,42.005306728719674,0.055135666591141524,False,False,True,False,False
1788620416.911857,3.2014519752074135,21.475539544420098,0.08583037498805599,False,False,True,True,True
1788620417.0219846,7.114572788273703,36.80430727709427,0.16042169697591585,False,True,True,True,True
1788620417.1193295,1.5551344860017082,54.467231097162106,0.12800755837898953,False,False,True,True,True
1788620417.2155583,2.5690660513654167,10.685982097834781,0.010231730902999645,False,False,True,True,True
1788620417.312572,0.4264558787320319,22.058856772027358,0.011675622013281062,False,False,True,True,True
1788620417.4195673,3.2482724384977546,26.357659229488547,0.022100295245599463,False,False,True,True,True
1788620417.5147352,1.031848105025807,23.08813025334421,0.01833901328802114,False,False,True,True,True
1788620417.616101,0.8796291759732624,1.6910250154158766,0.004500050879816815,False,False,True,True,True
1788620417.7275865,3.1306798882513465,20.21202329936019,0.019169825837582984,False,False,True,True,True
1788620417.8230686,0.9278026121781251,23.302715735993647,0.018375394558920188,False,False,True,True,True
1788620417.9155338,1.490480363538094,5.994513462157995,0.0029628728024351444,False,False,True,True,True
1788620418.0146165,0.524272526909858,9.808898362942733,0.0027776595648883245,False,False,True,True,True
1788620418.1295044,0.244789026457832,2.4379963478287583,0.0007745668778710499,False,False,True,True,True
1788620418.2251794,0.449393587907877,2.145953106205193,0.0005796399320129564,False,False,True,True,True
1788620418.3196514,1.2045691198162134,8.044918635001027,0.003230619243600996,False,False,True,True,True
1788620418.4162755,2.1343639232197185,9.67047759560844,0.006420788431333349,False,False,True,True,True
1788620418.5224752,0.5525404035925757,14.92693134778818,0.006963538947447634,False,False,True,True,True
1788620418.622653,0.5098677882736391,0.44746026092310554,0.0008567308198337298,False,False,True,True,True
1788620418.7162664,0.46675966915279365,0.407995509728129,0.001076009265521491,False,False,True,True,True
1788620418.8173473,0.8201753196713575,3.533312036822501,0.0013377839286841434,False,False,True,True,True
1788620418.9283838,0.8173142989182726,0.04651486331113477,0.0027520370217071597,False,False,True,True,True
1788620419.0228596,1.0805108375685049,2.773515054472935,0.0024579187535416986,False,False,True,True,True
1788620419.118111,0.7574136113554598,3.1998168884605045,0.0033570800934793173,False,False,True,True,True
1788620419.214023,1.2616107808620505,5.3781870392429045,0.004345350556581463,False,False,True,True,True
1788620419.3284423,1.1410433288400297,1.0744677500392366,0.00454601398512547,False,False,True,True,True
1788620419.4211864,1.5463542858753425,4.353313231314691,0.008762992697496075,False,False,True,True,True
1788620419.5186386,0.8941952468374,6.564430004191637,0.006393534518930415,False,False,True,True,True
1788620419.6183393,3.135249551486527,22.483265844336593,0.018914457656714408,False,False,True,True,True
1788620419.7316482,2.0413760218009105,9.678422514602591,0.01514873172102405,False,False,True,True,True
1788620419.8253076,0.2766926214405728,18.75234849598803,0.011085587446161595,False,False,True,True,True
1788620419.9192646,1.0746006883097852,8.473985638969182,0.0024301887467153725,False,False,True,True,True
1788620420.0340836,2.245851847352072,10.110608188474178,0.010176880297993686,False,False,True,True,True
1788620420.127342,3.598800002992553,14.067157813450095,0.01828147638129925,False,False,True,True,True
1788620420.2238505,1.8323832651637233,18.139004926945496,0.019264746074061128,False,False,True,True,True
1788620420.3207908,2.5228625462491987,7.2093830945566895,0.02249307263083232,False,False,True,True,True
1788620420.4325047,0.5368054165384004,17.73840049970021,0.01053885014329524,False,False,True,True,True
1788620420.528196,1.2712634375033898,7.673872026831519,0.00371357379026394,False,False,True,True,True
1788620420.624049,2.042763515487768,8.095621866319176,0.005908362025798738,False,False,True,True,True
1788620420.7195346,0.9157924618154801,11.610275735220949,0.011197640860601458,False,False,True,True,True
1788620420.83383,0.6240165415847785,2.598118953747898,0.002787453933468459,False,False,True,True,True
1788620420.9241521,1.104175578256642,5.300233900303601,0.0019218961494637753,False,False,True,True,True
1788620421.026018,0.17103052722770853,9.124054242146947,0.0017782822225937394,False,False,True,True,True
1788620421.11877,0.9806552242793959,8.736366588978722,0.0017590171320386692,False,False,True,True,True
1788620421.2295117,0.5685956255087485,3.7171075571440877,0.001450296636969809,False,False,True,True,True
1788620421.3254235,0.45403517666134974,1.257144622198995,0.0012715219152656064,False,False,True,True,True
1788620421.4238331,0.37153853470876297,0.8435505064516488,0.00043030854183370314,False,False,True,True,True
1788620421.5206192,0.9087920652923266,5.564925282021324,0.0016298663703802408,False,False,True,True,True
1788620421.634462,1.23769976878176,2.996302717063693,0.003765020823807973,False,False,True,True,True
1788620421.7228181,0.43257737542048674,9.102992393902507,0.0035915736343131895,False,False,True,True,True
1788620421.824183,0.7149216454800272,2.8441464413415796,0.001062886009309076,False,False,True,True,True
1788620421.9213514,0.6847909259141962,0.2509382339242428,0.0011960750342765569,False,False,True,True,True
1788620422.0313246,0.31581535858600807,3.3737777538649674,0.001371166921465027,False,False,True,True,True
1788620422.1263156,0.8817115130161461,5.952511292813928,0.0017887545361034598,False,False,True,True,True
1788620422.2253952,1.0021361288757544,1.1946267037852898,0.0035237737319023053,False,False,True,True,True
1788620422.3354352,0.3122127668400695,6.285416479771219,0.0019403802073304892,False,False,True,True,True
1788620422.4306726,2.275322228596768,20.628794862950762,0.009272665727906826,False,False,True,True,True
1788620422.5294394,1.1713403323028253,11.174124357327047,0.006971671502312884,False,False,True,True,True
1788620422.6191123,0.4491581126186878,8.134476317418498,0.00372750850753247,False,False,True,True,True
1788620422.7295165,1.4499314466703794,9.06432791387325,0.005909344056023318,False,False,True,True,True
1788620422.8247073,3.3302723132392598,19.751623041552474,0.01486007208906922,False,False,True,True,True
1788620422.9319398,0.6483379608743585,24.834527863223965,0.017104916752923707,False,False,True,True,True
1788620423.0244005,0.6123010862135582,0.35780097069875877,0.0020837270440266674,False,False,True,True,True
1788620423.1375988,1.0085949082702088,3.499737054755337,0.004083533018207888,False,True,True,True,True
1788620423.2285018,2.0545317009259523,11.49058686492203,0.005487915383532707,False,False,True,True,True
1788620423.327624,1.396157836828543,6.80423520054155,0.008342150387716546,False,False,True,True,True
1788620423.4243124,0.29101495291428897,11.464518868977201,0.0032251188116823514,False,False,True,True,True
1788620423.5374727,0.9468119596091782,5.822506278677924,0.002765759571235736,False,False,True,True,True
1788620423.6316817,1.377272091478658,4.345741431394349,0.0033419483091870583,False,False,True,True,True
1788620423.7226124,0.7716648405190095,6.631924006215482,0.0030551684109859758,False,False,True,True,True
1788620423.8218186,0.9062321258080213,1.3356602450916617,0.0025128223059761286,False,False,True,True,True
1788620423.9330602,0.8524131078185302,0.5199986301140741,0.0036364881199680414,False,False,True,True,True
1788620424.0346553,0.24819417222801327,5.930791428232648,0.0015459495288073829,False,False,True,True,True
1788620424.1289592,1.0724886437009309,8.7530959325303,0.0024052183508575017,False,False,True,True,True
1788620424.2239451,1.4541783206429764,3.90733833762523,0.005950178810343684,False,False,True,True,True
1788620424.3348331,0.34924141607751225,10.050578637330723,0.0037746438555765227,False,False,True,True,True
1788620424.4302285,1.6331341631354706,13.502744504477493,0.005354550324564833,False,False,True,True,True
1788620424.5253098,0.44718523023921797,12.42378145994547,0.005288789304311878,False,False,True,True,True
1788620424.6379695,1.488120582937886,9.235700720855599,0.004569983455459973,False,False,True,True,True
1788620424.7393708,2.013542945633342,5.244332334081592,0.007340028762108726,False,False,True,True,True
1788620424.8293438,0.45735164900865427,17.365291880625303,0.008475580739208614,False,False,True,True,True
1788620424.9295754,0.6061854792197051,1.4653835336745007,0.001132965166677713,False,True,True,True,True
1788620425.0389683,0.5793457978369617,0.2613870329928854,0.0011049800412783748,False,False,True,True,True
1788620425.1357617,1.516728330285113,9.659147624333647,0.005108423940460033,False,False,True,True,True
1788620425.23295,0.29267577416659457,12.58897373156244,0.003849542686025018,False,False,True,True,True
1788620425.327376,0.8584174260639245,6.0685294766147955,0.001382003021855601,False,False,True,True,True
1788620425.4389744,1.2560441780070242,3.5599976806669322,0.0063795172139732605,False,True,True,True,True
1788620425.5387003,0.6776195043778832,5.875005258812098,0.00466871051467593,False,False,True,True,True
1788620425.6303911,1.9297191933571014,13.642597366712987,0.0074604099665540385,False,False,True,True,True
1788620425.7278762,0.9077094978251119,10.37247726167423,0.004710933227427762,False,False,True,True,True
1788620425.8406067,1.2238949734590865,2.6429826645712953,0.006981674455383052,False,False,True,True,True
1788620425.9365191,0.7437869614233461,5.0186865503946025,0.0028683977666972907,False,False,True,True,True
1788620426.0309772,1.8040954052921903,11.259418281920892,0.00865554921490139,False,False,True,True,True
1788620426.1239743,0.3975016230770867,15.019700263093952,0.0056979180062897185,False,False,True,True,True
1788620426.241833,1.073946544660247,5.741272591469345,0.003379906680598249,False,True,True,True,True
1788620426.335376,0.8389972103071314,2.484670202214819,0.0053979050214695385,False,False,True,True,True
1788620426.4306803,1.7998670441239217,10.025466282710184,0.004323848734313747,False,False,True,True,True
1788620426.5260267,2.040160744428399,2.405462136049932,0.0071955100302921295,False,False,True,True,True
1788620426.6393642,1.3067622178023184,6.516549979212621,0.005994944708655774,False,False,True,True,True
1788620426.7349608,0.658817085276365,7.080520584449039,0.0036378888007545275,False,False,True,True,True
1788620426.8327982,0.5316771644892495,1.3000080997870387,0.0017231334168763667,False,False,True,True,True
1788620426.9394512,0.5166589318391316,0.25127541417690724,0.001427184783409806,False,True,True,True,True
1788620427.039995,1.1013422309480188,5.812021133286281,0.0024431467734584216,False,False,True,True,True
1788620427.1365197,2.0255665063761907,9.480974995549396,0.005699794896469736,False,True,True,True,True
1788620427.2318022,1.082282978844083,9.893283875073225,0.011130279818423622,False,False,True,True,True
1788620427.3444948,3.6462543035781096,22.78773197109769,0.02650156844706709,False,False,True,True,True
1788620427.4403298,0.8872074257260704,28.728180183110407,0.03328812701082488,False,False,True,True,True
1788620427.5344532,0.42501853581769505,4.901185440953999,0.0012892195274646625,False,False,True,True,True
1788620427.633228,2.2929691410113713,18.95298320700902,0.010755622682611004,False,False,True,True,True
1788620427.7462447,0.19384268233822965,18.46971034915349,0.009541938484253767,False,False,True,True,True
1788620427.8424127,1.8288056984545809,16.996370299079242,0.0054669343814054356,False,False,True,True,True
1788620427.9358687,1.4282003324176162,4.218612879185039,0.007278486455634544,False,False,True,True,True
1788620428.0349169,1.51641704947818,0.8923026227867681,0.006447038633348186,False,False,True,True,True
1788620428.1445951,1.4163817277351765,0.7381045420856343,0.01202852143399447,False,False,True,True,True
1788620428.2378929,0.3538964171926275,11.394139765067042,0.004235716219184732,False,False,True,True,True
1788620428.337743,0.8742706141165946,5.269784141107205,0.0012693621782762026,False,False,True,True,True
1788620428.4310706,1.4378273403111064,6.017199344772784,0.0041441037593784895,False,True,True,True,True
1788620428.5410867,1.0685628832188128,3.3668178292006106,0.004792277870582043,False,False,True,True,True
1788620428.6386015,1.9846409484682557,9.3971988459375,0.012151363847607788,False,False,True,True,True
1788620428.7385764,3.0449123030089718,10.580532884684184,0.013721621250335533,False,False,True,True,True
1788620428.8332148,2.2843005661647813,8.51372813945514,0.016096718147851213,False,False,True,True,True
1788620428.9481547,0.625183279102808,14.458125555114863,0.007577102356915388,False,False,True,True,True
1788620429.0405333,1.655831663731961,11.131869552599724,0.0057777762318344935,False,False,True,True,True
1788620429.134561,0.681882786882371,10.294190137067213,0.004978862588544865,False,False,True,True,True
1788620429.2527335,1.1285442286308058,3.8050761842238745,0.004821117002923964,False,True,True,True,True
1788620429.343928,0.7711088558840901,3.922381217350908,0.003998809503822605,False,False,True,True,True
1788620429.4338794,2.685287375486526,21.343387477026777,0.010069981531518335,False,True,True,True,True
1788620429.5360174,0.32702563465943607,23.164086874123004,0.011137220206412488,False,False,True,True,True
1788620429.6510017,0.4968710046260744,1.4867214014287171,0.0009323313225970475,False,True,True,True,True
1788620429.7402456,1.8672542189852568,15.356444544773916,0.006748583681423538,False,False,True,True,True
1788620429.84256,1.8463001448962808,0.15457091186474503,0.00639896853872161,False,False,True,True,True
1788620429.9359384,1.498426388800294,3.747087085228373,0.00570387579489966,False,False,True,True,True
1788620430.046322,0.38691429283170614,10.052734898843587,0.004199031761768467,False,False,True,True,True
1788620430.1473396,0.7958749364563187,4.112131100147922,0.0018081186812265592,False,False,True,True,True
1788620430.2386434,2.180809253865709,15.157471918015696,0.006139565264719032,False,False,True,True,True
1788620430.3295856,0.3693301508429477,19.973569033545516,0.006683214581217194,False,False,True,True,True
1788620430.4407163,0.14292086821754593,2.03726174407297,0.0003005728955857722,False,False,True,True,True
1788620430.5453868,0.7985989135045438,6.265411084920521,0.0015599967490256758,False,False,True,True,True
1788620430.6390917,0.6318471667818496,1.7452026673178036,0.0019517386520874348,False,False,True,True,True
1788620430.7359185,0.9122198164726829,2.907229018549668,0.002442081370716026,False,False,True,False,False
1788620430.8410995,1.0136183947004063,0.8237092937730194,0.0030682387395881312,False,False,True,False,False
1788620430.940577,2.222410177518273,12.003872304757722,0.012410150865202037,False,False,True,False,False
1788620431.04258,1.9077745777771002,3.0979251772347403,0.008213755151974384,False,False,True,False,False
1788620431.1361678,0.8740382334298277,11.027683055300473,0.008907545983089194,False,False,True,False,False
1788620431.2465425,0.6295433895898268,2.1550020634754805,0.002473338178951468,False,False,True,True,True
1788620431.3414676,2.2916462923176306,17.50277335392719,0.007021300895049985,False,False,True,True,True
1788620431.430816,0.41758727786567684,21.0895088195393,0.008319840531322089,False,False,True,True,True
1788620431.5437722,0.7509984190205677,2.953974201581906,0.0016326770589644593,False,False,True,True,True
1788620431.6404748,1.3967977228759414,6.75049664477683,0.00600845559986341,False,False,True,True,True
1788620431.7434971,0.7461563736574732,6.154921918606734,0.00608794262000785,False,False,True,True,True
1788620431.8386579,1.4987123206270407,7.83058271276561,0.00342637463704647,False,True,True,True,True
1788620431.9537923,0.9199967197341529,5.070211205391111,0.003312138811598978,False,False,True,True,True
1788620432.0473647,1.2962649175482426,4.028414987037261,0.00409896294768351,False,False,True,True,True
1788620432.140974,1.315123636602776,0.22066064861549337,0.0028437081394726486,False,False,True,True,True
1788620432.2350278,0.2411167463520193,11.417291917742043,0.003045859361939528,False,False,True,True,True
1788620432.3516471,0.6546396680644446,3.5465653564307185,0.0014143087618531953,False,False,True,True,True
1788620432.4491022,1.0818350348524288,4.472188664308588,0.001855003349719256,False,False,True,True,True
1788620432.5469794,1.681046232214744,5.996918076050028,0.0040727881498855536,False,False,True,True,True
1788620432.6363049,0.19229258089022666,16.709403669134588,0.0052596095318850735,False,True,True,True,True
1788620432.7503057,0.8483589163831207,5.741599929562148,0.0017687013448342537,False,False,True,True,True
1788620432.846208,2.1299835649938434,13.36515513565063,0.006055024733750618,False,False,True,True,True
1788620432.9454386,0.9407416397429162,11.922442091668286,0.007377582129955041,False,False,True,True,True
1788620433.0392563,1.9024303819450703,10.347737847335932,0.004697620773037891,False,True,True,True,True
1788620433.1506994,0.7123758205697222,10.492050581015299,0.008330089083220374,False,False,True,True,True
1788620433.2467806,1.8115541139466744,11.633582515525466,0.006720311632046033,False,True,True,True,True
1788620433.3402174,1.2724347327702228,6.053307676152259,0.0076380954623030736,False,False,True,True,True
1788620433.4412184,0.5298499117772544,7.47270992879703,0.0038966720478682557,False,True,True,True,True
1788620433.5468912,0.5195398912584167,0.22328046280395103,0.0014507841579302096,False,False,True,True,True
1788620433.648065,2.227109233445194,16.888607993216475,0.011064279067280025,False,False,True,True,True
1788620433.7425146,0.6160240285685332,16.877919230594806,0.009470007215048842,False,False,True,True,True
1788620433.8554673,0.601257510229625,0.19611038693518787,0.0009454465979405239,False,False,True,True,True
1788620433.951836,0.8756926119298962,2.853431151581185,0.0015455737573554281,False,False,True,True,True
1788620434.0471923,0.5409756687162658,3.4662376210416164,0.0017945588200259266,False,False,True,True,True
1788620434.144557,0.6365781891553443,1.0667193493853493,0.001389594666471341,False,False,True,True,True
1788620434.2545488,1.8660214824178798,11.232945206125045,0.006899447807087953,False,False,True,True,True
1788620434.3520315,1.2745147085284625,6.006387944681533,0.008342461391416174,False,False,True,True,True
1788620434.450933,0.18219151436205028,11.035506308872234,0.002908378545084184,False,False,True,True,True
1788620434.5432582,0.6197337755565643,4.745485130187523,0.0007418640090853439,False,False,True,True,True
1788620434.6520889,1.68968858555786,9.801422132051762,0.0052187990379678915,False,False,True,True,True
1788620434.7534513,2.903994300990864,11.713526956757805,0.015152980749329838,False,False,True,True,True
1788620434.8470588,1.1878848429264353,18.39035305159673,0.016212393055440477,False,False,True,True,True
1788620434.9354024,3.2084725628524495,22.83094352479409,0.020567549978374264,False,False,True,True,True
1788620435.0544734,0.5519900501553461,23.053782734017606,0.015288022471101581,False,False,True,True,True
1788620435.153043,1.283804681001514,7.425050528971473,0.004231533129057194,False,False,True,True,True
1788620435.2458532,0.872397556677484,4.56706188005672,0.002415139348600077,False,False,True,True,True
1788620435.344219,1.5944686707094102,7.33954747180574,0.003874181719001386,False,False,True,True,True
1788620435.4581387,0.10973631986906902,12.99981993965015,0.004695828932835016,False,False,True,True,True
1788620435.5534601,0.3823488678370906,2.8486872985961584,0.0002800812993376044,False,False,True,True,True
1788620435.6499197,0.19284729302840745,1.950774267944021,0.00023475532679875476,False,False,True,True,True
1788620435.742289,0.312482091327588,1.2939967962115606,0.00022245451823014716,False,False,True,True,True
1788620435.8518896,0.7763748156422411,4.252541133057185,0.0017339480168932578,False,False,True,True,True
1788620435.9553766,0.8960752508600707,1.107670671573208,0.002344220818182736,False,False,True,True,True
1788620436.047224,2.6284042671820815,18.877070728818527,0.009004459542556223,False,False,True,True,True
1788620436.1556275,2.1133099842565652,4.607684814001835,0.0104587821283486,False,False,True,True,True
1788620436.2557657,1.373912447604766,6.943100111236675,0.015692099239938417,False,False,True,True,True
1788620436.3497803,1.5842119496310287,2.3908585205679276,0.00415403643069535,False,False,True,True,True
1788620436.4457734,0.38775041622536555,12.353871310639176,0.0038342057893623587,False,False,True,True,True
1788620436.5613685,1.212735255277518,7.1273877159192685,0.0034513215702496776,False,False,True,True,True
1788620436.655473,1.1533715600137664,0.8847425849885902,0.00414016798859614,False,False,True,True,True
1788620436.754653,0.9396003266086126,2.157563490420608,0.002128617263209745,False,False,True,True,True
1788620436.8549898,0.4320999525646024,5.080985151411772,0.0023708791796558655,False,False,True,True,True
1788620436.9639893,0.5012067222075101,0.6396092813004416,0.0005447855684546188,False,False,True,True,True
1788620437.0600054,0.9790471806372377,4.991304191804621,0.0023814003094760213,False,False,True,True,True
1788620437.1613955,1.202304701360997,2.157208719268121,0.002495576659683782,False,False,True,True,True
1788620437.2506907,1.3291940664817963,1.3654947961832522,0.006323966646640568,False,False,True,True,True
1788620437.3672478,1.7197019401143399,3.402637688614698,0.006293323407133562,False,False,True,True,True
1788620437.4638577,1.050763561416392,6.992344080604826,0.010433105480981851,False,False,True,True,True
1788620437.5605206,1.699791129072088,6.625444063173964,0.005458938871451668,False,False,True,True,True
1788620437.6469998,1.640140183085744,0.42659371213044234,0.005030325044049039,False,False,True,True,True
1788620437.758159,0.22951443072289088,12.688332926163087,0.003450747424869181,False,False,True,True,True
1788620437.8572814,0.22098705786165848,0.07022034274957799,0.00023961737734008094,False,False,True,True,True
1788620437.9490747,0.5483791269325574,3.593150249891329,0.0005881438674226832,False,False,True,True,True
1788620438.0432065,0.5188338196053385,0.31326681136049067,0.0011989797602962333,False,False,True,True,True
1788620438.1595078,1.277482176129456,6.551798963194977,0.0036506220812493996,False,False,True,True,True
1788620438.2569525,1.2170884112798304,0.4102976262891431,0.0050080433015817155,False,False,True,True,True
1788620438.3529036,1.0416480879364858,1.8243938812834362,0.005010293158831279,False,False,True,True,True
1788620438.4680223,1.0034464162290542,0.5052180888841831,0.0035349507639087707,False,False,True,True,True
1788620438.5629263,2.7971810130635917,18.834942741201562,0.020760629791157507,False,False,True,True,True
1788620438.6561506,2.7267129366921794,0.8005290316017795,0.0130281920065592,False,False,True,True,True
1788620438.7502933,1.7711683877389133,10.226425888078728,0.009685171020712268,False,False,True,True,True
1788620438.8621783,1.6787487783504462,1.1503177831593798,0.006393544467738387,False,False,True,True,True
1788620438.960023,2.1382249521500047,4.766031875806482,0.008969343928666305,False,False,True,True,True
1788620439.0502481,3.2361736231458296,12.383191459128163,0.014976362981454513,False,False,True,True,True
1788620439.1511345,2.1337722164006037,11.301892971742406,0.019387601546682082,False,False,True,True,True
1788620439.2636673,1.4258377595920944,6.00849839492133,0.012491820526028034,False,False,True,True,True
1788620439.3588662,1.1830194768888693,2.0361855633901125,0.007347831081743,False,False,True,True,True
1788620439.4558237,2.5162549715568856,13.698394682317467,0.014041830069705215,False,False,True,True,True
1788620439.5492277,2.2779411099606737,2.0886627981200583,0.01196514687504687,False,False,True,True,True
1788620439.661909,0.9449448733529439,11.787478069243841,0.015305544779448474,False,False,True,True,True
1788620439.7543511,1.152955265033164,2.1074795173212757,0.0040835928433760075,False,False,True,True,True
1788620439.8520844,2.7414827239858077,16.04961502845362,0.013822645175705387,False,False,True,True,True
1788620439.9502833,0.8563767358764959,19.1899716919625,0.01695292231721118,False,False,True,True,True
1788620440.069205,0.9089553027481441,0.37354787388476984,0.0032456111075094035,False,False,True,True,True
1788620440.153283,3.94651132113111,36.13708053914749,0.027230814137664715,False,False,True,True,True
1788620440.2583532,1.506441760425205,23.244965197380747,0.01653934868593155,False,False,True,True,True
1788620440.3690913,1.7196418376112705,1.8168622514044828,0.01674587457670565,False,False,True,True,True
1788620440.461707,1.1302825365863434,6.571775315808053,0.011901538075586705,False,False,True,True,True
1788620440.5570614,3.6594429379529076,26.38278716752101,0.03060056413670315,False,False,True,True,True
1788620440.6574852,1.0387160599029908,26.922942004468965,0.027264366520383353,False,False,True,True,True
1788620440.7700331,0.6437417287110415,3.4989444091488413,0.0033980490028980292,False,False,True,True,True
1788620440.873291,1.892645894033584,12.069435897988994,0.009075250544319556,False,False,True,True,True
1788620440.9580958,0.9765659008738461,10.781149316062413,0.01054594508891048,False,False,True,True,True
1788620441.0668826,0.5989008591924416,3.355368825281277,0.0022529031258323624,False,False,True,True,True
1788620441.1762044,2.9694270749522826,21.771173035408925,0.022218062905532954,False,False,True,True,True
1788620441.266884,4.165942443366161,13.17165944056113,0.06689699895240725,False,False,True,True,True
1788620441.3690832,1.4107796369756413,26.97824962429209,0.022269971288004852,False,False,True,True,True
1788620441.4628475,5.211933483630218,40.51765254972363,0.05501565264919604,False,False,True,True,True
1788620441.577219,0.9511612599678065,37.120986859897315,0.05480529717255915,False,False,True,True,True
1788620441.6669729,5.781498927600417,53.76006767571935,0.04218174714921659,False,False,True,True,True
1788620441.7644296,1.1110862396811663,48.04650557337279,0.06030339733687319,False,False,True,True,True
1788620441.8539877,6.967097760367714,65.03892477610087,0.060204147932354894,False,False,True,True,True
1788620441.9656222,1.0336315114011914,54.08705186957119,0.08016459330823486,False,False,True,True,True
1788620442.0644522,1.189501869653481,1.6000464040060127,0.006041396751498626,False,False,True,True,True
1788620442.1602151,1.5523062787451227,3.646121375806252,0.005399584317270694,False,False,True,True,True
1788620442.2549548,1.708144021546026,1.6182220228089483,0.005156924959538689,False,False,True,True,True
1788620442.370975,2.58715179256178,7.652319436052527,0.015110251115317719,False,False,True,True,True
1788620442.461165,0.895847060086024,18.907470705960254,0.013197245130118615,False,False,True,True,True
1788620442.5595136,1.1045684977153696,2.1439389400118802,0.00269590964742408,False,False,True,True,True
1788620442.6680784,3.416252305736133,21.02010679147073,0.02082770187288412,False,True,True,True,True
1788620442.7667956,0.49966899483764554,29.507864392770475,0.02078765509570389,False,False,True,True,True
1788620442.86463,0.8847065323555904,4.0403109431126385,0.0022476388143205703,False,False,True,True,True
1788620442.9630806,2.064171409616869,12.197820648506761,0.011116542047652512,False,False,True,True,True
1788620443.070377,1.2228475294835643,7.899808607820555,0.008947827302650199,False,False,True,True,True
1788620443.1694472,3.800051176323659,26.024522073229374,0.02435728587543315,False,False,True,True,True
1788620443.259574,0.9550862179801168,31.319788001484135,0.021436747261601406,False,False,True,True,True
1788620443.3620372,0.8596706141018617,0.8218570006604482,0.0014806673859074585,False,True,True,True,True
1788620443.4707742,2.1769213886128886,12.115277947237578,0.008382664813899411,False,False,True,True,True
1788620443.5688536,0.7045172928687256,14.89993366114071,0.00852576380643149,False,False,True,True,True
1788620443.66348,0.8753755439789649,1.9575944389630626,0.002720728078931724,False,False,True,True,True
1788620443.758675,0.6459096726459497,2.246063746593124,0.002621038185216061,False,False,True,True,True
1788620443.8701718,0.9239866323061583,2.5498065372837644,0.0020418629764306618,False,True,True,True,True
1788620443.9653583,0.7271503157115602,2.0868437415375714,0.002709440951712008,False,False,True,True,True
1788620444.068147,0.637866715296694,0.8714929926702132,0.001546973994677033,False,False,True,True,True
1788620444.1578276,0.762758492084416,1.3963515010226855,0.0025027523840800473,False,False,True,True,True
1788620444.2715685,0.3485762315605848,3.6316702331600466,0.0009091721876445222,False,False,True,True,True
1788620444.3643856,0.878952696001655,5.696461954661159,0.0012963928470471956,False,False,True,True,True
1788620444.4549892,0.34063729043620594,5.939912071190964,0.0016576826091043652,False,True,True,True,True
1788620444.558784,2.029235308075524,16.240672573432217,0.007854905313100683,False,False,True,True,True
1788620444.6721776,2.291813860131973,1.9505064798329232,0.011156967723380559,False,False,True,True,True
1788620444.7672937,1.0466773304863475,13.627147557557413,0.013486198966336346,False,False,True,True,True
1788620444.865269,4.819175831632106,38.60517574050118,0.040064163250655704,False,False,True,True,True
1788620444.973089,2.115596082492487,25.043440317866295,0.03372238244812496,False,False,True,True,True
1788620445.0719607,2.136956761026523,0.1777874552275425,0.019860561395881056,False,False,True,True,True
1788620445.1638412,1.0660211140308613,11.66273544197654,0.007171938130811813,False,False,True,True,True
1788620445.2667804,0.6706506456732446,3.739292169554456,0.003628681338343448,False,False,True,True,True
1788620445.3748713,1.2486457596775764,5.334973996081306,0.0029062403328790655,False,False,True,True,True
1788620445.466995,3.004279303688452,19.03192847292633,0.01061366612483092,False,False,True,True,True
1788620445.5676491,1.9599277155234305,10.397382198110924,0.01125382751452814,False,False,True,True,True
1788620445.6657016,0.4256112281966411,15.601705261577616,0.006057946763683094,False,False,True,True,True
1788620445.7740881,0.580726864536003,1.4370750404352182,0.0012185249733577658,False,False,True,True,True
1788620445.8687048,0.8240832988698202,2.571486713678344,0.0014382305479571098,False,False,True,True,True
1788620445.966361,0.5327437528153229,2.964720919602397,0.001939415011992777,False,False,True,True,True
1788620446.0647762,0.8761688487707895,3.6056745814962734,0.0022568332370249953,False,False,True,True,True
1788620446.1725593,1.260577837396582,3.5509117888543242,0.0030698080454209754,False,False,True,True,True
1788620446.2750816,0.5138003627084554,7.28440300370682,0.0039059057272254906,False,False,True,True,True
1788620446.3691087,0.544961646756161,0.294158868778137,0.0014908513570027733,False,False,True,True,True
1788620446.463199,0.5189984286976862,0.27565871639261824,0.0010472713389168891,False,False,True,True,True
1788620446.5758789,0.41133057517998495,0.9611996596059745,0.0005490921002108668,False,False,True,True,True
1788620446.6702242,0.8931711354262064,5.119378139315617,0.0010272434911805732,False,False,True,True,True
1788620446.7670822,1.681300334081254,8.216231014002588,0.008555743287611267,False,False,True,True,True
1788620446.860745,2.203773631485441,5.644162647732442,0.007754722041464497,False,False,True,True,True
1788620446.9753022,1.339304725672234,7.270604592044612,0.006692647186555513,False,False,True,True,True
1788620447.0722504,1.413297335055456,0.9632384387844622,0.0044555770299202005,False,False,True,True,True
1788620447.170524,1.281688746951559,1.3460292275420165,0.0035480660495501785,False,False,True,True,True
1788620447.2812054,0.802561089443157,4.3827772528792694,0.0044858761197678785,False,False,True,True,True
1788620447.374138,1.9024700711067897,11.775118400549058,0.008079715838526373,False,False,True,True,True
1788620447.4684162,1.749774287096746,1.686120878477305,0.006071514155652635,False,False,True,True,True
1788620447.5654418,0.22040758802837943,15.95856822853685,0.005146842191295505,False,False,True,True,True
1788620447.6751707,0.8032713395475578,5.306431432153743,0.0015461467637329677,False,False,True,True,True
1788620447.7728865,2.2226396822130337,14.425626055603603,0.00859579937346521,False,False,True,True,True
1788620447.868921,1.8970473097924496,3.5001804868820208,0.008887932248457466,False,False,True,True,True
1788620447.9677541,0.3513199830088391,15.539294798963729,0.007068627587610546,False,False,True,True,True
1788620448.078309,0.8614933127109314,4.622494677218059,0.0021285673964191675,False,False,True,True,True
1788620448.1719186,0.3759850909957195,5.28953703032807,0.0019150601588866607,False,False,True,True,True
1788620448.2701864,1.9033899634756972,15.504750346904997,0.006278682012458071,False,False,True,True,True
1788620448.364326,1.7282605016817665,2.2090001126251524,0.011806736931298198,False,False,True,True,True
1788620448.479705,1.0397193676331171,5.866294380392858,0.009286481695861762,False,False,True,True,True
1788620448.5681505,3.747239536617261,30.660708319622184,0.02203095547208152,False,False,True,True,True
1788620448.674094,0.8006510497740277,27.748764770754722,0.016986742244582957,False,False,True,True,True
1788620448.7654457,1.249376199264251,4.935806278305645,0.0029208873137768327,False,False,True,True,True
1788620448.8825996,0.2714698428929572,8.389088016563758,0.002184559877337355,False,False,True,True,True
1788620448.975205,1.0898997828397687,8.804346604661912,0.001757953614377567,False,False,True,True,True
1788620449.0708492,0.8108874319947342,2.892970036061988,0.0020081770124988144,False,True,True,True,True
1788620449.167293,1.105708862419396,3.0734857784461784,0.003653185014759622,False,False,True,True,True
1788620449.277003,2.599493907060649,13.51450760078418,0.012757150914323265,False,False,True,True,True
1788620449.372782,1.2881836762128605,13.66632694591182,0.012491603082569561,False,False,True,True,True
1788620449.4690697,2.096599455949548,8.319663509303073,0.01330782341116297,False,False,True,True,True
1788620449.5840871,1.211390484381054,7.831151536080085,0.01545592570447557,False,False,True,True,True
1788620449.6766462,1.3820148777318628,1.926215692878866,0.0062899856876259585,False,False,True,True,True
1788620449.772747,1.6937828052382775,3.512085949389763,0.008747438560626491,False,False,True,True,True
1788620449.866703,0.7025059172179239,10.784862751325285,0.004363922980731079,False,False,True,True,True
1788620449.9833524,0.7897742236366571,0.8696832045314576,0.0023164859759280203,False,False,True,True,True
1788620450.0779574,0.551687712076543,2.394293869717892,0.0017437004641267608,False,False,True,True,True
1788620450.17488,1.6464368557274576,11.305705678645614,0.00434638299334294,False,False,True,True,True
1788620450.271687,0.6411345316403774,10.492813749812822,0.006611877233859096,False,False,True,True,True
1788620450.3808117,1.1491009071632197,4.4802151393957095,0.003049649493071598,False,False,True,True,True
1788620450.482105,4.952691099669109,37.52006698030766,0.055190729806824795,False,False,True,True,True
1788620450.5685933,2.4392345965750692,29.2284583735605,0.035142956593221024,False,False,True,True,True
1788620450.670142,2.2196359156406773,2.501654887585798,0.009290478406153572,False,False,True,True,True
1788620450.7862241,0.7600960043273359,12.702340779351564,0.007552783533257074,False,False,True,True,True
1788620450.8807354,5.7126633715565145,52.32139832917989,0.05836281495404963,False,False,True,True,True
1788620450.978683,0.9698555633421924,47.462873464179644,0.049593146454328885,False,False,True,True,True
1788620451.0674484,0.4894779602522326,5.461070327640959,0.0016007749739146426,False,False,True,True,True
1788620451.179687,0.3679529697643526,1.0635492250919802,0.0003866001478211124,False,False,True,True,True
1788620451.2731218,2.8828684802584212,26.90866478902643,0.012036167692083106,False,False,True,True,True
1788620451.3702273,1.072903456202852,18.58231934410229,0.010461949109800526,False,False,True,True,True
1788620451.4663956,0.2558349241638258,8.471740336939808,0.002317473391342212,False,False,True,True,True
1788620451.5783193,0.8735686482337798,5.512869849699052,0.0015704037282934312,False,False,True,True,True
1788620451.678268,0.32240619333119624,5.444980209767923,0.0015789751535220055,False,False,True,True,True
1788620451.792897,0.7232809328076196,3.511339392158721,0.0015899266440984098,False,False,True,True,True
1788620451.8863401,2.4717005944367956,18.81237873087454,0.007729166048309881,False,False,True,True,True
1788620451.9854674,1.5666742497379933,8.8503571274886,0.009759034037960674,False,False,True,True,True
1788620452.0759401,1.0771083658755651,5.588954583868691,0.003790534197814921,False,False,True,True,True
1788620452.1739678,0.7184267028429142,3.586633757375977,0.003475087110560937,False,False,True,True,True
1788620452.2926118,3.1833585905705477,20.783834481052015,0.022160395808246684,False,False,True,True,True
1788620452.3824973,1.739255267695852,16.423936868332774,0.022814592424092686,False,False,True,True,True
1788620452.4788702,2.886363240839896,12.108680928211989,0.022778185635171578,False,False,True,True,True
1788620452.5783663,1.2835604262856475,15.996625342388702,0.01235398904279776,False,False,True,True,True
1788620452.6838868,0.35655595821083796,8.684982172782592,0.0030497877553362055,False,False,True,True,True
1788620452.7847757,1.3318601439234534,9.645040487149775,0.0034454390078786945,False,False,True,True,True
1788620452.8808303,1.0733741918547783,2.9533590627054944,0.00606310483151932,False,True,True,True,True
1788620452.9737303,0.5094092325318177,6.094779565503146,0.0020918705782155787,False,False,True,True,True
1788620453.083209,0.8370741681595192,3.00249706389164,0.0019733988447001353,False,False,True,True,True
1788620453.1845767,1.134359650384296,2.9425152490686495,0.0055261935769439,False,False,True,True,True
1788620453.281293,1.1329062497591846,0.03834445685447093,0.006340357243810679,False,False,True,True,True
1788620453.376899,0.6647817975635014,4.942471474178442,0.002364547327109106,False,False,True,True,True
1788620453.4845538,0.5919924760668385,0.6711292488515335,0.0010320319342461367,False,False,True,True,True
1788620453.5793197,3.5861473880530177,31.535895833625215,0.020343308267893427,False,False,True,True,True
1788620453.6817667,3.2863587220235293,3.0538869863056806,0.021417546328130383,False,False,True,True,True
1788620453.777739,2.058838468801342,12.63077003738355,0.016238836590096686,False,False,True,True,True
1788620453.887175,0.6093338727654071,13.24224605824958,0.005802240638533384,False,False,True,True,True
1788620453.9772496,0.8305389691636177,2.4647913468869445,0.0010499056577309097,False,False,True,True,True
1788620454.0804942,1.1137412819698382,2.948786750979248,0.003888268020985908,False,False,True,True,True
1788620454.1944149,0.7085072863459009,3.546655373425734,0.00492569479018965,False,False,True,True,True
1788620454.290814,2.89944978826818,22.811832043301337,0.011720050617087982,False,False,True,True,True
1788620454.3864346,0.4737897979487396,25.344277472569775,0.015978878199207035,False,False,True,True,True
1788620454.4756935,0.31982974321483737,1.7223115299794929,0.0005817984383785406,False,False,True,True,True
1788620454.5889056,0.309784690019577,0.08272893214409423,0.0004484223041762448,False,False,True,True,True
1788620454.6825526,0.5363123230953059,2.409130473330771,0.0006352892057999628,False,False,True,True,True
1788620454.7904,0.8798283030927129,3.1918555625024125,0.0015293251966799432,False,False,True,True,True
1788620454.8833764,1.8864604470140236,10.80693488686435,0.008632715413984736,False,False,True,True,True
1788620454.992207,0.9950491712618595,8.214926870268203,0.004836294558142468,False,False,True,True,True
1788620455.084694,2.338452902116858,14.42810143623107,0.01480391810793471,False,False,True,True,True
1788620455.1791859,0.35490252303355235,21.01827113578427,0.00778342964773697,False,False,True,True,True
1788620455.2830274,0.28004222180904303,0.7204803144412422,0.00033172054114765444,False,False,True,True,True
1788620455.390324,1.6244134215060897,12.559271228431392,0.005531822799505433,False,False,True,True,True
1788620455.487337,1.304446559826004,3.3711558405496787,0.004771992929351447,False,False,True,True,True
1788620455.5813184,1.0416084472846612,2.750399062868509,0.005493697239930992,False,False,True,True,True
1788620455.67873,0.7992352219143718,2.5642236182775093,0.0035982305333823548,False,False,True,True,True
1788620455.7919433,2.2075104327484585,12.466414647966035,0.00940173101574916,False,False,True,True,True
1788620455.889622,2.368636389366432,1.9702657110121735,0.013038261897053679,False,False,True,True,True
1788620455.9879372,0.8239521598183831,15.719173492989707,0.011490926240685534,False,False,True,True,True
1788620456.0832338,2.8824146171978824,21.39010369362027,0.014892634764411836,False,False,True,True,True
1788620456.192107,0.9287048022087134,17.923458130960093,0.017236407388742252,False,False,True,True,True
1788620456.2900841,1.718390201628292,8.076480365895547,0.0049073932165505105,False,False,True,True,True
1788620456.385298,1.5348952541396694,1.9828923612698748,0.012941177000240094,False,False,True,True,True
1788620456.4933422,0.32933294348502096,11.214979150413392,0.00405735259592539,False,False,True,True,True
1788620456.5844235,0.9242638297635393,6.515890394260648,0.00157494171491024,False,False,True,True,True
1788620456.6817563,0.38419778310267994,5.598516748922353,0.0012964146376526764,False,False,True,True,True
1788620456.7859323,0.31627090741549085,0.6507544774098872,0.00033569279130142045,False,False,True,True,True
1788620456.892742,2.6957831832273706,22.272169123040563,0.01435770113146608,False,False,True,True,True
1788620456.9929292,0.6709784425835751,20.01523584319674,0.012459956825167408,False,False,True,True,True
1788620457.0850668,1.5033855735463257,9.026886126964264,0.005622658314507672,False,False,True,True,True
1788620457.1837091,1.442294124126005,0.6774431977294543,0.0038640280508137575,False,False,True,True,True
1788620457.2988505,0.7707277350274554,5.938916325128844,0.00634957527093708,False,False,True,True,True
1788620457.392721,1.1726646279163522,4.297884902220557,0.001928789254259845,False,False,True,True,True
1788620457.488805,0.21551666166230724,9.944432998736167,0.0018989752461638788,False,True,True,True,True
1788620457.5845487,1.7853115815315677,16.39384401219399,0.005673719638953864,False,False,True,True,True
1788620457.6954472,3.140197064532976,12.491334229935047,0.01698981757994684,False,False,True,True,True
1788620457.7902555,2.5436675962810793,6.231720472698797,0.018252560099179062,False,False,True,True,True
1788620457.8866596,3.354676453631686,8.512615587467009,0.015819532524424657,False,False,True,True,True
1788620457.9842024,0.6031613950823806,28.40043878922549,0.017183196589810736,False,False,True,True,True
1788620458.0897164,3.3294068335965523,25.824403559879332,0.025606094984367868,False,False,True,True,True
1788620458.190682,1.5250222042067763,17.93519955607483,0.017272904352903722,False,False,True,True,True
1788620458.290048,1.7459994783126112,2.010495076749715,0.005295764404505446,False,False,True,True,True
1788620458.3835654,0.8948838547912563,9.187018003550785,0.005241719511309774,False,False,True,True,True
1788620458.4985704,1.0619327675988497,1.3618988470420317,0.002673889672567749,False,False,True,True,True
1788620458.5931895,1.871268010267309,8.554376358940882,0.004571232395915255,False,False,True,True,True
1788620458.6887035,1.561704676870451,3.2853670449277175,0.013639792234608894,False,False,True,True,True
1788620458.7977078,0.5969379574914284,9.128174957726301,0.0035085158646558003,False,False,True,True,True
1788620458.8938468,0.4671910575183991,1.335458593817387,0.0013355759591650823,False,False,True,True,True
1788620458.9896848,0.5640967906598628,1.0357668132293958,0.0011852518396710185,False,False,True,True,True
1788620459.0882547,0.1368594175486288,4.320920486489319,0.0004834979689830588,False,False,True,True,True
1788620459.201594,1.5639301699062047,12.59583061661473,0.005648091707508809,False,False,True,True,True
1788620459.2964623,0.9857307351633792,6.066799254477913,0.004518324881720217,False,False,True,True,True
1788620459.3870137,1.4297857247326973,5.0262044076750305,0.0048742891420228565,False,False,True,True,True
1788620459.4821599,1.7605124967976744,3.6533055182051846,0.007373687289267441,False,False,True,True,True
1788620459.6002116,0.7633324727268465,8.392493288232616,0.00464144206930665,False,False,True,True,True
1788620459.6928878,1.109289626487647,3.809090645590229,0.0017960858251093025,False,False,True,True,True
1788620459.7936509,1.0922962027974064,0.1683276179238462,0.0021447035998153198,False,False,True,True,True
1788620459.8865526,0.542221721455792,5.883149659196306,0.00179013809481111,False,False,True,True,True
1788620460.0000224,0.810335765944791,2.391511014675435,0.0013401882609333036,False,False,True,True,True
1788620460.097302,2.101102159163557,13.047560938935,0.011390148231965588,False,False,True,True,True
1788620460.193252,2.2777292555356543,1.4700321894553898,0.009543904824953318,False,False,True,True,True
1788620460.2851644,2.61611378254221,3.581497313961608,0.026054365935916278,False,False,True,True,True
1788620460.399098,1.0043045127443682,14.18351892580199,0.016554589790245614,False,False,True,True,True
1788620460.4954057,1.6741091413879456,6.990653737790739,0.006096791200716199,False,False,True,True,True
1788620460.593037,1.8898103283660674,2.489804559444368,0.013562154228259685,False,False,True,True,True
1788620460.6877685,0.884153802546053,10.1128501714527,0.007847014131036379,False,False,True,True,True
1788620460.7960443,0.2582535238896304,5.717946751748886,0.0016250817190289044,False,False,True,True,True
1788620460.8885283,1.0391828675213635,8.428313340310666,0.0017231311940163769,False,True,True,True,True
1788620460.988215,0.45807772838138416,5.8391997445181,0.002351298601563901,False,False,True,True,True
1788620461.1063888,0.7607103370066743,2.5882925784365862,0.0013446503470839278,False,False,True,True,True
1788620461.1961548,0.638592727861267,1.3608913939123923,0.0013870260605614794,False,False,True,True,True
1788620461.292608,0.7314243587436937,1.0050250485324175,0.0020900745182905306,False,False,True,True,True
1788620461.3902383,0.823711401786343,1.0140412713579605,0.001252929767324666,False,False,True,True,True
1788620461.5013397,1.057903995284448,2.2146710687658637,0.005022438153431799,False,False,True,True,True
1788620461.5978925,0.45903543165433036,6.2039888141338295,0.0023205567303149024,False,False,True,True,True
1788620461.6948817,0.5888049483735509,1.35596740851499,0.0012394504592015026,False,False,True,True,True
1788620461.7947469,0.5381512676409526,0.5281405399789008,0.0007185169460826957,False,False,True,True,True
1788620461.9027333,0.5964760669490774,0.5495535957455614,0.0009676016431981508,False,False,True,True,True
1788620461.9973638,0.46729834934898407,1.2744643501994841,0.001508644482297465,False,False,True,True,True
1788620462.1008348,1.419095651396556,9.277945641756805,0.00428706676474561,False,False,True,True,True
1788620462.1835704,2.139562707928711,8.661867810359384,0.0054343993830729504,False,False,True,True,True
1788620462.3048818,0.36480899929167226,14.740178494519306,0.005958464697747828,False,False,True,True,True
1788620462.4022,0.7583045662544645,4.0577606416856815,0.0014934839080320299,False,False,True,True,True
1788620462.4992564,0.7767045032940885,0.19413923168729538,0.002308601672377695,False,True,True,True,True
1788620462.5912108,0.959598606096806,1.9766578540241235,0.0027420619025091933,False,False,True,True,True
1788620462.7042906,0.301901029633537,5.864990182268966,0.001586947090934592,False,False,True,True,True
1788620462.8004882,0.5233587484702303,2.288742103387576,0.0007187433471042708,False,False,True,True,True
1788620462.892535,1.5587143285613017,11.165810510784668,0.0056833312436389925,False,False,True,True,True
1788620462.993526,1.474870696742972,0.8694679023416878,0.004163286977127181,False,False,True,True,True
1788620463.107134,0.661364259860172,7.201748618369514,0.003657712214364181,False,False,True,True,True
1788620463.2021775,0.2502339618027631,4.3287318154317855,0.0009779111931989388,False,False,True,True,True
1788620463.2949317,0.29504594044582994,0.477564975619121,0.0002797112673634102,False,False,True,True,True
1788620463.4078515,0.7805612084708843,4.304446789041848,0.0014635759284705612,False,False,True,True,True
1788620463.5015962,0.7816119509596987,0.06839058368115393,0.0014373855581779555,False,False,True,True,True
1788620463.6014333,0.5362005802454155,2.415440949595963,0.0017739844534580104,False,False,True,True,True
1788620463.6963394,0.40277682770075895,1.3967300497570083,0.000996383516941824,False,False,True,True,True
1788620463.8004034,1.785379170987083,13.298552279796182,0.007853952751883055,False,False,True,True,True
1788620463.9004612,1.7070811688874117,0.6698921760576048,0.00608617157883037,False,False,True,True,True
1788620464.001515,1.627876106463172,0.5413664496171342,0.014640894215826745,False,False,True,True,True
1788620464.092777,0.3814898348981344,13.685553579429223,0.004774129223608477,False,False,True,True,True
1788620464.207563,0.9268079244134223,4.7429290736215535,0.002689565562381622,False,False,True,True,True
1788620464.3062475,0.3856036865982693,5.487189815312932,0.0022046432673259045,False,False,True,True,True
1788620464.3962317,1.071652638801147,7.5248482575491575,0.0015290187778280884,False,False,True,True,True
1788620464.4921618,0.4220822738016892,6.761831400115264,0.0023251786292917765,False,False,True,True,True
1788620464.6096587,1.9574193354514322,13.025785995115559,0.008793502734958977,False,False,True,True,True
1788620464.7017457,1.8736650646308104,0.8453239468319923,0.009666481489059164,False,False,True,True,True
1788620464.802546,0.47015239518068375,13.638015146627032,0.006479952226793269,False,False,True,True,True
1788620464.8870442,0.2030745755414456,3.157757726474699,0.0005045595207024637,False,True,True,True,True
1788620465.001365,1.231164421559616,8.986013134751694,0.0038347403126020134,False,False,True,True,True
1788620465.1061559,0.6846068849468245,5.3023468404905545,0.004027469465536988,False,False,True,True,True
1788620465.1983397,0.8251788116796805,1.385011355115111,0.0027741042868248402,False,False,True,True,True
1788620465.297695,0.7658731246633305,0.5972458222246303,0.0020520313979839567,False,False,True,True,True
1788620465.4037476,0.20101790793578622,5.368062292533502,0.0009887734256608404,False,False,True,True,True
1788620465.503377,1.5469250262762264,13.493519792541433,0.004695493764483457,False,False,True,True,True
1788620465.597858,0.30210421764074086,13.455723540645218,0.004312200736596178,False,False,True,True,True
1788620465.7133052,1.9572508367141503,14.338928884531082,0.009550979700661188,False,False,True,True,True
1788620465.8064198,1.1437083870475442,8.479310047701025,0.011404760284915562,False,False,True,True,True
1788620465.903172,0.38380095832388156,7.812673154459568,0.0018616014889890429,False,False,True,True,True
1788620465.9982464,1.8434579634522814,15.289871846536297,0.00635962515972984,False,False,True,True,True
1788620466.1147828,1.5230644410824203,2.728171382836081,0.0063710161407182185,False,False,True,True,True
1788620466.2068524,1.5128418058043787,0.12150000653720956,0.006246740197761766,False,False,True,True,True
1788620466.3057752,0.2773561861812523,12.419707126768639,0.003248268808209662,False,False,True,True,True
1788620466.3992023,0.5924519309196175,3.403504442923905,0.0008442039568957484,False,False,True,True,True
1788620466.512367,2.2975537110955497,15.047941214789786,0.014852736718966883,False,False,True,True,True
1788620466.6116326,0.5242585456662892,17.99422705824935,0.01438763889332837,False,False,True,True,True
1788620466.7053797,4.179432660807122,39.00428807462131,0.025698736979092036,False,False,True,True,True
1788620466.8000157,4.061520934847748,1.2946487642924809,0.028620010658763302,False,True,True,True,True
1788620466.9084222,0.4757016379764257,32.942570215570996,0.02705715998728189,False,False,True,True,True
1788620467.0107644,3.9576091843606664,33.95990057863217,0.03030737428473496,False,False,True,True,True
1788620467.1006417,1.3273795970965994,28.90067903565947,0.027620299943552206,False,False,True,True,True
1788620467.2022407,3.447978901901955,21.141490990605906,0.02879957237773846,False,False,True,True,True
1788620467.3104036,1.8237169186655569,14.99923013431673,0.03804690596676316,False,False,True,True,True
1788620467.4041252,0.8258859283526223,10.684020050861882,0.006515821949060529,False,False,True,True,True
1788620467.5025074,2.5872279000047707,17.925056677701285,0.016543873752677213,False,False,True,True,True
1788620467.5923824,0.966711257851156,18.42525150480626,0.010359223255856722,False,False,True,True,True
1788620467.71418,0.37348701672653484,4.898275030556667,0.0017704731417916863,False,False,True,True,True
1788620467.8072746,0.7018804916350635,3.5252705649927423,0.0009013759870931117,False,False,True,True,True
1788620467.9031906,0.5717057803055396,1.344703802466743,0.0012208552736243442,False,False,True,True,True
1788620468.0166008,1.0798755268001399,4.492445615194223,0.004354511518274172,False,False,True,True,True
1788620468.112011,1.5025303309283373,4.398226538045603,0.003498602017929282,False,False,True,True,True
1788620468.2093341,0.9165578925378625,6.03856915358484,0.0035670252824510193,False,False,True,True,True
1788620468.3032322,1.240764262940497,3.3993979130079173,0.005367939662073218,False,False,True,True,True
1788620468.4176323,1.8500865498820085,5.336400569110278,0.015016828651038686,False,False,True,True,True
1788620468.512434,0.6829824167082801,12.242793618047271,0.006506555493700115,False,False,True,True,True
1788620468.6062772,2.7497334889576575,22.015753580731992,0.015854378367193406,False,False,True,True,True
1788620468.7049236,1.0670797314468794,17.446384326322445,0.01614064172311856,False,False,True,True,True
1788620468.813542,0.8968138708908493,1.595548345356712,0.002071801583191787,False,False,True,True,True
1788620468.9134896,3.7129561165539364,28.16919144118168,0.02300830897198603,False,False,True,True,True
1788620469.0007975,0.5429771620984545,36.03398914091315,0.02213488935227574,False,False,True,True,True
1788620469.1047003,0.7924165579350932,2.5152161967227946,0.001176600018557643,False,False,True,True,True
1788620469.2202082,0.9073898316390204,0.9631428057778759,0.004232842377506276,False,False,True,True,True
1788620469.312226,0.5841676845931593,3.8618660234262525,0.0025952174182619033,False,False,True,True,True
1788620469.4094799,3.1022807722858867,25.85260747232321,0.017069918948301233,False,False,True,True,True
1788620469.5057316,1.811439909497008,13.608176740032855,0.01322200579583248,False,False,True,True,True
1788620469.6138718,0.9064374616971811,8.377640187333332,0.004748371883042948,False,False,True,True,True
1788620469.7127583,1.0492633642007003,1.529554750009543,0.00307757062460954,False,False,True,True,True
1788620469.8063173,1.4191734605052762,4.012432681908038,0.003983401314066097,False,False,True,True,True
1788620469.8999653,1.0381084482414153,3.977408638788547,0.006583849360991085,False,False,True,True,True
1788620470.0170662,2.6242705732811613,13.682395077506378,0.01444504179079005,False,False,True,True,True
1788620470.1138601,1.4764010086853312,11.78751750215499,0.015251460874367354,False,False,True,True,True
1788620470.2093468,2.2481385180296094,8.326843850700955,0.006739938661244018,False,False,True,True,True
1788620470.314894,0.8669314421941566,12.663537248800193,0.012723783640013126,False,False,True,True,True
1788620470.4064138,2.379546191389407,16.821876047619234,0.014363162950713238,False,False,True,True,True
1788620470.508331,3.686572503764483,12.844659479615219,0.02173609851593459,False,False,True,True,True
1788620470.6708827,1.526348933035046,14.253461684051207,0.034193211983176985,False,False,True,True,True
1788620470.7217834,6.11540434015482,90.27384632419417,0.04277332687378815,False,False,True,True,True
1788620470.8166087,2.486012746148951,38.92479290103525,0.04153354276391675,False,False,True,True,True
1788620470.9909396,1.7094822168147634,4.493926126003557,0.014398405067866134,False,False,True,True,True
1788620471.0808332,1.1869104071134642,5.801384384224662,0.024053175281990503,False,False,True,True,True
1788620471.1661625,0.37491203233144926,9.538264073751204,0.0019315700667565856,False,False,True,True,True
1788620471.2426314,0.16842071841502562,2.713066349270605,0.00024757134540560866,False,False,True,True,True
1788620471.316106,0.36792390787770557,2.7117203229042066,0.00020029246494625852,False,False,True,True,True
1788620471.4085622,0.2676006308795929,1.0806934058190427,0.00015634189396501605,False,False,True,True,True
1788620471.5109155,0.7133132296034475,4.324874548100057,0.0013249164839872235,False,False,True,True,True
1788620471.6093557,0.30809708533794966,4.125605421655802,0.0013651889129733701,False,False,True,True,True
1788620471.7075174,0.26918097860246815,0.40890525968196784,0.0002413797330495021,False,False,True,True,True
1788620471.8076065,0.5156226489339465,2.44992116730589,0.0004209861138676763,False,False,True,True,True
1788620471.9129229,0.8896519111392801,3.5328880252852026,0.0013487565001532333,False,False,True,True,True
1788620472.0114667,0.35547447230419743,5.486322042760556,0.0017248750872541879,False,False,True,True,True
1788620472.109279,1.1190672605643834,7.77799886753322,0.0027632089723877797,False,False,True,True,True
1788620472.2089186,0.9315625740865733,1.957117567599583,0.004216052940603379,False,False,True,True,True
1788620472.3172357,0.6008990636293904,3.067125322092126,0.0014975488579743491,False,False,True,True,True
1788620472.421125,0.3530727394845152,2.4043616451241987,0.001012083125478871,False,False,True,True,True
1788620472.5112305,0.7438486769914031,4.323623741410269,0.001060398495181661,False,False,True,True,True
1788620472.6242375,0.17613833999240872,5.060489593947697,0.000920213435136152,False,False,True,True,True
1788620472.7188513,0.3710656578131854,2.0606575568266154,0.0003120334502509932,False,False,True,True,True
1788620472.816941,0.4816483108396617,1.1218565545117083,0.0003631347728726694,False,False,True,True,True
1788620472.9166193,0.45349311534184855,0.30028900471201103,0.0007797638846450299,False,False,True,True,True
1788620473.0333657,0.1995256557308555,2.190855746048904,0.0005666600660242682,False,False,True,True,True
1788620473.1244423,0.326294663408586,1.3935544655818937,0.00035540694692736346,False,False,True,True,True
1788620473.220658,0.29205579499662687,0.3507095290247916,0.0004153985237275849,False,False,True,True,True
1788620473.3084052,0.49670386683747897,2.3532828875633713,0.0006572594487076384,False,False,True,True,True
1788620473.4182818,0.16361872682780618,3.0130706084411654,0.0004204571968545028,False,False,True,True,True
1788620473.5080907,0.2985018119341389,1.5058748575017338,0.00019078438962560632,False,False,True,True,True
1788620473.624167,0.15065744540646503,1.2713144806347745,0.0001476643032007942,False,False,True,True,True
1788620473.7555716,0.23622075576850823,0.6622499423840323,0.00026540592030588057,False,False,True,True,True
1788620473.8995337,0.09046376226639323,1.0045551586391601,0.0002044256983787899,False,False,True,True,True
1788620474.0079525,0.2384597531711097,1.375890160387584,0.00015952375830596108,False,False,True,True,True
1788620474.092412,0.4245901101943371,2.2171064100466586,0.00036063273041717455,False,False,True,True,True
1788620474.1766102,0.955284739349045,6.300296807295385,0.0010486337390715591,False,False,True,True,True
1788620474.2478554,0.7549822819013314,2.720982090068304,0.0009589582723539163,False,False,True,True,True
1788620474.3476353,0.23317224166756534,5.240941104955955,0.0006095836461046961,False,False,True,True,True
1788620474.432834,0.18346098753887158,0.5954145649439379,0.00013353055221853596,False,False,True,True,True
1788620474.5243182,0.24254705245131578,0.6383074480035353,0.00016601939873787664,False,False,True,True,True
1788620474.624205,0.25665157757972173,0.12017983009926028,0.00023788881244400629,False,False,True,True,True
1788620474.7246127,0.3566603234467736,0.988721956288397,0.0003504164109640117,False,False,True,True,True
1788620474.8877811,0.09661040318485523,1.5943181291853563,0.000287111719285895,False,False,True,True,True
1788620475.0070765,0.6838139646358298,4.926179188773463,0.0013081095637459807,False,False,True,True,True
1788620475.090002,1.0965968820282364,5.07190746978759,0.0017768971443516558,False,False,True,True,True
1788620475.180057,1.0441198548703468,0.39187272536620027,0.001870916706111692,False,False,True,True,True
1788620475.2743008,1.9511598556580492,9.819406760884766,0.010755953028528905,False,False,True,True,True
1788620475.3678334,0.7978769199698723,11.796759434690818,0.0061124082989033246,True,False,True,True,True
1788620475.4489708,0.7332414809485601,0.7659049816106718,0.0019228971896230415,False,False,True,True,True
1788620475.5394893,0.8162088031373966,0.9538709748788169,0.0023029283651046792,False,False,True,True,True
1788620475.6377735,1.1861559861416986,3.7800752550543626,0.00215498499454472,False,False,True,True,True
1788620475.7248669,0.11558959579256863,12.295838358813088,0.0024764096412933662,False,False,True,True,True
1788620475.8194077,0.4329598159346472,3.358557511865306,0.0004021285284449892,False,False,True,True,True
1788620475.9244077,0.5629440433114367,1.2231340756587687,0.0006299495399788651,False,False,True,True,True
1788620476.0172627,0.4695145430908703,1.0335010800501991,0.0014142291036293166,False,False,True,True,True
1788620476.1259835,0.45408620159319146,0.16724422442170414,0.0005398482276550314,False,False,True,True,True
1788620476.224387,0.5498315123827804,0.9812438295478958,0.0006666272899704937,False,False,True,True,True
1788620476.3208883,1.4405208582460254,9.228447173931391,0.0033408114490165205,False,False,True,True,True
1788620476.4155946,0.2627787660659488,12.5600489879138,0.003503582813617469,False,False,True,True,True
1788620476.5282042,1.3541172603165599,9.67951246888843,0.00415610825898505,False,False,True,True,True
1788620476.6381829,0.5701406552974772,7.152965552454155,0.004056469464042847,False,False,True,True,True
1788620476.7298071,0.9925270737608787,4.493638747811092,0.0015676600817985684,False,False,True,True,True
1788620476.814738,0.968297263865403,0.5375275690680065,0.004090336889211926,False,False,True,True,True
1788620476.9335575,0.5547560048548918,3.465803144660922,0.0011182283320973782,False,False,True,True,True
1788620477.0245054,0.5176855284398993,0.4058207635160418,0.0012257183264953704,False,False,True,True,True
1788620477.1243582,0.18453180461004412,3.3405319908159465,0.0005176903972197562,False,False,True,True,True
1788620477.2248988,0.5319817528126468,3.443828678196182,0.0006102646782843564,False,False,True,True,True
1788620477.3256936,0.4464635015172707,0.8821519096395813,0.001228688830243164,False,False,True,True,True
1788620477.4285598,1.6312727354651293,11.529446980324288,0.005395524043172796,False,False,True,True,True
1788620477.5253887,1.2299875824259956,4.02755631797526,0.009973510550217493,False,False,True,True,True
1788620477.645098,0.6896419858026618,4.48608852625676,0.002990925263214991,False,False,True,True,True
1788620477.7555223,0.2097896322242968,4.331014861657281,0.0013633668647228365,False,False,True,True,True
1788620477.8597665,1.411090414063453,11.538354171705555,0.004158209795117605,False,False,True,True,True
1788620477.9554112,1.1356978844613212,2.8305738041329285,0.003525371566649024,False,False,True,True,True
1788620478.0482159,0.37319683880325866,8.135393503127348,0.0020862343016333756,False,False,True,True,True
1788620478.1465535,0.6394782952940712,2.7461805911669095,0.0010106660241598598,False,False,True,True,True
1788620478.2353966,1.8190676991428254,13.244713146270476,0.007077665376305821,False,False,True,True,True
1788620478.330613,1.019105742805865,8.408901826206783,0.009327973583428701,False,False,True,True,True
1788620478.4410067,0.6944775441915075,2.9300020992511477,0.0015824207655850786,False,False,True,True,True
1788620478.5273972,0.8200396727946834,1.4581834378314251,0.0015720475671528612,False,False,True,True,True
1788620478.6204088,0.35327396658626414,4.895290788151838,0.0011088371744155713,False,False,True,True,True
1788620478.7199843,0.9106218470249737,5.562700153383382,0.0015663081244458074,False,False,True,True,True
1788620478.8290007,0.5303735905413374,3.514372480924493,0.0013317885383081474,False,False,True,True,True
1788620478.9286234,0.6134060966839403,0.8448036176500521,0.0017515348844717668,False,False,True,True,True
1788620479.0284224,0.3654533651323056,2.5039433905748356,0.0007591350189501588,False,False,True,True,True
1788620479.1355324,0.16039226081110583,1.914849802316194,0.0002248986740919502,False,False,True,True,True
1788620479.2284749,0.42013126274497753,2.8113423564356737,0.000407319090975648,False,False,True,True,True
1788620479.3337984,0.1766030471866845,2.306717056659864,0.00041942797956019326,False,False,True,True,True
1788620479.425466,1.2637090744633752,11.864828375371381,0.002553750377708501,False,True,True,True,True
1788620479.531703,0.7069990056382942,5.274130600277351,0.002211579325517766,False,False,True,True,True
1788620479.6306174,1.0740028368826449,3.6834764164811102,0.004659629056573541,False,False,True,True,True
1788620479.7279809,0.41668749483193546,6.76852208040127,0.002984303015158623,False,False,True,True,True
1788620479.8208766,0.2381709367560809,1.9360122835658762,0.0004639542069158819,False,False,True,True,True
1788620479.9297955,0.15179546238134753,0.8011871395163893,0.00010199606080873476,False,False,True,True,True
1788620480.0355425,0.2947491763229684,1.3491182111023605,0.00024200441323186407,False,False,True,True,True
1788620480.1306746,0.7337003166463839,4.603426617246283,0.0006907332993423638,False,False,True,True,True
1788620480.230411,0.23209145035336914,5.0700551137344,0.000878694479675097,False,False,True,True,True
1788620480.3352838,0.28777041049653374,0.5165610500129137,0.0001997638641981744,False,False,True,True,True
1788620480.4354527,0.16094592299422922,1.2739817948519232,0.00025811897484461323,False,False,True,True,True
1788620480.5307264,0.16172937192175485,0.012362142759729222,6.616528487024992e-05,False,False,True,True,True
1788620480.618508,0.7055746953952718,6.1958400434877,0.0007277866378090859,False,False,True,True,True
1788620480.7354307,0.9529626453424428,2.1463105280685686,0.0017666368264525466,False,False,True,True,True
1788620480.8407948,0.24615175835444286,6.682547115383283,0.0021053039275054485,False,False,True,True,True
1788620480.949265,0.24189975261469007,0.022692626213610487,0.0002535757599693516,False,False,True,True,True
1788620481.0552645,0.6632433822914204,4.0432056873956785,0.0013053619551927761,False,False,True,True,True
1788620481.157597,0.4478479765301787,2.11076286782727,0.001335642976715394,False,False,True,True,True
1788620481.267601,0.8481591647349835,3.6543798631225246,0.0025798533749705715,False,False,True,True,True
1788620481.3540924,0.22930032757484536,7.092552803847998,0.0017750841614961772,False,False,True,True,True
1788620481.4559479,0.9838150160947374,7.3801478661800495,0.0018498515288436317,False,False,True,True,True
1788620481.5565464,0.4858590368978482,4.859278723232017,0.001488722581881438,False,False,True,True,True
1788620481.655186,1.3022757670834118,8.309918994629598,0.004775204287123818,False,False,True,True,True
1788620481.7672944,0.2675168551978354,9.159180055689731,0.0035661604396137114,False,False,True,True,True
1788620481.8655853,0.5455389256359591,2.8340113376099416,0.0008905913826756641,False,False,True,True,True
1788620481.955459,0.8645987328907141,3.444486796065206,0.0016482871604082499,False,False,True,True,True
1788620482.0396008,1.813821065863086,11.308197516518918,0.00467157672657237,False,False,True,True,True
1788620482.1332884,1.333084770615847,5.463711260403763,0.004311684923144976,False,False,True,True,True
1788620482.2376685,1.3609197335446057,0.3799780577305282,0.005051887509262634,False,False,True,True,True
1788620482.3503263,0.7906227912724749,5.02947871464905,0.005452816976788429,False,False,True,True,True
1788620482.4456117,1.2070978872678086,4.417397595713613,0.002951148612018868,False,False,True,True,True
1788620482.538849,1.1094124348379777,1.0918038465185107,0.002755992504223963,False,False,True,True,True
1788620482.6354735,0.6777341195485892,4.42322223335656,0.001633127971798764,False,False,True,True,True
1788620482.7353451,0.7033131730592123,0.19213573695892625,0.002470548264466785,False,False,True,True,True
1788620482.8335142,0.3888252766673953,3.2199583320336487,0.0013740477020422748,False,False,True,True,True
1788620482.928924,0.32817121227663815,0.6515119691898005,0.0005017060690727096,False,False,True,True,True
1788620483.0357127,1.2560365388131263,8.714011097770005,0.0034251361935088063,False,False,True,True,True
1788620483.1355693,1.5685070267688104,3.1478976408580785,0.004533355127424128,False,False,True,True,True
1788620483.2323895,0.4139607375051567,11.840817891890516,0.005740008486098617,False,False,True,True,True
1788620483.3323393,0.5240891902134031,1.1111094714454222,0.0005066378821138752,False,False,True,True,True
1788620483.6954243,1.462381959166175,2.5670490696240438,0.05692352668122757,False,False,True,True,True
1788620483.7934074,6.03221180546405,46.75133685345213,0.17471103663760407,False,True,True,True,True
1788620483.8870113,1.1953971814708597,52.18060066244596,0.058569975628045896,False,False,True,True,True
1788620483.965444,2.5006170433757906,16.59609186540607,0.008066907376130247,False,False,True,True,True
1788620484.0464373,2.3147554898743308,2.8622211812416336,0.020314018639742505,False,False,True,True,True
1788620484.1487663,4.409083608342061,20.101649271378463,0.03046222897064269,False,False,True,True,True
1788620484.247999,1.1013155097928755,33.30382931215371,0.031195751941637043,False,False,True,True,True
1788620484.3423657,1.3791713445891494,3.1044366470460742,0.007658264526819305,False,False,True,True,True
1788620484.4532468,1.054593199849675,3.149346122569359,0.003834871651784466,False,True,True,True,True
1788620484.5487013,5.5880871091782565,47.4959266752954,0.06054817619984302,False,False,True,True,True
1788620484.6491323,0.9891921943845309,46.860555874299784,0.05277674614637908,False,False,True,True,True
1788620484.7400017,0.45623595603644507,5.944324229534391,0.0020800259860226326,False,False,True,True,True
1788620484.825336,2.3433495420263535,22.10725736097068,0.008810041054858142,False,False,True,True,True
1788620484.90833,1.017084131975398,15.927783775594229,0.005457275115391101,False,False,True,True,True
1788620484.9884892,1.9056035779620908,11.064503840903638,0.0035802718392757716,False,False,True,True,True
1788620485.081195,3.712637355535539,19.797209449833193,0.031487919421035654,False,False,True,True,True
1788620485.1651034,1.3193699469355118,28.5471420112085,0.017136872736660428,False,True,True,True,True
1788620485.2471042,1.8118656031193106,6.368316265245683,0.007785122173567956,False,False,True,True,True
1788620485.3404694,0.549413300714541,13.485944398040253,0.005487737653328291,False,False,True,True,True
1788620485.4255445,4.696414365754287,48.718676480549334,0.02991722938994672,False,False,True,True,True
1788620485.5305917,0.700701506617488,38.293883178766606,0.03068796002720827,False,False,True,True,True
1788620485.6397758,0.788131322316584,0.6308225895018438,0.0015468462346724169,False,False,True,True,True
1788620485.7466006,3.5871005296390224,26.164843430890194,0.02622805902438241,False,False,True,True,True
1788620485.8513417,2.815192424743527,6.5528889507492405,0.0216874766376513,False,False,True,True,True
1788620485.9463813,2.714253256844859,1.0330974100265908,0.041387576182401006,False,False,True,True,True
1788620486.0595572,1.0002362227826165,15.127859586307355,0.009828810945014413,False,False,True,True,True
1788620486.1501102,0.863760322261377,1.5132719387930724,0.0025363222247996634,False,False,True,True,True
1788620486.2430804,2.9006903119804517,21.809169333578662,0.012895191155534792,False,False,True,False,False
1788620486.335551,4.640538998504568,18.57743103857244,0.06524418199965354,False,False,True,False,False
1788620486.4269433,5.816899147004428,13.680660569106829,0.04471928038972961,False,False,True,False,False
1788620486.5135462,0.5148117242306605,60.089725520204304,0.0510210962286933,False,False,True,False,False
1788620486.6051283,4.477148777400568,43.27004601812038,0.030774423441110525,False,False,True,False,False
1788620486.6865358,1.3333190975213098,38.576422755651315,0.02891824725797177,False,False,True,False,False
1788620486.7794173,1.8257024317539503,5.201654724100179,0.007014609145768809,False,False,True,False,False
1788620486.8654633,4.5129672903611135,31.127933100978566,0.025169890441636346,False,False,True,False,False
1788620486.9574907,3.3098283895456353,15.002485195238467,0.05322521245215769,False,False,True,False,False
1788620487.0533652,0.9955580748154902,24.203744908075837,0.022699380257785142,False,False,True,False,False
1788620487.1467602,2.3705902995898027,14.996507269569223,0.011191287907881094,False,False,True,False,False
1788620487.2401435,2.1538930442136257,2.3856041866139726,0.010400131905315678,False,False,True,False,False
1788620487.3228567,0.44547554753360413,21.0177305479985,0.007647197604547037,False,False,True,False,False
1788620487.4157257,1.882328079418804,15.45165412826477,0.005870566952860947,False,False,True,False,False
1788620487.5065246,5.56120866796485,40.59058573759294,0.036807141505727545,False,False,True,False,False
1788620487.596257,3.9426664854895566,17.843876009785987,0.036281894913124044,False,False,True,False,False
1788620487.685451,0.6433426693002824,36.64840081804608,0.020262298486931927,False,False,True,False,False
1788620487.7753336,7.911597716122166,80.86686214619745,0.09590009247526511,False,False,True,False,False
1788620487.8759224,2.5650643676632536,53.06422036618726,0.0715153626261693,False,False,True,False,False
1788620487.9824233,0.7262547205008644,16.910953653052395,0.013729746318757861,False,False,True,False,False
1788620488.0654774,3.036024852881648,27.87589307969625,0.014024320726627477,False,False,True,False,False
1788620488.167832,3.4260509962202343,4.052283120092612,0.01915828646266511,False,False,True,False,False
1788620488.2554393,1.6043640842770945,20.938092643593215,0.03526458185742373,False,False,True,False,False
1788620488.34521,1.0373823176899406,6.320880892194451,0.004256503468074763,False,False,True,False,False
1788620488.441356,3.436057355837206,24.9946610088947,0.022504055332577426,False,False,True,False,False
1788620488.5273805,1.2783274662856763,24.708194811129747,0.02419658960405232,False,False,True,False,False
1788620488.6157002,2.9470088464334183,18.94040151068152,0.014580073202251171,False,False,True,False,False
1788620488.7132487,1.147235775522756,18.365641678698616,0.009960266424784927,False,False,True,False,False
1788620488.8052623,1.0956278163821873,0.6833030074340563,0.005929809785973896,False,False,True,False,False
1788620488.904285,0.33204851142115815,7.769104688246103,0.0018661575467175035,False,False,True,False,False
1788620488.9900653,11.26227132626383,127.41144277426824,0.1768720910222848,False,False,True,False,False
1788620489.0819836,3.743912804221792,82.8998795885655,0.1359339305350853,False,False,True,False,False
1788620489.1753478,5.560349950221058,19.09864703518593,0.10365615598608469,False,False,True,False,False
1788620489.2600095,1.933881660817629,43.40269965338184,0.04014557495836,False,False,True,False,False
1788620489.3551402,2.4610334448391527,5.81694937968617,0.021003504420028685,False,False,True,False,False
1788620489.4265904,3.767182414342132,18.362089652303347,0.012278635874460288,False,False,True,False,False
1788620489.516568,4.350442203423731,6.393085787095274,0.06028614492564094,False,False,True,False,False
1788620489.6064217,2.4186866196216212,22.379768841495025,0.02401665204312761,False,False,True,False,False
1788620489.6887455,3.7578583549400304,16.144284364743214,0.03118608892984384,False,False,True,False,False
1788620489.7664006,3.131304463798678,7.966392514191386,0.016272268365643015,False,False,True,False,False
1788620489.8393056,4.044272776839859,12.41101641124342,0.013495544935841694,False,False,True,False,False
1788620489.925155,1.9227254397180475,24.832603141479492,0.013080936830665324,False,False,True,False,False
1788620490.0171573,2.2786009763015294,3.8021969593897875,0.015339823889670269,False,False,True,False,False
1788620490.1097698,1.6952441579339497,6.213972736909302,0.01767113317259913,False,False,True,False,False
1788620490.2090833,2.928807963825644,12.35230838359631,0.027187510565285167,False,False,True,False,False
1788620490.2930675,2.2260585213927016,8.299395661052667,0.0133860261690283,False,False,True,False,False
1788620490.3743377,0.5367225589867469,21.14751566928625,0.00698569544679226,False,False,True,False,False
1788620490.4704967,1.0117460815755475,4.9476921946306955,0.0015154335204627962,False,False,True,False,False
1788620490.5523846,4.841874866143556,46.79908512623997,0.026701983613738784,False,False,True,False,False
1788620490.625921,4.512986351704602,4.608167296719281,0.06837722761885306,False,False,True,False,False
1788620490.7077541,2.390353392275832,25.921685570361387,0.01485856452766479,False,False,True,False,False
1788620490.7892818,3.6543108356667062,15.411345398148992,0.032293150811375834,False,False,True,False,False
1788620490.8698938,3.666921454758052,0.025208186848627915,0.01634917743025955,False,False,True,False,False
1788620490.9534614,1.0802034263391698,30.921797499094723,0.017256457761237073,False,False,True,False,False
1788620491.0340998,2.399082880244095,16.287485274468523,0.007489966645122517,False,False,True,False,False
1788620491.1259139,3.4906533775559474,12.208250356941537,0.033311491736886,False,False,True,False,False
1788620491.2009513,1.2445173001393588,29.48409089031311,0.014528659312639101,False,False,True,False,False
1788620491.291711,0.7014541315428114,5.940646483112085,0.0030540324812169785,False,False,True,False,False
1788620491.3691957,2.8624891852861087,28.006616698333193,0.011110874732387165,False,False,True,False,False
1788620491.4535248,2.018240912620931,10.020864914775945,0.00866857892945396,False,False,True,False,False
1788620491.537781,1.0919021711451593,11.032134730135617,0.003975528284403158,False,False,True,False,False
1788620491.6350188,0.7209910188740971,3.8410553634413245,0.0022801370603997293,False,False,True,False,False
1788620491.7350287,2.221843511029626,14.99466170545014,0.010767892497680525,False,False,True,True,True
1788620491.807613,2.8082073552810076,7.627042803495135,0.008375679163810969,False,True,True,True,True
1788620491.8957367,1.6910083494625896,12.65084894624837,0.015643288379032946,False,False,True,True,True
1788620491.97415,0.5828915105801883,14.05679351059826,0.005459287026312697,False,True,True,True,True
1788620492.0606558,1.312146909998262,8.449959063574243,0.0021586449980838776,False,False,True,True,True
1788620492.1495805,0.42687482022726553,9.81752659847789,0.003155633818546234,False,False,True,True,True
1788620492.2248757,1.4310830028853,13.39470991575677,0.0017920501716634791,False,True,True,True,True
1788620492.3194673,1.210406764524719,2.3457394564897256,0.004583255805729352,False,False,True,True,True
1788620492.3984983,1.0442008011609265,2.1782458019169706,0.004027614730080777,False,False,True,True,True
1788620492.4906926,4.56887653813939,38.184512530210704,0.03902881974865382,False,False,True,True,True
1788620492.5851886,3.3911755251356386,12.421531901196078,0.07376103004521788,False,False,True,True,True
1788620492.6667678,0.9346632753434718,29.801438583834784,0.0173439464349923,False,False,True,True,True
1788620492.7485554,5.928585843635385,61.10524622352733,0.04556884940404871,False,False,True,True,True
1788620492.841406,1.6420946544198691,46.19845614292214,0.03628814223678217,False,False,True,True,True
1788620492.933578,2.6344161291160306,11.05070133281424,0.020675927298704065,False,False,True,True,True
1788620493.0142167,1.2211759651301741,17.456744420871136,0.00899587739786949,False,False,True,True,True
1788620493.1017845,8.119438111294096,78.85189191237914,0.10841124636106338,False,False,True,True,True
1788620493.2015712,1.0247434169361254,71.59306309410704,0.09202107812964933,False,False,True,True,True
1788620493.2953234,9.553366362476218,90.64791367030824,0.1399905356896968,False,False,True,False,False
1788620493.3906336,12.013953018609222,25.599778696807775,0.19736588096042407,False,False,True,True,True
1788620493.4817562,1.922453460476451,112.63722223376281,0.2729726200967598,False,False,True,True,True
1788620493.572583,1.5895275572865823,3.719630243744612,0.004917765871466554,False,False,True,True,True
1788620493.6576939,1.0333286763687983,6.283147275212161,0.0062272079188388585,False,False,True,True,True
1788620493.7436447,1.3686630762138492,4.07040947127022,0.002571046239800414,False,False,True,True,True
1788620493.8338895,0.4701162329664698,9.748491327407107,0.0026600981541117998,False,False,True,True,True
1788620493.9243524,1.4224287806905254,10.610189398452583,0.0038669022512943093,False,False,True,True,True
1788620494.014496,0.556028464890511,9.487548103502126,0.003299865862635361,False,False,True,True,True
1788620494.090379,0.2520598681426455,3.9283629949283037,0.0005405775729505265,False,False,True,True,True
1788620494.1968307,3.0791028029788206,26.575289231907483,0.020996655573402075,False,True,True,True,True
1788620494.2872715,1.1725759578545303,20.859666505875026,0.027345453183400294,False,False,True,True,True
1788620494.3748767,3.304041895428712,24.31259753266233,0.014202501890503302,False,False,True,True,True
1788620494.463205,0.20095529107281854,35.05461569324464,0.0154336518658671,False,False,True,True,True
1788620494.5648308,1.7009019415198325,14.77278421403962,0.006416915806073539,False,False,True,True,True
1788620494.6629481,0.15932491412989452,15.768340841634007,0.00597301786026946,False,False,True,True,True
1788620494.7552118,1.1161240206837746,10.368060021787635,0.0020965851241816122,False,False,True,True,True
1788620494.8496275,1.5966295305399114,5.1074382326233865,0.004161100658508046,False,False,True,True,True
1788620494.9377139,0.4358894936040505,13.405415485491424,0.004292622615928031,False,False,True,True,True
1788620495.0214052,1.4483888252531405,11.896874852823704,0.003013085875150052,False,False,True,True,True
1788620495.127743,1.619570443890245,1.8862793437532142,0.00982825230994613,False,False,True,True,True
1788620495.2129257,2.474833333074525,9.914958185389626,0.008310697588274159,False,False,True,True,True
1788620495.3112772,2.634049381895564,1.5094807947450075,0.03028136222406613,False,False,True,True,True
1788620495.3975341,6.020621835004198,39.778948796532624,0.039432983174528057,False,False,True,True,True
1788620495.4882863,1.103089142412341,54.88383935114037,0.055654438068906256,False,False,True,True,True
1788620495.592795,1.8530198922951626,7.143174365612914,0.0077123305973231665,False,False,True,True,True
1788620495.6846528,0.4538402930428549,15.185102932745046,0.008787527573391104,False,False,True,True,True
1788620495.7896757,3.1709000343841307,25.89231711878454,0.023784916427289405,False,False,True,True,True
1788620495.899787,2.108425537419672,9.950911350402087,0.017372208380551205,False,False,True,True,True
1788620495.9875402,1.3325697084095347,8.809674288110964,0.01655504740348789,False,False,True,True,True
1788620496.0849519,0.7511067234859837,5.994491517173637,0.004087894549099376,False,False,True,True,True
1788620496.1611686,2.359784872175147,21.074594628582144,0.008952677100161743,False,False,True,True,True
1788620496.26143,5.59618672268123,32.31088123200612,0.046198510463724966,False,False,True,True,True
1788620496.3367584,2.762998661081404,37.628870078996385,0.04749170483490192,False,False,True,True,True
1788620496.411401,2.309448520784162,6.15861092188784,0.007660910101378005,False,True,True,True,True
1788620496.4990604,0.7860610647153987,17.971288114068155,0.006367762554686523,False,False,True,True,True
1788620496.5978043,1.0538061276907031,2.684867429241283,0.0034572288183587303,False,False,True,True,True
1788620496.676646,2.257899392895333,15.394437599324547,0.009607749009301106,False,False,True,True,True
1788620496.780402,3.417031358340708,11.165642390743656,0.018067812341791445,False,False,True,True,True
1788620496.8762426,0.6125979300897011,29.486092718194726,0.026450856855277986,False,False,True,True,True
1788620496.9825459,1.833655495666926,11.44655427130612,0.009208541767856,False,False,True,True,True
1788620497.0807912,5.937390856489183,41.744732273681784,0.04888838012503064,False,False,True,True,True
1788620497.1742694,1.890311086377859,42.708162023732,0.08278833297449681,False,False,True,True,True
1788620497.2743905,1.1446054490838746,7.687975922516781,0.004559131190208217,False,False,True,True,True
1788620497.3672967,1.130311136128303,0.08699155848196224,0.006372239550080263,False,False,True,True,True
1788620497.4747202,4.280784116031393,28.989774659855637,0.04571576875089958,False,False,True,True,True
1788620497.5649211,1.3558844800058205,32.56576622501585,0.048772972355608166,False,False,True,True,True
1788620497.6410804,11.064199648777114,127.53825534277529,0.11066910992379449,False,True,True,True,True
1788620497.7098453,1.3778077102869564,141.35136133495914,0.13823304156077498,False,False,True,True,True
1788620497.8029633,7.141300894087565,61.91822218698912,0.06907811347954904,False,False,True,True,True
1788620497.8865645,1.8835579230437645,63.32057770942961,0.0985821816897866,False,False,True,True,True
1788620497.9822533,1.1596487824118886,7.6988142543206175,0.0038692162123477674,False,False,True,True,True
1788620498.0646749,0.9020673242225479,3.084397681897621,0.0017415684392462262,False,False,True,True,True
1788620498.1548557,0.6422950211650196,2.7507089887185354,0.0011985250725228803,False,False,True,True,True
1788620498.2499926,3.049477576082397,25.29689393593067,0.015923286507685874,False,False,True,True,True
1788620498.3390665,0.5055387622373192,28.088668650629145,0.013144079282871996,False,False,True,True,True
1788620498.418918,1.6125340111704016,13.966549701247907,0.004042573260836902,False,False,True,True,True
1788620498.5087821,1.3862421275627124,2.63635393371513,0.00671303423855307,False,False,True,True,True
1788620498.5952091,0.9626524309670718,4.847714982622512,0.0024236764707177283,False,False,True,True,True
1788620498.6654088,2.1819853005727374,16.998067106432085,0.003367645111576223,False,False,True,False,False
1788620498.751969,2.862430639093091,7.93820281485093,0.009137555641328128,False,False,True,False,False
1788620498.8558245,1.3261782899197143,14.600503906733534,0.009910426031816973,False,False,True,False,False
1788620498.9415283,1.8361483311552778,5.926373019652248,0.009864362251317075,False,False,True,False,False
1788620499.4742906,0.32184951721878946,2.8801335196454816,0.00590110130304242,False,False,True,False,False
1788620499.5884783,1.3775254767750933,9.246279583149144,0.004847805718547696,False,False,True,False,False
1788620499.6742928,0.5011481256039141,10.248225417621795,0.0038441208421355175,False,False,True,False,False
1788620499.7440276,1.4433624788502475,13.503868133166213,0.002181662972302168,False,False,True,False,False
1788620499.8308525,0.9280521242841686,6.119732535135989,0.002271999388345185,False,False,True,False,False
1788620499.9052193,1.3317683597572039,5.412829714944473,0.0030606456606375723,False,False,True,False,False
1788620499.9883938,1.2264859600642417,1.1897934171801956,0.002221965966279757,False,False,True,False,False
1788620500.0998816,4.432264644431778,28.982794547917926,0.03878868296866622,False,False,True,False,False
1788620500.2029731,0.8396269761060123,34.701163696325125,0.038274820015376874,False,False,True,False,False
1788620500.3024144,2.03662597153199,12.023747093159049,0.01128832569290029,False,False,True,False,False
1788620500.3895762,5.82933267472691,43.408492928776724,0.07012469454320563,False,False,True,False,False
1788620500.4923444,1.8291937327255379,39.410936484575416,0.03579469454099946,False,False,True,False,False
1788620500.589766,3.5271039601085166,17.469003778002893,0.037936365356100114,False,False,True,False,False
1788620500.677049,0.7364471797679341,31.270036900356452,0.022952066486088836,False,False,True,False,False
1788620500.774587,4.200107348462997,35.74276305597539,0.03331888304939558,False,False,True,False,False
1788620500.8881717,3.5235179333115565,5.728761918583674,0.03472285840536601,False,False,True,False,False
1788620500.9751558,2.743568747707379,8.329660713631748,0.05093542028139552,False,False,True,True,True
1788620501.0811555,1.4289779864490149,12.276720549802993,0.016527016085217228,False,False,True,True,True
1788620501.1734586,2.099904859431925,7.052880032523123,0.010732311600031167,False,False,True,True,True
1788620501.2664685,1.6500055052841576,5.068889227968493,0.01620857268502261,False,False,True,True,True
1788620501.364366,5.324603498685693,37.802371535985294,0.04369978009119822,False,False,True,True,True
1788620501.4704072,4.359880222071043,8.189650576308791,0.1348597520602162,False,False,True,True,True
1788620501.5600164,1.2989029359414994,34.10644762155679,0.035186957472889635,False,False,True,True,True
1788620501.6495206,1.4209472978849735,1.4221832312908644,0.00844212662235112,False,False,True,True,True
1788620501.7436376,1.4391823664158745,0.22039385977385315,0.005555686246295321,False,False,True,True,True
1788620501.8377006,0.9798923528540009,5.1396073560248094,0.005265322648260679,False,False,True,True,True
1788620501.9313204,4.250933191201951,34.82012514569846,0.025102500335734104,False,False,True,True,True
1788620502.0146806,0.8655442477954516,40.26286680576159,0.02520056397216141,False,False,True,True,True
1788620502.1261451,1.283115395777868,3.7450008388399825,0.0032568483227853875,False,False,True,True,True
1788620502.2435553,2.0217743425102164,6.070523098097965,0.008322749637852992,False,False,True,True,True
1788620502.3545222,4.849183413204658,25.44282375080996,0.08454936426182169,False,False,True,True,True
1788620502.4446044,4.250171839653123,6.516573355363439,0.042783379312178335,False,False,True,True,True
1788620502.55096,3.720622187498733,4.571200790701678,0.08355260100265265,False,False,True,True,True
1788620502.6380048,0.7853088485528725,33.72120865393394,0.026350623180362874,False,False,True,True,True
1788620502.7349575,7.07700771819038,64.68541658410143,0.09193018159247866,False,False,True,True,True
1788620502.8301353,5.3554065221592655,16.896744150452434,0.07107184726285398,False,False,True,True,True
1788620502.9305904,4.74706985791182,6.392414304713364,0.046420338424492516,False,False,True,True,True
1788620503.0367954,4.14326878089469,5.897382280228552,0.04006649228638333,False,False,True,True,True
1788620503.144908,0.6486043400933289,32.26917157829023,0.041560040680309315,False,False,True,True,True
1788620503.2551863,1.6788758023939445,9.32110837514096,0.005051935513577916,False,False,True,True,True
1788620503.3688822,0.5339465571747125,10.31243700980477,0.005478557059498181,False,False,True,True,True
1788620503.4649713,1.6588545839683528,11.743054475375704,0.006570466190458147,False,False,True,True,True
1788620503.5645866,1.2646330563127224,3.4924971905719353,0.006783773102215405,False,False,True,True,True
1788620503.6468656,4.705583235752904,41.84041873763478,0.036583549577408676,False,False,True,True,True
1788620503.7354221,0.8212371801466203,43.76815395004348,0.030666532770975072,False,False,True,True,True
1788620503.814595,3.61325270301132,35.258515851896014,0.01428936276005548,False,False,True,True,True
1788620503.9149582,2.652169733954007,10.176539708146217,0.04069608831474945,False,True,True,True,True
1788620504.0135024,2.5768044048873837,0.43065827452900757,0.03640565129202725,False,False,True,True,True
1788620504.0995753,5.458004173514903,33.34440678431672,0.03167776980807191,False,False,True,True,True
1788620504.170986,3.3114811624261256,31.2929590356466,0.03233692496377073,False,False,True,True,True
1788620504.2546508,5.929783304807703,30.124174990676753,0.07429673802574265,False,False,True,True,True
1788620504.3350182,3.665604251267117,27.735690750341362,0.03672384250996494,False,False,True,True,True
1788620504.4175255,0.7539564694915734,35.13820140863585,0.01482868179171783,False,False,True,True,True
1788620504.4845493,1.9063042699539143,17.19510596796376,0.004076303341149512,False,False,True,True,True
1788620504.5741837,0.6323686158222691,14.201342474624168,0.002496707575619853,False,False,True,True,True
1788620504.6583319,2.0737937244854887,17.079777182731114,0.004957615267649199,False,False,True,True,True
1788620504.754754,0.6768700147882433,14.761736011615456,0.004739355822051238,False,False,True,True,True
1788620504.8419533,3.0891689848933614,27.620295195944422,0.015436390205283463,False,False,True,True,True
1788620504.9404602,0.9353991371318725,21.594717249131172,0.010667846702245062,False,False,True,True,True
1788620505.025398,4.864420321610633,46.139515537923586,0.025234784832568254,False,False,True,True,True
1788620505.1245763,0.6832099784280526,42.89418707051051,0.030825685047765405,False,False,True,True,True
1788620505.2257276,3.062376366760333,23.538363062901656,0.016289410493703027,False,True,True,True,True
1788620505.3147838,3.526753309350494,5.339460101576458,0.018491488311902546,False,False,True,True,True
1788620505.4249768,2.5073399385074593,9.11939069628934,0.043641648173615426,False,False,True,True,True
1788620505.5339422,0.9077907247818704,14.703098587305952,0.010930491636880455,False,False,True,True,True
1788620505.6448188,1.723024772446742,7.433725844763566,0.005304664767290075,False,False,True,True,True
1788620505.7506247,0.702130779397028,9.87284498123724,0.005750919959688493,False,False,True,True,True
1788620505.8688266,3.6369390169597184,24.807995116587595,0.03405596211798715,False,False,True,True,True
1788620505.965416,0.6665711193062668,30.72494003809613,0.030694801762163493,False,False,True,True,True
1788620506.0661016,0.8823739408299356,2.1023861331600013,0.0018750648377288336,False,False,True,True,True
1788620506.1608434,0.4552062479183917,4.575413530601536,0.001335657911571697,False,False,True,True,True
1788620506.2566435,0.49623615742671384,0.4537392332721171,0.00043474241384396323,False,False,True,False,False
1788620506.3627894,1.8357861793059225,12.69385852727871,0.00783926931803021,False,False,True,False,False
1788620506.449987,1.3923093912529017,4.795184971664611,0.005405694882536453,False,False,True,False,False
1788620506.5418246,3.593129680433717,23.987953147678898,0.027469428360127186,False,False,True,False,False
1788620506.6165416,1.9044547443444646,22.77097131566381,0.023040302511160776,False,False,True,False,False
1788620506.6878972,3.9333441323339806,28.20906476121185,0.014249808445287924,False,False,True,False,False
1788620506.769256,0.4161616520892319,43.51203470974346,0.013388468298545994,False,False,True,False,False
1788620506.9198847,0.9695397874364365,3.679889665427337,0.0038248933357867606,False,False,True,False,False
1788620507.0448582,1.7849086023236134,6.628252879474562,0.017884867244903093,False,False,True,False,False
1788620507.1439347,1.1028010603478415,6.87286359906873,0.010454146513302677,False,False,True,False,False
1788620507.2432845,0.4444388505897217,6.719538946748666,0.0017056818112094903,False,False,True,False,False
1788620507.3436556,2.5778663977575462,21.25716945103932,0.013674830206311486,False,False,True,False,False
1788620507.4368844,3.175380499926642,6.3549006058946125,0.01537141876056495,False,False,True,False,False
1788620507.544676,1.3038605541008836,17.1420484281989,0.02491197704453628,False,False,True,False,False
1788620507.6418455,0.7273339964107945,5.900429618350849,0.0030612926277147185,False,False,True,False,False
1788620507.7431304,0.6630144332006086,0.49946050443848444,0.0018873944065694733,False,False,True,False,False
1788620507.8305202,1.0823045728414749,4.818248089263631,0.0016757039513247535,False,False,True,False,False
1788620507.9217546,0.9979328802325842,0.9145800827268596,0.0022412629404796815,False,False,True,False,False
1788620508.0104983,1.8619794263697769,9.723518927621985,0.006595836904622255,False,False,True,False,False
1788620508.0923154,0.3567097389152434,18.4631196846874,0.004418358587629061,False,False,True,False,False
1788620508.1771884,0.3514400992546542,0.08995229022828118,0.00030821561757992646,False,False,True,False,False
1788620508.2748983,0.8202517596015073,4.851664696667566,0.0016224250387387427,False,False,True,False,False
1788620508.3558097,2.350607731556392,19.070524344967627,0.005520579234270093,False,False,True,False,False
1788620508.440403,2.1824499094780525,1.5762157800896353,0.008044251505301615,False,False,True,False,False
1788620508.5205235,0.6019992796109097,19.544032124348757,0.005958537742279655,False,False,True,False,False
1788620508.6064186,1.1849896102234478,6.802112394820518,0.0024945240776133018,False,False,True,False,False
1788620508.68588,1.46850883300047,3.54204170409249,0.0024295359544577763,False,False,True,False,False
1788620508.7679465,1.1139869303703482,4.302916666291261,0.00428034641625327,False,False,True,False,False
1788620508.8449345,1.9509730206126183,10.647257080246437,0.006497364842371783,False,False,True,False,False
1788620508.9449751,0.5096166254620588,14.51310813897812,0.003623838377158093,False,False,True,False,False
1788620509.0335689,1.3808565255037535,9.73337255845699,0.0032819907388434216,False,False,True,False,False
1788620509.1317139,4.805868386808383,34.93439870420499,0.03390682498520899,False,False,True,False,False
1788620509.2248874,3.0647718008860556,18.61459900118143,0.030929298067612947,False,False,True,False,False
1788620509.3204696,3.307591568137194,2.775968495685534,0.040351931105223934,False,False,True,False,False
1788620509.40919,2.355844119115881,10.624572570558973,0.03275798845197196,False,False,True,False,False
1788620509.5078516,1.37134192094765,10.032345126786025,0.00848880908780294,False,False,True,False,False
1788620509.5948641,4.4347811756798485,35.35019143757295,0.03837971965829185,False,False,True,False,False
1788620509.6909506,1.0869650641621005,34.07012846921066,0.02579774049312492,False,False,True,False,False
1788620509.7825341,0.7002812169856697,4.0124793105692635,0.0021029308212448506,False,False,True,False,False
1788620509.8650162,0.7732559099842887,0.9867097266200049,0.001659013342407523,False,False,True,False,False
1788620509.9615936,1.414950485257519,6.7177127909255345,0.003301330728455067,False,False,True,False,False
1788620510.0648332,0.5114689745265494,8.703065043310671,0.004360731019221536,False,False,True,False,False
1788620510.174961,0.40176929599458366,1.0039398059410003,0.0009319497367831717,False,False,True,False,False
1788620510.2669127,0.9539818805938022,5.986359112457179,0.0020382132451261434,False,False,True,False,False
1788620510.364821,1.3469499369956732,3.6748564206649177,0.0032748851968985994,False,False,True,False,False
1788620510.4447186,0.988740488558274,4.51282002262238,0.0035974325776750847,False,False,True,False,False
1788620510.556944,0.4761225625644668,4.663775987971699,0.0021869671319942772,False,False,True,False,False
1788620510.6505065,0.47474753211810594,0.006820022641017393,0.0011953325490666874,False,False,True,False,False
1788620510.7447479,3.2738772437347787,29.678077853524147,0.015854147309897516,False,False,True,True,True
1788620510.8247087,0.7079353183960536,32.30070436768158,0.015259429372284467,False,False,True,True,True
1788620510.9205034,0.40491636615698745,3.1914802471885246,0.0006099081217721563,False,True,True,True,True
1788620511.0066397,1.1257582382497284,8.385880707964207,0.0015386829572007,False,False,True,True,True
1788620511.1047611,1.0403115127032023,0.8526666956571058,0.0027434494314097454,False,False,True,True,True
1788620511.1901195,1.7411101239440399,7.814343988583885,0.0038813046890000913,False,False,True,True,True
1788620511.2746472,1.5137502510696272,2.597020802438965,0.004996932018299093,False,True,True,True,True
1788620511.3692522,0.5405558301205291,10.451500401715164,0.0037696980581000553,False,False,True,True,True
1788620511.45737,1.8505749790290626,14.876584163098629,0.0040565619210577,False,False,True,True,True
1788620511.5615914,1.7332321440028995,1.0318270470510644,0.012302471949836129,False,False,True,True,True
1788620511.6591952,0.9552191120850655,7.993759954827852,0.009724814123956564,False,False,True,True,True
1788620511.7618117,1.1333473849687685,1.6421086566743277,0.0024740800333720716,False,False,True,True,True
1788620511.8648727,1.5670613643809765,4.286102696839329,0.008702080395839118,False,False,True,True,True
1788620511.955435,1.1731336507275532,4.326072071272848,0.006130675872228591,False,False,True,True,True
1788620512.0373888,1.8370712505358995,7.968854392320987,0.007870663724831991,False,False,True,True,True
1788620512.135288,0.6448904140577554,12.070436622380694,0.005062800667154804,False,False,True,True,True
1788620512.2297616,1.5454087573225208,9.53611341169927,0.0054326461585202926,False,False,True,True,True
1788620512.3186264,0.699884339100798,9.394712397751375,0.004226579877849939,False,False,True,False,False
1788620512.4089208,0.6191539145944545,0.9831200566238381,0.001361258670730659,False,False,True,True,True
1788620512.507583,0.8826063358333744,2.6356086588350127,0.0019161868169832684,False,False,True,True,True
1788620512.5946867,0.6938765685362341,2.215217872285366,0.0014280472141126215,False,False,True,True,True
1788620512.6749,5.036516418657213,54.04991114531081,0.02502462776627596,False,False,True,True,True
1788620512.7546723,4.051224055682522,12.773630588558472,0.026273942275235045,False,False,True,True,True
1788620512.8507028,4.1983002554711035,1.293712684543692,0.06118085499538858,False,True,True,True,True
1788620512.9292157,2.170610468238287,25.628043259792857,0.042662556809128706,False,False,True,True,True
1788620513.0247042,3.271296562423155,11.729724695462174,0.015472077563515504,False,False,True,True,True
1788620513.1124103,1.5040665396546353,19.985496338010346,0.023150210091143406,False,False,True,True,True
1788620513.2006726,1.9844664776526668,5.461792625169785,0.01206821166382923,False,False,True,True,True
1788620513.2895315,2.1591361375255627,2.4868326522574913,0.006121917107812112,False,False,True,True,True
1788620513.3757231,1.200771192538632,10.804054390581683,0.006178914108428372,False,False,True,True,True
1788620513.455002,0.6819331293887094,6.486068001400656,0.0034347633575177454,False,False,True,True,True
1788620513.5549397,1.2927923197003215,6.113793634836421,0.00236960346997298,False,False,True,True,True
1788620513.6527677,0.6637228425303057,6.336306987978671,0.0043502048974267725,False,False,True,True,True
1788620513.7379186,1.1417267888433764,5.579179939310154,0.003545057096019544,False,False,True,True,True
1788620513.83161,1.317251031920723,1.5894144423597423,0.0062207034784227426,False,False,True,True,True
1788620513.904679,1.1126575042038391,2.9304709351791094,0.0036052893941825124,False,False,True,False,False
1788620513.99802,3.889048826642108,29.52685942111057,0.02362844852167743,False,False,True,False,False
1788620514.0790632,2.6494577388780516,14.889381849538859,0.017701311445788955,False,False,True,False,False
1788620514.1749866,1.5107377866350349,10.99992498414052,0.007005214276470043,False,False,True,False,False
1788620514.269954,0.4010384869565009,11.463547664305775,0.00457635056956288,False,False,True,False,False
1788620514.361523,0.6739930342131314,2.9634171688415254,0.0011487215226973146,False,False,True,False,False
1788620514.451243,0.15986089785673235,5.783338624346687,0.0007810179865799329,False,False,True,False,False
1788620514.5322065,1.4624345780882892,16.042677544989097,0.002544848147222316,False,False,True,False,False
1788620514.6280313,2.981347702228633,15.771920653883601,0.015047347081438386,False,False,True,False,False
1788620514.707995,0.616476060283572,29.58292914725777,0.012486741617867532,False,False,True,False,False
1788620514.7949889,0.9203410919998309,3.4989667456487146,0.0017993963456852146,False,False,True,False,False
1788620514.894694,2.2940775570712444,13.798591411631326,0.00765891525704448,False,False,True,False,False
1788620514.9780638,4.525343998658795,26.79827166685282,0.019562694146235668,False,False,True,False,False
1788620515.0713654,5.4271024695689345,9.619215305008087,0.037082727047800426,False,False,True,False,False
1788620515.1696649,3.9112833678454244,15.352258095499034,0.0375812121997216,False,False,True,False,False
1788620515.2610767,1.700745564394035,24.094205799394054,0.04083760535709753,False,False,True,False,False
1788620515.3604836,0.7788132524259144,9.331794628330492,0.0067180756580863315,False,False,True,False,False
1788620515.4544349,0.46792927529546335,3.408829284872404,0.0013906122798921852,False,False,True,False,False
1788620515.54957,1.765826460304801,13.64408885791381,0.00447186714681331,False,False,True,False,False
1788620515.642533,1.6153031112100151,1.2548571175285828,0.004756126564282873,False,False,True,False,False
1788620515.7302277,0.4694627815890489,13.1233766445286,0.00507040671283801,False,False,True,False,False
1788620515.8185995,3.2278448321728637,31.225530280947986,0.013500587413675684,False,False,True,False,False
1788620515.9048653,1.217344921073029,23.184850091623815,0.015703170836258745,False,False,True,False,False
1788620515.9934952,4.695253363030195,39.02362068124012,0.03272239591261546,False,False,True,False,False
1788620516.091087,2.8056725004854086,19.651982305596388,0.025481527637805285,False,False,True,False,False
1788620516.1858244,2.6234953636679563,1.9597145398682763,0.013932286499241432,False,False,True,False,False
1788620516.281131,4.583308314934911,20.64928817089967,0.02814745768432145,False,False,True,False,False
1788620516.3769817,2.5595053026437955,20.88496208794592,0.02541224797624036,False,False,True,False,False
1788620516.4627867,0.6008082798325498,22.786464275249287,0.011326387799417411,False,False,True,False,False
1788620516.5520937,1.072421447565053,5.33444091654221,0.002326003497025757,False,False,True,False,False
1788620516.6535084,2.3948032313995515,12.930358547354707,0.008420296122829232,False,False,True,False,False
1788620516.738074,2.150682646488192,2.9997035146388367,0.008586130517921193,False,False,True,False,False
1788620516.8257568,2.455888944946295,3.4626755145720858,0.00778086491060884,False,False,True,False,False
1788620516.9243784,1.7753552275657571,6.873808491584771,0.007276788768689434,False,False,True,False,False
1788620517.0081232,1.3673156509933135,4.841778185161943,0.009260078907545467,False,False,True,False,False
1788620517.1221278,2.490050052724171,9.835268437213841,0.01177915121352918,False,False,True,False,False
1788620517.2274957,4.061346844555428,14.755978334564894,0.0249173691715702,False,False,True,False,False
1788620517.3405745,2.202134210872608,16.807674888911798,0.025274410952818394,False,False,True,False,False
1788620517.4567175,5.3916954754563955,27.066509261703274,0.10146933772198949,False,False,True,False,False
1788620517.590864,1.4825537481188542,29.458446695942452,0.05332948065460045,False,False,True,False,False
1788620517.6945186,4.013100858005868,24.571718021750307,0.04883688869241464,False,False,True,False,False
1788620517.79165,0.859597838756029,32.41499267555316,0.03302042981234375,False,False,True,False,False
1788620517.891549,1.4019748752480587,5.390051114809439,0.005967232695618644,False,False,True,False,False
1788620517.9944046,0.9606935749305422,4.33227494424235,0.006615794628666947,False,False,True,False,False
1788620518.0840702,4.57893509055275,40.40552751693012,0.024089264588933415,False,False,True,False,False
1788620518.1836927,0.598269294700885,39.815273058162774,0.02498988698500056,False,False,True,False,False
1788620518.2837772,2.1444283888810145,15.49445941192683,0.006407439043016316,False,False,True,True,True
1788620518.3834398,1.784425400440609,3.7745072014413794,0.006842376714178068,False,False,True,True,True
1788620518.4861407,2.9708606556127517,11.269026064844407,0.012141042317625078,False,False,True,True,True
1788620518.5876226,2.9280707008020332,0.06584034921210993,0.015266776807306093,False,True,True,True,True
1788620518.6741805,2.003631942882392,10.31777435003098,0.01196925325996398,False,False,True,True,True
1788620518.7740097,0.2698208961916449,17.38658059812081,0.004931732406395485,False,False,True,True,True
1788620518.8795624,0.440467988733518,1.6015085507513398,0.0006079418613589133,False,False,True,True,True
1788620518.9784698,3.4273574845464942,30.244168958277065,0.021914849495791724,False,False,True,True,True
1788620519.0742624,5.068910993172061,18.107244737041206,0.08816494053225593,False,False,True,True,True
1788620519.1716704,3.879084784414337,12.242642446848569,0.03509089435258926,False,False,True,True,True
1788620519.2653835,2.518837228862671,15.209107205964248,0.04627331521652378,False,False,True,True,True
1788620519.3567398,0.9792150738276484,16.47049025179492,0.008615083725436373,False,False,True,True,True
1788620519.4481485,3.382437566910467,26.371416906404875,0.022737727663398717,False,False,True,True,True
1788620519.5394146,0.915736854845174,26.92493038514865,0.013816312348503796,False,False,True,True,True
1788620519.631871,0.5415507462901271,4.066413941787132,0.0013294839613214584,False,False,True,False,False
1788620519.7151864,2.729744292954977,26.157844254882058,0.008949964066865464,False,False,True,False,False
1788620519.8072848,1.8329890352485005,9.753637400720546,0.017841123144544904,False,False,True,False,False
1788620519.8981488,2.6155726210674075,8.80456291525366,0.014467288900807378,False,False,True,False,False
1788620519.9993994,2.3770403498624124,2.698379018710443,0.02611959518985585,False,False,True,False,False
1788620520.0988836,5.429829335856984,31.252403017451694,0.05063318131956246,False,False,True,False,False
1788620520.2098706,7.5073057398379595,18.849124141968865,0.09949723447966329,False,False,True,False,False
1788620520.3057556,2.2582784106392144,55.61141957425863,0.1036999664793847,False,False,True,False,False
1788620520.4015176,2.1098624084966344,1.5745956795330713,0.019037338107430826,False,False,True,False,False
1788620520.5062377,0.7679855775950173,13.220662586165481,0.009259258957762997,False,False,True,False,False
1788620520.6068292,1.440126498729198,6.612374477013483,0.004266013976776203,False,False,True,False,False
1788620520.7239444,4.210266551038411,23.603225489372115,0.03486025445473196,False,False,True,False,False
1788620520.8244338,2.5666634022733814,16.431875390969438,0.03176340126848236,False,False,True,False,False
1788620520.897156,0.11285632923101577,33.77045367057602,0.011303675213851094,False,False,True,False,False
1788620520.9742746,0.7106587087993794,7.746074145777861,0.0005550938398783586,False,False,True,False,False
1788620521.053035,2.345792388100141,20.753764369059397,0.006892447554153634,False,False,True,False,False
1788620521.1355355,0.8418686247154509,18.30105946165099,0.008743131117338524,False,False,True,False,False
1788620521.2406495,0.9332529729081748,0.7324834567209926,0.003418555211770713,False,False,True,False,False
1788620521.3362265,4.004800372990452,32.28335275127883,0.020827034058429148,False,False,True,False,False
1788620521.4299865,5.014650774025232,10.549964765109552,0.09185741724382987,False,False,True,False,False
1788620521.5434258,5.684673317060468,5.103706084144345,0.05567178182603038,False,False,True,False,False
1788620521.643876,2.5599269175785846,31.09015125804988,0.052913317135437565,False,False,True,False,False
1788620521.729647,2.511371559166618,0.4746369711091981,0.026365688172155875,False,False,True,False,False
1788620521.8245003,1.1412613011883699,14.27955502564065,0.012516608821132043,False,False,True,False,False
1788620521.9128191,0.6620219364174597,5.345320612391506,0.001595726161606054,False,False,True,False,False
1788620522.0016692,5.370845497320492,53.03894915282676,0.042860330620182935,False,False,True,False,False
1788620522.1040366,0.4825251843618695,48.08126641788894,0.04020262420201703,False,False,True,False,False
1788620522.2054827,1.9688301326508568,14.635069765312876,0.007213015117735253,False,False,True,False,False
1788620522.3176723,0.8164545303092843,10.041549174922913,0.005666275860891783,False,False,True,False,False
1788620522.4245682,0.3390890184149566,4.421134097750919,0.0020396022293561757,False,False,True,False,False
1788620522.5341043,2.1266195811342588,16.316760319040394,0.01020115577667362,False,False,True,False,False
1788620522.6241727,1.8212059379724508,3.2432242546268837,0.008350953971763643,False,False,True,False,False
1788620522.715897,5.262731601174347,37.2342403608336,0.03116884176192306,False,False,True,False,False
1788620522.8189738,3.503841184552747,17.19498112602752,0.03300724921458172,False,False,True,False,False
1788620522.9128609,1.942469994954079,16.62850815330327,0.03687438560342652,False,False,True,False,False
1788620523.0025513,3.9729087915368426,22.649554715025328,0.016192138130769213,False,False,True,False,False
1788620523.0916286,3.8148828432003117,1.7261886849471062,0.020772081190219272,False,False,True,False,False
1788620523.1787539,2.648345369363029,13.058916223607723,0.03897399226707482,False,False,True,False,False
1788620523.2805712,0.8551912666310856,17.327165850478256,0.007532870858025723,False,False,True,False,False
1788620523.3635995,3.5294898950762623,32.13414328946234,0.01966025883452767,False,False,True,False,False
1788620523.4615579,1.1436776408492288,24.357229802942022,0.020406636774833266,False,False,True,False,False
1788620523.556832,1.709288934818307,5.96541629844094,0.0045473154936952155,False,False,True,False,False
1788620523.6474442,7.815912697001952,67.19249756733196,0.06967189349955834,False,False,True,False,False
1788620523.732581,1.8415302950441326,70.28291314219179,0.07028445998749581,False,False,True,False,False
1788620523.8242185,2.6981664969545984,9.49910863558195,0.02086355537131507,False,False,True,False,False
1788620523.9183438,0.5079817811140854,23.129442613312616,0.009086486203618141,False,False,True,False,False
1788620524.0129416,1.0334774845165786,5.526208948750337,0.0017249580400538846,False,False,True,False,False
1788620524.1241076,1.2919311721329219,2.334480475908436,0.003024247549385843,False,False,True,False,False
1788620524.2283456,1.4479092049178557,1.5705884072624043,0.00440705723640235,False,False,True,False,False
1788620524.3367844,1.8223950643730156,3.4360619282707114,0.01514736210446508,False,False,True,False,False
1788620524.4438715,0.9378621521358587,8.209201356804796,0.005706724455532477,False,False,True,False,False
1788620524.54342,1.6899889468203029,7.733938253634003,0.009188342806553871,False,False,True,False,False
1788620524.6405861,0.7619812337580143,9.473641902717171,0.006774697986204959,False,False,True,False,False
1788620524.7380598,0.18270729628560492,5.953175045602109,0.0011169144583173575,False,False,True,False,False
1788620524.83317,1.92250374011906,18.27022706592845,0.006063739467182231,False,False,True,False,False
1788620524.9201317,0.22731955421457967,19.523780418108654,0.0062543516695095355,False,False,True,False,False
1788620525.0026379,1.0890201494210674,10.447552171846764,0.0015584890287574417,False,False,True,False,False
1788620525.0908225,1.737291418562037,7.515629650494602,0.003567357986833468,False,False,True,False,False
1788620525.1818452,1.1929683461780962,6.016388551075511,0.0034699534138508134,False,False,True,False,False
1788620525.2742496,1.733341506313887,5.827054258024454,0.00949809044232556,False,False,True,False,False
1788620525.364289,1.234205982212918,5.772111467388295,0.0038097822588944014,False,False,True,False,False
1788620525.4535887,0.9894700699409943,2.7923217755662963,0.001956194148595064,False,False,True,False,False
1788620525.5429375,1.0554184754218687,0.5940276240776439,0.001757214251100107,False,False,True,False,False
1788620525.6332328,3.063033645690397,22.166845202639937,0.01822519788430902,False,False,True,False,False
1788620525.7260315,2.244360239729057,8.851840290092579,0.01062229950906107,False,False,True,False,False
1788620525.8188703,0.6058053605030482,17.76652998510395,0.0061109174879628555,False,False,True,False,False
1788620525.9026768,0.3767301950938787,2.7312548220519393,0.0008667733194515375,False,False,True,False,False
1788620525.989361,1.756971407764957,15.9267153676096,0.003772555252119026,False,False,True,False,False
1788620526.067778,1.1071623033296876,8.49438355076063,0.0056959398249449705,False,False,True,False,False
1788620526.1407728,0.40086072798918804,9.687144663363801,0.001205393761839075,False,False,True,False,False
1788620526.2279193,0.2450149822046727,1.8007303027291859,0.00014155433797593764,False,False,True,False,False
1788620526.31488,0.45446960872569697,2.410473087835982,0.0003077107181484404,False,False,True,False,False
1788620526.4071667,0.6041483359795232,1.631031020369615,0.0006589783875432553,False,False,True,False,False
1788620526.504295,0.4927010622476231,1.1463511921665064,0.0005449469637647971,False,False,True,False,False
1788620526.593672,0.7616993494447495,3.0489372477603367,0.001196376578960022,False,False,True,False,False
1788620526.6765084,0.9422134571481148,2.464536211397957,0.00167038051441502,False,False,True,False,False
1788620526.7650797,2.495647047874988,17.72818200582204,0.009278108026010656,False,False,True,False,False
1788620526.8371575,4.128966143180537,22.563468853674678,0.03526355748290352,False,False,True,False,False
1788620526.922527,1.6992092997419495,27.52337049601348,0.024501165241959992,False,False,True,True,True
1788620526.9892085,4.0392469485661735,35.32097839247236,0.01120135349660427,False,False,True,True,True
1788620527.0582595,6.773128938131031,39.861103533228594,0.07550750011852135,False,False,True,True,True
1788620527.124626,1.4889260894537233,78.62206452384126,0.03323425918350459,False,False,True,True,True
1788620527.219585,0.6380740403508959,9.045092535618465,0.003003346160900445,False,True,True,True,True
1788620527.2905593,1.2591479618043733,8.780174741653127,0.0026224740132056957,False,False,True,True,True
1788620527.3593125,7.752677838895786,94.58379926875722,0.06093637303204141,False,False,True,True,True
1788620527.4399219,2.069194365599436,70.4869856578492,0.041831486945580525,False,False,True,True,True
1788620527.524609,2.8428112673514216,8.289290472017806,0.009349002641258505,False,False,True,True,True
1788620527.6029475,1.8744826679171205,12.03835156426508,0.010066662935068272,False,False,True,True,True
1788620527.6811328,2.2337102803473767,5.222346236280431,0.011211821963352506,False,False,True,True,True
1788620527.7693205,0.4859430449922516,19.59691522019249,0.0048769665340963044,False,False,True,True,True
1788620527.8751159,0.5513252238849169,0.6804796957201261,0.0012127104438939711,False,False,True,True,True
1788620527.9747293,2.056989219460755,15.158062963008746,0.006910808689017186,False,False,True,True,True
1788620528.0784595,2.0007756814546402,0.38502946438281765,0.008977001499260348,False,False,True,True,True
1788620528.1869826,0.800136757360302,11.053962805088274,0.007327701199785232,False,False,True,True,True
1788620528.2740712,2.422666265790086,18.641067141355045,0.012094785860168314,False,False,True,True,True
1788620528.3637798,1.0095027718855292,15.663799669298735,0.006600586121320698,False,False,True,True,True
1788620528.4325168,1.502290487623165,7.152504912505827,0.0018530161695202738,False,False,True,True,True
1788620528.4995196,0.4885093563046892,15.3204810249547,0.0017833277110345465,False,False,True,True,True
1788620528.5762105,1.4458144801228205,12.487454099125415,0.0028991420421260344,False,False,True,True,True
1788620528.6583855,0.420126699814036,12.550833604921278,0.0020590952536273487,False,False,True,True,True
1788620528.7641194,1.3817792921254242,9.13370764582364,0.0038166669106449247,False,False,True,True,True
1788620528.8730597,0.5977238759024244,7.23885353397654,0.0032790282450187416,False,False,True,True,True
1788620528.989972,2.4915807117800526,16.15921956474652,0.020218239983321076,False,False,True,True,True
1788620529.0790997,0.3895419386621744,23.487421126612237,0.014879231155147889,False,False,True,True,True
1788620529.1657948,1.9478447965448018,18.04996936980252,0.006309656050046669,False,False,True,True,True
1788620529.2601826,0.7987882367121141,12.311718157804265,0.00728394485248648,False,False,True,True,True
1788620529.3643103,2.9257236500619435,20.338234872411167,0.01837192245494755,False,False,True,True,True
1788620529.4655113,0.9697875259515355,19.229820512096126,0.01416922013379322,False,False,True,True,True
1788620529.5665889,3.7543150818034645,27.645023426455875,0.0361866194318857,False,False,True,True,True
1788620529.6669295,1.4451398780424007,22.547092725431327,0.021324657237745723,False,True,True,True,True
1788620529.7740955,1.5089128921194603,0.4447274064900951,0.005312884826837811,False,False,True,True,True
1788620529.8637292,0.676807403392822,9.147036875003282,0.00651513031647907,False,False,True,True,True
1788620529.9570408,2.157942581396624,15.821667117796933,0.007045961639285033,False,False,True,True,True
1788620530.0468981,0.826102134756806,14.940809929034904,0.006281544931280084,False,False,True,True,True
1788620530.1632893,2.6929799755141253,15.962463276455447,0.02370367538944469,False,False,True,True,True
1788620530.2689977,5.2286410996346175,23.598759456331926,0.044092868005159436,False,True,True,True,True
1788620530.3658154,2.8539410769135873,26.682828635231655,0.048200767109630005,False,False,True,True,True
1788620530.4623258,5.558099406368339,27.860020912609478,0.04106558188788327,False,False,True,True,True
1788620530.5741656,8.224793641447288,23.20150789501411,0.11457408097946886,False,False,True,True,True
1788620530.6670818,1.6195380123336802,71.97352277415189,0.14117715416619295,False,False,True,True,True
1788620530.7627707,2.7585940514344762,11.881934386772917,0.018232256278338858,False,False,True,True,True
1788620530.8594425,0.7025789637517295,21.02428870843722,0.01438569783504668,False,False,True,True,True
1788620530.9715497,3.3907416895665548,24.05988882574133,0.029490247776715387,False,False,True,True,True
1788620531.0709152,1.5821417392674022,17.83504597411037,0.03571842534932688,False,False,True,True,True
1788620531.1712768,1.6421172447636336,0.8293197500280428,0.006272712593369055,False,False,True,True,True
1788620531.2740514,5.959931673963918,42.18726894032228,0.0893806748046124,False,False,True,True,True
1788620531.3719656,10.604271350944686,48.04550551679826,0.1543890408448186,False,False,True,True,True
1788620531.4574878,4.446772469527187,68.32598920117142,0.15672797679550207,False,False,True,True,True
1788620531.5655437,2.530054250607099,15.69078409108488,0.023213085099219797,True,True,True,True,True
1788620531.6775835,1.3102605594133996,10.533452775870769,0.02524321185399149,False,False,True,True,True
1788620531.7758172,0.5849964417967924,7.225880267025462,0.004655719187930819,False,False,True,True,True
1788620531.8725693,3.8108119740636863,33.37511569739131,0.031590121086779666,True,False,True,True,True
1788620531.9642138,3.1098706835074106,7.66862590397534,0.023860540271217198,False,False,True,True,True
1788620532.0815341,2.620644855315455,4.123556804620009,0.021963650730028483,True,False,True,True,True
1788620532.174154,0.6736278140336475,21.22572602582259,0.02068348536210127,False,False,True,True,True
1788620532.2723386,0.9362849367662488,2.6686020249029037,0.001985752046106831,False,False,True,True,True
1788620532.3606317,1.1239587539320308,2.042974618114355,0.0024952030294103523,False,False,True,True,True
1788620532.468402,0.6418986115425187,4.634688519804981,0.0025229057056706623,False,False,True,True,True
1788620532.57411,4.524426293467798,36.80964167617314,0.04853753452359062,False,False,True,True,True
1788620532.6788628,2.067170268874423,23.38616429724087,0.07278872323521693,False,False,True,True,True
1788620532.7609699,9.772611633677531,95.32187181271202,0.17826464377844023,False,False,True,False,False
1788620532.8709087,4.728612276077039,44.538197709491534,0.2884487201898984,True,False,True,True,True
1788620532.972241,6.590715287207671,20.773588800463777,0.23911664924560472,False,False,True,False,False
1788620533.0679815,1.9876847966062927,46.27823751759161,0.10280674291773026,False,False,True,True,True
1788620533.1626098,2.602828139448454,7.0204613190271035,0.029628592931634445,True,False,True,True,True
1788620533.2793958,1.407510151918225,10.053450234517623,0.030259421714737524,True,False,True,True,True
1788620533.3746796,1.2244229406915865,2.1582357967562857,0.01224791515338148,False,False,True,True,True
1788620533.465968,7.513107623741277,68.7142108656937,0.13214157036494845,True,False,True,True,True
1788620533.5745275,1.2838189824089836,60.56021814387961,0.14338394815241554,True,False,True,True,True
1788620533.675357,4.567242324425995,32.20013969001785,0.06566631605696578,True,False,True,True,True
1788620533.7747095,1.7772783492456017,30.19980456697024,0.04231072858425525,False,False,True,True,True
1788620533.868306,7.206070502953143,57.31779059241664,0.08080028899620031,False,False,True,True,True
1788620533.98293,0.7290400327312119,57.298630844410546,0.10428206523909467,True,False,True,True,True
1788620534.074169,2.876077549158725,23.53778384589674,0.015495696408270062,False,False,True,True,True
1788620534.1680365,8.185182860496715,57.10996261531271,0.10381364690052818,True,False,True,True,True
1788620534.2679908,2.134344356805404,58.277894454984114,0.1123838618367085,False,False,True,True,True
1788620534.374155,2.1170247235228707,0.09372684696727376,0.028856443639345912,True,False,True,True,True
1788620534.4746022,1.3126327703181897,8.442269644269045,0.010042205703890885,False,False,True,True,True
1788620534.5743332,2.7217519430715797,14.289450969188499,0.014652589663177335,True,False,True,True,True
1788620534.668336,0.8674226332597007,19.62316680244675,0.013763258837647244,True,False,True,True,True
1788620534.776763,1.9478882586681716,10.017605643216166,0.011348700711024416,True,False,True,True,True
1788620534.8781672,0.7596272553761687,11.78264373400539,0.011529406897208943,True,False,True,True,True
1788620534.9787693,1.4255383556321555,6.61681647879548,0.004248621722443094,False,False,True,True,True
1788620535.0741203,2.196573241205204,8.338002539124433,0.020460388803392744,True,False,True,True,True
1788620535.1765313,2.2615794482983835,0.7003889221455288,0.030231771038527862,True,False,True,True,True
1788620535.274115,1.1101730039264723,11.63234190481469,0.01067827078009179,True,False,True,True,True
1788620535.374127,0.7575863859225366,3.4800863394898296,0.004969608017391871,False,False,True,True,True
1788620535.4744565,1.6907911282558514,9.15595571709069,0.007865312287527109,False,False,True,True,True
1788620535.5819116,6.886731309107327,47.79609919362979,0.11538917984869762,False,False,True,True,True
1788620535.6774993,3.1902909849525094,42.549508416788214,0.10397225990387775,False,False,True,True,True
1788620535.7812831,4.731800004422033,14.374534251679837,0.04490903540922868,False,True,True,True,True
1788620535.8890848,1.63993712181729,27.869026201669246,0.03812580125189903,False,False,True,True,True
1788620535.9804506,3.3891426242222606,19.458896994941124,0.036427160089423566,False,False,True,True,True
1788620536.0763078,12.51881201243871,95.16491767776589,0.2554542346488563,False,False,True,True,True
1788620536.1698496,2.8628803394103364,105.79828643847023,0.38092533476794643,False,False,True,True,True
1788620536.2867064,2.3223226968979147,4.1846022806218865,0.04122716960184357,False,False,True,True,True
1788620536.3746762,8.46375334347831,71.04823439586525,0.09906484771877146,True,False,True,True,True
1788620536.4804618,4.195410567472779,39.37882570970721,0.09621913235693481,False,False,True,True,True
1788620536.5741866,4.052393814567488,1.430549113614046,0.04063835288023918,False,False,True,True,True
1788620536.6743033,8.580341345366355,45.05014203705312,0.127080198504681,False,False,True,True,True
1788620536.776689,15.723931504677973,69.86314963429702,0.4362370522740472,False,False,True,True,True
1788620536.8739066,3.386558670025577,129.22710954857763,0.4922293112049518,False,False,True,True,True
1788620536.9898713,5.752012683816053,18.752149071696945,0.07753134242127953,False,False,True,False,False
1788620537.0800583,4.076938442126914,23.27362089701069,0.08678783903216915,False,False,True,False,False
1788620537.1812124,4.316378124469102,2.207889451776914,0.04205419948785279,False,False,True,False,False
1788620537.2768927,3.2973430282405345,11.80828760175306,0.07526490923003969,False,False,True,False,False
1788620537.370859,2.0575402466301616,15.068309932868145,0.018252975313726612,False,False,True,False,False
1788620537.4766712,4.872802884281918,27.022968022570904,0.039604109873101534,False,False,True,False,False
1788620537.5795956,1.6233248447154187,33.537216254819235,0.05619822952462076,False,False,True,False,False
1788620537.6781578,0.6560869155284326,9.79742881424775,0.005855317312085506,False,False,True,False,False
1788620537.7777703,2.301692679447102,16.11613996322291,0.009696465779285558,False,False,True,False,False
1788620537.8913398,1.5208832445923668,6.627737635792106,0.01695454911912112,False,False,True,False,False
1788620537.980353,3.1734487991657603,18.599743519327838,0.01408888782250645,False,False,True,False,False
1788620538.0810254,16.65215023117864,135.0774947211719,0.42398731233601944,False,False,True,False,False
1788620538.1901946,4.587427783781648,110.51803581038237,0.638247454371379,False,False,True,False,False
1788620538.2831275,3.5586988878844954,14.057526633468877,0.0648668098951975,False,False,True,False,False
1788620538.377769,9.971427304899766,61.594789599228434,0.14231749814828823,False,False,True,False,False
1788620538.4765453,11.175091023375678,9.02712204690038,0.2504183694949271,False,False,True,False,False
1788620538.5745285,6.663567709709944,46.6904237504865,0.1281283208856851,False,False,True,False,False
1788620538.6743815,8.646735186305655,11.87006238429636,0.08957182579784338,False,False,True,False,False
1788620538.7790236,4.856192312957245,43.64427647793795,0.10466015294488457,False,False,True,False,False
1788620538.870629,12.810378901847928,80.35563961728562,0.13673832872746144,False,False,True,False,False
1788620538.9824352,11.74448320075964,6.260041979209674,0.36619596873228066,False,False,True,False,False
1788620539.0886045,13.95173275768738,31.669721291975947,0.20741783178168627,False,False,True,False,False
1788620539.1797256,26.10468910424337,124.77188799923637,0.41031886494732833,False,False,True,False,False
1788620539.278157,17.249444602060944,75.29579751131915,0.39914526471154294,False,False,True,False,False
1788620539.3872366,2.3068166281418505,128.50237803759168,0.2509633023683269,False,False,True,False,False
1788620539.4871476,1.9543224352259663,4.532247503251018,0.011975829564960622,False,False,True,False,False
1788620539.574579,11.127361541385248,104.88583695496449,0.1071476547571762,False,False,True,True,True
1788620539.674129,22.722261463038564,82.69208500229244,0.6898012706880888,False,False,True,True,True
1788620539.7796707,27.4839132651503,38.55938819094303,0.5424543849983974,False,False,True,True,True
1788620539.878921,3.9004823667748587,199.31755230264773,0.48984791379737536,False,False,True,True,True
1788620539.9753637,4.426845689245188,11.492199493245694,0.025829718051531083,False,False,True,True,True
1788620540.0796654,5.244194450934958,7.349088311266333,0.03802806779142484,False,False,True,False,False
1788620540.1793694,6.874865981729105,17.357364335180502,0.10920816087869531,False,False,True,False,False
1788620540.2746172,15.708210882959962,94.8914585243069,0.1790947071307562,False,False,True,False,False
1788620540.3827734,9.95632061203174,74.94597117276574,0.21242890896548586,False,False,True,False,False
1788620540.493584,12.833515086930246,22.130651604813043,0.1922418305833625,False,False,True,False,False
1788620540.589706,2.2867708635074497,120.38683789305612,0.16944327845584287,False,False,True,False,False
1788620540.6741834,11.737429134759656,110.04846512711246,0.06532667296122853,False,False,True,False,False
1788620540.7770848,8.812600120871489,42.58042499666034,0.07528351995776485,False,False,True,False,False
1788620540.8976586,4.0984545087692,40.1444616736445,0.052208862400301745,False,False,True,False,False
1788620540.9917731,11.258643706140404,69.77744020807856,0.10339320661805204,False,False,True,False,False
1788620541.0744152,7.022734966793112,58.22609199995451,0.11230660489695247,False,False,True,False,False
1788620541.1777198,3.0157208053610796,45.73115297226827,0.024476806214023733,False,False,True,False,False
1788620541.274405,4.263241507933668,12.039323866901587,0.01584703819201524,False,False,True,False,False
1788620541.3901713,3.225809132956974,7.069101313081416,0.011115549878495987,False,False,True,False,False
1788620541.477635,6.743478456960879,34.92842743905512,0.03175889732258003,False,False,True,True,True
1788620541.5777833,0.0,0.0,0.0,False,False,False,False,False
1788620541.6885543,0.0,0.0,0.0,False,False,False,False,False
1788620542.04431,3.4168858520566188,3.6760883690941433,0.8337680386980227,False,False,True,True,True
1788620542.1604846,3.6660939650529034,0.2234614976733659,0.906508891242564,False,True,True,True,True
1788620542.2467837,4.739400433630306,11.366115528434493,0.10461490916572594,False,False,True,True,True
1788620542.3453891,1.2839307927151278,36.808405142989415,0.033802852520423074,False,False,True,True,True
1788620542.4338949,2.792969553460577,16.14728721100053,0.01575995651652347,False,True,True,True,True
1788620542.5303822,3.7053368069987123,7.8655561282839885,0.0371426745902131,False,False,True,True,True
1788620542.6246953,2.6697744633217644,11.515946786759889,0.04708194068868072,False,False,True,True,True
1788620542.7143023,1.2071186613010867,16.868472925047218,0.016916945994209717,False,False,True,True,True
1788620542.7956727,0.6958727992805219,6.622867784806857,0.0022300766133893707,False,False,True,True,True
1788620542.890365,1.6292195078019325,9.790126387550622,0.005028940580053993,False,True,True,True,True
1788620542.9907963,4.7700489884745725,31.418585622520595,0.03337804545943172,False,False,True,True,True
1788620543.088443,1.8394229313411923,29.0873894491075,0.04750724005547743,False,False,True,False,False
1788620543.1920161,3.6244510805499517,18.205615229949725,0.032883839987173404,False,False,True,False,False
1788620543.274904,3.2310630724072364,2.3104940152542413,0.037982203370094975,False,False,True,False,False
1788620543.3854346,3.0364332899733872,0.5098849888221818,0.04714671993226778,False,False,True,False,False
1788620543.4880748,8.1578014658908,50.67460980596203,0.13218682245792054,False,False,True,False,False
1788620543.5962222,1.848202962127854,55.84819098930948,0.1220451789988045,False,False,True,False,False
1788620543.6746712,9.092850990199999,92.93949341378672,0.13888922207443505,False,False,True,False,False
1788620543.7828276,1.2056871195638748,72.40874729341226,0.1154250244211359,False,False,True,False,False
1788620543.883948,7.72709312782336,64.75073489860002,0.1254005422125077,False,False,True,False,False
1788620543.990074,1.3565708787729736,61.59879242401354,0.15249758189148305,False,False,True,True,True
1788620544.0848281,3.903382079680369,26.041782240477016,0.03595899301004725,False,True,True,True,True
1788620544.181644,6.266420823372651,24.863113211435106,0.09526304664266988,False,False,True,True,True
1788620544.2865505,2.8095452491525394,33.92974454624567,0.1021527835192517,False,False,True,False,False
1788620544.3927515,5.682279523369125,25.923287568056914,0.05775903696806305,False,False,True,False,False
1788620544.4865682,6.700424650937599,9.868482870804478,0.08477595467311975,False,False,True,False,False
1788620544.5864537,4.827087214088139,21.66134878933473,0.07133782894769525,False,False,True,False,False
1788620544.6742258,7.076921045618168,24.167882068713087,0.1475463522129861,False,False,True,True,True
1788620544.789655,5.039510383406826,22.42898635807208,0.187617570423474,False,False,True,True,True
1788620544.8851442,18.658013692463918,142.16325473010076,0.40430406260695634,False,False,True,False,False
1788620544.9817376,6.702510990353569,109.23823386559842,0.5748608244373467,False,False,True,False,False
1788620545.0998294,4.9043648284259405,14.219439524652014,0.12312809403820413,False,False,True,False,False
1788620545.1878958,9.633520445532982,55.02034665857626,0.24937089140489582,False,False,True,False,False
1788620545.2864995,1.3310774025153695,83.17722565107384,0.14020677843298304,False,False,True,False,False
1788620545.383307,3.409366997198908,21.598433704451143,0.022049839607395517,False,False,True,False,False
1788620545.484431,2.5082556719073996,7.6429706965729505,0.0411835270371315,False,False,True,False,False
1788620545.604018,3.120003832391933,4.658783375913564,0.05011718946898671,False,False,True,True,True
1788620545.7161875,3.1747000697986705,0.0022674135835148834,0.07424009924757187,False,False,True,True,True
1788620545.8100448,4.639428763058848,15.340384230715593,0.08714003659609933,False,False,True,True,True
1788620545.904173,1.5260730736772645,32.33632066942583,0.027885638497001482,False,False,True,True,True
1788620546.0102801,0.9714860955245004,5.315024403141456,0.008271070877919761,False,False,True,True,True
1788620546.1112409,1.909522720620865,9.24252055207043,0.010715208630385588,False,False,True,True,True
1788620546.1970816,5.2120148157101065,38.19057429411007,0.053966416348297144,False,False,True,True,True
1788620546.2884378,2.606733567586724,30.144168157144776,0.06525515741645271,False,True,True,True,True
1788620546.3896623,0.9610653057198555,16.652078074769094,0.012186077350950017,False,False,True,True,True
1788620546.4894116,8.686992103842304,77.3470164908531,0.13560347522906516,False,False,True,True,True
1788620546.5814314,3.3552002032609494,56.37235037060424,0.1028597262941005,False,False,True,True,True
1788620546.700999,2.011238162764246,10.384209139498884,0.025005319810702975,False,False,True,True,True
1788620546.799651,22.6653782842294,208.7083681283157,0.9256548792498892,False,False,True,True,True
1788620546.8997478,6.016121316174422,153.00007025522655,0.6952474509702812,False,False,True,False,False
1788620546.9793973,3.5274351691989345,25.481651116208237,0.07668334784860449,False,False,True,False,False
1788620547.092423,8.91125618818638,48.83559101941645,0.2307259587817084,False,False,True,False,False
1788620547.1906703,7.824334932035814,8.325984244048588,0.4408360484556139,False,False,True,False,False
1788620547.2848763,7.855544740040467,1.386574139934547,0.14623129808220647,False,False,True,False,False
1788620547.4194548,4.639977959953953,24.939697999810452,0.25860446927722813,False,False,True,False,False
1788620547.4996083,27.96950916840153,277.23197800856207,0.7245417888806334,False,False,True,False,False
1788620547.5894737,8.286131705464845,210.51223360347325,1.0298885169268106,False,False,True,False,False
1788620547.7039561,4.723852648559422,36.4678832791137,0.12299153000928012,False,False,True,False,False
1788620547.8177867,5.003614813226588,1.2304528604576335,0.0743188309845235,False,False,True,False,False
1788620547.9013178,4.802291340191022,1.635063704222405,0.09650867250722799,False,False,True,False,False
1788620547.9994125,3.1455459762210265,19.804288775955683,0.039880107969343,False,False,True,False,False
1788620548.091074,3.643470167672136,1.7135576687797367,0.03195198431809054,False,False,True,False,False
1788620548.1997778,2.357800634871472,11.213148660153383,0.026843551462144438,False,False,True,False,False
1788620548.30347,0.0,0.0,0.0,False,False,False,False,False
1788620548.3954487,0.0,0.0,0.0,False,False,False,False,False
1788620548.4912019,0.0,0.0,0.0,False,False,False,False,False
1788620548.6083155,0.0,0.0,0.0,False,False,False,False,False
1788620548.7061567,0.0,0.0,0.0,False,False,False,False,False
1788620548.7907977,0.0,0.0,0.0,False,False,False,False,False
1788620548.8897097,0.0,0.0,0.0,False,False,False,False,False
1788620549.0095458,0.0,0.0,0.0,False,False,False,False,False
1788620549.0896301,0.0,0.0,0.0,False,False,False,False,False
1788620549.2015252,0.0,0.0,0.0,False,False,False,False,False
1788620549.2919114,0.0,0.0,0.0,False,False,False,False,False
1788620549.411474,0.0,0.0,0.0,False,False,False,False,False
1788620549.4897478,0.0,0.0,0.0,False,False,False,False,False
1788620549.5901186,0.0,0.0,0.0,False,False,False,False,False
1788620549.7039058,0.0,0.0,0.0,False,False,False,False,False
1788620549.807632,0.0,0.0,0.0,False,False,False,False,False
1788620549.896662,0.0,0.0,0.0,False,False,False,False,False
1788620550.0083447,0.0,0.0,0.0,False,False,False,False,False
1788620550.1281219,0.0,0.0,0.0,False,False,False,False,False
1788620550.209902,0.0,0.0,0.0,False,False,False,False,False
1788620550.317534,0.0,0.0,0.0,False,False,False,False,False
1788620550.4242198,0.0,0.0,0.0,False,False,False,False,False
1788620550.5206006,0.0,0.0,0.0,False,False,False,False,False
1788620550.6095104,0.0,0.0,0.0,False,False,False,False,False
1788620550.7040215,0.0,0.0,0.0,False,False,False,False,False
1788620550.7977822,0.0,0.0,0.0,False,False,False,False,False
1788620550.915387,0.0,0.0,0.0,False,False,False,False,False
1788620551.0158544,0.0,0.0,0.0,False,False,False,False,False
1788620551.0943031,0.0,0.0,0.0,False,False,False,False,False
1788620551.189669,3.112533008741051,2.001611619910867,3.0487169241148644,False,False,True,False,False
1788620551.304293,9.29514719201952,52.95855468327105,3.2330793046378923,False,False,True,False,False
1788620551.3994613,7.475714828360793,26.595184310816567,0.06619071173923374,False,False,True,False,False
1788620551.4996557,0.0,0.0,0.0,False,False,False,False,False
1788620551.5953436,0.0,0.0,0.0,False,False,False,False,False
1788620551.7111683,0.0,0.0,0.0,False,False,False,False,False
1788620551.80378,0.0,0.0,0.0,False,False,False,False,False
1788620551.9095855,0.0,0.0,0.0,False,False,False,False,False
1788620552.0181453,0.0,0.0,0.0,False,False,False,False,False
1788620552.10187,4.015083848083597,2.4208328578728016,0.8296217847400041,False,False,True,False,False
1788620552.249682,2.1314839313785185,13.961375496829332,0.8196936817335021,False,False,True,False,False
1788620552.3297791,9.001776291770488,84.90541653479927,0.07688032894157394,False,False,True,False,False
1788620552.4195383,12.794528251439276,26.74838480105138,0.1896976762142142,False,False,True,False,False
1788620552.5158627,26.062649955884734,37.8542848817834,0.6510329146638096,False,False,True,False,False
1788620552.6038656,42.29971115221716,217.82942684603944,0.8732932153258713,False,False,True,False,False
1788620552.7075856,15.955501224998827,200.85993258007065,0.5562436553159766,False,False,True,False,False
1788620552.8008595,13.350360575347635,39.06518987375296,0.3379946404926579,False,False,True,False,False
1788620552.9099243,7.078606005008482,63.20156663059827,0.1123168157009026,False,False,True,False,False
1788620553.0098104,3.6668956637253607,39.94121200686368,0.036744454310977684,False,False,True,False,False
1788620553.0937817,4.365072876123081,1.591004834372478,0.0183830120908192,False,False,True,False,False
1788620553.2193987,8.190645567922981,35.96627625528965,0.04830985188642884,False,False,True,False,False
1788620553.3119428,9.346423526417068,17.778077754541155,0.10944055718742117,False,False,True,False,False
1788620553.4055521,18.87099891184718,103.0979165764914,0.2583298042132391,False,False,True,False,False
1788620553.500427,17.347921870075062,106.87016748099869,0.42086980843675115,False,False,True,False,False
1788620553.6075776,5.664376545406103,105.56605243362307,0.09354275820949073,False,False,True,False,False
1788620553.704304,12.907863177555857,78.39157507912721,0.06836750911629731,False,False,True,False,False
1788620553.803916,9.204427298077864,41.61143468415474,0.13669256684554498,False,False,True,False,False
1788620553.902692,16.236288517790914,3.954788266432962,0.10289993710514923,False,False,True,False,False
1788620554.0096955,0.0,0.0,0.0,False,False,False,False,False
1788620554.109667,0.0,0.0,0.0,False,False,False,False,False
1788620554.2018542,0.0,0.0,0.0,False,False,False,False,False
1788620554.3136916,0.0,0.0,0.0,False,False,False,False,False
1788620554.4096198,0.0,0.0,0.0,False,False,False,False,False
1788620554.509794,0.0,0.0,0.0,False,False,False,False,False
1788620554.6041193,0.0,0.0,0.0,False,False,False,False,False
1788620554.7188272,0.0,0.0,0.0,False,False,False,False,False
1788620554.8095386,0.0,0.0,0.0,False,False,False,False,False
1788620554.9097226,0.0,0.0,0.0,False,False,False,False,False
1788620555.0081797,0.0,0.0,0.0,False,False,False,False,False
1788620555.1129746,0.0,0.0,0.0,False,False,False,False,False
1788620555.209486,0.0,0.0,0.0,False,False,False,False,False
1788620555.3033447,0.0,0.0,0.0,False,False,False,False,False
1788620555.4076276,3.291318864159024,2.2918081026923818,1.3226902205682036,False,False,True,False,False
1788620555.5296898,3.591037274161854,4.8326490918469815,1.2733097834698976,False,False,True,False,False
1788620555.6112475,17.677992032563314,175.73030745485596,0.18528268588025978,False,False,True,False,False
1788620555.7207594,4.702316224657261,107.85470837268987,0.10607429779391603,False,False,True,False,False
1788620555.8099117,2.7609920502487455,22.04833513507642,0.03047678620695815,False,False,True,False,False
1788620555.9213562,0.6719474659916094,18.891884921363335,0.0053873475155730354,False,False,True,False,False
1788620556.0152655,1.3941570747208258,7.722042125078035,0.0014891732437056224,False,False,True,False,False
1788620556.1083405,2.4045787354644244,11.21050452246176,0.006635706203882701,False,False,True,True,True
1788620556.21385,1.4022242328699268,9.149244716026544,0.00749139860106464,False,False,True,True,True
1788620556.3158534,1.5817855823718738,1.4659714443941634,0.002865375143914306,False,False,True,True,True
1788620556.4089453,1.3435811751207383,2.987677181785949,0.0035084298197100984,False,False,True,False,False
1788620556.5097606,2.009652778447434,6.326021407588786,0.0049675599212863734,False,False,True,False,False
1788620556.6242623,1.539072462953136,4.712605754556187,0.006940042513922668,False,False,True,False,False
1788620556.7137783,1.890227984370299,2.540193083214274,0.004539641228048907,False,False,True,False,False
1788620556.8248758,1.8780195168458131,0.6828026720635666,0.005995476970614741,False,False,True,False,False
1788620556.9207456,2.8321524237355375,8.634560309875102,0.00939109069982049,False,False,True,False,False
1788620557.0245156,1.9996910266909096,9.324223238229447,0.008545404199445031,False,False,True,False,False
1788620557.1158283,2.05122594908393,0.3906821850821349,0.00495535611688986,False,False,True,False,False
1788620557.2098193,5.924350085085582,40.96553145589961,0.015209388264744859,False,False,True,False,False
1788620557.3165998,1.3279042114860518,44.61112171053663,0.015114233395575265,False,False,True,False,False
1788620557.4273057,2.3501635246299286,8.93968731273274,0.00525735296992496,False,False,True,False,False
1788620557.513026,2.9381998045056767,8.04824755481527,0.008426962249771106,False,False,True,False,False
1788620557.6114724,2.9038782793412095,0.7064047726376435,0.010265515143048897,False,False,True,False,False
1788620557.713335,2.0939541906695034,7.892928378900126,0.006927490843124895,False,False,True,False,False
1788620557.8240926,0.49570746842078384,14.193000940427925,0.0022677365756183674,False,False,True,False,False
1788620557.9238954,1.1100190398080287,6.1452636535804235,0.0010878116089023126,False,False,True,False,False
1788620558.0198853,1.726862398808493,6.079297170045643,0.001878294667334272,False,False,True,False,False
1788620558.1198409,1.2649574824230783,5.0553229876289745,0.0034057679491350874,False,False,True,False,False
1788620558.2245522,0.7913027317851623,4.724108220207476,0.0012198525481198579,False,False,True,False,False
1788620558.3121908,1.213286826503296,4.513072411862863,0.0009408745380514549,False,False,True,True,True
1788620558.417841,2.0990788913011147,8.42460899855004,0.002231967955567661,False,False,True,True,True
1788620558.5120015,1.4448160100473129,6.637388321792693,0.004467242956050732,False,False,True,False,False
1788620558.6130357,1.5587692391186723,1.1925564004469553,0.0013305502371751968,False,False,True,False,False
1788620558.724427,0.6286191927304914,8.200171412450889,0.0015121536093853102,False,False,True,False,False
1788620558.8117611,3.0110076173821905,27.303900260035114,0.004306383433196451,False,False,True,False,False
1788620558.9244244,0.9321873626836399,17.66675974877741,0.0033602295441250976,False,False,True,False,False
1788620559.0321457,1.374312753161287,4.144797732721038,0.002234195171384607,False,False,True,False,False
1788620559.1279767,3.1628498150299107,18.373133753766314,0.00813301396213801,False,False,True,False,False
1788620559.2279587,0.8918311938173984,23.24240872894523,0.0041899459618348995,False,False,True,False,False
1788620559.3373585,0.9851109716083928,0.9560285847529186,0.0012419556435644794,False,False,True,False,False
1788620559.4382222,0.45020560896941375,5.205970048897689,0.0009008182153374161,False,False,True,False,False
1788620559.5286157,0.5841269670388779,1.5097358449293052,0.00033382723218160177,False,False,True,False,False
1788620559.6258519,1.1175135652536439,5.453234891550213,0.0010027079377842348,False,False,True,False,False
1788620559.7295244,1.0745172399523217,0.6738310925728922,0.0016746865143192303,False,False,True,False,False
1788620559.8352807,1.296239759878668,2.0573472570262146,0.0012205487494544771,False,False,True,False,False
1788620559.9221418,0.8019454366944352,5.622498295215329,0.0013914666719349175,False,False,True,False,False
1788620560.024415,0.9576426311164964,1.7650648402660465,0.0010061535089028498,False,False,True,True,True
1788620560.134622,4.128791108336974,28.703031403669456,0.010927014163850135,False,False,True,False,False
1788620560.2240245,1.7743760239148758,26.326343089766006,0.008915441819405989,False,False,True,False,False
1788620560.324223,1.7884921436754073,0.2238702369325531,0.004286576650198858,False,False,True,False,False
1788620560.4235487,1.9602750868479433,1.605489680928548,0.005357906461029164,False,False,True,False,False
1788620560.5364625,0.31449930239973445,14.598954295590062,0.0017946096933002399,False,False,True,False,False
1788620560.6293173,1.8078593337049111,16.06163284138025,0.001423727351379581,False,False,True,False,False
1788620560.7334015,0.6535356927252821,11.240071710312895,0.00174496503426077,False,False,True,False,False
1788620560.8352833,0.87922140764,2.3078984951271644,0.0006589861816203016,False,False,True,False,False
1788620560.9270484,2.2580483474893223,15.065494668060422,0.0023452021598326473,False,False,True,False,False
1788620561.0223565,0.9573988597540504,13.655474393213076,0.0026659442444382795,False,False,True,False,False
1788620561.118728,1.944075006888508,10.212454066826231,0.0023547709873658735,False,False,True,False,False
1788620561.2331963,1.6565977768894702,2.4343832753298527,0.001971922128741096,False,False,True,False,False
1788620561.3394039,0.5426553456610516,10.393550911506388,0.0024064856631417822,False,False,True,False,False
1788620561.4405856,0.7100544318477958,1.6388699860860954,0.0002703603517177971,False,False,True,False,False
1788620561.534747,1.1651633982195098,4.76656075409733,0.0011727444328399838,False,False,True,False,False
1788620561.6314893,0.2468948917585065,9.416129447536955,0.0005684771715747051,False,False,True,False,False
1788620561.735162,0.19068042029260168,0.5406069061806301,5.315600156482573e-05,False,False,True,False,False
1788620561.832609,0.990018254433902,8.198515032350524,0.0005044025161167297,False,False,True,False,False
1788620561.9274313,0.7083588938473657,3.1912195136284995,0.000582074370078952,False,False,True,False,False
1788620562.039761,2.768372075507437,18.192319727940273,0.004406252040922609,False,False,True,False,False
1788620562.1301672,1.0958391714953017,17.449606429888473,0.003938189178378128,False,False,True,False,False
1788620562.2257998,1.4998957488009694,4.244693247446611,0.0020846252489004993,False,False,True,True,True
1788620562.3242671,2.3640981109403114,8.749045255928388,0.0023091296943991827,False,False,True,True,True
1788620562.42477,0.7039458053184949,15.945004921450703,0.0027189424448190043,False,False,True,False,False
1788620562.5322886,0.7306947442036795,0.23784178179655677,0.0005904380836622972,False,False,True,False,False
1788620562.6258688,2.2887457609119615,16.753183413847122,0.0033092093974199654,False,False,True,False,False
1788620562.7284534,0.603331174707057,16.480238350319443,0.003034145424721568,False,False,True,False,False
1788620562.8418362,0.4606393257490845,1.1595298791417654,0.00025909496450321923,False,False,True,False,False
1788620562.9404676,2.0315551554034164,15.897009537785571,0.0020864340703337517,False,False,True,False,False
1788620563.0277915,1.9960500083230432,2.743604148951608,0.004260545872656811,False,False,True,False,False
1788620563.1326554,2.7619184850109257,7.545604456858382,0.004970529071292745,False,False,True,False,False
1788620563.2291713,0.5348099817809536,22.913459728654672,0.0038302038710067506,False,False,True,False,False
1788620563.316036,0.8489631903187641,3.6106674049847105,0.0004722137118495264,False,False,True,False,False
1788620563.4220243,1.38103652299548,4.937589874463414,0.001588161084676041,False,False,True,False,False
1788620563.533831,2.0426165795611975,5.995092064838748,0.004226903148141821,False,False,True,False,False
1788620563.6281269,2.545393713975933,6.6075418948030595,0.0073872611354806736,False,False,True,False,False
1788620563.720094,3.997076857541813,16.70461624111514,0.011633005493238563,False,False,True,False,False
1788620563.8154612,6.1926729490255745,23.18155304483297,0.02931213779575886,False,False,True,False,False
1788620563.935166,5.178339762186322,8.657607935422273,0.058953886145577825,False,False,True,False,False
1788620564.033695,1.4667065098438312,37.16498740553353,0.02305945983580517,False,False,True,False,False
1788620564.1345918,2.12264333413783,6.739952539172355,0.004259545325593725,False,False,True,False,False
1788620564.2348816,1.2438510403487486,8.68614379407712,0.0023208251268919677,False,False,True,False,False
1788620564.3339787,1.8092592521835618,5.948987202642629,0.0015702570021286861,False,False,True,False,False
1788620564.4244738,2.432369178563584,7.32641822318951,0.002979689119887244,False,False,True,False,False
1788620564.5240831,0.8056789467217096,16.05876686972421,0.0028610879333512626,False,False,True,False,False
1788620564.6188848,1.2878744919103227,5.079433180150604,0.0010635500552556168,False,False,True,False,False
1788620564.731704,1.1320503701301985,1.5049217822904708,0.0015491401079949,False,False,True,False,False
1788620564.8396544,1.984085656694711,7.927843470570025,0.002378646149776837,False,False,True,False,False
1788620564.93093,1.919769458436732,0.5888678529893189,0.0064458841804876715,False,False,True,False,False
1788620565.024128,2.1117210571753144,2.274034701409497,0.0024708741850481336,False,False,True,True,True
1788620565.13128,1.8404014247239517,2.5487710945392443,0.006448693133344241,False,False,True,False,False
1788620565.2223825,0.29686785154236417,16.94434678380338,0.002189798076934556,False,False,True,True,True
1788620565.336229,0.39630709793409097,0.855928472405144,0.00020560535137731877,False,False,True,False,False
1788620565.4303062,0.8358445535688734,4.652668981181429,0.0004158813466724638,False,False,True,False,False
1788620565.530528,0.8016447477976313,0.33156522363952706,0.0008179528260684875,False,False,True,False,False
1788620565.629941,0.18194749829504822,6.306846454929784,0.0003408867715402886,False,False,True,False,False
1788620565.7344515,0.18162321518671393,0.013601771574397617,5.321733427885918e-05,False,False,True,False,False
1788620565.8400202,0.8641273891661518,6.440358111000565,0.0005385686636772728,False,False,True,True,True
1788620565.954146,0.312093416880181,4.834807178172225,0.0005803710365068105,False,False,True,False,False
1788620566.0440502,0.6129400491082047,3.3482409874562697,0.00025909518489594126,False,False,True,False,False
1788620566.136303,0.4618536978014099,1.6427249867376963,0.0003053923094961204,False,False,True,False,False
1788620566.2338083,0.2624225135810743,2.0311545247807614,0.000173589153988987,False,False,True,False,False
1788620566.3361216,0.6122712578852292,3.4092278842218198,0.0002278204052519917,False,False,True,False,False
1788620566.430795,1.0178282578391442,4.325521249742124,0.0007635128540199217,False,False,True,True,True
1788620566.5450745,0.6436645108767993,3.266010714897242,0.0006233782402857323,False,False,True,True,True
1788620566.6440163,2.508640483218901,18.81518689908685,0.0042994566342090075,False,False,True,True,True
1788620566.7376971,4.227663902993843,18.37214276225706,0.007646262716005772,False,False,True,True,True
1788620566.8395653,0.959772281421212,31.92817837886369,0.0073914996574912266,False,False,True,True,True
1788620566.93213,1.7264004010757321,8.153871281280132,0.002790889677842302,False,False,True,False,False
1788620567.0432034,2.296359625612565,4.8558864358803255,0.007090924872033688,False,False,True,False,False
1788620567.1271162,8.382080494090884,72.3642880699025,0.040064539814556654,False,False,True,False,False
1788620567.2303772,2.8778566407099273,53.05935215278877,0.02100069555797485,False,False,True,False,False
1788620567.3240106,1.9172326763315475,9.419324681546692,0.009088359839399087,False,False,True,False,False
1788620567.4357646,0.9219625170287894,8.586392837531843,0.0018987732065313047,False,False,True,False,False
1788620567.528716,2.9924834811210324,22.1902855648332,0.004108477119830257,False,False,True,False,False
1788620567.624555,0.3423775330481605,27.577153111058195,0.004172249096747113,False,False,True,False,False
1788620567.733586,0.5561072180367462,2.034779601569951,0.0003552118132322061,False,False,True,False,False
1788620567.8360422,0.3367170063814013,2.113109387189686,0.00036002958604818735,False,False,True,False,False
1788620567.9365132,0.38781177059887856,0.5115907054739577,0.00022858324823482454,False,False,True,False,False
1788620568.0276952,1.015320438963118,6.886657547201626,0.0005110749896439213,False,False,True,False,False
1788620568.1364088,1.0437473903723418,0.2701762357576845,0.0006710673429178305,False,False,True,False,False
1788620568.2369752,0.4391669246959904,6.012918845063636,0.0011124005426057923,False,False,True,False,False
1788620568.3361125,2.49207534232824,20.625859172937425,0.0031568555915179922,False,False,True,False,False
1788620568.4298475,3.9560635720056414,15.113149711200116,0.006437161579294972,False,False,True,False,False
1788620568.5367026,0.8780270569519437,28.745510232528666,0.01025385246801934,False,False,True,False,False
1788620568.6349993,1.5767151579118446,7.133904115692976,0.001103630082195542,False,False,True,False,False
1788620568.7365017,2.3884081520439517,8.230062135652467,0.006861532714016464,False,False,True,True,True
1788620568.8357804,0.29353381047361177,21.106026991212836,0.0032689290648131005,False,False,True,True,True
1788620568.935787,1.8846176303380482,15.979967046435473,0.002314314265266431,False,False,True,False,False
1788620569.0354664,1.7938920816740098,1.0153452223429655,0.002062070265843759,False,False,True,False,False
1788620569.129754,1.1608407482642968,6.6375270293055255,0.0014908092191461212,False,False,True,False,False
1788620569.2285912,0.6664359972360976,5.027158406548916,0.0006067156710614319,False,False,True,True,True
1788620569.3361833,0.3791059203858509,2.665986889314434,0.00047805988544452475,False,False,True,True,True
1788620569.4350526,1.895667733362384,15.334255553205315,0.0018035617856882592,False,False,True,False,False
1788620569.535,0.39679196109443915,14.923709205651404,0.0021836219713444417,False,False,True,False,False
1788620569.6238587,0.29012585201845376,1.1946456465493471,0.00014606492111484396,False,False,True,False,False
1788620569.7357714,1.7152280805745808,12.71762414786975,0.0024884482635708885,False,False,True,False,False
1788620569.833555,0.6529899650439164,10.782495770294318,0.0017283801178838581,False,False,True,False,False
1788620569.9297845,1.029502862325379,3.903246421449239,0.0011652644386825868,False,False,True,False,False
1788620570.0463572,1.0708943939190716,0.36115112423303247,0.0007860124410722669,False,False,True,False,False
1788620570.1399503,0.8127493298913674,2.859640637794606,0.0016142308941089682,False,False,True,True,True
1788620570.2387588,1.4635856594913033,6.604431052293513,0.0010762902683150277,False,False,True,False,False
1788620570.3248622,3.362254811842371,22.194504310443072,0.008586631977936054,False,False,True,False,False
1788620570.4432955,0.42745815204799686,24.56406379279621,0.005692806945171912,False,False,True,False,False
1788620570.5366251,0.4703888835316483,0.486999953398095,0.0003732415643434483,False,False,True,True,True
1788620570.638467,0.5535708093548627,0.7158653917118306,0.00023843095693990382,False,False,True,True,True
1788620570.7338738,1.417104273667416,9.042795555262137,0.0011887828921953636,False,False,True,True,True
1788620570.8454638,0.14936490586598758,11.444952917939405,0.0011668639038339393,False,False,True,False,False
1788620570.939374,1.3024451955466885,12.272897426583471,0.0008622991879071591,False,False,True,False,False
1788620571.0380194,0.7789727904386559,5.299195836324983,0.0007281540614566694,False,False,True,False,False
1788620571.13023,0.8957168111645746,1.3482574154863463,0.0010832035756239602,False,False,True,False,False
1788620571.2433774,0.887687966751603,0.014925378423896716,0.001464794355221982,False,False,True,False,False
1788620571.340956,1.9029762836889175,10.394897988712811,0.0016511743698851588,False,False,True,True,True
1788620571.4409459,1.2283272922014001,6.62491972302994,0.0017692549798323499,False,False,True,True,True
1788620571.5500715,1.1184341594711942,0.9581011347718853,0.002689644580128169,False,False,True,True,True
1788620571.6466067,1.5947902842467094,5.007014211126957,0.002066610436700387,False,False,True,False,False
1788620571.7309036,0.4840606669079223,12.973746988957965,0.0013801441342872036,False,False,True,True,True
1788620571.8420775,0.7010997317546086,1.9881487951179402,0.0004526328426771031,False,False,True,False,False
1788620571.9336576,1.3363929236169634,6.907819634180412,0.0018713782750455026,False,False,True,False,False
1788620572.044952,0.8515189050823352,4.377946582805015,0.0019450222382267491,False,False,True,False,False
1788620572.1554153,1.5888703870544236,6.7287143184958,0.0014882675582294032,False,False,True,False,False
1788620572.2512543,0.5081133716066729,11.115279356155279,0.0025311280548928543,False,False,True,False,False
1788620572.3557918,0.6059642995028112,0.9306571807759437,0.0005018148164819494,False,False,True,False,False
1788620572.4575417,0.459723954806307,1.464083651911282,0.00047081938234516045,False,False,True,False,False
1788620572.5374074,1.1340423990926447,8.43210423663853,0.000551229586416087,False,False,True,True,True
1788620572.6319907,0.5467719708963324,6.268376800095365,0.0007316958720313724,False,False,True,False,False
1788620572.7475715,0.7370411203316547,1.6268911839684987,0.0006140334665866766,False,False,True,False,False
1788620572.843551,0.7178539584254241,0.22685307081627837,0.0009648002158534708,False,False,True,False,False
1788620572.9446247,0.4959643487576509,2.2210363848014856,0.00039374601493359824,False,False,True,False,False
1788620573.0391777,0.7137617755159315,2.25623284893458,0.0005529814111730532,False,False,True,True,True
1788620573.1469471,2.477266693778198,16.366214653610857,0.005390609394085847,False,False,True,True,True
1788620573.2425115,1.1927321544157439,13.437674760757771,0.006302687508088048,False,False,True,False,False
1788620573.3475666,1.249093161571608,0.5350269310609272,0.002340602733647902,False,False,True,False,False
1788620573.4431205,1.1180601858652266,1.172191903791152,0.0013538882319401111,False,False,True,False,False
1788620573.5376167,1.0080879499630804,0.8632067175409592,0.0017810719528833924,False,False,True,False,False
1788620573.6462831,0.5611210819897532,4.044789393330775,0.0008550758998298232,False,False,True,False,False
1788620573.7417042,3.870309443382781,34.52763320967448,0.009306904329147095,False,False,True,True,True
1788620573.8414989,2.142560378524993,18.031527314151262,0.014999257658553061,False,False,True,False,False
1788620573.9430308,1.025021344090478,10.936573201047885,0.004131076403251841,False,False,True,False,False
1788620574.0476632,1.2117806764956263,1.8557453912344795,0.001810860892342135,False,False,True,False,False
1788620574.134781,1.0970105247420008,1.0338844147437003,0.0020110228536840704,False,False,True,False,False
1788620574.2349725,1.3610278494974821,2.8765271088342974,0.0019362322925801563,False,False,True,False,False
1788620574.3381555,1.9321315211827563,6.069363100415601,0.005016783473487131,False,False,True,False,False
1788620574.4458232,1.3082444925228573,5.1627393407459605,0.0038811481448551123,False,False,True,False,False
1788620574.5452938,0.9576413937316144,2.934213468426509,0.002364938759689103,False,False,True,False,False
1788620574.6470027,2.348104882120303,13.96817308308431,0.005396542085845505,False,False,True,False,False
1788620574.7440553,0.6482124251285871,17.273892780909517,0.004387610219529923,False,False,True,False,False
1788620574.8401644,0.40875236765741996,2.3055013054565214,0.000444154904828314,False,False,True,False,False
1788620574.9446125,0.9858238448723912,5.598063895359642,0.001012710130342811,False,False,True,False,False
1788620575.0502489,2.2658395591256046,12.266810961431267,0.0048104558748704495,False,False,True,False,False
1788620575.1473618,3.839988102912135,16.553771226828697,0.01921619380043334,False,False,True,False,False
1788620575.2323253,1.6467781512480562,23.581996459116727,0.010013711353513878,False,True,True,True,True
1788620575.3390574,1.6587547999269552,0.4534308468733549,0.003709438326439668,False,False,True,True,True
1788620575.4451542,1.1664637069420312,4.519386649378555,0.003247243403878513,False,False,True,True,True
1788620575.5404673,1.5968183178286994,5.506740882396295,0.004149169116372881,False,False,True,True,True
1788620575.6446993,1.3961827886864664,1.3971798298770897,0.0055689759861105624,False,False,True,True,True
1788620575.742097,3.3836263437985807,21.452721370639907,0.017732948797278384,True,False,True,True,True
1788620575.8531187,2.224703542039082,7.977014806595382,0.01881560342582524,False,False,True,False,False
1788620575.9495795,5.5235932249299164,36.117234553994855,0.05254206272777973,False,False,True,False,False
1788620576.0454803,3.6598882084906554,17.158888841029995,0.07358306297348234,False,False,True,False,False
1788620576.1378148,2.363573871148349,12.267259791581273,0.02959222927463953,False,False,True,False,False
1788620576.251638,1.931494098002619,3.570517158660867,0.009202670343779395,False,False,True,False,False
1788620576.3476722,4.605146763982196,27.170438914894564,0.04157816896984636,False,False,True,False,False
1788620576.4436586,32.14959884459218,264.5618421763883,0.8098133708928951,False,False,True,False,False
1788620576.5417798,10.174383905380767,147.56586345263702,0.718443620058771,False,False,True,False,False
1788620576.647772,7.037074309473225,23.497755180212334,0.21990192428038635,False,False,True,False,False
1788620576.74901,12.062201407350047,49.76069602708507,0.36393341009527413,False,False,True,False,False
1788620576.8450792,15.920243431212674,24.07646621654219,0.28582155806668347,False,False,True,False,False
1788620576.9544754,23.90144102046283,73.35245830784211,0.6248769692289377,False,False,True,False,False
1788620577.0487309,6.3096543543039,188.00411692963476,0.6736699598104883,False,False,True,False,False
1788620577.1358218,0.0,0.0,0.0,False,False,False,False,False
1788620577.2436457,0.0,0.0,0.0,False,False,False,True,False
1788620577.3596992,0.0,0.0,0.0,False,False,False,True,False
1788620577.451354,0.0,0.0,0.0,False,False,False,True,False
1788620577.5510244,0.0,0.0,0.0,False,False,False,False,False
1788620577.642951,0.0,0.0,0.0,False,False,False,False,False
1788620577.7522993,0.0,0.0,0.0,False,False,False,False,False
1788620577.8938916,0.0,0.0,0.0,False,False,False,False,False
1788620577.952562,0.0,0.0,0.0,False,False,False,False,False
1788620578.0391898,0.0,0.0,0.0,False,False,False,False,False
1788620578.1577566,0.0,0.0,0.0,False,False,False,False,False
1788620578.2373157,1.1989242274394023,2.3643627253952753,0.4256629263236747,False,False,True,False,False
1788620578.3730133,3.341488434529957,14.937960382855097,0.34927461061244697,False,False,True,False,False
1788620578.4389274,5.03267785243135,24.605050544201,0.037638505472087566,False,False,True,False,False
1788620578.5575123,0.0,0.0,0.0,False,False,False,False,False
1788620578.6372669,0.0,0.0,0.0,False,False,False,False,False
1788620578.741982,0.0,0.0,0.0,False,False,False,False,False
1788620578.8477514,0.0,0.0,0.0,False,False,False,False,False
1788620578.9502077,0.0,0.0,0.0,False,False,False,False,False
1788620579.0488985,0.0,0.0,0.0,False,False,False,False,False
1788620579.1418648,0.0,0.0,0.0,False,False,False,False,False
1788620579.2678194,0.0,0.0,0.0,False,False,False,False,False
1788620579.357238,0.0,0.0,0.0,False,False,False,False,False
1788620579.450069,2.0264956775719405,2.4887461167916287,0.7498642235615319,False,False,True,False,False
1788620579.5651,8.892112264440632,57.33529461141678,0.9370076961582848,False,False,True,False,False
1788620579.6651318,6.587376788534957,21.81958712830105,0.22765542630884614,False,False,True,False,False
1788620579.756326,12.995227120862342,67.41447531839056,0.23348743647778533,False,False,True,False,False
1788620579.8582513,4.208754875344049,86.06103753718621,0.27554212587752747,False,False,True,False,False
1788620579.963384,14.406045497454334,101.77532096266316,0.4023528801095881,False,False,True,False,False
1788620580.0673506,6.404177128396445,75.41273164210185,0.42718973272006633,False,False,True,False,False
1788620580.1717772,3.310958119768887,30.497077757486622,0.12750227509845108,False,True,True,True,True
1788620580.2759128,4.256511197306995,7.508287315027057,0.0602474876044316,False,False,True,True,True
1788620580.3771548,4.113655328291014,1.2880470236581147,0.07717844133433574,False,False,True,True,True
1788620580.488225,2.05807608568053,21.55858628132501,0.04636862692680889,False,False,True,True,True
1788620580.587898,3.218773381441067,11.68045416954714,0.028457979564123027,False,False,True,True,True
1788620580.683107,4.764547242722557,16.34657596788354,0.03202168567303522,False,False,True,True,True
1788620580.7815173,2.0344625493908497,26.25526465666381,0.0422542895544768,False,False,True,True,True
1788620580.8803291,3.385594622071816,13.783484453603345,0.0245482500521765,False,False,True,True,True
1788620580.9749875,2.5275694259099293,8.726753535684606,0.036414474528903944,False,False,True,True,True
1788620581.0686336,3.689864317191217,12.96017715240134,0.025460443245143505,False,False,True,True,True
1788620581.1644099,2.417104933263437,11.241216010602383,0.03979126096830305,False,False,True,True,True
1788620581.260281,3.6563420209273385,13.86164522956539,0.04342682934103511,True,False,True,True,True
1788620581.3587215,2.7882001455833465,8.197262796567145,0.04967959924165854,False,False,True,True,True
1788620581.4554505,3.0170757511138966,2.074051006685083,0.04245147090254118,False,False,True,True,True
1788620581.5506642,5.323900176209381,25.62881056264641,0.08914932637878233,False,False,True,True,True
1788620581.6623628,2.868161138017702,19.203452033672907,0.042948158624049375,False,False,True,True,True
1788620581.7665546,1.9123362846509693,9.2317945753308,0.036451670725952574,False,False,True,True,True
1788620581.8637605,2.607220961976349,7.516025795941738,0.030375622545706325,False,True,True,True,True
1788620581.9656765,1.0113572963978876,15.427736415231488,0.011213196137755446,False,False,True,True,True
1788620582.0680957,1.7244052726498107,7.055240696738552,0.006724965609546291,False,False,True,True,True
1788620582.1537688,1.4801840293799526,2.6865058443140897,0.01362362069961731,False,False,True,True,True
1788620582.2740464,0.6498137067194877,6.8667686936249,0.003992518467880451,False,False,True,True,True
1788620582.3744016,1.4439411706249576,7.956214094872829,0.004750609962016677,False,False,True,True,True
1788620582.4815614,3.6648255532672995,20.677211614887163,0.048197314215371566,False,False,True,True,True
1788620582.5743318,1.9758428365422191,18.657401187556033,0.029349086928165142,False,False,True,True,True
1788620582.6656792,1.531057339346864,6.062914244139487,0.012457499911060316,False,False,True,True,True
1788620582.7779238,0.9513031400772234,5.22164706034209,0.007793667029845065,False,False,True,True,True
1788620582.8782709,2.8283871277810855,18.68269706612916,0.01568870242730369,False,False,True,True,True
1788620582.9864128,0.8628908990132302,18.09269125030884,0.017243035848524633,False,False,True,True,True
1788620583.0839393,0.5781069601082771,2.7940185711542807,0.0019551227521638404,False,False,True,True,True
1788620583.1732588,0.8689595041569578,3.3090829141204066,0.002155800256184634,False,False,True,True,True
1788620583.2690618,0.9228518156092445,0.747298071738879,0.0031392447782421324,False,False,True,True,True
1788620583.3492808,0.5406273245912647,4.754598086284924,0.002757596848889303,False,False,True,True,True
1788620583.4524858,0.2485020742901627,2.801335408799037,0.00044794616087947994,False,False,True,True,True
1788620583.5579429,0.46675447173953744,2.0925415350561485,0.00047898602317483985,False,False,True,True,True
1788620583.6554906,1.0946782794482728,6.476166928391455,0.0039182262335866105,False,False,True,True,True
1788620583.748828,0.22476977205575724,9.246300938214404,0.002152054460435855,False,False,True,True,True
1788620583.8635027,0.3443986119994872,1.0459562427909217,0.0002955828108015469,False,False,True,True,True
1788620583.9618523,0.5947844886973359,2.5740923368905553,0.0006744331097769277,False,False,True,True,True
1788620584.0564454,0.5692875173533759,0.3600461791825357,0.0008847057820794775,False,False,True,True,True
1788620584.1401417,0.5955816371545768,0.3410106064238372,0.0007196590654977823,False,False,True,True,True
1788620584.268302,0.33444359224952785,1.9533506593993757,0.0007607363766785255,False,False,True,True,True
1788620584.3698225,0.7735197688425401,4.321622512877067,0.0017037702031700113,False,False,True,True,True
1788620584.4680817,0.9742414380370713,2.0820832947156953,0.0018985729651444171,False,False,True,True,True
1788620584.556419,2.591459271139599,18.2261466876316,0.009018268223130222,False,False,True,True,True
1788620584.6677587,0.3253474868445999,20.216526974162925,0.010085901273361429,False,False,True,True,True
1788620584.766091,1.1422350627281617,8.262351680417076,0.003612797120798743,False,False,True,True,True
1788620584.8691819,0.2997149571876971,8.13427872899031,0.00335537704147767,False,False,True,True,True
1788620584.9612715,0.5242183112076759,2.4601952778396674,0.0004817169170305303,False,False,True,True,True
1788620585.0808358,0.38677028463839197,1.1330390504089647,0.0012572582012162108,False,False,True,True,True
1788620585.1727722,0.9354893925877977,5.98760691642457,0.0015155743805651523,False,False,True,True,True
1788620585.2615867,0.9656682900229787,0.2870130425734416,0.0017679162964118072,False,False,True,True,True
1788620585.353966,0.7168288958296718,2.5063209442971335,0.001536246814093178,False,False,True,True,True
1788620585.4604518,0.4587023063205077,2.5166630382498876,0.001251779813768007,False,False,True,True,True
1788620585.554585,0.3234463895224974,1.4008487044265532,0.0004645612342895224,False,False,True,True,True
1788620585.660575,0.8355969002142851,4.702520157444112,0.0016353682485198118,False,False,True,True,True
1788620585.7776802,0.8867270794372757,0.5754798214410006,0.003030875510547203,False,False,True,True,True
1788620585.8837242,0.4587918096418012,4.030295291865238,0.0024093427458187276,False,False,True,True,True
1788620585.975815,0.8701474128930242,4.478624817439616,0.002155241353013774,False,False,True,True,True
1788620586.0486565,0.17365835646926012,9.557723441550177,0.0012641277355067819,False,False,True,True,True
1788620586.1710417,0.14992862721535583,0.18237686353543617,0.00011288188855837157,False,False,True,True,True
1788620586.2741947,0.6549469055082985,4.891529860043923,0.0009959250586390458,False,False,True,True,True
1788620586.3649893,1.3782213157586969,8.188487634344742,0.0030471536206049866,False,False,True,True,True
1788620586.4605112,0.7106772464864239,7.4465873316047055,0.004888184890114222,False,False,True,True,True
1788620586.5685992,1.5413815430540037,7.758355265778753,0.005661541638455311,False,False,True,True,True
1788620586.6692078,0.4515745008789254,10.968583665240816,0.0056721100935443695,False,False,True,True,True
1788620586.7762334,0.7653641536845647,3.06715877112748,0.0014841964885506573,False,False,True,True,True
1788620586.8766203,0.380521761124785,3.964560437719674,0.0012613057940944388,False,True,True,True,True
1788620586.9787543,0.308134142768451,0.6449466753896449,0.0003695184291568909,False,False,True,True,True
1788620587.0746944,1.3257391135762426,10.575702840276834,0.0038693717263086147,False,False,True,True,True
1788620587.166282,1.734215059517554,4.663724077007638,0.004931780396250458,False,False,True,True,True
1788620587.2547705,0.7890468884621488,11.052811481941777,0.00475377064586088,False,False,True,True,True
1788620587.3749971,1.1847129361746633,3.274452987886669,0.007364386479950191,False,True,True,True,True
1788620587.4666471,0.2965851282464233,9.666678793870394,0.0048356647237735835,False,False,True,True,True
1788620587.5599945,2.0807754911703507,19.163380315927,0.00832532414004023,False,False,True,True,True
1788620587.6686623,1.6710877971122846,4.918486018851973,0.009497714807779873,False,False,True,True,True
1788620587.767616,1.1598388209415469,4.69554719486213,0.005584035509465715,False,False,True,True,True
1788620587.8707328,0.4996833638143571,6.424884042862609,0.002393212016554162,False,False,True,True,True
1788620587.9661562,0.9114686999738522,4.4648944421685375,0.0014768446925840586,False,False,True,True,True
1788620588.062446,0.6469415597087633,2.7969062834694154,0.002923294158234283,False,False,True,True,True
1788620588.1669023,0.5023356556730004,1.2238708287286284,0.0016187126186417242,False,False,True,True,True
1788620588.274073,0.2765437970675803,2.11774367576032,0.0006447510469823092,False,False,True,True,True
1788620588.3584716,0.13651683686305602,1.6519036029381935,0.0002077122815254938,False,False,True,True,True
1788620588.4657142,0.34556082108663533,1.9399534747858584,0.000344130705325886,False,False,True,True,True
1788620588.5685189,0.19650755467804093,1.4247150158388546,0.00039378175246927754,False,False,True,True,True
1788620588.6690125,0.27712999988909187,0.8164922910748932,0.00029591898572346606,False,False,True,True,True
1788620588.7611775,0.7961817569643768,5.676056061538993,0.0015023601460870837,False,False,True,True,True
1788620588.8690667,0.547256049208337,2.309137569580227,0.0019643083905255794,False,False,True,True,True
1788620588.9701495,1.140541662674794,5.796383479345826,0.003899651868266115,False,False,True,True,True
1788620589.074877,2.1902541458596922,9.951680096487939,0.009400829961192039,False,False,True,True,True
1788620589.1667,0.48514865412373953,18.57830198482267,0.010951804654365273,False,False,True,True,True
1788620589.274085,1.1189002400995616,5.815729250647608,0.004513695557877624,False,False,True,True,True
1788620589.360047,0.2437634678419836,10.095113272933197,0.003018877643394474,False,False,True,True,True
1788620589.4646556,1.0234478214446994,7.45296766151428,0.0030175397562445293,False,False,True,True,True
1788620589.5608346,1.2144416713821897,2.031800985165726,0.007983326149376222,False,False,True,True,True
1788620589.6686742,0.29684892424312603,8.519329520713509,0.0026854405287237756,False,False,True,True,True
1788620589.7749774,1.2323600524270708,8.797616792574205,0.00489251225698345,False,False,True,True,True
1788620589.8762438,0.5286304171557457,7.308395288430898,0.004310972410698306,False,False,True,True,True
1788620589.9692507,0.6363834714295811,1.2932827520023609,0.0011696382155810497,False,False,True,True,True
1788620590.0871475,0.9406175747012163,2.5784792612512364,0.003544843244359582,False,False,True,True,True
1788620590.1884096,0.26639515841834144,6.629393212085643,0.0035050909808837195,False,False,True,True,True
1788620590.2750907,0.1628277535949234,1.1856620609140243,0.00018822675739122468,False,False,True,True,True
1788620590.3661127,0.2464642957149574,0.920660565276387,0.00020017137237685645,False,False,True,True,True
1788620590.4725318,0.38834908116428024,1.3375690906355078,0.0006802925022974005,False,False,True,True,True
1788620590.5774617,0.4616110677326792,0.7002148371790193,0.0013130991951722174,False,False,True,True,True
1788620590.6733294,1.2392596352656575,7.941223976782577,0.004274017142109369,False,False,True,True,True
1788620590.800051,1.3921386653272219,1.2494090040327148,0.006460286448057806,False,False,True,True,True
1788620590.913376,0.3108139841323708,9.684883533997647,0.006794562946326466,False,False,True,True,True
1788620591.0155985,1.415617467539785,10.801845298469239,0.004828571824192345,False,False,True,True,True
1788620591.118807,1.9477575875826953,5.219941236064705,0.016157229117085906,False,False,True,True,True
1788620591.2243404,7.941260536781962,56.452347370515255,0.15973665074639595,False,False,True,True,True
1788620591.3054261,1.6909725725558975,77.39089050616919,0.13458143376063156,False,False,True,True,True
1788620591.3878024,2.285126944666806,6.720822219077198,0.0070837144896700194,False,False,True,True,True
1788620591.4679053,1.8874128656711886,3.9159160254220184,0.006976957498340936,False,False,True,True,True
1788620591.581584,1.455217706072574,3.9066820479800395,0.005944203067768262,False,False,True,True,True
1788620591.6657856,0.5820648412380311,10.361877292955818,0.007202798122274808,False,False,True,True,True
1788620591.7642226,0.34361886722466456,2.4105393796504844,0.0005143130173582572,False,False,True,True,True
1788620591.8640208,0.6656151104573929,3.175648450395511,0.0007982637278245131,False,False,True,True,True
1788620591.9917798,0.5772585667102559,0.7596674874514163,0.0021194498943352654,False,False,True,True,True
1788620592.097398,1.0982565377350084,4.969606483795394,0.0032484190710187506,False,False,True,True,True
1788620592.189519,1.6985670452812904,6.4987584433108925,0.004537202463393194,False,False,True,True,True
1788620592.2824097,1.7575888946703033,0.6979767095649574,0.005767474357576085,False,False,True,True,True
1788620592.384728,1.065447595340827,6.519010080918479,0.005417899664576478,False,False,True,False,False
1788620592.4744046,1.0101088578503248,0.46664328099097113,0.002832548551833425,False,False,True,False,False
1788620592.5625613,1.171574147309784,2.0062839000904584,0.005595930723264125,False,False,True,True,True
1788620592.6662133,2.5053468428082226,12.282985623038277,0.016600703465460335,False,False,True,True,True
1788620592.77561,5.536721091072369,27.508887572220907,0.062471070311078444,False,False,True,True,True
1788620592.8734195,5.893275472499438,4.218732206854139,0.2209661281177212,False,False,True,True,True
1788620592.9761026,0.7404305708888197,49.929843991942455,0.06551067064474608,False,False,True,True,True
1788620593.099283,0.684745922776814,0.4362562376060923,0.0018060476172640715,False,False,True,True,True
1788620593.183268,1.0404390655156952,4.291734785757302,0.001698433826017963,False,False,True,True,True
1788620593.2747376,1.1207059141357083,0.8956224743386845,0.0030255315435710564,False,False,True,True,True
1788620593.3738835,0.42443834910908723,6.972848624125468,0.0023133850061217084,False,False,True,True,True
1788620593.4805562,1.2333939780101768,7.543855503888593,0.003631248164289197,False,False,True,True,True
1788620593.5881093,1.031050260189828,1.883951882349674,0.007861362976233308,False,False,True,True,True
1788620593.680184,0.4852622079289003,5.858198975466399,0.003049216668995886,False,False,True,True,True
1788620593.7742286,1.359066188455398,9.309679531509065,0.003882290416699719,False,False,True,True,True
1788620593.8846288,0.355590617964059,8.996194775370443,0.0029478303843877107,False,True,True,True,True
1788620593.9887471,0.22911544540918324,1.209801650968465,0.0005208758622224345,False,False,True,True,True
1788620594.089739,0.8496836862001885,6.127671760529948,0.001948831932888476,False,False,True,True,True
1788620594.1877797,0.5775656785192607,2.6836561909135535,0.0015562440657781573,False,False,True,True,True
1788620594.2759976,0.5210960229971356,0.71846729406375,0.0007591362244083426,False,True,True,True,True
1788620594.3805413,0.5277705836409016,0.15910716347084589,0.0009059802156201572,False,False,True,True,True
1788620594.4765038,1.9859295183407064,15.216333682719107,0.008967249034265021,False,False,True,True,True
1788620594.5741436,1.1983551097304932,8.123724813298073,0.015410901316745768,False,True,True,True,True
1788620594.6841688,1.4224154474245903,2.074468023456855,0.005138113542526389,False,False,True,True,True
1788620594.774155,1.1426320535673897,3.1917972898887625,0.010451016730446492,False,False,True,True,True
1788620594.880556,2.195089450463871,9.947454736629378,0.010392127592059486,False,False,True,True,True
1788620594.9898736,0.42338410518538566,16.498848686008554,0.01346457098643105,False,False,True,True,True
1788620595.0804505,1.5308450923924166,12.299030408511696,0.004166888051616896,False,False,True,True,True
1788620595.1804063,1.4979838141197197,0.7278431740076945,0.012350249921037308,False,False,True,True,True
1788620595.280734,1.695847907139306,2.04834477270896,0.014791703263894201,False,False,True,True,True
1788620595.3911424,1.3181951854711718,3.3815223094456153,0.009994215769281278,False,False,True,True,True
1788620595.4846134,0.8086089616821948,5.35648219408772,0.0059403233617200835,False,False,True,True,True
1788620595.5791311,0.2493198780295405,5.90814109366801,0.0012953834267772698,False,False,True,True,True
1788620595.6745439,0.6188875988911171,3.870085963713973,0.0008239097192761762,False,False,True,True,True
1788620595.7896655,0.20064952772571243,3.62756108488492,0.000945051784346932,False,False,True,True,True
1788620595.887192,0.3846407076658498,1.8930258268467517,0.0003365328105656595,False,False,True,True,True
1788620595.9937027,1.1236248524486174,6.942568436764309,0.003062336937554593,False,False,True,True,True
1788620596.074165,3.0992436854721532,24.228459958702786,0.020463846369854818,False,False,True,True,True
1788620596.1893144,0.6496803121042047,21.289615847877716,0.0115147052541313,False,False,True,True,True
1788620596.2824378,1.187455201703414,5.64728323202829,0.005142097161430599,False,False,True,True,True
1788620596.3784797,0.7338798727794366,4.890027720588482,0.0030365653439206925,False,False,True,True,True
1788620596.4831674,0.9505786590242803,2.0469004690974346,0.0027880628002237796,False,False,True,True,True
1788620596.5846841,2.6926334253805564,17.081216872308623,0.012391347113387888,False,False,True,True,True
1788620596.6855278,2.428628402079694,2.75308962139698,0.020795012871937014,False,True,True,True,True
1788620596.7969868,1.4633121911853944,8.965356432581054,0.013678848080996146,False,False,True,True,True
1788620596.892856,1.2670981569294721,2.4356086568822013,0.011937415954703745,False,False,True,True,True
1788620596.997899,2.974487627338433,15.708993721846033,0.027502086402226785,False,False,True,True,True
1788620597.1026642,1.4012437101146855,16.465953699431296,0.016761039460439317,False,False,True,True,True
1788620597.192596,4.255487985813166,31.366975440058035,0.038149833078584154,False,False,True,True,True
1788620597.3028967,5.682459568397233,11.34524292790807,0.052490498116356095,False,False,True,True,True
1788620597.3931825,1.9328000050307625,43.45115002803484,0.08996132008705653,False,False,True,True,True
1788620597.4826894,1.3503121645802327,6.812997000710941,0.004692305106174707,False,False,True,True,True
1788620597.587669,1.493668250772039,0.7792769395110485,0.005288519708118452,False,False,True,True,True
1788620597.693537,2.257369312841249,7.090888122712362,0.011067153783863441,False,False,True,True,True
1788620597.8292842,0.8611853557300508,10.579068260489674,0.007527109432992676,False,False,True,True,True
1788620597.9252343,0.9397884472880507,0.9696282678017214,0.0023617118703863657,False,False,True,True,True
1788620598.0251076,1.479815071802157,5.437156404778156,0.005930414954176507,False,False,True,True,True
1788620598.1391337,0.31782179192543913,10.101413647818239,0.002956340321423994,False,False,True,True,True
1788620598.222108,0.7058770148671913,4.690694479851082,0.0005623710560063149,False,False,True,True,True
1788620598.3042655,3.3509820792051004,32.03336275130312,0.010934382346572458,False,True,True,True,True
1788620598.4009922,1.004103403686257,24.507204348115394,0.012933279684089171,False,False,True,True,True
1788620598.4956264,1.6414333109545598,6.739681232750004,0.006232569984983097,False,False,True,True,True
1788620598.5913305,2.266290424748472,6.417677536873892,0.013032741320140746,False,False,True,True,True
1788620598.6961238,1.471711344860966,7.358996157605719,0.010190782310586384,False,False,True,True,True
1788620598.7915454,1.021333532570085,4.61739676840634,0.006692525835713408,False,False,True,True,True
1788620598.8933406,1.1614147313581924,1.3388284697315385,0.002043970143983135,False,False,True,True,True
1788620599.000043,0.6226804386895423,5.119470913719799,0.00200206997696413,False,False,True,True,True
1788620599.0988314,1.2939819525013836,6.753602959393964,0.0031595757011614605,False,False,True,True,True
1788620599.1989565,1.590261801909854,2.8310944554813284,0.00415229647190632,False,False,True,True,True
1788620599.3072243,0.7755731163399454,7.618200456837244,0.004032362585368645,False,False,True,True,True
1788620599.3956544,1.0449453239724107,3.015735235309214,0.0027194161445839994,False,False,True,True,True
1788620599.4960155,2.2728045120342397,12.157523155204826,0.011415068140210812,False,False,True,True,True
1788620599.608562,0.649375855521543,14.465479756439061,0.01025490256176138,False,False,True,True,True
1788620599.7149224,1.245159795696283,5.596562771111436,0.002149245242605621,False,False,True,True,True
1788620599.7882035,0.6823633314561632,7.6781026720738055,0.002026739578914835,False,True,True,True,True
1788620599.8841503,0.6662052408719472,0.08001754630881297,0.0006076852715511027,False,False,True,True,True
1788620599.9898794,0.7190254911445625,0.5122704164290757,0.0013457925986712204,False,False,True,True,True
1788620600.0770462,0.5663088270269999,1.7197322744085912,0.001158540658522868,False,False,True,True,True
1788620600.177734,2.7377899956347407,21.58545654213641,0.01017314990394191,False,False,True,True,True
1788620600.279036,0.32215637689523025,23.79989593691459,0.011921584883806492,False,False,True,True,True
1788620600.394058,0.27140129720408773,0.4242855026446696,0.00025859649478930517,False,True,True,True,True
1788620600.497493,1.8252366459935048,15.05314359191131,0.005590888613659519,False,False,True,True,True
1788620600.6034968,0.8918747299635914,8.820404899105196,0.00782986479106427,False,False,True,True,True
1788620600.697369,1.193397712525017,3.2897312197127886,0.0041255270823157995,False,False,True,True,True
1788620600.8017893,2.6388393298557205,13.647481397084894,0.009019715295579971,False,False,True,True,True
1788620600.9056902,2.2896592061844134,3.608670467401016,0.029512558676270693,False,False,True,True,True
1788620601.0056427,2.255460259114744,0.39490968078786337,0.008213682064539485,False,False,True,True,True
1788620601.1034317,0.8406347615041722,14.407641782643584,0.006317638257035209,False,False,True,True,True
1788620601.206719,0.7365534677396265,1.0090349327289025,0.001896747371957845,False,False,True,True,True
1788620601.2972918,1.6052062641038833,9.527786130785465,0.0028494968678101067,False,False,True,True,True
1788620601.40645,0.8274245864661114,7.07272998306018,0.0059183598747051805,False,False,True,True,True
1788620601.5051568,0.4060546627136318,4.3213512180995135,0.0016216435394201783,False,False,True,True,True
1788620601.6136076,3.5035055962394783,28.561485893670937,0.02008856703740754,False,False,True,True,True
1788620601.7080972,0.36041032906841386,33.19076339759913,0.02020649438112903,False,False,True,True,True
1788620601.8094747,5.575539773322791,51.53689657649913,0.0509646528338103,False,False,True,True,True
1788620601.9175742,0.664207765744113,45.54611558254433,0.04878134881578769,False,False,True,True,True
1788620602.012689,1.9278401643481993,13.287373666558002,0.00532905323942511,False,False,True,True,True
1788620602.104726,0.8152389687386962,12.126739377822679,0.004514416262626208,False,False,True,True,True
1788620602.197536,5.027167871327754,45.39090536322192,0.038592975555230474,False,False,True,True,True
1788620602.2961266,1.1434278305227168,39.7002884489153,0.027866923526339956,False,False,True,True,True
1788620602.399935,0.6295022666461549,4.74727694630897,0.0018243860928214724,False,False,True,True,True
1788620602.4959533,5.26166214143769,48.25555354011245,0.03779975448707567,False,False,True,True,True
1788620602.6009464,5.834059952905316,5.370023143461773,0.05048420944383834,False,False,True,True,True
1788620602.7041461,0.6943151595778102,49.392463221594966,0.05449272737710063,False,True,True,True,True
1788620602.8039186,1.2653660364467616,5.4653480647762045,0.0020828101922183125,False,False,True,True,True
1788620602.8999953,3.0206350350539575,17.960719325919772,0.015872607359396163,False,False,True,True,True
1788620602.9975505,2.5128165090540873,5.149604137708345,0.011668618059541124,False,False,True,True,True
1788620603.111841,1.7669432391980975,6.478895290492332,0.02189808913452267,False,True,True,True,True
1788620603.2045727,0.7531076804828178,10.936670845559822,0.007523201721491565,False,False,True,True,True
1788620603.303998,4.30600359622062,35.68059347894081,0.02512690636103155,False,False,True,True,True
1788620603.4034066,3.349557316134963,9.514628642276943,0.02222231678362715,False,False,True,True,True
1788620603.5033197,1.8770466089977882,14.743657905805492,0.03019431517924193,False,False,True,True,True
1788620603.6031485,0.6853902079445032,11.821151237943694,0.0043708506051653735,False,False,True,True,True
1788620603.6947265,1.688814475015183,10.948254164050933,0.0028891712775499087,False,False,True,True,True
1788620603.787178,10.987570158675222,100.1884922675625,0.1348044245298746,False,False,True,True,True
1788620603.9035242,1.2958453352564931,83.55598495930631,0.1701381057194186,False,False,True,True,True
1788620604.0027683,2.700595713217655,14.196961730100893,0.009765426652994316,False,False,True,True,True
1788620604.103063,3.4823172692025373,7.803161732793184,0.04055906929969173,False,False,True,True,True
1788620604.2122042,2.8078484410069673,5.420346216752391,0.04505628191062072,False,False,True,True,True
1788620604.3193252,1.5054328028421564,12.003386175044527,0.02337944906220737,False,False,True,True,True
1788620604.412577,4.20248391547978,28.93042556702416,0.018779140880749074,False,False,True,True,True
1788620604.4953241,3.691010284261205,6.1869482136591865,0.01902189316355418,False,False,True,True,True
1788620604.61261,1.3645850803070891,19.671259382292828,0.024243944013381553,False,False,True,True,True
1788620604.714998,1.9249824146646337,5.464911453069979,0.0054019478331648494,False,False,True,True,True
1788620604.7937117,1.0902827315548813,11.131034171833395,0.007856913320390343,False,True,True,True,True
1788620604.9042342,3.90714859394482,25.3222251438366,0.025555793876386335,False,False,True,True,True
1788620605.0046341,1.7242378289389961,21.67577068402134,0.021693851927959546,False,False,True,True,True
1788620605.0963058,0.9171008974491456,8.796171438177009,0.004118640084461093,False,False,True,True,True
1788620605.1934614,1.690243794675042,7.965654589159598,0.003530259363962771,False,True,True,True,True
1788620605.2974446,1.086728958777918,5.8312146627675885,0.0035825597219139582,False,False,True,True,True
1788620605.4013627,0.5692031560738722,4.960293767299669,0.0030494800922315018,False,False,True,True,True
1788620605.5138137,0.7678781974443635,1.7731250821485314,0.0018754375233858188,False,False,True,True,True
1788620605.6106122,0.7473593274343118,0.2161569380981853,0.0016097296330099297,False,False,True,True,True
1788620605.7070167,1.5989154668714287,8.888929818621802,0.005273448860038932,False,False,True,True,True
1788620605.8090613,0.6512734954325408,8.893075915774551,0.0042924795278847135,False,False,True,True,True
1788620605.9010751,0.9509675610594207,3.302009332866954,0.0020508574469091947,False,True,True,True,True
1788620606.0144668,1.0041089555244034,0.4750765141441033,0.0021066847432989325,False,False,True,True,True
1788620606.1123595,2.5152375710112804,15.413254672704142,0.007830309118026107,False,False,True,True,True
1788620606.2098815,0.25725170568597844,23.19465337207879,0.008904325428198242,False,False,True,True,True
1788620606.3145957,0.31706526167980137,0.5708258321661512,0.0003179040882452349,False,False,True,True,True
1788620606.419253,6.013686497650129,54.363268174838595,0.059682258842187134,False,False,True,True,True
1788620606.525024,0.538424880962621,52.61887084568671,0.05576553797515392,False,False,True,True,True
1788620606.6192114,4.678520275079998,44.003899280215855,0.03153121202859689,False,False,True,True,True
1788620606.7126622,0.9223424989906694,40.3159553733124,0.032287830618802346,False,False,True,True,True
1788620606.810722,2.463080548004802,15.747805478828104,0.008461221880700656,False,False,True,True,True
1788620606.9122574,3.001685038021061,5.284998896056934,0.011471130803146014,False,False,True,True,True
1788620607.0099268,0.7804540410621725,22.748429936982905,0.01122304898418729,False,False,True,True,True
1788620607.1044502,3.5846201433159766,29.621816630903776,0.0210740850351891,False,False,True,True,True
1788620607.1927776,0.9967566995343059,29.16766271884788,0.01471291527293747,False,False,True,True,True
1788620607.3101423,1.789903383150087,6.888972946862068,0.008604732446808198,False,False,True,True,True
1788620607.407822,0.4830078768984218,13.141741377129796,0.00593954080225068,False,False,True,True,True
1788620607.5021985,0.6182442425511154,1.4398253820268243,0.0006003020634870423,False,False,True,True,True
1788620607.599391,1.9449417693898967,13.751681886562809,0.00753651432836672,False,False,True,True,True
1788620607.7160535,0.28258781164017377,14.149491708790277,0.006263720684905147,False,False,True,True,True
1788620607.8166704,0.319187156118223,0.3873835180850816,0.0003309335144316319,False,False,True,True,True
1788620607.9159806,0.9196361875272973,6.000291596479883,0.0012034113170520959,False,False,True,True,True
1788620608.0241578,4.729110302861969,34.94988295467529,0.039011093902474224,False,False,True,True,True
1788620608.1245785,4.497795554680351,2.737652080489361,0.03511481104346613,False,False,True,True,True
1788620608.2062225,0.4782565492831813,49.144795852502675,0.03190931391172091,False,False,True,True,True
1788620608.3112807,1.3655945926684765,8.434257024450332,0.00254424084345492,False,False,True,True,True
1788620608.413474,1.455211316309878,0.8642839591515469,0.0091768485420124,False,False,True,True,True
1788620608.5200138,1.6620527844559567,1.9352951578661879,0.011556109880832983,False,False,True,True,True
1788620608.6064074,0.4832610531632383,13.672245373250512,0.004027899884457436,False,False,True,True,True
1788620608.7119424,0.33880894499597447,1.3816028900188269,0.0004707182358684149,False,False,True,True,True
1788620608.8191595,1.2801624099208753,8.81605398270954,0.00317462260908821,False,False,True,True,True
1788620608.905352,0.65323965209683,7.27422410962368,0.0041192747495828585,False,False,True,True,True
1788620609.0034442,0.1375929903969533,5.255949124278005,0.0005299872906270819,False,False,True,True,True
1788620609.1025822,0.6889662660906218,5.553150000379184,0.0006634044399839526,False,False,True,True,True
1788620609.2166982,0.25097246132377604,3.849853725100061,0.0005862782357168018,False,False,True,True,True
1788620609.3113651,2.265282288374011,21.325591868510035,0.006348780790366303,False,False,True,True,True
1788620609.40698,3.7193937345630785,15.176286211946634,0.014478304159260555,False,False,True,True,True
1788620609.5169723,1.9794226492698124,15.629994295980165,0.014615421756343347,False,False,True,True,True
1788620609.6172516,1.8713224059466262,0.9356304416322374,0.006250726385644863,False,False,True,True,True
1788620609.7044516,2.5043342217520794,7.2236025051403,0.018199531084103396,False,False,True,True,True
1788620609.817568,0.37962959240565425,18.775826970365326,0.008583623599009878,False,False,True,True,True
1788620609.9097557,7.310688564132757,75.12318769287717,0.06356787063591275,False,False,True,True,True
1788620610.018007,6.290624637820427,8.899408761941212,0.06820472653899218,False,False,True,True,True
1788620610.1040893,4.540829790884071,20.97284871128306,0.05332678582207844,False,False,True,True,True
1788620610.1926885,2.056839641402404,28.022060803615375,0.03772967536430165,False,False,True,True,True
1788620610.2970612,2.727836010138633,6.481355199436811,0.009762289559837713,False,False,True,True,True
1788620610.3999598,1.6250577576247347,10.291383157811213,0.022619625195211226,False,False,True,True,True
1788620610.5040433,2.4591276167157705,7.875945774409975,0.007924856434103799,False,False,True,True,True
1788620610.6008813,1.8278697661736865,6.661007604698543,0.02002613587014987,False,False,True,True,True
1788620610.69411,0.46959431717702954,14.589628363677386,0.00403183741955878,False,False,True,True,True
1788620610.807363,0.4643283072169006,0.10718221751734218,0.00045596135830828355,False,False,True,True,True
1788620610.9022834,1.632998101900781,12.176661134069592,0.00368864715984871,False,False,True,True,True
1788620611.0002182,2.8639238366278725,12.583344913257374,0.008826280634519037,False,False,True,True,True
1788620611.1154149,3.5109197193752593,5.016643317228897,0.04910575188378188,False,False,True,True,True
1788620611.2126362,6.733740205379583,33.206306861618046,0.04592058313044682,False,False,True,True,True
1788620611.3311174,3.882324317026785,23.866901445364515,0.13043157085248921,False,False,True,True,True
1788620611.4122844,2.105713284238108,21.821707660750576,0.022802259155977434,False,False,True,True,True
1788620611.5252802,0.44295476270002043,14.568625431496665,0.005358956943917854,False,False,True,True,True
1788620611.6309068,0.7882616540605264,3.298274004328598,0.0011820032443622978,False,False,True,True,True
1788620611.7122424,7.094028090556929,77.52567500855076,0.04619356719163239,False,False,True,True,True
1788620611.8037195,3.6979002537145917,37.181123276461676,0.03724269364498374,False,False,True,True,True
1788620611.924342,0.8653282548152529,23.838202261829704,0.014076202569592544,False,False,True,True,True
1788620612.0305188,0.3004333635380756,5.420133727287333,0.0017721575411663482,False,False,True,True,True
1788620612.112442,0.542224984013109,2.9313455321450475,0.0004583222094733598,False,False,True,True,True
1788620612.2071717,4.69269003997085,43.758308261045315,0.027155552896119782,False,False,True,True,True
1788620612.3139465,5.7845838944334815,10.308937440290778,0.04202130874245842,False,False,True,True,True
1788620612.4115033,3.708435253669318,21.51457481155577,0.03965207621875251,False,False,True,True,True
1788620612.506626,1.2419698565266866,25.987298811079114,0.022902789625701005,False,False,True,True,True
1788620612.6022472,0.47201036778338945,7.8875124721088214,0.0023185465127125876,False,False,True,True,True
1788620612.7198002,2.358291332505226,16.189914622952212,0.011614039831929046,False,False,True,True,True
1788620612.8222346,0.551984023815738,17.32720823855098,0.01054602927787586,False,False,True,True,True
1788620612.9112108,1.4677604739499037,10.362736377495812,0.0027308152816072967,False,False,True,True,True
1788620613.0137286,0.827654252307318,6.210493111030345,0.0048071340680973995,False,True,True,True,True
1788620613.111454,1.8067521736026435,10.018483540514072,0.007053752034793372,False,False,True,True,True
1788620613.2336097,0.4474765308216186,11.066862156934539,0.005393158248495895,False,False,True,True,True
1788620613.333316,0.5694379359879898,1.2103817528657825,0.001080480720242501,False,False,True,True,True
1788620613.4323516,1.1983280787674488,6.352309325314248,0.002169360022860891,False,False,True,True,True
1788620613.5296583,0.8505178578626087,3.4593974611242513,0.004311292595903189,False,False,True,True,True
1788620613.627136,1.3130153988818334,4.8450897419942835,0.0024997998863944696,False,False,True,True,True
1788620613.7342124,0.606205120497339,6.383872214733519,0.004162427861291379,False,False,True,True,True
1788620613.8335927,1.2027998290366102,5.998048954084817,0.003735690106493797,False,False,True,True,True
1788620613.932229,1.0115728354281053,1.9526737825458458,0.003007597410965763,False,False,True,True,True
1788620614.0342705,0.1963156176202171,7.995903738861564,0.0017351723044370631,False,False,True,True,True
1788620614.1305408,1.867752075467973,17.36181588292271,0.005324801421958452,False,False,True,True,True
1788620614.2239652,0.6494931626567937,13.040507979021836,0.00419796496237989,False,False,True,True,True
1788620614.3301802,4.103060549227271,32.51337393265572,0.03187814480185326,False,False,True,True,True
1788620614.4229152,2.0552297994604714,22.707204775242033,0.022657127009912306,False,False,True,True,True
1788620614.511056,0.3146657185600879,19.92118349230718,0.00533528957575269,False,False,True,True,True
1788620614.6344166,0.4865024809800208,1.3929328905353493,0.0008200123970143659,False,True,True,True,True
1788620614.7344494,0.9194231681935681,4.3604995129381905,0.0025001848509406213,False,False,True,True,True
1788620614.8344815,1.0334095622666244,1.1291938918178355,0.0016287710241782412,False,False,True,True,True
1788620614.9138346,1.0158823171360551,0.30390449075777987,0.003548994277525029,False,False,True,True,True
1788620615.0206075,0.3088883783468339,6.68909002123691,0.0011795261145114287,False,False,True,True,True
1788620615.1269972,2.2841129279882617,18.541263381968157,0.0083337787929797,False,False,True,True,True
1788620615.212212,4.003764766388393,20.14990278716837,0.014015799496111942,False,False,True,True,True
1788620615.3089392,0.39718936484724876,37.363386523250234,0.01551326044097417,False,False,True,True,True
1788620615.4241085,0.4267470167454951,0.2827471106612156,0.0004950898269090412,False,True,True,True,True
1788620615.5134737,0.2032571321050232,2.4941939156225614,0.00040515797153110525,False,False,True,True,True
1788620615.6091542,0.3536585149819992,1.5759138516790487,0.00016474115800511145,False,False,True,True,True
1788620615.7484133,1.4295192405447925,7.7291102459214445,0.006728692769018742,False,False,True,True,True
1788620615.8485587,0.30492192754045744,11.1812839236849,0.005350161278326325,False,False,True,True,True
1788620615.9245396,0.8511890980773825,7.187431734661615,0.0006188718781763874,False,True,True,True,True
1788620616.0112157,0.5140787437844916,3.8978952669649005,0.0006830189493491328,False,False,True,True,True
1788620616.124241,0.9795187141437124,4.106290857082861,0.0015798501909621942,False,False,True,True,True
1788620616.223029,1.8575217587877322,8.885567708384956,0.003938897938587198,False,False,True,True,True
1788620616.3185627,1.441582033843189,4.427211262994085,0.004551041985942273,False,False,True,True,True
1788620616.4078763,0.4468310869276969,11.131565444992562,0.002500959975786339,False,True,True,True,True
1788620616.5246387,0.3061113315042858,1.2132964731843061,0.0002351379316927154,False,False,True,True,True
1788620616.6161165,3.9991590380911153,40.39866034221195,0.018885160415705683,False,False,True,True,True
1788620616.7154577,0.8326823070797359,32.074738169994255,0.016870114967336074,False,False,True,True,True
1788620616.8157556,1.1162678391948397,2.831688714345472,0.0016035683454876997,False,False,True,True,True
1788620616.9095166,0.9246272438967587,1.972846592113403,0.0019188482180058338,False,False,True,True,True
1788620617.023365,0.667586212966391,2.137061198557954,0.0018112608224364617,False,False,True,True,True
1788620617.112191,2.730521043818,23.18919705154211,0.01108169676517698,False,False,True,True,True
1788620617.207149,1.7807169658014717,9.986599448257248,0.007643709840246131,False,False,True,True,True
1788620617.324036,0.25597876427052435,13.053039132714328,0.0050078855624574444,False,False,True,True,True
1788620617.4188602,0.8903909295200106,6.687240994172151,0.000888942231996471,False,False,True,True,True
1788620617.5130355,0.12100461719948825,8.18417286517748,0.0010062530722257702,False,False,True,True,True
1788620617.6071649,0.9339493066455488,8.645486118895937,0.0012067900382701662,False,False,True,True,True
1788620617.7196047,1.9209111307484068,8.685190511885938,0.008642572515793786,False,False,True,True,True
1788620617.8178158,0.599574524628493,13.30138731598233,0.005937222731931468,False,False,True,True,True
1788620617.9219239,1.8669191136223389,12.172412288599878,0.004681473109273393,False,False,True,True,True
1788620618.0347044,1.4962310675074217,3.352601377399817,0.005866935909631377,False,True,True,True,True
1788620618.137698,0.30518864803271095,11.538083208711564,0.004759880123847327,False,False,True,True,True
1788620618.2241735,2.50739194721661,25.485650981866588,0.007610972090721538,False,False,True,True,True
1788620618.3255382,0.703515720076129,17.56419375600398,0.009695100910365328,False,False,True,True,True
1788620618.4241838,0.6548369377026639,0.4748203948813578,0.0011620115399695841,False,False,True,True,True
1788620618.532256,2.6404651779296633,18.265133057236945,0.015359120330251927,False,False,True,True,True
1788620618.6282806,3.2253648214647717,6.224007892564573,0.013796846906946108,False,True,True,True,True
1788620618.7239509,1.9859125388411565,13.030023844038471,0.02816176225541654,False,False,True,True,True
1788620618.8264372,1.5314655736226215,4.527176982743631,0.004815048339357992,False,False,True,True,True
1788620618.9072728,2.484453584181048,11.821749434675953,0.013957601406502,False,False,True,True,True
1788620619.024142,1.892765032509239,4.99406209661626,0.007153266440983921,False,False,True,True,True
1788620619.1241493,1.1954219933292203,6.954080468609067,0.005598774736477767,False,True,True,True,True
1788620619.2280226,0.22526832980376293,9.151727000090933,0.00215186396020062,False,False,True,True,True
1788620619.324581,0.1940619611098721,0.32288904306589467,0.00013765502275351748,False,False,True,True,True
1788620619.4127269,0.5205816603653939,3.690873467855418,0.0004323524177019423,False,False,True,True,True
1788620619.519875,0.6090470416441224,0.8309358453519882,0.0011917177459181247,False,False,True,True,True
1788620619.6214793,0.34483658675081463,2.610096984072108,0.0008094757616434459,False,False,True,True,True
1788620619.724296,2.8009405205733633,23.89662045199457,0.013314018300555251,False,False,True,True,True
1788620619.814597,1.3802371181801754,15.786867566377644,0.01019691936538426,False,True,True,True,True
1788620619.9046519,1.2786438903023587,1.1011911485836066,0.005360043341053298,False,False,True,True,True
1788620620.024153,0.7575029342447237,4.4834977707649895,0.004764051057374417,False,False,True,True,True
1788620620.1290584,0.7884214314579227,0.3112214281949111,0.002762872589404473,False,False,True,True,True
1788620620.22515,1.8835112188211427,11.394901897683454,0.004107016428731939,False,False,True,True,True
1788620620.3244681,0.8281135531685219,10.592113644996326,0.006866907271645014,False,False,True,True,True
1788620620.4397442,0.7942880539025378,0.29932441358032796,0.002652622415624769,False,False,True,True,True
1788620620.5273018,4.700482135228454,44.60968469807191,0.02195753090786942,False,False,True,True,True
1788620620.6149983,2.486666549172595,25.001143057244597,0.01993164239858871,False,False,True,True,True
1788620620.7280092,3.0974305598461833,5.136440199581278,0.014997350968604677,False,False,True,True,True
1788620620.8308032,1.2266430590880182,17.97817166567532,0.01669128232478698,False,False,True,False,False
1788620620.9276989,3.499325208217395,23.178157279537697,0.02307888048635053,False,False,True,False,False
1788620621.0239263,4.178986816669848,7.483318813337975,0.02124675527381514,False,False,True,True,True
1788620621.1312518,4.3661278587683725,1.8656835921059003,0.08064651902981256,False,False,True,True,True
1788620621.2239664,1.5292786234806335,30.712440311401473,0.026378985196858478,False,False,True,True,True
1788620621.3241417,0.7123912330495147,8.113519649797723,0.004886890607878614,False,False,True,True,True
1788620621.4274437,3.5707063755572945,27.66250472026927,0.024436125596844566,False,False,True,True,True
1788620621.5349426,1.6289851752404954,17.85960392573806,0.01538898911111496,False,False,True,True,True
1788620621.6268666,3.442727658236189,19.77130906994494,0.027955790850279306,False,False,True,True,True
1788620621.718833,3.5992482590700927,1.3764220369799793,0.017031964858103037,False,False,True,True,True
1788620621.8241003,1.0562024147127895,24.48334130021287,0.014591766035717917,False,False,True,True,True
1788620621.9311938,0.33177271563732447,6.798798618148734,0.002520610122566926,False,False,True,True,True
1788620622.0239909,1.677431124299189,14.507175081910153,0.00330328683414205,False,True,True,True,True
1788620622.1333134,1.2467178900861002,3.9509296709081547,0.003337024034788666,False,False,True,True,True
1788620622.2275343,1.7974187232049306,5.812285239306392,0.009701395655016083,False,False,True,True,True
1788620622.3322446,2.6844134291740147,8.569005148764107,0.022178769635782844,False,False,True,True,True
1788620622.4368918,4.815629997651832,20.436904044621514,0.028726397464251804,False,False,True,True,True
1788620622.52399,2.45880260262955,26.752972118424495,0.05823350740950606,False,False,True,True,True
1788620622.6443007,4.13196963115562,13.769022551265808,0.028196424449192674,False,False,True,True,True
1788620622.7396295,2.6098615996796743,16.042517296777987,0.0278059147456264,False,False,True,True,True
1788620622.8303382,0.7192095199355526,20.688703254182712,0.008947091097674565,False,False,True,True,True
1788620622.924261,0.5649029131809652,1.639708004255971,0.0009903963578234021,False,False,True,True,True
1788620623.0289981,1.9080501922490403,12.86060460706558,0.005137809472999806,False,False,True,True,True
1788620623.133518,0.3426578237193039,15.028607602017813,0.0055808938941928335,False,False,True,True,True
1788620623.2247086,4.230369092509773,42.58059412044452,0.023141838636899392,False,False,True,True,True
1788620623.326067,0.6050956159472088,36.04217452729588,0.024469045561504026,False,False,True,True,True
1788620623.4337037,2.741225422771443,19.863071602543954,0.012586338421165393,False,False,True,True,True
1788620623.5321934,0.26555580882341095,25.108622656776934,0.013358059078505104,False,False,True,True,True
1788620623.6324718,1.4954078102171668,12.244126802085416,0.0033641604155596923,False,False,True,True,True
1788620623.7369728,1.3875980663113046,1.0774089716475599,0.003340110033085195,False,False,True,True,True
1788620623.8348737,2.2865617417081054,9.16719229788403,0.005687539102112793,False,True,True,True,True
1788620623.928985,2.542172428838864,2.7912168791541445,0.008129623965963406,False,False,True,True,True
1788620624.0251203,0.37275575539159217,22.582086881829298,0.009108247349003822,False,False,True,True,True
1788620624.1242304,2.3260455554267625,19.707283999897037,0.007087508458435629,False,True,True,True,True
1788620624.2327178,0.7402202367373363,14.53805152835517,0.00928946827574378,False,False,True,True,True
1788620624.329152,0.63761011214559,0.9967276043478213,0.0012181325435992954,False,False,True,True,True
1788620624.4331086,1.8275507970630567,11.442122555803385,0.005576220159094401,False,True,True,True,True
1788620624.5256991,0.3575176181746326,15.783918892608087,0.004897517283635958,False,False,True,True,True
1788620624.6381693,0.5209115227793126,1.4495321931950167,0.0004803060142585073,False,False,True,True,True
1788620624.7321334,0.7520099475676864,2.454990019897184,0.0009049715251954112,False,False,True,True,True
1788620624.8316433,0.7754799203402207,0.25127567801350525,0.0008435728236261996,False,False,True,True,True
1788620624.9434032,0.5673770300958533,1.8422036110672233,0.0020430783148208532,False,False,True,True,True
1788620625.038332,3.280063001307104,28.564246628199026,0.012329644361202359,False,False,True,True,True
1788620625.1321166,0.8689266690153928,25.43142059612511,0.01868850287008971,False,False,True,True,True
1788620625.231309,0.358317017705097,5.155802346446959,0.001450356831950357,False,False,True,True,True
1788620625.327297,1.0067198076970023,6.743613646934525,0.0013028375500615892,False,False,True,True,True
1788620625.424156,4.488913302964104,36.12847609025216,0.03574822933858563,False,True,True,True,True
1788620625.5349011,1.227934935269627,29.620785231311064,0.022896898436635085,False,False,True,True,True
1788620625.6325243,1.9027167585764282,6.904026930685114,0.011594150470071389,False,False,True,True,True
1788620625.7377827,0.9073840036841961,9.372536914152827,0.009011766888209436,False,False,True,True,True
1788620625.8304448,1.8554647437487188,10.243535503077846,0.003470928317381418,False,False,True,True,True
1788620625.9274213,0.6351498341032779,13.072072230862709,0.003998622726165046,False,False,True,True,True
1788620626.0245671,1.117828615462287,4.935392414251492,0.002932174841174489,False,False,True,True,True
1788620626.134848,0.33241556746550366,7.105642610566429,0.0017533310535831866,False,False,True,True,True
1788620626.226158,1.105790166008682,8.485695887783665,0.0017219590945243214,False,False,True,True,True
1788620626.3377066,0.19719554486852953,8.167874298496482,0.0013247326568968268,False,False,True,True,True
1788620626.4297698,1.3138973885056617,12.120749055018633,0.0024645267599302683,False,False,True,False,False
1788620626.5416477,1.389348933483133,0.5883312905957355,0.0029887755927871743,False,False,True,False,False
1788620626.6352067,1.2708826826048476,1.2624768457340212,0.002966087215846351,False,False,True,False,False
1788620626.7267988,1.0811031841252372,1.8767013242103432,0.004893624064630864,False,False,True,False,False
1788620626.824054,1.3282157060661883,2.4907351075878372,0.004957322144239555,False,False,True,False,False
1788620626.9305732,2.5064823744880993,10.962346688566843,0.008151943490672317,False,False,True,False,False
1788620627.0267174,1.5994283864104826,9.045508109986345,0.008101402076332443,False,False,True,False,False
1788620627.135944,0.7185853698082828,7.976368131023088,0.006131825508925534,False,False,True,False,False
1788620627.2478943,0.8205782916222577,0.8992262961536054,0.0011679474846077907,False,False,True,False,False
1788620627.3409228,0.37550390828782937,4.782358213143427,0.001677997429660421,False,False,True,False,False
1788620627.4293513,0.9172693516538372,6.124504521685913,0.0009307595813928135,False,False,True,False,False
1788620627.5299652,0.8639058799552446,0.5332687606496668,0.0030099914721042798,False,False,True,False,False
1788620627.6441245,0.22864541615709547,5.633289513600385,0.001293772599457609,False,False,True,False,False
1788620627.7547393,0.2529408828287696,0.21170196863776766,0.0002952048354719819,False,False,True,False,False
1788620627.8533037,1.1726699518892507,9.343293415067462,0.002233926890402953,False,False,True,False,False
1788620627.9398222,0.6632885523804928,6.002451834430913,0.002175070936089474,False,False,True,False,False
1788620628.0436282,1.462271467787695,7.668083946921644,0.004036823880108663,False,False,True,False,False
1788620628.1442285,0.9771027327248949,4.731010618538423,0.003020038898954325,False,False,True,False,False
1788620628.2310011,0.6380646467573097,3.878013328683264,0.0015090081341829385,False,False,True,False,False
1788620628.7894347,0.17233745913995338,0.8306234756399458,0.0021081058187951683,False,False,True,False,False
