timestamp,velocity,acceleration,movement_variance,gaze_deviation,blink,valid_pose,valid_face,valid_combined
1788617893.3209505,0.0,0.0,0.0,False,False,True,True,True
1788617893.5234194,0.0,0.0,0.0,False,False,True,True,True
1788617893.5893335,0.48567414050008234,10.084404627495621,0.007787778573081925,False,False,True,True,True
1788617893.642704,7.949118326097584,139.79949982839523,0.026834362808081665,False,False,True,True,True
1788617893.7313905,0.5322186273226481,84.21297114926111,0.026843981860617958,False,False,True,True,True
1788617893.8468773,1.733645700903844,10.393332741884198,0.0059228593399894645,False,False,True,True,True
1788617893.9451456,1.3771062737088402,3.446826935766155,0.004992880733824438,False,False,True,True,True
1788617894.04685,0.6595131535419735,7.09596681306876,0.004454809574870333,False,False,True,True,True
1788617894.1464286,0.9667370324211731,3.0168156929019623,0.0028887387111171487,False,False,True,True,True
1788617894.2588763,1.156455272358931,1.5829914472885749,0.005747271724029943,False,False,True,True,True
1788617894.3572216,4.962825954676996,38.64101423513654,0.03180940740143893,False,False,True,True,True
1788617894.4627757,0.3293039243825115,44.37703054291851,0.037042687283653605,False,False,True,True,True
1788617894.5623283,4.6674439128233125,43.55954627290178,0.0329580988285569,False,False,True,True,True
1788617894.6604178,8.606447252790385,39.95295142551592,0.08141028017006861,False,False,True,True,True
1788617894.7529798,2.569564807028689,63.088004742175734,0.14263500859341735,False,False,True,True,True
1788617894.8526018,13.393720250508519,108.53006437129307,0.23487770932570806,False,False,True,True,True
1788617894.9410033,5.587415040949926,89.6280618279245,0.37790300138125343,False,False,True,False,False
1788617895.0530963,4.515853994835893,7.2514802226987385,0.09135688960022947,False,False,True,False,False
1788617895.1439502,26.204278338213516,240.02475946316397,0.9198564857604566,False,False,True,True,True
1788617895.2473023,6.0608533224637355,188.46202867357178,0.7338139866408848,False,False,True,False,False
1788617895.3405514,3.8527226992534507,21.041210020259197,0.10214495538583594,False,False,True,True,True
1788617895.4596364,3.2791655747280677,4.847408980036824,0.045199208300284316,False,False,True,True,True
1788617895.544386,6.03826682817878,33.67472669030138,0.10103487572984801,False,False,True,True,True
1788617895.6457317,11.067637656296867,48.844200969069895,0.18227494560284652,False,False,True,True,True
1788617895.7533903,7.57725087547607,31.058058047588634,0.17905276836479225,False,False,True,True,True
1788617895.850824,3.457080325001861,42.58418092832177,0.09287481887924917,False,False,True,True,True
1788617895.9461477,3.664324429424823,0.8543402686865176,0.022498032992490112,False,False,True,True,True
1788617896.0388918,2.0972906953750408,16.992541358838857,0.01842549585855025,False,False,True,True,True
1788617896.1530743,0.6415156051711217,12.658753035551499,0.005420957579079314,False,False,True,True,True
1788617896.2512543,1.1624157176870658,5.3478430432877175,0.0022486400340780708,False,False,True,True,True
1788617896.3466842,1.5476599863941043,4.146132503240156,0.0040494119472536776,False,False,True,True,True
1788617896.4454591,3.8419938184952254,23.229703917104363,0.020528813891401067,False,False,True,True,True
1788617896.555734,0.47201548966586165,30.485686010947447,0.02691192606598344,False,False,True,True,True
1788617896.6509707,0.4820176766007046,0.07859627654179713,0.000757819238083591,False,False,True,True,True
1788617896.7504842,9.228205955778755,87.9872192183061,0.14679463732486198,False,False,True,True,True
1788617896.8436015,2.2728895908480675,74.81410537605852,0.13339289219789832,False,False,True,True,True
1788617896.952335,6.436385530462349,38.464750417107645,0.11135737482650322,False,False,True,True,True
1788617897.0469947,3.118993473562017,33.82367132333083,0.06704262731218712,False,False,True,True,True
1788617897.1443455,1.9285139941982516,12.050703909478074,0.03201816270604258,False,False,True,True,True
1788617897.242691,1.3430825458730133,5.800636980673582,0.013675077045807636,False,False,True,True,True
1788617897.3544903,5.8066138495420025,39.76551044172604,0.06587113885404584,False,False,True,True,True
1788617897.4516606,0.817292172486026,51.294530471652116,0.08075755325906213,False,False,True,True,True
1788617897.5425222,2.7786976275911055,21.520782790299652,0.014002264730897739,False,False,True,True,True
1788617897.6416366,4.763273726406051,19.97802877276778,0.030863033782474045,False,False,True,True,True
1788617897.7558062,2.723963210067475,17.796773117200146,0.08426917696556613,False,False,True,True,True
1788617897.8473785,5.290105334695254,28.027372569561145,0.033244857704721055,False,False,True,True,True
1788617897.944086,1.2767308923932859,41.05814439558029,0.054439674889386745,False,False,True,True,True
1788617898.0603948,1.958968684916979,5.970373536271278,0.00786694606945409,False,False,True,True,True
1788617898.1548643,3.997809887217839,22.219978607559508,0.052333243723250704,False,False,True,True,True
1788617898.2556498,2.9733208489991387,10.812421734202198,0.065095833908449,False,False,True,True,True
1788617898.3515806,6.692913454259816,37.36134020277346,0.0584646343862682,False,False,True,True,True
1788617898.4705722,4.474215370962167,17.652052292189126,0.06418526886423807,False,False,True,True,True
1788617898.5523977,3.101891980229119,17.017639213935094,0.03971844839087251,False,False,True,True,True
1788617898.6509266,1.4128077901180756,17.373462148603494,0.021321349088734818,False,False,True,True,True
1788617898.7498224,4.1752875819900925,28.032971591056867,0.02574876036178678,False,False,True,True,True
1788617898.8600605,0.6765723832356965,31.017454567643536,0.03694730976530876,False,False,True,True,True
1788617898.9470813,1.5251512562541703,9.704311861174023,0.0028642205987023874,False,False,True,True,True
1788617899.0487592,0.8664378936611576,6.098338167919877,0.005875896772223939,False,False,True,True,True
1788617899.1465297,0.8716793112731032,0.13848115399608063,0.002564121059414061,False,False,True,True,True
1788617899.2565374,2.878215016860344,18.079727692687676,0.017900264242559156,False,False,True,True,True
1788617899.3547368,2.9762639519840546,2.0016103261801974,0.017329338155125204,False,False,True,True,True
1788617899.4459822,1.8596259048866264,12.343108619663028,0.0304974616970042,False,False,True,True,True
1788617899.5986855,2.2245000314191397,2.2128598017018244,0.016352928427334865,False,False,True,True,True
1788617899.6559372,6.208651003197604,69.4623095703034,0.022694948999013788,False,False,True,True,True
1788617899.7580104,4.884419331898947,15.142542371388018,0.03679647817229907,False,False,True,True,True
1788617899.849542,1.6222609738496094,35.68484113975491,0.0371927283951356,False,False,True,True,True
1788617899.9425254,0.35160948273714676,13.588386545454583,0.003583053371415753,False,False,True,True,True
1788617900.067397,2.950232598176851,20.81644656903498,0.024301498479315044,False,False,True,True,True
1788617900.1520631,1.791963442212409,13.774105976332175,0.019220155145834587,False,False,True,True,True
1788617900.2525306,1.2535647246604464,5.151888057011258,0.008591503401157191,False,False,True,True,True
1788617900.3626592,3.2318664368933825,17.99215253925053,0.01932538011666263,False,False,True,True,True
1788617900.461924,1.2087939577496813,20.226013966168335,0.02386801715878839,False,False,True,True,True
1788617900.5545151,3.9843450897324697,29.800074875894094,0.023522687217231514,False,False,True,True,True
1788617900.6563227,2.2584982284514266,17.097782067378912,0.04804636259504873,False,False,True,True,True
1788617900.7609293,2.155261396670604,0.9504524622013197,0.011164812164168886,False,False,True,True,True
1788617900.8559923,4.570350230594434,25.876428109717445,0.057704910501875824,False,False,True,True,True
1788617900.9575078,1.2906544886759785,32.10551735282242,0.02761656559035707,False,False,True,True,True
1788617901.057049,1.596792315011547,3.002709431107599,0.011391552932980567,False,False,True,True,True
1788617901.16,1.1754528712865102,4.387716591701409,0.004336612432731387,False,False,True,True,True
1788617901.2561386,4.531716574713193,34.901486881105434,0.0451091562878281,False,False,True,True,True
1788617901.354836,5.142169452583251,6.722234201959225,0.041327121306733564,False,False,True,True,True
1788617901.4480877,1.0179365636826605,43.5695526305999,0.0430253434988874,False,False,True,True,True
1788617901.5646982,0.21283161544458187,6.9190525118552655,0.001848939463543653,False,False,True,True,True
1788617901.6588733,1.1706444695442557,10.167988360226438,0.0027147627886808263,False,False,True,True,True
1788617901.7530084,0.6879182019856289,5.151514390847311,0.0020880578972081263,False,False,True,True,True
1788617901.8463237,0.433189521175784,2.787515740318597,0.0009619563841006163,False,False,True,True,True
1788617901.9650443,0.412317838989839,0.1973649086283204,0.0007486479394904352,False,False,True,True,True
1788617902.054543,2.1140183221388504,19.030216547742832,0.005541171797602225,False,False,True,True,True
1788617902.1500814,2.232047457020531,1.137998873461336,0.007566777568796908,False,False,True,True,True
1788617902.25124,0.440225299280935,17.532324668407096,0.009452441591799633,False,False,True,True,True
1788617902.3555274,2.614352653700109,20.891275574728567,0.012256398145341942,False,False,True,True,True
1788617902.4580655,0.6003953114252548,19.92496043796001,0.013606748410225081,False,False,True,True,True
1788617902.5528865,0.555323021717555,0.44753317041152324,0.0008617884443830066,False,False,True,True,True
1788617902.6610763,2.081095459737863,14.113170209009564,0.010459539586312632,False,False,True,True,True
1788617902.761696,3.6093142952865573,15.138425853412603,0.018787229553458046,False,False,True,True,True
1788617902.859717,4.774462303142811,12.101890805804807,0.03342106381156384,False,False,True,True,True
1788617902.944073,1.072854607399675,44.55878006479239,0.035571597698322306,False,False,True,True,True
1788617903.0563786,0.2876687332398411,6.982466127302471,0.0019568800308678268,False,False,True,True,True
1788617903.1567218,0.9132251473487553,6.176881181538567,0.001605905198661785,False,False,True,True,True
1788617903.2516053,1.1679686982371846,2.665669101102737,0.0033738982899171495,False,False,True,True,True
1788617903.3539119,0.5601194282602295,6.010945390623721,0.002364455132774024,False,False,True,True,True
1788617903.4580398,3.6629696422029,29.738265858449115,0.02568603693516777,False,False,True,True,True
1788617903.5609152,1.5320434963391882,20.059835534418454,0.020932498843984407,False,False,True,True,True
1788617903.6544855,1.7111699323407192,1.9601197621155413,0.011035665001114778,False,False,True,True,True
1788617903.7515304,3.011880355771654,13.962663213187938,0.013131691773983918,False,False,True,True,True
1788617903.8747506,4.510461573854743,11.812247431323984,0.09864672981622,False,False,True,True,True
1788617903.9572535,2.343449410543965,27.314702830200087,0.049094077898286875,False,False,True,True,True
1788617904.0549893,4.276945571858075,19.47475137987269,0.05008845409645687,False,False,True,True,True
1788617904.151014,2.611825724931849,18.11991300995609,0.025457075465308558,False,False,True,True,True
1788617904.2641613,1.2949364083014214,11.262745753741658,0.013316505461246672,False,False,True,True,True
1788617904.360267,3.454609887948781,22.325520775724595,0.026998690791254876,False,False,True,True,True
1788617904.4568524,0.9641716305947712,25.858462424915096,0.025730539629796736,False,False,True,True,True
1788617904.5489004,0.8624043778034618,1.2144058083423592,0.001454818308442793,False,False,True,True,True
1788617904.6626825,0.6468811339070016,1.854635693741092,0.0025266248252056264,False,False,True,True,True
1788617904.7528567,1.5169236438983296,9.656566084869553,0.005659318883980871,False,False,True,True,True
1788617904.848982,3.573304694853284,21.622593391907923,0.030174908038798468,False,False,True,True,True
1788617904.9676216,3.4695187426299485,0.7063525523435915,0.026959264926308957,False,False,True,True,True
1788617905.0584195,0.6602483968610314,29.743074628598094,0.02809961140712783,False,False,True,True,True
1788617905.1579044,3.648089428511873,30.05262200688037,0.023925066421975335,False,False,True,True,True
1788617905.249539,1.3561182515317964,25.03950250832729,0.034730549346514886,False,False,True,True,True
1788617905.3660877,3.4965545106602365,18.362958474233363,0.0245506749174145,False,False,True,True,True
1788617905.457873,0.39869121869454177,33.748386017926244,0.028993956179188644,False,False,True,True,True
1788617905.5587149,1.4225809795609146,10.176175580450744,0.004698149476084171,False,False,True,True,True
1788617905.6511698,1.978095197461984,6.029622801362216,0.005601021790685516,False,False,True,True,True
1788617905.7685003,0.41222450799299193,13.214419475209246,0.006992137701517939,False,False,True,True,True
1788617905.8631728,0.27001564083796764,1.5134479474621962,0.0006955504716198741,False,False,True,True,True
1788617905.9605174,3.573703198865001,33.90834526022401,0.022906470545980218,False,False,True,True,True
1788617906.0564935,7.423806475713701,40.442471463964814,0.07069758435936695,False,False,True,True,True
1788617906.1699743,4.133550762283087,28.739998320185666,0.07294788951050707,False,False,True,True,True
1788617906.2664876,1.5417467910816682,29.27700651342244,0.053678946007245265,False,False,True,True,True
1788617906.3604257,1.6370825417054582,1.0791053200444336,0.00559579170536881,False,False,True,True,True
1788617906.4530468,2.9027533375618,13.713878419147852,0.01044005570712049,False,False,True,True,True
1788617906.591328,0.24855542612950246,19.227403676863577,0.012491906662212044,False,False,True,True,True
1788617906.660709,6.111248018654203,84.5143429878162,0.03295644651442383,False,False,True,True,True
1788617906.7619824,2.505312352477981,34.06624794645108,0.06118644366106175,False,False,True,True,True
1788617906.8518772,4.669360204491293,24.041461660597985,0.02507454674892926,False,False,True,True,True
1788617906.9637182,2.21212369131503,21.68018215853031,0.024208544130291602,False,False,True,True,True
1788617907.062494,4.050165355566262,19.367519890454766,0.025129265823552797,False,False,True,True,True
1788617907.1583953,5.311298424567613,12.425129972766644,0.1162770997926736,False,False,True,True,True
1788617907.2739415,7.341830329308534,18.054289921634364,0.10295515341781819,False,False,True,True,True
1788617907.3653693,3.131306108987065,46.51464420578005,0.10741398863782575,False,False,True,True,True
1788617907.4636073,1.789686568308066,13.822675867204513,0.012939635082070137,False,False,True,True,True
1788617907.5562024,6.4088086769864425,49.83232911479872,0.08735942464407336,False,False,True,True,True
1788617907.67217,4.040676717935116,20.49945892674277,0.0549525124160482,False,False,True,True,True
1788617907.767076,1.0784645963335873,31.886511619843983,0.0503286696852656,False,False,True,True,True
1788617907.868834,2.6800592185559795,15.747029292373652,0.019356609685352584,False,False,True,True,True
1788617907.961893,8.566602957658953,63.04337327003365,0.08974563615666312,False,False,True,True,True
1788617908.0741851,2.4425251228282883,54.388464729194126,0.16701012150560574,False,False,True,True,True
1788617908.1706972,4.720427097427017,24.113347239936235,0.02935005458734184,False,False,True,True,True
1788617908.2653155,6.0849574636120884,13.897771621327658,0.1444644745397284,False,False,True,True,True
1788617908.3616807,1.5976388525860536,45.78246205622297,0.04892753957844842,False,False,True,True,True
1788617908.4728289,2.6020986439966194,8.939808646578797,0.012072164160729915,False,False,True,True,True
1788617908.568417,4.150919739507501,16.42631616975099,0.023619360363984997,False,False,True,True,True
1788617908.6639748,0.8561162011399334,35.03727280333178,0.025732419761377374,False,False,True,True,True
1788617908.7621303,2.9235376523614187,21.08468551999477,0.012787981310233048,False,False,True,True,True
1788617908.8666983,0.5162699793600768,23.380876652289484,0.014039544379611558,False,False,True,True,True
1788617908.970398,6.712300327235498,59.78413591353003,0.09372926445665525,False,False,True,True,True
1788617909.0616767,1.4780123302880317,59.40777837058174,0.09884975323578071,False,False,True,True,True
1788617909.1586702,7.234351998393583,59.37204932091739,0.08469518286679752,False,False,True,True,True
1788617909.2669177,4.419199320565597,25.78545821877635,0.06933854628975174,False,False,True,True,True
1788617909.37281,1.0230163260664475,30.671553906576445,0.03556634619190667,False,False,True,True,True
1788617909.4653945,7.015572343907758,64.77187467058468,0.07202667831693955,False,False,True,True,True
1788617909.5754943,10.332991037646142,29.632408912270776,0.18131835264235113,False,False,True,True,True
1788617909.6688423,6.685795495150934,38.75788138493543,0.1793938552903553,False,False,True,True,True
1788617909.7700946,2.4575663270145176,43.662392041526985,0.057371207774117736,False,False,True,True,True
1788617909.8627856,2.7800975006245383,3.474003384982303,0.011989777982606711,False,False,True,True,True
1788617909.975425,2.0509947017255525,6.419159548650448,0.03120066985285148,False,False,True,True,True
1788617910.0714784,12.081364060173936,104.1912131866125,0.20289251515194112,False,False,True,True,True
1788617910.1634755,3.8758957863466383,88.74537662957563,0.1886432220192247,False,False,True,True,True
1788617910.2597733,0.34751839228287545,36.594212730508566,0.02331176025173666,False,False,True,True,True
1788617910.375679,2.483316842061646,18.422178109395677,0.014411654255047288,False,False,True,True,True
1788617910.4676924,2.819847529288493,3.6930942397598905,0.014614655453265922,False,False,True,True,True
1788617910.5650587,3.236019650043817,4.870877874246157,0.04291054583719826,False,False,True,True,True
1788617910.6656134,1.44487174557295,18.74981113066127,0.02750815743224632,False,False,True,True,True
1788617910.7791364,1.356322878776074,0.3508764833216769,0.007556584186027551,False,False,True,True,True
1788617910.8710706,4.248979313067654,31.478339802984543,0.03857537565801717,False,False,True,True,True
1788617910.966362,5.402374526484905,11.759593904589842,0.04112031817063143,False,False,True,True,True
1788617911.0641322,2.8127530079488436,25.95013243398992,0.038119422783519194,False,False,True,True,True
1788617911.1755772,2.2253510967717656,5.300644386867326,0.03366840035723031,False,False,True,True,True
1788617911.275606,7.696971116906214,54.26446070691177,0.0860989524692975,False,False,True,True,True
1788617911.3662376,3.0965805981851937,48.34304361865043,0.086604031441813,False,False,True,True,True
1788617911.4801688,4.42602718358146,11.533313799682343,0.08004256437584487,False,False,True,True,True
1788617911.5786734,7.516570855727658,31.050104808822624,0.08136366049642337,False,False,True,True,True
1788617911.6671505,0.6149262462971258,78.00642728973328,0.0969969004310217,False,False,True,True,True
1788617911.7682307,0.5440941996234895,0.6259465631322897,0.001314304240743085,False,False,True,True,True
1788617911.8810678,5.411580932143144,43.14047359271336,0.07471711766761495,False,False,True,True,True
1788617911.9752827,5.965024459999044,4.471228830311882,0.06530595832906416,False,False,True,True,True
1788617912.07084,6.45684231056134,5.41397812116773,0.06395793675384058,False,False,True,True,True
1788617912.1672444,1.2682159804439204,53.47173745652704,0.05909799090833064,False,False,True,True,True
1788617912.2828548,2.367733046233083,9.484925084978805,0.02223288409077752,False,False,True,True,True
1788617912.3769343,0.40811384964731334,20.36563104210977,0.0134599452971115,False,False,True,True,True
1788617912.472192,2.544151701118393,22.39930778197095,0.011044223089771463,False,False,True,True,True
1788617912.5664563,5.91864491826446,35.41219447097898,0.043541788867811786,False,False,True,True,True
1788617912.6829622,0.6489757421950068,45.37486722517121,0.059203111508596536,False,False,True,True,True
1788617912.7746255,5.07616552356883,48.34970297030589,0.040366048734520356,False,False,True,True,True
1788617912.8743026,1.239296097936355,38.86477279089103,0.0481052521821645,False,False,True,True,True
1788617912.9692538,2.004254320522569,7.960832526909539,0.0064180017234436336,False,False,True,True,True
1788617913.0838153,0.697389302402342,11.22323130672002,0.006498278229968626,False,False,True,True,True
1788617913.1750255,0.9203021985596963,2.399149304637261,0.0013608871158347698,False,False,True,True,True
1788617913.272869,1.2939465449088665,3.7781026639693382,0.004202768707652781,False,False,True,True,True
1788617913.3679762,3.4507775388597706,22.737814547463717,0.020872996742781886,False,False,True,True,True
1788617913.4809334,2.93152842374346,4.667267753528222,0.023032007493422695,False,False,True,True,True
1788617913.579275,1.9001074432978953,10.58590460738696,0.019141459832100034,False,False,True,True,True
1788617913.6717005,3.0856181268931233,12.85240272738112,0.01383664311707345,False,False,True,True,True
1788617913.7878432,0.8715372053980479,18.60630910323588,0.012135419437676995,False,False,True,True,True
1788617913.8821754,1.580219405090501,7.54453802154577,0.008399378925176403,False,False,True,True,True
1788617913.9780905,1.1786657385324408,4.201594669406501,0.003632835621671277,False,False,True,True,True
1788617914.0718048,3.686862018988404,26.765069645811604,0.019066601264787573,False,False,True,True,True
1788617914.18699,5.368404232643458,14.539503760325466,0.054038653968152495,False,False,True,True,True
1788617914.2843864,3.691599647196774,16.48893634319935,0.054333777168241656,False,False,True,True,True
1788617914.376884,2.991234741141558,7.441585266377275,0.05374887600030125,False,False,True,True,True
1788617914.4770136,4.332319566000851,13.04019623177531,0.02803851194480561,False,False,True,True,True
1788617914.587269,4.188203839701606,1.1361301442542684,0.10725871387971224,False,False,True,True,True
1788617914.6831763,7.755234085494132,37.07552084747547,0.0798224741884145,False,False,True,True,True
1788617914.7795928,0.2765243760119732,77.46697985492578,0.09928744025033825,False,False,True,True,True
1788617914.8721898,5.7148827872316055,58.718587770679434,0.05431254455716815,False,False,True,True,True
1788617914.9858372,2.1678798633949516,30.136337814189893,0.03853704849446543,False,False,True,True,True
1788617915.0830002,3.478434858320725,13.431001734432362,0.047679456603363805,False,False,True,True,True
1788617915.1789203,10.84893114421611,76.3223542337919,0.1582518129654161,False,False,True,True,True
1788617915.2751362,10.123205518386724,6.158722416066862,0.18936331637059473,False,False,True,True,True
1788617915.3852963,3.173840340836104,62.94177787869065,0.2635134852241216,False,False,True,True,True
1788617915.4841788,1.1824386386082648,20.29002475784065,0.01875796206243341,False,False,True,True,True
1788617915.5773075,0.9243340221996305,3.0764318640476565,0.004524693013729484,False,False,True,True,True
1788617915.6713207,3.6243771885071414,28.693867052115245,0.026182891937880357,False,False,True,True,True
1788617915.7846348,2.751416706512373,7.903664505843293,0.020020384095801824,False,False,True,True,True
1788617915.8783603,0.3761019057931445,25.498276003219694,0.01634824428785294,False,False,True,True,True
1788617915.9742675,1.5871179080460576,12.619772577961209,0.0036298003312621513,False,False,True,True,True
1788617916.0908194,1.021243130012019,4.757281638266667,0.0049018657518694045,False,False,True,True,True
1788617916.1855373,1.3993699833656927,4.090760576651145,0.005086133598550849,False,False,True,True,True
1788617916.2828197,0.9308281254495715,4.670539102502889,0.0029548826137562926,False,False,True,True,True
1788617916.379974,2.418940093514073,15.295541926956936,0.007949922997537181,False,False,True,True,True
1788617916.4902296,8.527429622636218,55.27721802274102,0.1324489125017383,False,False,True,True,True
1788617916.587032,3.6286337244623184,49.9474131896142,0.13365141588312598,False,False,True,True,True
1788617916.6941645,1.666962818740581,18.41982844719745,0.02179604206372253,False,False,True,True,True
1788617916.7743,1.8512662184355257,2.0726848793908053,0.01010137673422035,False,False,True,True,True
1788617916.888067,4.504469716012087,23.352583998925354,0.03921136211767445,False,False,True,True,True
1788617916.9869916,2.851822492760398,16.222808523618447,0.04087625606278426,False,False,True,True,True
1788617917.079784,5.628209005884012,30.213770475802242,0.08405986035405308,False,False,True,True,True
1788617917.1794639,10.821738636619418,50.80082426048246,0.16247787200331093,False,False,True,True,True
1788617917.287246,8.894087940218348,16.520492355289942,0.19148959295391185,False,False,True,True,True
1788617917.3817182,4.44773723288958,46.7277263713991,0.2640813449589676,False,False,True,True,True
1788617917.4802759,4.024097982796907,5.080903719691833,0.0346752675035007,False,False,True,True,True
1788617917.5799327,1.3608397586469945,26.38713595873734,0.0396975640305987,False,False,True,True,True
1788617917.6920094,0.3548568713561913,9.052518108683975,0.0035288466010247915,False,False,True,True,True
1788617917.7878566,1.108021090887661,7.870445735140555,0.0026893550857372064,False,False,True,True,True
1788617917.8824255,3.184996927090659,21.671110195625506,0.014145960307502804,False,False,True,True,True
1788617917.979218,6.088537154167234,30.0261401230997,0.04724532824500362,False,False,True,True,True
1788617918.0909746,0.7402107529748774,47.240068530999864,0.05603191003873845,False,False,True,True,True
1788617918.1830726,3.755844305324513,32.75212436921791,0.02651474494655678,False,False,True,True,True
1788617918.28149,4.952583718285278,12.121062302632318,0.03573797418809383,False,False,True,True,True
1788617918.3949306,2.227717447944167,23.493728885807602,0.0327159164044127,False,False,True,True,True
1788617918.483975,4.130050037583942,21.31236117921779,0.05262746241889844,False,False,True,True,True
1788617918.5842721,0.758680941807031,33.50409748140464,0.02173121070744535,False,False,True,True,True
1788617918.6835256,0.594469025813005,1.648274240025509,0.002246817128616182,False,False,True,True,True
1788617918.7937107,1.2307216259628992,5.776391304966963,0.005056635964275162,False,False,True,True,True
1788617918.8888192,2.052548836600455,8.858404067687918,0.005919875658422625,False,False,True,True,True
1788617918.9810517,4.551430373257513,27.24213736718578,0.05389081897384333,False,False,True,True,True
1788617919.0799325,1.4272574508298657,31.382614296047052,0.026631265771498828,False,False,True,True,True
1788617919.195455,0.37383837826008015,9.112004799029117,0.005099130226746783,False,False,True,True,True
1788617919.3049283,1.7513128276520178,12.582278431977944,0.0060302324497066824,False,False,True,False,False
1788617919.394545,2.6947579119027014,10.508583575337601,0.009904822183470162,False,False,True,False,False
1788617919.4904115,3.3515634986377547,6.939981274799678,0.01688789786232424,False,False,True,False,False
1788617919.6003647,0.5965393498693424,25.076390131319748,0.018610368376234043,False,False,True,True,True
1788617919.691262,0.2637406593718847,3.675640865430606,0.0010062809753350426,False,False,True,True,True
1788617919.7946918,1.8116649100835094,14.960994511364644,0.007146686081566238,False,False,True,False,False
1788617919.8760061,1.5452215004116445,3.5963361594823438,0.007002298889097583,False,False,True,False,False
1788617919.99483,0.9656005747658886,4.91525862752988,0.003726077802420983,False,False,True,False,False
1788617920.0909848,1.8189731705821752,8.88011415684465,0.00467052226770765,True,False,True,False,False
1788617920.1856937,0.6017025998336343,12.905454237078716,0.005320955082407049,False,False,True,False,False
1788617920.282667,0.8017384340154715,2.052993248523669,0.0017538358694648678,False,False,True,False,False
1788617920.3945036,0.2841145240945389,4.531468939021082,0.0011966669770750078,False,False,True,False,False
1788617920.4910707,0.5145100505697484,2.4135980073895547,0.000815617903021193,False,False,True,False,False
1788617920.586387,0.5823323645345984,0.774494160289223,0.0006342982755383824,False,False,True,False,False
1788617920.698496,0.9641077182371274,3.4099369590502207,0.0029421606362750007,False,False,True,False,False
1788617920.7931612,0.7862295919983467,1.8738919633735107,0.0020627381807569274,False,False,True,False,False
1788617920.888618,1.2020747043095021,4.362030082183871,0.002479482328876732,False,False,True,False,False
1788617920.9861836,1.644251273863642,4.527802711527339,0.0103694961817263,False,False,True,False,False
1788617921.0960677,0.5583450290910672,9.856783383988416,0.004310920145594411,False,False,True,False,False
1788617921.1882067,0.46688200012300873,0.987743844198375,0.0013484974431371259,False,False,True,False,False
1788617921.2941327,0.570132664093778,0.9470292787564458,0.00068981792618306,False,False,True,False,False
1788617921.3867,1.0285292552568484,4.936829672156893,0.002423275992144482,False,True,True,True,True
1788617921.4974217,0.6238552020707804,3.693693888157658,0.00210837193058872,False,False,True,True,True
1788617921.5931437,1.9208713046418515,13.48351718373724,0.005619734295852107,False,False,True,True,True
1788617921.6991715,1.431622385976239,5.156161048474834,0.008036768881725675,False,False,True,True,True
1788617921.785923,0.5887403416637181,9.929843599149107,0.005007687550890447,False,False,True,True,True
1788617921.9032853,2.9127782065530745,19.78260875555258,0.01968262599553478,False,False,True,True,True
1788617921.9901295,0.360235914659083,29.288524701013284,0.02007351412404774,False,False,True,True,True
1788617922.0883293,0.45512390005544084,0.9583224931485751,0.0005639564929844106,False,False,True,True,True
1788617922.1862614,0.6764792500179923,2.301904579409586,0.000965960318869626,False,False,True,True,True
1788617922.2924633,2.3336064567045995,15.66925198560082,0.009846672084774606,False,False,True,True,True
1788617922.392703,0.5763453148782406,17.199339357911413,0.012965156678112391,False,False,True,True,True
1788617922.4931316,1.3436506276921418,7.54923955731889,0.004043363057987511,False,False,True,True,True
1788617922.589474,2.1311702730686317,8.460123370657854,0.006673001647052388,False,False,True,True,True
1788617922.7024336,0.42931780590865043,15.12945065203783,0.006862202675481939,False,False,True,True,True
1788617922.7922974,5.4865774494065045,56.158680285128355,0.04085619390698783,False,False,True,True,True
1788617922.894332,3.5198825032751624,19.534856779714783,0.03665771726611654,False,False,True,True,True
1788617923.001148,2.7209722047896863,7.831227908078545,0.019923621005478016,False,False,True,True,True
1788617923.0985537,3.9163871294724077,12.53249393888037,0.022990475820308325,False,False,True,True,True
1788617923.1946838,0.5390600298311808,35.45540739075401,0.023604077533671913,False,False,True,True,True
1788617923.2907507,1.0272386427744122,5.159208545389026,0.002938398560513151,False,False,True,True,True
1788617923.4062288,0.3321283993889224,6.058320342740747,0.0015848012477175206,False,False,True,True,True
1788617923.4977694,1.4095203311279059,11.755509198483866,0.0030976019774765456,False,False,True,True,True
1788617923.5904162,0.5571650627166564,8.94529517445669,0.002697520635530719,False,False,True,True,True
1788617923.6934166,3.0378526853675956,24.029682808270113,0.01942336300762893,False,False,True,True,True
1788617923.8046746,1.8314359203717747,10.773093734099877,0.013821651154438072,False,False,True,True,True
1788617923.896522,1.1618053918627709,7.628622181079011,0.008224680802999061,False,False,True,True,True
1788617923.9887888,2.178785106164782,11.082335417510054,0.007345686313422928,False,False,True,True,True
1788617924.0937033,1.8678216537536199,2.7995942732670307,0.007354634322021058,False,False,True,True,True
1788617924.213969,0.7240957670587079,9.438837094899144,0.005633662526329793,False,False,True,True,True
1788617924.2998812,1.7667377844876015,12.188466221422262,0.007525311205489084,False,False,True,True,True
1788617924.3964682,0.46775424404871535,13.501266286030303,0.0035561114756788416,False,False,True,True,True
1788617924.4926639,2.4479042184351756,20.578695818202064,0.011635659918726969,False,False,True,True,True
1788617924.6040316,0.9549186677013075,13.600602845006353,0.008828450905124748,False,False,True,True,True
1788617924.696575,1.9909168994382862,11.076824063883368,0.005044751751926822,False,False,True,True,True
1788617924.7951903,5.346177603273224,33.53386866364247,0.038374214738769084,False,False,True,True,True
1788617924.8956556,4.241512083622931,10.34654128916067,0.04183122297313481,False,False,True,True,True
1788617925.0019147,2.2636228576604434,18.3743901188386,0.024216860374873767,False,False,True,True,True
1788617925.099897,1.148103691410703,11.368350280631237,0.008531206646425529,False,False,True,True,True
1788617925.1957161,1.6815990024993688,5.74888848793594,0.009281253382698505,False,False,True,True,True
1788617925.3027642,0.837513418806473,7.785801390887429,0.004490905680732097,False,False,True,True,True
1788617925.402246,1.2245687973413109,3.930217346183558,0.0059437274707166594,False,False,True,True,True
1788617925.498004,2.0534100881589694,8.780594222987796,0.0056865234022760915,False,False,True,True,True
1788617925.5964224,1.6123812819264753,4.7555012651211035,0.015617187447962384,False,False,True,True,True
1788617925.7090762,1.9143363470211863,2.4976091600226296,0.018442490499042473,False,False,True,True,True
1788617925.8049471,1.1988491079944925,7.6592768112117255,0.015113714439607056,False,False,True,True,True
1788617925.9030292,5.509049482019571,43.570363664318265,0.061437188912575234,False,False,True,True,True
1788617925.9972181,4.283223584102037,13.078950864035034,0.061761171685491924,False,False,True,True,True
1788617926.1076279,0.9953677419820771,30.59203135309341,0.02936150641573839,False,False,True,True,True
1788617926.203145,4.054702316694768,32.07868858941648,0.031597645618798215,False,False,True,True,True
1788617926.2986028,0.7024420423606252,35.441847767524415,0.02845688683839728,False,False,True,True,True
1788617926.3993561,0.5756690173670714,1.1308128570908025,0.001753524596261577,False,False,True,True,True
1788617926.5101197,0.946580364562032,3.413976443105709,0.0018975677838385854,False,False,True,True,True
1788617926.6110299,1.0908125972028964,1.3456109686137532,0.002197357932280498,False,False,True,True,True
1788617926.7028751,1.0010373189755275,0.9667506256053113,0.003204790934974987,False,False,True,True,True
1788617926.7927556,1.2442050539179845,2.723358578675419,0.002166022459228353,False,False,True,True,True
1788617926.908119,2.199778404430286,8.23814939163817,0.017567748694523617,False,False,True,True,True
1788617927.005453,5.784886001841699,36.92076794386262,0.041858039615959027,False,False,True,True,True
1788617927.1036294,1.3981701847589847,44.706340813186266,0.07004590918868031,False,False,True,True,True
1788617927.198273,1.1831050145566813,2.2455964188471205,0.00288430017650208,False,False,True,True,True
1788617927.3022816,1.0248788691711024,1.4885294173525683,0.005476099733260591,False,False,True,True,True
1788617927.4021773,4.529430307765558,34.99035785681843,0.04082370437175103,False,False,True,True,True
1788617927.496752,0.7944505431435996,40.19252949641781,0.033159169462121565,False,False,True,True,True
1788617927.6119175,2.7165319883155474,16.66233134543561,0.01961855661137645,False,False,True,True,True
1788617927.7039037,3.146423628081414,4.512978070316114,0.044159565468008186,False,False,True,True,True
1788617927.8025882,1.0359780223316615,21.317269390120195,0.010970953062695545,False,False,True,True,True
1788617927.9012787,5.125456748025818,41.425493698422386,0.0362940786416882,False,False,True,True,True
1788617928.005277,8.12369127075335,29.671634967748712,0.09432693363540597,False,False,True,True,True
1788617928.1051152,1.357658879769039,67.80346141303451,0.1109425852618732,False,False,True,True,True
1788617928.2112055,0.2644957153502681,10.410694453736806,0.0035004274216585713,False,False,True,True,True
1788617928.2989194,2.6590244486605386,27.181283860250613,0.008355897378496764,False,False,True,True,True
1788617928.410541,1.175143547451039,13.386530923824347,0.007751491516501085,False,False,True,True,True
1788617928.5082586,1.4704136080028225,3.069995618772371,0.003969859650194598,False,False,True,True,True
1788617928.6036355,3.9106750762285145,25.758528312192233,0.018266455890045594,False,False,True,True,True
1788617928.7003722,8.80728696659812,50.36470284158452,0.09528320350692875,False,False,True,True,True
1788617928.8118122,6.723276753766204,18.082091131136412,0.10637189739669377,False,False,True,True,True
1788617928.906726,5.3897348499066124,12.772046901427016,0.19384673267051167,False,False,True,True,True
1788617928.9998403,1.0153552982419485,44.5638822755943,0.03986118787435138,False,False,True,True,True
1788617929.0958562,0.8691040360387382,1.406160196861193,0.003794339768675867,False,False,True,True,True
1788617929.2101655,1.7264315764919924,7.461626651184298,0.005671189801747529,False,False,True,True,True
1788617929.3117747,3.339386605987816,15.890424356857874,0.016761124625617407,False,False,True,True,True
1788617929.4026072,5.573766715054079,23.864821982277594,0.09292028315316969,False,False,True,True,True
1788617929.4983907,8.41376403025526,29.974159502298576,0.08687125473840268,False,False,True,True,True
1788617929.6091974,2.313786416251458,54.284051462738255,0.08856504020427423,False,False,True,True,True
1788617929.7079437,0.8894229679243063,14.524021539395228,0.010086911345692055,False,False,True,True,True
1788617929.8068206,0.7134000308302042,1.7449900494657817,0.0018173552806582027,False,False,True,True,True
1788617929.9177697,5.764422915464341,45.56219886208762,0.07931137869412057,False,False,True,True,True
1788617930.011345,6.0619122167498745,2.636770916468101,0.0653166772466113,False,False,True,True,True
1788617930.1092274,1.5993769124270982,45.59704671275811,0.07589083028840019,False,False,True,True,True
1788617930.2062082,0.7348707284861173,8.864750959532893,0.003305395574693096,False,False,True,True,True
1788617930.3123295,0.312938949842824,3.9560052437845283,0.0007166052232214351,False,False,True,True,True
1788617930.4105535,1.7289630994324816,14.414655586186008,0.004416606267332077,False,False,True,True,True
1788617930.5073178,0.5608480181006713,12.077199912165009,0.006278553494919921,False,False,True,True,True
1788617930.6038413,2.7974741222196364,23.173027840023085,0.011362180049217671,False,False,True,True,True
1788617930.711839,1.446957858561637,12.388826804912933,0.010088217470680961,False,False,True,True,True
1788617930.812458,3.681800890772189,22.222223694760242,0.03790905904943909,False,False,True,True,True
1788617930.9118805,2.2555916787334893,14.378114649262379,0.03335639261092588,False,False,True,True,True
1788617931.0065713,3.9500227201610048,18.069038083784864,0.026199055313127106,False,False,True,True,True
1788617931.1164024,1.1181152474593157,25.06910347657959,0.03416856962057554,False,False,True,True,True
1788617931.2113879,1.8262935950259265,7.433222149810634,0.004790016379554038,False,False,True,True,True
1788617931.309544,4.304361836344359,25.27571141933141,0.024920810945167984,False,False,True,True,True
1788617931.4058769,5.262807743613506,10.016421854494268,0.04045824399001263,False,False,True,True,True
1788617931.5160341,3.2008084797035354,18.50899580363011,0.03685389799518087,False,False,True,True,True
1788617931.6126983,0.28240194299832366,29.89626968458172,0.021213954953038953,False,False,True,True,True
1788617931.7039862,1.473566701347019,13.04574663575304,0.003986093640141357,False,False,True,True,True
1788617931.803401,0.5681547914105967,9.155479393066475,0.0031041812162905117,False,False,True,True,True
1788617931.9158523,0.8536440623746174,2.532085779332326,0.0025067280681926028,False,False,True,True,True
1788617932.011154,1.5705923334480647,7.68403178139831,0.0033700663543501795,False,False,True,True,True
1788617932.1012442,1.4079097739038262,2.056638712515488,0.009420152356706468,False,False,True,True,True
1788617932.221498,0.8311781530878659,4.863694224689753,0.006318870099252959,False,False,True,True,True
1788617932.3171241,2.2918338473514193,15.25400425122591,0.012734919848845977,False,False,True,True,True
1788617932.413558,3.03709988566621,7.109314132346202,0.013395714166081141,False,False,True,True,True
1788617932.5021935,2.0833808198291384,11.058269974889992,0.012284575835689539,False,False,True,True,True
1788617932.6203763,0.48563951003794376,13.875703795584329,0.008040869008252039,False,False,True,True,True
1788617932.720109,3.2028878472225135,27.250223521932735,0.015955959799032863,False,False,True,True,True
1788617932.811862,0.8264508984813365,26.105709782548097,0.015273603313660714,False,False,True,True,True
1788617932.9058323,3.8135029303764263,31.772571458279373,0.01908334233062231,False,False,True,True,True
1788617933.0171745,9.501735491652733,49.18808117627595,0.14071444549156495,False,False,True,True,True
1788617933.1112652,6.266783923831122,32.932942013002936,0.13605246538810134,False,False,True,True,True
1788617933.2155106,3.150435678838148,28.443987014824692,0.10491179110232145,False,False,True,True,True
1788617933.3106558,0.916921417111205,23.31355288921341,0.015385490089498091,False,False,True,True,True
1788617933.4198196,1.5438810365523583,5.957751406675832,0.00413684511210109,False,False,True,True,True
1788617933.5165102,0.6367435448954947,9.467479538999745,0.0040988495765279164,False,False,True,True,True
1788617933.6115174,3.252239637337999,27.555665884738616,0.02004185606471829,False,False,True,True,True
1788617933.7106025,1.371466818282549,17.978615755319712,0.014016734877977652,False,False,True,True,True
1788617933.8194516,1.771001193707779,3.6849333923418364,0.006029638409393824,False,False,True,True,True
1788617933.9154186,3.927400621970658,22.375370089141146,0.01926403782693108,False,False,True,True,True
1788617934.0100927,4.110581640540499,1.4792363612330703,0.026360766640532426,False,False,True,True,True
1788617934.111577,2.7720797444037135,12.525766260484913,0.02245186711337883,False,False,True,True,True
1788617934.218533,1.5462070155519416,12.090390980922711,0.011161746447900717,False,False,True,True,True
1788617934.3139155,0.5068840187892402,10.865371602427862,0.004144948099942771,False,False,True,True,True
1788617934.4138174,0.37639820753240794,1.2895444765775814,0.0006445215115769697,False,False,True,True,True
1788617934.5168886,2.4017751805075456,19.652174563240894,0.011012537477890555,False,False,True,True,True
1788617934.619159,0.5078621757261289,18.48713131873489,0.00922088735954332,False,False,True,True,True
1788617934.718389,0.2175600138837248,2.9637519310737224,0.0006843283433487737,False,False,True,True,True
1788617934.8125446,0.6978612379495763,5.100233774455096,0.0009933784872088076,False,False,True,True,True
1788617934.9241326,0.6125599987723825,0.6187163065940059,0.0014135046935227595,False,False,True,True,True
1788617935.020469,6.933672368754136,65.28035892512973,0.07632789082832946,False,False,True,True,True
1788617935.1145213,3.8265904004435165,32.82405627379262,0.05853364819570924,False,False,True,True,True
1788617935.2131085,3.0129342807482526,8.299059999313801,0.019247970558427266,False,False,True,True,True
1788617935.3246405,3.1323261785421397,1.2628090043061786,0.018324893355494185,False,False,True,True,True
1788617935.4213862,1.5545801203337342,17.045669912944135,0.033746510561215415,False,False,True,True,True
1788617935.5138853,0.7338789491404122,8.757283417484707,0.005521541113881302,False,False,True,True,True
1788617935.6124997,3.7514683627860754,30.595008300742144,0.021143670966367722,False,False,True,True,True
1788617935.7254167,0.7130424083680622,26.4325895571043,0.022622357809329675,False,False,True,True,True
1788617935.8180456,2.1865969816396595,15.843449227699272,0.007654750716758043,False,False,True,True,True
1788617935.9181275,0.4587467812198012,17.06351663287761,0.007395334766465963,False,False,True,True,True
1788617936.0105054,0.8700689586666035,4.4594205283296935,0.0015198307441452797,False,False,True,True,True
1788617936.1227975,0.764915026486084,0.9063387767206424,0.0013912602805533402,False,False,True,True,True
1788617936.2221582,0.9825866201477625,2.4148785034317095,0.002979091442378454,False,False,True,True,True
1788617936.3158495,0.4547112255386044,5.598160968353475,0.0023906536189462466,False,False,True,True,True
1788617936.4141166,4.37440992642179,39.85569323859023,0.0327394974810806,False,False,True,True,True
1788617936.5267909,1.0762966055192091,29.09922418101251,0.026259280784498802,False,False,True,True,True
1788617936.6220722,5.5897378775891315,47.04367660093411,0.06277635031682297,False,False,True,True,True
1788617936.716948,0.4128872425815721,55.44671320223369,0.04827493800377787,False,False,True,True,True
1788617936.8304508,5.665475303089972,46.280802571349795,0.0733877726224811,False,False,True,True,True
1788617936.9221787,1.4649863754312464,45.461859181916275,0.059634795368220646,False,False,True,True,True
1788617937.0224712,2.3573380318888644,8.94375206688881,0.017950248897097402,False,False,True,True,True
1788617937.1172519,0.4101932161981894,20.204839009787023,0.009317298622263505,False,False,True,True,True
1788617937.2262225,0.5399211758413867,1.1518928640044774,0.0007870276983196371,False,False,True,True,True
1788617937.3216581,4.826165697365378,45.049151216300295,0.040849169500451074,False,False,True,True,True
1788617937.418845,10.243242954877314,54.58603439498242,0.13034474123412296,False,False,True,True,True
1788617937.5170443,6.222460700223227,39.61016198722922,0.1319335288917473,False,False,True,True,True
1788617937.6238937,4.435555433458522,18.02019391764479,0.054948704914993166,False,False,True,True,True
1788617937.720661,3.7845690890412893,6.402844158267414,0.032460984865530944,False,False,True,True,True
1788617937.8220325,1.4291302272243966,22.71744235250572,0.03132094112485163,True,False,True,True,True
1788617937.9271793,1.509721161909225,1.2403024153847895,0.011985943826367399,True,False,True,True,True
1788617938.0334456,4.698570908290617,30.397987293497017,0.03853228317112209,True,False,True,True,True
1788617938.1302848,2.6867143507744795,20.647916650011208,0.08230169392088592,True,False,True,True,True
1788617938.2311,2.0380417621820324,6.507984622593005,0.011405411456502843,True,False,True,True,True
1788617938.3264146,1.4455373306612143,7.365250427505502,0.015002692872483772,True,False,True,True,True
1788617938.4338968,1.071481672580466,3.7715254753487457,0.006676321726570474,True,False,True,True,True
1788617938.5293386,5.3031186811923945,44.351416724393594,0.05594604535775495,True,False,True,True,True
1788617938.6254864,5.158281021228821,0.9708956090240105,0.045048619828979654,True,False,True,True,True
1788617938.7170482,0.9872511787706199,47.00216890871977,0.04407628044296371,False,False,True,True,True
1788617938.824909,2.4856682448522784,13.992367218774076,0.010952017049912268,False,False,True,True,True
1788617938.9152615,4.117494759898321,17.558088820785365,0.020957102823518748,False,False,True,True,True
1788617939.01441,3.991104144709174,0.6247824967474895,0.03482043721218321,False,False,True,True,True
1788617939.1288228,1.8215249658096198,18.98488538658406,0.045842787398375516,False,False,True,True,True
1788617939.2293625,0.9613294152533696,8.4784658190435,0.00824736475815932,False,False,True,True,True
1788617939.3246884,5.0816810525223435,43.29798286811032,0.04717145459366898,False,False,True,True,True
1788617939.4201303,0.7512251377980795,45.59204604871869,0.03759090966797898,False,False,True,True,True
1788617939.5340323,2.3373795019194294,13.993470495438233,0.01568128783698288,False,False,True,True,True
1788617939.6257098,1.143546962523448,12.21549356922901,0.011940464343422882,False,False,True,True,True
1788617939.7255445,1.748851177962021,5.876180029942746,0.004635820869965769,False,False,True,True,True
1788617939.8212671,1.6906170808989565,0.19056249478662413,0.010446687043554692,False,False,True,True,True
1788617939.9321961,2.389052997621358,6.300693842858549,0.01093869554993877,False,False,True,True,True
1788617940.031154,1.497315097028071,9.175906197988548,0.023300712528163906,False,False,True,True,True
1788617940.125607,5.032167898562301,36.802041060651696,0.05548010919957176,False,False,True,True,True
1788617940.221051,1.8734446873295192,34.39176644283513,0.0330745195772236,False,False,True,True,True
1788617940.3380814,4.451698334051093,22.150663738603264,0.0652712057484496,False,False,True,True,True
1788617940.4300394,0.831713288923743,38.839241004941684,0.05013174814469407,True,False,True,True,True
1788617940.5276341,4.656019656549508,39.12099197990614,0.03437691776455033,True,False,True,True,True
1788617940.6224554,4.711419321945612,0.49475206503196695,0.03511235612939731,True,False,True,True,True
1788617940.7367485,6.651064225790427,16.35835876933689,0.07535290827643952,True,False,True,True,True
1788617940.8310606,3.5680152283527984,32.90881586937575,0.0798547502832982,True,False,True,True,True
1788617940.9294548,6.179038174707045,27.423559342471897,0.11592861001709884,True,False,True,True,True
1788617941.0283632,12.598789209309915,62.15117264128433,0.423292880517478,True,False,True,True,True
1788617941.1382878,2.51840188589401,88.03451112136156,0.20944323129592354,False,False,True,True,True
1788617941.2307658,6.240612732393205,40.171532138493866,0.0912308408107287,False,False,True,True,True
1788617941.3258586,2.7634321646044406,36.591734468530234,0.043678557426916974,False,False,True,True,True
1788617941.4341066,1.6797510379491094,9.588236379669196,0.02462150484892768,False,False,True,True,True
1788617941.5263743,0.4613191647424385,13.179400056289108,0.004876387542779369,False,False,True,True,True
1788617941.6227317,2.8498362785266314,24.78439701475303,0.015277589174129741,False,False,True,True,True
1788617941.7197902,0.7135515900963568,21.65606631611347,0.014202751082620004,False,False,True,True,True
1788617941.8380573,3.1368869125425984,20.429449288242804,0.023554608986456955,False,False,True,True,True
1788617941.930442,4.621383808714614,16.026722439250456,0.02860622274017405,False,False,True,True,True
1788617942.0263364,0.8767425325280944,39.764877729165086,0.030594344385974158,False,False,True,True,True
1788617942.1275027,3.395102476918365,24.8084376747351,0.02241347042467197,False,False,True,True,True
1788617942.2416842,2.574738841452817,7.209608115641121,0.05083424588111692,False,False,True,True,True
1788617942.3302784,0.9503281667642115,18.203914419772598,0.011729642413874027,False,False,True,True,True
1788617942.4300518,0.7788454669356834,1.4484768543217152,0.002869149921207742,False,False,True,True,True
1788617942.5266285,8.166103983566094,76.50870279392156,0.11565352724257569,False,False,True,True,True
1788617942.6339445,4.975731196295986,30.49566660426906,0.08683822243470664,False,False,True,True,True
1788617942.7323406,4.3411902287607385,6.45999569497697,0.11994868017351042,False,False,True,True,True
1788617942.8296592,1.0536325650766518,33.76540649684155,0.03657349688572913,False,False,True,True,True
1788617942.9240465,4.581042566043696,37.37785516138639,0.030324812395207696,False,False,True,True,True
1788617943.030596,1.392412380647714,30.608814934102487,0.04735726843767304,False,False,True,True,True
1788617943.1293466,1.3682623804993335,0.16501472662170072,0.009576057635217185,False,False,True,True,True
1788617943.230582,3.978586059420194,25.786144782621435,0.022482137291912632,False,False,True,True,True
1788617943.3271363,0.5644111761578573,34.757127530836705,0.026608927907639728,False,False,True,True,True
1788617943.436422,4.1453911583610354,32.774527637036144,0.037594849104465866,False,False,True,True,True
1788617943.5324433,6.8466096493602215,28.46313113857408,0.06003049001871377,False,False,True,True,True
1788617943.6358035,1.1858265213786634,54.83163892522305,0.0657880751506575,False,False,True,True,True
1788617943.7414603,0.838608457577764,3.3801236114198963,0.004648715227794733,False,False,True,True,True
1788617943.8369086,2.9377334250010976,22.030995064357906,0.01662210696016145,False,False,True,True,True
1788617943.9305847,1.6769002903186419,13.433478591032834,0.010621829802816389,False,False,True,True,True
1788617944.0264547,0.36386716055924434,13.395571453793572,0.004897410852373743,False,False,True,True,True
1788617944.1418276,1.9688126081668693,13.883128863018268,0.008650987836429968,False,False,True,True,True
1788617944.234827,1.8863538857338276,0.6481224410369515,0.008078339583724932,False,False,True,True,True
1788617944.3362668,1.625024664449232,2.647666688863506,0.013137713776383906,False,False,True,True,True
1788617944.4229937,2.493086650662096,10.11739405082,0.019169393004619718,False,False,True,True,True
1788617944.5411124,4.4003611442600175,15.617964206890523,0.03618685241320885,False,False,True,True,True
1788617944.6376855,3.732504865352609,7.673524565044469,0.039425920932898116,False,False,True,True,True
1788617944.7333171,1.8567044989156496,18.59976713963994,0.017154293153960744,False,False,True,True,True
1788617944.830781,0.46658484795313876,14.147018676132808,0.004906897137633238,False,False,True,True,True
1788617944.9445457,2.84149616708055,20.910430822017275,0.017634643077383945,False,False,True,True,True
1788617945.0372443,0.8822740101369091,21.287109532250927,0.018636482914440505,False,False,True,True,True
1788617945.1320977,1.3583446699962805,4.840905697824213,0.003552101685559957,False,False,True,True,True
1788617945.229433,1.8436203517737142,5.021149479757846,0.005160460988719986,False,False,True,True,True
1788617945.3420746,1.704210797753544,1.2212129112291241,0.006681476993957468,False,False,True,True,True
1788617945.4317806,0.769759740220983,10.426502236981072,0.007579461766277872,False,False,True,True,True
1788617945.5336764,1.372459071618978,6.052239106978705,0.004480899561189131,False,False,True,True,True
1788617945.6439576,2.2899483233248215,8.180761515680073,0.015482165181762238,False,True,True,True,True
1788617945.7382927,1.2273831922168497,11.307317726347794,0.013359369989871315,False,False,True,True,True
1788617945.8369555,8.80498858629505,77.13719616436691,0.13260255939057278,False,False,True,True,True
1788617945.932483,6.0518909558238265,24.012068280401866,0.2756300940617837,False,False,True,True,True
1788617946.0464737,2.7637249754594406,29.696485367898386,0.08431245741287079,True,False,True,True,True
1788617946.146171,1.3193756639553762,13.87558390488501,0.019154579489259235,False,False,True,False,False
1788617946.2465558,3.9025240465236894,25.812073791621653,0.03389615544408903,False,False,True,False,False
1788617946.344857,2.626736163316168,13.271419475770502,0.02490980239099411,True,False,True,True,True
1788617946.453018,0.5673270545631759,19.138778956133283,0.016125498137320785,False,False,True,False,False
1788617946.5474775,2.8940237486383764,24.675788592712863,0.015079086518586245,False,False,True,False,False
1788617946.6455386,1.430903888867314,15.11208438062265,0.01294217594294971,False,False,True,False,False
1788617946.7389488,1.1249571395247662,3.496434979846533,0.008355830481738475,False,False,True,False,False
1788617946.8400984,1.6417688400371275,5.037291291185626,0.007228137217091824,False,False,True,False,False
1788617946.937343,1.8135428645186553,1.585334058483656,0.010719360957975908,False,False,True,False,False
1788617947.0308435,3.0998982801356294,13.941651508009759,0.01891544990976989,False,False,True,False,False
1788617947.1286678,1.157196865375732,18.875139157882245,0.021984643123264216,False,False,True,False,False
1788617947.2431345,2.43191294236397,10.663303609505657,0.012356212482502845,False,False,True,False,False
1788617947.340947,1.3083995611669705,11.36871308358535,0.012847733720678881,False,False,True,False,False
1788617947.4307895,0.7503184421348531,5.917852427592484,0.004346330521726031,False,False,True,False,False
1788617947.5289953,2.3032178632403553,15.673617719513004,0.008250265068431038,False,False,True,False,False
1788617947.635541,0.4204017922363821,17.83079676310982,0.009713032263584625,True,False,True,True,True
1788617947.7344952,1.9239201749846664,15.123249680419605,0.005754046438959178,False,False,True,False,False
1788617947.837187,2.0988767058088764,1.7385099096497745,0.012139559622538206,False,False,True,False,False
1788617947.9449394,2.298051685687682,1.844019170919252,0.017133161650325083,False,False,True,False,False
1788617948.044461,3.0359033466110756,7.358755385884137,0.015102881950152901,False,False,True,False,False
1788617948.14018,2.275454920894163,8.045156280525603,0.036857372466798544,False,False,True,False,False
1788617948.2361293,1.3304062939233472,10.28805209265203,0.013240880788019441,True,False,True,True,True
1788617948.3492596,3.537720860305846,19.484248960905944,0.03864346768137075,False,False,True,True,True
1788617948.4387374,4.340829566928061,8.864174439866163,0.08197714973483797,False,True,True,True,True
1788617948.5371082,3.5789685310739667,7.479761400512955,0.07070982043655519,False,False,True,True,True
1788617948.635714,5.767966338458015,23.10194214228079,0.11621969802416324,False,False,True,True,True
1788617948.748245,1.8881350145661655,33.91022787149232,0.04666747962536381,False,False,True,True,True
1788617948.846333,1.220878106116826,6.898039080193357,0.00698233498827302,False,False,True,True,True
1788617948.941423,3.301952134281661,21.817397522862734,0.025858436627090253,False,False,True,True,True
1788617949.0365164,4.032112373427098,7.529586295811051,0.022937864826197193,False,False,True,True,True
1788617949.147192,0.7546185983555574,29.732200778652263,0.032032318996495494,False,False,True,True,True
1788617949.24257,2.044549690223044,13.35442479594375,0.005956365429528035,False,False,True,True,True
1788617949.344991,5.582994870542656,34.50685576700187,0.04637420698365448,False,False,True,True,True
1788617949.441284,6.6786888999781855,11.171228405364511,0.0671356344608176,False,False,True,True,True
1788617949.548002,3.3757665433966837,31.138408968392714,0.058603918661749355,False,False,True,True,True
1788617949.640072,4.675379015344785,14.180099549742803,0.03230651687334565,False,False,True,True,True
1788617949.7352836,7.243456934159107,26.65797687430315,0.0642137297848642,False,False,True,True,True
1788617949.8333206,6.5224073145643615,7.840625820761708,0.0799410440233693,False,False,True,True,True
1788617949.9449022,3.4960504262245804,26.972329460039433,0.05529941620706179,False,False,True,True,True
1788617950.0422137,1.8641616807018748,17.845153801190076,0.02253382105111086,False,False,True,True,True
1788617950.1428792,1.444070112598897,4.09187951497551,0.004770866894928212,False,True,True,True,True
1788617950.2527323,0.31114949320851704,10.279480100705761,0.004333467797487793,False,False,True,True,True
1788617950.3518994,3.628329152691999,33.45819055502287,0.021197908658788723,False,False,True,True,True
1788617950.4461086,3.448057246852265,1.8274724570355168,0.020482899979762922,False,False,True,True,True
1788617950.5410638,0.5610527795044126,30.478364509492152,0.01708006769057457,False,False,True,True,True
1788617950.6510503,1.0914984188177075,4.799920119206802,0.0037692444088759237,False,False,True,True,True
1788617950.752001,3.1893796208173684,20.773909087564487,0.014271706212393457,False,False,True,True,True
1788617950.8454983,0.7321630732180054,25.969556295016357,0.01499043099015763,False,False,True,True,True
1788617950.9399319,4.221037004570624,36.80815259255477,0.03117297701375785,False,False,True,True,True
1788617951.0488148,0.7557553097436477,32.20514750537379,0.0254379225622209,False,False,True,True,True
1788617951.149569,7.87228183335827,70.58333645464042,0.10000500960688528,False,False,True,True,True
1788617951.2375364,9.420263399970786,18.33200301062874,0.11022311586483714,False,False,True,True,True
1788617951.341096,1.8647946991675222,73.04463153327342,0.1479061364230983,False,False,True,True,True
1788617951.449283,3.988399196777568,19.608768546117147,0.023559883025912724,False,False,True,True,True
1788617951.549123,6.371580501331966,23.782233319247403,0.053081226040880114,False,False,True,True,True
1788617951.6497428,1.840808664412718,44.655589104483745,0.0920187112050646,False,False,True,True,True
1788617951.745422,7.211592699752595,56.16331008304673,0.06492110599157808,False,False,True,True,True
1788617951.856788,7.960782611641328,7.5037727660979225,0.3129206068339147,False,False,True,True,True
1788617952.3042068,3.1410027371244724,10.55867403135435,0.26159109923651486,False,False,True,True,True
1788617952.372603,1.9912438649369948,16.299404003727304,0.3262005021342678,False,False,True,True,True
1788617952.4558167,2.064029828973232,0.9571382879609993,0.011066953780183166,False,False,True,True,True
1788617952.5675495,3.5132726002759016,12.920420870351123,0.023969279797380644,False,False,True,True,True
1788617952.6572192,6.857891108936389,37.19261066480487,0.052837695403763145,False,False,True,True,True
1788617952.7566962,9.66010328878532,27.649896229985313,0.1233261147728043,False,False,True,True,True
1788617952.8516521,10.129433608671087,8.155847252899424,0.16024853322825655,False,False,True,True,True
1788617952.9633982,1.6930995533183062,74.41727517082738,0.1393432734319488,False,False,True,True,True
1788617953.0508783,4.711984998995446,34.4238458329846,0.04971250478471753,False,False,True,True,True
1788617953.1539109,4.044969944624576,6.744248866095034,0.0317925799449886,False,False,True,True,True
1788617953.2450058,3.797445406297519,2.869968504878424,0.07765277833874538,False,False,True,True,True
1788617953.356667,1.1870565406927016,23.137929588760244,0.017222874912036414,False,False,True,True,True
1788617953.453694,0.37892102888061235,8.337440185507996,0.004156420400719631,False,False,True,True,True
1788617953.5482743,5.272920924249195,51.780537583859626,0.04764100615132667,False,False,True,True,True
1788617953.6500957,1.3720063794176682,39.56807257847108,0.04470553282585091,False,False,True,True,True
1788617953.7575734,1.1641415189248294,2.0161422919132392,0.005035083944507084,False,False,True,True,True
1788617953.8614695,3.1733384948288816,19.26953134170251,0.025835464223522477,False,False,True,True,True
1788617953.9543142,1.1316625661386732,21.46467106121613,0.0157840965136433,False,False,True,True,True
1788617954.0466793,0.7993895323295377,3.9210001795850213,0.0027418230899102815,False,False,True,True,True
1788617954.168884,0.8515847916812068,0.4545119105300027,0.0021598242726785996,False,False,True,True,True
1788617954.2538865,4.222223756552278,39.64816816012882,0.01805401872064779,False,False,True,True,True
1788617954.3538888,0.8392853825123571,33.568687526223506,0.01836746000317983,False,False,True,True,True
1788617954.465947,1.678407872190618,7.415312841963028,0.009601539013179575,False,False,True,True,True
1788617954.562386,1.9446356723511657,2.8185666121591333,0.017779145406744273,False,False,True,True,True
1788617954.6542118,2.811719499070126,9.135112869997833,0.009430382084284563,False,False,True,True,True
1788617954.7509782,3.1585816216021,4.102437745455221,0.014517326312675893,False,False,True,True,True
1788617954.8628993,0.9555548136204953,19.806393241341056,0.014400776374182899,False,False,True,True,True
1788617954.958563,2.4850393707719385,15.946106046041876,0.013859002380070306,False,False,True,True,True
1788617955.0546112,2.5292864766605363,0.33456791251878115,0.0292590155521405,False,False,True,True,True
1788617955.1457505,0.9960306651253291,17.70978723989927,0.009108704926287329,False,False,True,True,True
1788617955.2631083,6.183168800751074,44.19752428105645,0.09496706031073422,False,False,True,True,True
1788617955.3613925,6.71714824275185,6.343119068325191,0.08030013408539528,False,False,True,True,True
1788617955.4569995,5.971362098695806,7.926204201670227,0.06568917188863933,False,False,True,True,True
1788617955.5451744,0.9113641648530888,57.41674534419226,0.05134738294144435,False,False,True,True,True
1788617955.661339,0.4891004626234421,3.490969116001322,0.0010981579571741052,False,False,True,True,True
1788617955.7582262,2.5607159045860124,21.34651869734951,0.01146259730925378,False,False,True,True,True
1788617955.8552222,5.226326694241427,27.943958762866938,0.034105820661211816,False,False,True,True,True
1788617955.9488115,1.0832312511765168,44.05163474678349,0.038046567091269086,False,False,True,True,True
1788617956.0616512,0.6817212095430893,3.5845085893186814,0.0020201248839613814,False,False,True,True,True
1788617956.1567416,0.5323064153189625,1.5696445287754925,0.0015144526079672687,False,False,True,True,True
1788617956.2555678,2.835286165127698,23.275031534613195,0.015156252713541915,False,False,True,True,True
1788617956.3490763,0.570968682164692,24.640557852236167,0.012703533959996991,False,False,True,True,True
1788617956.4609902,2.4911047301421085,17.187493522740738,0.015212980728147057,False,False,True,True,True
1788617956.5604777,0.6748319330452377,17.76041060885666,0.011774341083960126,False,False,True,True,True
1788617956.6533797,2.876961123164443,23.6293839285553,0.010836633076679916,False,False,True,True,True
1788617956.748986,1.6451997747805922,13.449760584925743,0.023399697475575035,False,False,True,True,True
1788617956.858731,3.573968209527079,17.404349126822346,0.02095391490788441,False,False,True,True,True
1788617956.9600303,0.8388550462276843,26.86363235916392,0.024375037000592147,False,False,True,True,True
1788617957.0495164,1.6456367011985673,9.024856881040282,0.0035602454702044948,False,False,True,True,True
1788617957.16444,1.3261269874999084,2.2103648380710545,0.005985337096924733,False,False,True,True,True
1788617957.2603436,5.243390309196883,40.50947282969408,0.048970220538606106,False,False,True,True,True
1788617957.3546016,6.023082885663756,7.726828820415688,0.05065383520788611,False,False,True,True,True
1788617957.450486,1.7597810314870561,43.86661483047108,0.07419268765755742,False,False,True,True,True
1788617957.560783,6.250640747713146,40.69686864117062,0.06673597123406114,False,False,True,True,True
1788617957.6625762,1.0445514569497643,51.15759473619694,0.07082957504064827,False,False,True,True,True
1788617957.7556293,5.467116002667778,47.59021060770112,0.055102104890399815,False,False,True,True,True
1788617957.8471463,2.377393843209486,33.58508020180147,0.0382556124560543,False,False,True,True,True
1788617957.9687562,2.4115439333470516,1.11321454178175,0.029619794796319515,False,False,True,True,True
1788617958.0575204,0.920252323923626,17.66618988910092,0.016022714360943578,False,False,True,True,True
1788617958.153858,4.697547658897104,39.19064887775827,0.039266684832365915,False,False,True,True,True
1788617958.2540522,1.067515856659065,37.16007005293881,0.031161602214156408,False,False,True,True,True
1788617958.3663666,0.38819747957950407,5.947795815448831,0.0027920555633200506,False,False,True,True,True
1788617958.4888601,1.980053580058366,12.95847216268862,0.011162286489030209,False,False,True,True,True
1788617958.559087,0.8192903078071407,16.587542378125544,0.00878532811456585,False,False,True,True,True
1788617958.6662004,7.314438645303325,60.71241417252635,0.11103819287147751,False,False,True,True,True
1788617958.7805781,5.096654729762526,19.415974028584568,0.08612645681618959,False,False,True,True,True
1788617958.864863,0.5197886001909923,53.76161966309228,0.05764861855678619,False,False,True,True,True
1788617958.9626253,0.5672739152327089,0.4959572338541908,0.0008771892478625981,False,False,True,True,True
1788617959.0546167,2.8458760023581533,24.77543572518249,0.01481498025139401,False,False,True,True,True
1788617959.1648796,1.8927017722814499,8.631761539492983,0.012242024386616344,False,False,True,True,True
1788617959.2615747,3.9499947780676314,21.081273231394526,0.038415281371927595,False,False,True,True,True
1788617959.3547487,4.2566071471945826,3.88527548908786,0.02695228979185802,False,False,True,True,True
1788617959.4654136,3.8268562659693885,5.188153283786009,0.029758022691584333,False,False,True,True,True
1788617959.562265,1.0206520835131714,28.817530710822187,0.02582094887361988,False,False,True,True,True
1788617959.6624913,4.746270895852662,37.468766195323916,0.04790412958875402,False,False,True,True,True
1788617959.7564623,7.383316025986758,26.874975570980062,0.06537575377562761,False,False,True,True,True
1788617959.86952,4.003647523590335,27.97892963069902,0.06328283059913628,False,False,True,True,True
1788617959.9820464,1.0003799693130933,27.168203565290256,0.04381293161466995,False,False,True,True,True
1788617960.0651395,0.8605167901323941,1.7258548958816564,0.003923059375467037,False,False,True,True,True
1788617960.1612206,0.9397246804501646,0.6598667488944836,0.002915562009006423,False,False,True,True,True
1788617960.2812219,1.59040330979162,5.423312094536339,0.0065821614026162715,False,False,True,True,True
1788617960.3745868,7.173558683722328,60.0441807103272,0.06364347854847448,False,False,True,True,True
1788617960.4626067,7.5841055449185335,3.206753834903026,0.07758492495629417,False,False,True,True,True
1788617960.5487702,2.6026949176762226,56.795978209198616,0.10703821059169741,False,False,True,True,True
1788617960.6620884,5.6954224189709715,27.50863273085504,0.05676985397546498,False,False,True,True,True
1788617960.7576742,3.440699120669762,23.832815715239683,0.054417839744940626,False,False,True,True,True
1788617960.85875,1.243838757105063,21.151551790995075,0.018985413000139614,False,False,True,True,True
1788617960.9529047,5.90056683092445,49.59460668057742,0.060926571690194775,False,False,True,True,True
1788617961.0693252,4.777038048496213,11.894870130666023,0.055567981927620566,False,False,True,True,True
1788617961.1656864,1.025812191429305,38.66789469002557,0.059888038566045285,False,False,True,True,True
1788617961.2646267,1.2226961005178645,1.8835626275331776,0.0053545178401269425,False,False,True,True,True
1788617961.3578494,0.528882564538709,7.539061839505432,0.0028469066199919256,False,False,True,True,True
1788617961.4730113,3.4508999585534883,25.31649495670478,0.02838715168284818,False,False,True,True,True
1788617961.5653806,1.309450423814637,22.11938269112523,0.021471296334715298,False,False,True,True,True
1788617961.6630032,2.8872630480980717,16.094905134807764,0.02024248647484065,False,True,True,True,True
1788617961.77701,0.7353519910022026,18.7123424207311,0.014286673223122817,False,False,True,True,True
1788617961.8697627,0.6547700406344232,0.8481593022025125,0.0015251418316315896,False,False,True,True,True
1788617961.966083,0.46658218967002063,1.7802599296451913,0.0009116414334825258,False,False,True,True,True
1788617962.0612564,0.5793018784876881,1.1758982920386374,0.001019809686604301,False,False,True,True,True
1788617962.1686864,1.1493801597034456,5.175866046450486,0.0039008244940390226,False,False,True,True,True
1788617962.2684205,2.072303411020207,9.531549709246631,0.005768421456359664,False,False,True,True,True
1788617962.3646655,1.0689181408842046,11.029599211617079,0.011938690023730712,False,False,True,True,True
1788617962.461366,4.802996912147712,38.552548604149905,0.031831672436031085,False,False,True,True,True
1788617962.5724277,2.6134362355755374,19.384340143051514,0.029455476310426037,False,False,True,True,True
1788617962.6687746,0.6996939694743036,20.402428720633758,0.015448346301990143,False,False,True,True,True
1788617962.7655506,2.9642986733045498,23.75449591315442,0.01475258243625607,False,False,True,True,True
1788617962.8582664,0.8691839012827529,23.59504997463476,0.012903858703726444,False,False,True,True,True
1788617962.9692817,1.6296195136158849,7.0410447769999935,0.007307016676508065,False,False,True,True,True
1788617963.0658584,0.7028310308739192,9.933412907207133,0.0074477505425438045,False,False,True,True,True
1788617963.1655397,1.0029874995107864,3.1440879298088564,0.001531417415648817,False,False,True,True,True
1788617963.2573812,1.4413483368536304,4.595165798771193,0.0058668869390213875,False,False,True,True,True
1788617963.3725238,2.836732626461177,12.17834474587576,0.02824611985639942,False,False,True,True,True
1788617963.46419,1.4609720320413933,15.42211536468562,0.014500594859124,False,False,True,True,True
1788617963.5657341,3.349760262299428,18.633021284248056,0.02963687426289826,False,False,True,True,True
1788617963.6655595,0.25728747323109824,30.775691675535214,0.019512232575502927,False,False,True,True,True
1788617963.7797742,2.470280311412169,19.387948701920635,0.014188314985284523,False,False,True,True,True
1788617963.8733404,0.6328981630775415,19.9530028579299,0.013857503121015816,False,False,True,True,True
1788617963.9634671,3.02336557157753,26.53015182726814,0.01375186734059684,False,False,True,True,True
1788617964.0713177,3.9248087081941394,8.447093146569877,0.024500694113832763,False,False,True,True,True
1788617964.1717734,4.5470250086477115,6.097342131398711,0.03384005654032723,False,False,True,True,True
1788617964.2650144,4.68952661721232,0.4657063307566453,0.10164846971818359,False,False,True,True,True
1788617964.3607285,2.9834540257750066,16.265349532310953,0.024347655496436846,False,False,True,True,True
1788617964.4777262,0.7493035585116644,18.874676109519246,0.018356098367667415,False,False,True,True,True
1788617964.5752628,1.3285146321366947,6.079071844047767,0.0031056031123384213,False,False,True,True,True
1788617964.6704254,1.0482044738080352,3.07205018915879,0.0027775335087476005,False,False,True,True,True
1788617964.768253,5.373331192878356,44.37878160227624,0.05845827692083997,False,False,True,True,True
1788617964.875748,5.362602437968706,1.4261674387593613,0.053888292831771316,False,False,True,True,True
1788617964.9755561,0.5415938946940241,48.39277792720204,0.054001680909094754,False,False,True,True,True
1788617965.0695128,0.481748021218743,0.6651222204718259,0.0007210812579708459,False,False,True,True,True
1788617965.1665187,3.2998508593835356,29.060897813885738,0.017371094675578024,False,False,True,True,True
1788617965.2811108,1.803226358012171,13.009053015030885,0.03544755708965897,False,False,True,True,True
1788617965.3689272,0.9623751234708169,9.4783322582029,0.011068447442083263,False,False,True,True,True
1788617965.4704027,0.5843780979417068,3.6981759689063445,0.0011509018481866155,False,False,True,True,True
1788617965.5669484,0.5348711956824711,0.5302927843090025,0.0012572100124116539,False,False,True,True,True
1788617965.6763835,0.5458383636110901,0.09951281648795283,0.0011143929109565386,False,False,True,True,True
1788617965.7715867,3.9375642384345473,35.89040812846394,0.02638526701234097,False,False,True,True,True
1788617965.865951,1.3553148225980167,26.67976437290333,0.022856280018115294,False,False,True,True,True
1788617965.9643948,1.3965497142490049,0.27748678368339036,0.003976197789150824,False,False,True,True,True
1788617966.0807552,0.6811754221107232,6.11365619426694,0.0049546782273270544,False,False,True,True,True
1788617966.1683218,1.804476279825036,12.874574611207978,0.006189163477838019,False,False,True,True,True
1788617966.2731981,2.718974331251172,8.533975211502817,0.021688771550446597,False,False,True,True,True
1788617966.3797166,1.2517439600548517,14.142158296349407,0.014240652560850817,False,False,True,True,True
1788617966.4740598,7.133777629184565,62.321771112574716,0.08667503551334216,False,False,True,True,True
1788617966.5698023,1.5937879368465562,58.86729682250213,0.06888126850848658,False,False,True,True,True
1788617966.6726744,7.409398364017153,56.17176082180594,0.12149746757757626,False,False,True,True,True
1788617966.7799923,2.417182329635225,47.92020318538953,0.14433410937321903,False,False,True,True,True
1788617966.8756719,1.3722106192708006,10.761083549016925,0.009761427648073143,False,False,True,True,True
1788617966.9726825,5.330827610607784,40.801583405614366,0.05756282119861255,False,False,True,True,True
1788617967.0715985,1.120895601943876,42.4243975411235,0.04382389866618834,False,False,True,True,True
1788617967.1842043,0.4458094032257094,5.846285424892124,0.0026151070079699482,False,False,True,True,True
1788617967.2726908,6.62607048636997,69.9508332698262,0.05785040652983248,False,False,True,True,True
1788617967.3740466,0.9445492046538777,56.3695007311387,0.05810268202129329,False,False,True,True,True
1788617967.4634845,3.5716006419976494,29.62778488780771,0.016366162503017746,False,False,True,True,True
1788617967.574208,1.479138519560645,18.611633064235257,0.01887474291116048,False,False,True,True,True
1788617967.6724956,1.7275444565847529,2.5866473385427655,0.013903000367361232,False,False,True,True,True
1788617967.768617,1.2003054565428541,5.779919559025691,0.005852997354860961,False,False,True,True,True
1788617967.8678374,5.267135990506646,41.55818192615241,0.045169608388369274,False,False,True,True,True
1788617967.9801073,3.7473604239535305,9.299518087273094,0.06315728841731023,False,False,True,True,True
1788617968.0778873,6.953949809598774,33.131800371109996,0.10074778702456295,False,False,True,True,True
1788617968.1732948,3.7910455043118967,32.40209149569892,0.07517960348013485,False,False,True,True,True
1788617968.2691488,2.5199079801705433,12.822852271299311,0.026687794688150357,False,False,True,True,True
1788617968.376405,6.015068435079253,32.929966023669486,0.11994397130749919,True,False,True,True,True
1788617968.4802372,0.9841803428731319,46.75346328573066,0.10004466870830207,False,False,True,True,True
1788617968.5725307,2.813227809500282,20.15494653964675,0.023006755554266685,False,False,True,True,True
1788617968.6856227,0.9822975438435296,15.741679159310818,0.020420139777899294,False,False,True,True,True
1788617968.7823956,1.4085514563255257,4.659434881615522,0.008276557659895297,False,False,True,True,True
1788617968.8799334,1.1424068741530802,2.293659528747635,0.008290096133582649,False,False,True,True,True
1788617968.9794018,1.677380890165909,5.885403780964113,0.0105234364808665,False,False,True,True,True
1788617969.0991414,4.608285913414036,24.64404065540537,0.07109262497743157,False,False,True,True,True
1788617969.187493,4.762603869380151,2.126396667504582,0.06919382084608816,False,False,True,True,True
1788617969.2820442,12.152675216805504,78.11595945876837,0.5150852555560869,False,False,True,True,True
1788617969.3822577,2.1019467603013418,96.7672339232534,0.30135518024138996,False,False,True,True,True
1788617969.4839785,3.5934967540749154,14.954632326825596,0.06450025589093854,False,False,True,True,True
1788617969.5806038,6.567403904047268,30.52048249390163,0.20445144282236197,False,False,True,True,True
1788617969.678835,8.0125125462611,13.862302212513198,0.14537365097014449,False,False,True,True,True
1788617969.7743926,1.2972207535812816,72.71400136743482,0.16258863320934605,False,True,True,True,True
1788617969.8950102,1.5160629122486486,1.6175046461902232,0.01595115871760407,False,False,True,False,False
1788617969.9854708,2.912099186733156,15.013588553818519,0.025910393886513276,False,False,True,False,False
1788617970.0889149,13.483658293156704,103.13027066658847,0.4411135533891141,False,False,True,False,False
1788617970.1812994,13.25548037772218,0.5782718120372979,1.3018484739608907,False,False,True,False,False
1788617970.2793086,9.425170196730154,42.85612079840577,0.8760389081836366,False,False,True,False,False
1788617970.378254,5.197053618166085,41.780002409081504,0.3266481213031484,False,False,True,False,False
1788617970.4742312,6.628596190889773,15.472812861838596,0.15264763312602483,False,False,True,False,False
1788617970.5682745,1.7645222350454588,51.39331883731651,0.12038738375188363,False,False,True,False,False
1788617970.6866753,1.4137434759008052,2.9892194680055746,0.009734987648021439,False,False,True,False,False
1788617970.7784185,3.162486437764335,18.47213490124622,0.025183184466814522,False,False,True,False,False
1788617970.8799908,2.772439820135025,5.514658482120527,0.05312221629405291,False,False,True,False,False
1788617970.9871113,2.3408347814221866,3.8407039367851605,0.024217984117489395,False,False,True,False,False
1788617971.0883424,8.383541133558335,59.8066679564021,0.14868289147628538,False,False,True,False,False
1788617971.1805522,5.171609004028767,33.235738211083145,0.26808908508779056,False,False,True,False,False
1788617971.27631,6.639166467311899,13.426873777864698,0.1276678953343008,False,False,True,False,False
1788617971.3843126,4.244902604364295,20.785929870153602,0.15251021603382367,False,False,True,False,False
1788617971.4823632,2.103223797090587,21.855309576009905,0.06821941572644698,False,False,True,False,False
1788617971.5768983,9.263932687192899,75.53296672025957,0.1672319176795102,False,False,True,False,False
1788617971.6712654,2.80215685466953,67.06001503764888,0.14988113701769765,False,False,True,False,False
1788617971.7883048,3.0341859927636783,2.1102047832097277,0.0376065519950235,False,False,True,False,False
1788617971.8789895,9.531584939793364,69.55974618058286,0.19482239137855228,False,False,True,False,False
1788617971.9834616,2.418628465998025,68.33054277364275,0.2258199802318833,False,False,True,False,False
1788617972.073005,4.892034552264678,27.67959853713021,0.04492991858800512,False,False,True,False,False
1788617972.1873646,2.0724868798536007,25.607555254725924,0.06217663979918944,False,False,True,False,False
1788617972.2763846,13.390898511451551,126.75591977272799,0.3066101277477314,False,False,True,False,False
1788617972.3808258,11.186451379068163,25.5163586800718,0.3191049882561964,False,False,True,False,False
1788617972.4787927,4.275008936339252,70.47659876566036,0.25186978944770216,False,False,True,False,False
1788617972.5856216,3.098992920084777,11.382196132798262,0.07452549667907736,False,False,True,False,False
1788617972.6856782,5.802899419651795,26.80910549177131,0.07793261798659266,False,False,True,False,False
1788617972.7753847,4.032149816730797,22.100758307303998,0.10506469724205669,False,False,True,False,False
1788617972.8774922,11.903456062300807,75.13438390903313,0.2863781654366876,False,False,True,False,False
1788617972.9825654,10.930247010358494,7.639525937646243,0.2886459184885189,False,False,True,False,False
1788617973.082428,3.400328769555497,78.44857667424506,0.2338907238772224,False,False,True,False,False
1788617973.1799674,3.636553323584241,2.4238692187244277,0.031048420053311074,False,False,True,False,False
1788617973.2903676,3.3791224617824858,3.049598292279271,0.06449679414456633,False,False,True,False,False
1788617973.389259,2.673167619755046,7.7498387379622535,0.04022189106753751,False,False,True,False,False
1788617973.4827735,3.414818688915431,7.168958432590099,0.020389093843728813,False,False,True,False,False
1788617973.5822456,2.050887494959836,15.51080487334947,0.03178404964176338,False,False,True,False,False
1788617973.6948173,2.0309014168679913,0.7382348891366425,0.015853933576797513,False,False,True,False,False
1788617973.7864037,9.512611522475488,83.41405264526207,0.1409691353879139,False,False,True,False,False
1788617973.8845224,8.76228709481679,20.361744131018654,0.1626450529303429,False,False,True,False,False
1788617973.9818666,2.2686878221146873,69.0960611501375,0.12932195402776497,False,False,True,False,False
1788617974.0890691,4.380846109804503,19.68832766269759,0.04619799166804192,False,False,True,False,False
1788617974.1857095,4.815015876049029,4.532353859780075,0.0772779448115964,False,False,True,False,False
1788617974.2859364,6.418389452719035,13.91666390104432,0.08442395697691807,False,False,True,False,False
1788617974.3719592,5.667443368278081,12.78799863584789,0.07461404963965738,False,False,True,False,False
1788617974.4953976,3.380212060586955,16.537750060093884,0.05483709087985665,False,False,True,False,False
1788617974.5917382,8.507584613489959,48.614771481323345,0.0746118864742661,False,False,True,False,False
1788617974.6836066,7.381073243210533,8.412006465199736,0.13342172984524608,False,False,True,False,False
1788617974.7724226,4.519295643344463,29.737568837685895,0.08511406684194053,False,False,True,False,False
1788617974.8897235,0.0,0.0,0.0,False,False,False,False,False
1788617974.9903278,32.29190052406347,61.62689543702563,1.7946749817776013,False,False,True,False,False
1788617975.078919,2.779916846845027,314.85183093766625,1.5960262556723017,False,False,True,False,False
1788617975.1783197,1.624688886922229,12.034213978120468,0.0025120199604704253,False,False,True,False,False
1788617975.2892025,6.756273294791025,47.39773861287993,0.020710759562069362,False,False,True,False,False
1788617975.3844814,7.31224952469743,3.7080536042078935,0.05572889965309079,False,False,True,False,False
1788617975.4839418,12.211426296528158,50.583141400031735,0.09191719345407312,False,False,True,False,False
1788617975.59407,5.718236261810893,55.00665783583834,0.03702665218351724,False,False,True,False,False
1788617975.6903033,18.56809981928814,134.65910845566552,0.16709451746214843,False,False,True,False,False
1788617975.792443,41.5386125267345,213.06884384937337,0.46064089378097367,False,False,True,False,False
1788617975.8847268,0.0,0.0,0.0,False,False,False,False,False
1788617975.9961407,8.092536174982028,156.5703663887857,0.44791805649204197,False,False,True,False,False
1788617976.0927734,8.678167792927033,4.869083701258692,0.16585695040760162,False,False,True,False,False
1788617976.1851218,0.0,0.0,0.0,False,False,False,False,False
1788617976.2823675,1.4045697265255617,38.755275973471285,0.028778525909379914,False,False,True,False,False
1788617976.3888185,7.788199680786423,60.98850744685397,0.030619428637647935,False,False,True,False,False
1788617976.4882412,15.438162675938608,71.8735470889549,0.15315144327135574,False,False,True,False,False
1788617976.5854824,0.0,0.0,0.0,False,False,False,False,False
1788617976.6790788,19.230338009855696,14.122357703979402,0.3350043963414492,False,False,True,False,False
1788617976.7950547,14.454708218057686,63.2135066481663,0.38519969516867725,False,False,True,False,False
1788617976.894167,0.0,0.0,0.0,False,False,False,False,False
1788617976.9880347,0.0,0.0,0.0,False,False,False,False,False
1788617977.0771375,6.4138456082029585,22.03263351745094,0.259592374979936,False,False,True,False,False
1788617977.1960182,13.491353863642141,54.828772948520545,0.28686095273390827,False,False,True,False,False
1788617977.2975914,18.114603290135218,49.50788548470447,0.10598368587036114,False,False,True,False,False
1788617977.385234,0.0,0.0,0.0,False,False,False,False,False
1788617977.48767,0.0,0.0,0.0,False,False,False,False,False
1788617977.5996284,0.0,0.0,0.0,False,False,False,False,False
1788617977.692808,0.0,0.0,0.0,False,False,False,False,False
1788617977.786316,0.0,0.0,0.0,False,False,False,False,False
1788617977.9065516,0.0,0.0,0.0,False,False,False,False,False
1788617977.9979217,0.0,0.0,0.0,False,False,False,False,False
1788617978.0921803,0.0,0.0,0.0,False,False,False,False,False
1788617978.1853557,0.0,0.0,0.0,False,False,False,False,False
1788617978.3023183,2.096272800675214,0.6160297666469214,1.6807444570831969,False,False,True,False,False
1788617978.3957093,6.078094939118053,41.86786607641728,1.9613078698103272,False,False,True,False,False
1788617978.4893239,8.720295335412192,27.61502310805441,0.47257763027208144,False,False,True,False,False
1788617978.5938897,0.0,0.0,0.0,False,False,False,False,False
1788617978.7001846,0.0,0.0,0.0,False,False,False,False,False
1788617978.7941709,101.66141989619503,20.654653519887663,28.8886300698893,False,False,True,False,False
1788617978.8935728,5.910526623376288,935.6101351410549,31.167650872176324,False,False,True,False,False
1788617978.9859676,10.864870040943199,57.106275147214056,0.06780208337371284,False,False,True,False,False
1788617979.096881,5.843650513122491,45.85697568056207,0.030018411217404308,False,False,True,False,False
1788617979.1962938,5.2924839722240185,5.61615090655641,0.03513303264365863,False,False,True,False,False
1788617979.2934535,22.679605180890153,171.3993801419925,0.17039024937785455,False,False,True,False,False
1788617979.3859253,19.02238140116863,17.72616127040187,0.12723994049516169,False,False,True,False,False
1788617979.5024376,11.238429170348475,60.78948476518575,0.16062146784207582,False,False,True,False,False
1788617979.5923188,0.0,0.0,0.0,False,False,False,False,False
1788617979.6904354,3.3391099619114737,49.013416233625584,0.09958906670581838,False,False,True,False,False
1788617979.7999418,11.99551196966365,77.90074009228263,0.05079205305413734,False,False,True,False,False
1788617979.8963432,0.0,0.0,0.0,False,False,False,False,False
1788617979.994737,2.866969058785311,54.8846109031249,0.06937109551293208,False,False,True,False,False
1788617980.0890982,10.359599876133222,82.88391267773318,0.036332391567332686,False,False,True,False,False
1788617980.2012725,11.718772663932693,2.509701541002425,0.05408863610819747,False,False,True,False,False
1788617980.3036048,37.59881963708856,255.1884134594624,0.3874585361592823,False,False,True,False,False
1788617980.3966608,11.891768716744311,282.37397013174683,0.3544057954337093,False,False,True,False,False
1788617980.4882164,24.555353290953544,124.01448224338195,0.10158245947164463,False,False,True,False,False
1788617980.6081417,20.500513569922436,17.709116495891088,0.14708975025491955,False,False,True,False,False
1788617980.7013462,21.64188731050765,14.723295983127848,0.15460302938139256,False,False,True,False,False
1788617980.7916856,29.938742205390326,73.93218698608077,0.14434477798924744,False,False,True,False,False
1788617980.8912005,23.474187915496362,39.98161450589589,0.15024995114527812,False,False,True,False,False
1788617981.0047069,5.576714089905254,137.4238547960841,0.15723267130233756,False,False,True,False,False
1788617981.0993733,4.7744406046778884,1.4473819906079846,0.012485206260832946,False,False,True,False,False
1788617981.1900976,28.97696045641781,268.70639467725147,0.23570582801817638,False,False,True,False,False
1788617981.2856402,4.807359228744907,260.1544973884292,0.21322765181101527,False,False,True,False,False
1788617981.4065146,3.2761436011427953,12.156041403887162,0.008007793546123762,False,False,True,False,False
1788617981.4980488,4.58394112397045,11.966848887310906,0.007238005135060886,False,False,True,False,False
1788617981.5994916,8.141928196386656,31.468772250129906,0.030896586327438316,False,False,True,False,False
1788617981.694137,5.495286889028268,27.757627257546282,0.01557962125694057,False,False,True,False,False
1788617981.803283,8.033164801178987,19.844321196994773,0.0393395657224685,False,False,True,False,False
1788617981.9004433,28.516390197741266,216.10688946854324,0.1794543243402176,False,False,True,False,False
1788617981.9929473,6.997145651682136,189.70538838242564,0.1591833142476735,False,False,True,False,False
1788617982.1091814,5.471053530518549,17.559915978170707,0.036519793585792104,False,False,True,False,False
1788617982.2012215,10.373750370877243,55.86519338868763,0.0557307455133982,False,False,True,False,False
1788617982.2984357,4.4285641623830765,63.29331026031943,0.04620486185435525,False,False,True,False,False
1788617982.400388,28.370333426634524,235.74584322946484,0.2406040000109583,False,False,True,False,False
1788617982.5067174,15.363394786288104,124.4379664801288,0.20518539137664274,False,False,True,False,False
1788617982.6036832,14.11413256116048,33.81352588192341,0.07996754804879455,False,False,True,False,False
1788617982.696417,36.20562023323647,224.3120963812255,0.22322881170627723,False,False,True,False,False
1788617982.797148,13.803484450801342,178.7840640495397,0.1940123030650014,False,False,True,False,False
1788617982.9061172,7.494115692845686,64.63403292633261,0.046186536490389195,False,False,True,False,False
1788617983.0093133,13.579045563929052,57.9452313831236,0.042158478518008705,False,False,True,False,False
1788617983.094554,20.701644803780233,88.69724691158987,0.07734883383139673,False,False,True,False,False
1788617983.2015965,2.530684974636828,162.67855703933057,0.0984793022169025,False,False,True,False,False
1788617983.311073,36.437402879603106,309.9910418546589,0.4535007614084293,False,False,True,False,False
1788617983.4061341,29.89964106925111,91.66344922334092,0.39659965128730906,False,False,True,False,False
1788617983.4981453,19.090382312422673,113.60188875841129,0.4525814303419268,False,False,True,False,False
1788617983.5948834,19.504939263541974,16.343292575277143,0.09764506681242248,False,False,True,False,False
1788617983.708043,31.809516489586883,116.64728274397484,0.722334186257748,False,False,True,False,False
1788617983.8083942,52.49735198809033,210.41464231110717,0.7019104481402023,False,False,True,False,False
1788617983.8946688,34.898031571659516,181.67772123926613,0.6595105333660497,False,False,True,False,False
1788617983.9928892,20.804433687249468,122.89721179358057,0.23879594518793468,False,False,True,False,False
1788617984.10645,4.586215741976872,148.88567381143181,0.18974796934907173,False,False,True,False,False
1788617984.2056484,11.306746279003656,67.48981035481214,0.0366343336130754,False,False,True,False,False
1788617984.2954028,0.0,0.0,0.0,False,False,False,False,False
1788617984.4130847,8.419885809717629,10.85207099103901,0.21660614602114386,False,False,True,False,False
1788617984.5078669,37.18958879271121,289.6284801775526,0.2960026030594131,False,False,True,False,False
1788617984.602437,3.683669770269163,304.71164782820426,0.3206375659171399,False,False,True,False,False
1788617984.6995049,19.360947079248724,160.087556825003,0.1118929430254626,False,False,True,False,False
1788617984.8118312,9.252557051767832,74.68132862868234,0.08831809521569024,False,False,True,False,False
1788617984.9021697,12.923881643259522,43.52471752722733,0.1239048996092259,False,False,True,False,False
1788617985.0009227,17.14784105374124,27.46692688605782,0.08865484209189489,False,False,True,False,False
1788617985.0941598,4.977220098384065,145.11874529099626,0.10055008527882923,False,False,True,False,False
1788617985.2067695,11.37807408164786,54.56605831972912,0.06941517519316454,False,False,True,False,False
1788617985.306077,8.556022071789899,14.867782078452933,0.09911911048961713,False,False,True,False,False
1788617985.3951445,25.75739599261566,193.1198334136697,0.14464601166216437,False,False,True,False,False
1788617985.4981244,5.433075668577886,176.86630296200917,0.14243426649303684,False,False,True,False,False
1788617985.6056166,16.846692910412177,105.1511903279259,0.16762065808463542,False,False,True,False,False
1788617985.703312,20.997691959531064,45.18251053265269,0.1450731048145895,False,False,True,False,False
1788617985.8039312,4.440667241343921,183.37601227829154,0.1515520406162717,False,False,True,False,False
1788617985.900709,8.943552999111654,46.35264455829554,0.024841504202635274,False,False,True,False,False
1788617986.0133646,7.060544186461258,15.222801254376668,0.06546463226756272,False,False,True,False,False
1788617986.1079402,25.577661744299675,196.76223689841183,0.16658752110255318,False,False,True,False,False
1788617986.2023525,30.625343973016996,4.04582730674435,0.25349759999863186,False,False,True,False,False
1788617986.2965817,9.95058542694082,147.60544675826648,0.2675229123109229,False,False,True,False,False
1788617986.412031,34.318738612524044,195.63494453258267,0.4266668091247127,False,False,True,False,False
1788617986.507682,0.0,0.0,0.0,False,False,False,False,False
1788617986.6043568,0.0,0.0,0.0,False,False,False,False,False
1788617986.7159245,0.0,0.0,0.0,False,False,False,False,False
1788617986.815588,0.0,0.0,0.0,False,False,False,False,False
1788617986.9249353,0.0,0.0,0.0,False,False,False,False,False
1788617987.0103083,0.0,0.0,0.0,False,False,False,False,False
1788617987.1172562,0.0,0.0,0.0,False,False,False,False,False
1788617987.2221339,0.0,0.0,0.0,False,False,False,False,False
1788617987.307139,0.0,0.0,0.0,False,False,False,False,False
1788617987.405872,0.0,0.0,0.0,False,False,False,False,False
1788617987.5159283,0.0,0.0,0.0,False,False,False,False,False
1788617987.6171699,0.0,0.0,0.0,False,False,False,True,False
1788617987.7121284,1.6943020512079272,3.0899786826982676,0.8714546381676282,False,False,True,True,True
1788617987.8032577,5.184122947093524,38.12343399936346,1.0419873021220962,False,False,True,True,True
1788617987.9156413,1.7519792550602338,32.54445673512038,0.04239833301543151,True,False,True,True,True
1788617988.0100477,3.06010796913548,13.29643349715174,0.02867674370519674,True,False,True,True,True
1788617988.106438,0.9801993140813043,22.112729999208266,0.01575860234518102,False,False,True,True,True
1788617988.2127216,4.201118267092134,30.16566146665244,0.033102399789281374,False,False,True,False,False
1788617988.3323615,3.0229382077696187,9.491543627626887,0.04165885380904638,False,False,True,True,True
1788617988.4261253,0.6522339303953987,24.587035671309177,0.0219976940780666,False,False,True,True,True
1788617988.5177374,1.646284987734813,10.898939994979354,0.004594331356162999,False,False,True,True,True
1788617988.6171412,1.5683765006967765,0.6500291563103509,0.009593277708890445,False,False,True,True,True
1788617988.7177472,1.2511153750808846,3.070802783847117,0.007581592907768366,False,False,True,True,True
1788617988.8199112,1.3094692019378629,0.2712165986494857,0.006491876639181605,False,False,True,True,True
1788617988.9144053,1.0268549543267864,2.7921710950634986,0.00525920979909725,False,False,True,True,True
1788617989.0357566,0.9546081310036418,0.5798306581523059,0.00575639781133268,False,False,True,True,True
1788617989.1206694,0.5203133775048613,4.9311492212931975,0.002085720504977109,False,False,True,True,True
1788617989.2223165,0.49174202657487665,0.1966195163213658,0.0010010068873391694,False,False,True,True,True
1788617989.3087318,0.5660165260504197,0.8617604700604511,0.0009933430258657176,False,False,True,True,True
1788617989.431629,1.1931056334310088,5.304461256569235,0.004704831262501579,False,False,True,True,True
1788617989.5211482,4.471282586331814,36.57231772756044,0.03879562282010277,False,False,True,True,True
1788617989.617878,1.5537464038850757,31.332066143149564,0.029143506104566584,False,False,True,True,True
1788617989.7182894,0.9297398162116992,6.546004068883753,0.007815024772388207,False,False,True,True,True
1788617989.8273227,1.058252548975578,1.2669922616782445,0.005017870137700923,False,False,True,True,True
1788617989.916994,3.489831630186357,26.9542263171485,0.01704238060204666,False,False,True,True,True
1788617990.014678,2.083422974226322,14.428684314457087,0.02584446040832731,False,False,True,True,True
1788617990.105303,1.6183837522006417,4.977118798948019,0.011901354322974608,False,False,True,True,True
1788617990.224215,2.6356302072608306,7.955351210181948,0.018520098107137423,False,False,True,False,False
1788617990.3112276,0.6315929034323372,22.839035651329333,0.018386051206082273,False,False,True,True,True
1788617990.407678,1.536631227277648,9.39052300569846,0.005677014079617969,False,False,True,True,True
1788617990.5074286,0.3874179883808768,11.743699541515921,0.003992179985046019,False,False,True,True,True
1788617990.6157746,1.2165027335161023,7.738374479085832,0.003210324741042139,False,False,True,True,True
1788617990.7119508,1.1272560518454733,1.164878881960743,0.005135033144265057,False,False,True,True,True
1788617990.8126311,1.2326233706066256,1.0800815854511765,0.005648289466239611,False,False,True,True,True
1788617990.9065125,1.1126475370857598,1.0960695080629395,0.0061731225824988405,False,False,True,True,True
1788617991.0167804,0.2723054104700588,7.54877196493012,0.0017285148804250478,False,False,True,True,True
1788617991.1153734,0.34992362374663083,0.8125713687229086,0.0004640383440052405,False,False,True,True,True
1788617991.2169755,0.9172187229201314,5.6201087737900535,0.0013826736750125542,False,False,True,True,True
1788617991.3393438,1.9208945144882332,8.148580706547625,0.00847881946435832,False,False,True,True,True
1788617991.424864,1.1856467141006477,8.537977580632711,0.013681442682174206,False,False,True,True,True
1788617991.5168557,3.0747697702389307,20.579616704612594,0.014565943015630103,False,False,True,True,True
1788617991.6091661,3.8893839232153247,8.281914734608616,0.020188367214959202,False,False,True,True,True
1788617991.726677,1.574635368284885,20.01997851058053,0.01888910584817491,False,False,True,True,True
1788617991.823164,1.6055757846253331,0.39470622349508466,0.015281555013803131,False,False,True,True,True
1788617991.9168816,2.9117160476708452,13.733243183437878,0.010610885619785586,False,False,True,True,True
1788617992.0142448,1.5692724264333737,13.835135922953976,0.010485033078486316,False,False,True,True,True
1788617992.1212037,0.8872898413863263,6.32421761461578,0.007775043438712205,False,False,True,True,True
1788617992.219383,0.7832416252334149,1.0848624952224597,0.002268541177327827,False,False,True,True,True
1788617992.3189676,1.4182777113432263,6.370163242315317,0.006164117552897407,False,False,True,True,True
1788617992.4112844,0.38365840157960523,11.188552871035537,0.002978186745890158,False,False,True,True,True
1788617992.5285714,0.924157542575544,4.667590308308954,0.0029477955420935836,False,False,True,True,True
1788617992.6238902,0.45457395579315407,4.916488540138814,0.002661402544071283,False,False,True,True,True
1788617992.7166564,3.2063434167625053,29.784525698621557,0.01739613641688602,False,True,True,True,True
1788617992.8139818,2.3472501611106016,8.224026100239149,0.036199037800143656,False,False,True,True,True
1788617992.9274156,2.898697973622117,5.2452776851095635,0.02969308131886104,False,False,True,False,False
1788617993.0173845,2.8380655577422713,0.6132963038879969,0.047391996150014985,False,False,True,True,True
1788617993.114649,1.3541062786364342,15.90374385134183,0.013655713043829601,False,False,True,True,True
1788617993.2106738,2.2506494831523676,9.486144324780335,0.017605489348336188,False,False,True,False,False
1788617993.3251424,2.1696450339417352,0.5081471911980484,0.025113874971433397,False,False,True,True,True
1788617993.4194186,2.042064926432957,0.8837589152324935,0.024054202476976486,False,False,True,True,True
1788617993.5187788,2.2407245668323044,2.5236262318433673,0.023105457403271665,False,False,True,True,True
1788617993.6309233,1.0538414361673731,10.43292456068148,0.012459012277322852,False,False,True,True,True
1788617993.7272458,0.9992718844799128,0.3859687226842183,0.0063766889754675316,False,False,True,True,True
1788617993.8271368,1.6165060079375317,6.259054531589411,0.010070884458531933,False,False,True,True,True
1788617993.9273965,2.398885414205049,7.785215863197091,0.011081931741455348,False,False,True,True,True
1788617994.0320199,0.34972647750785396,19.743427696845462,0.012222757230572855,False,False,True,True,True
1788617994.1228466,0.9320196391855358,6.293686480558806,0.0019748369462028867,False,False,True,True,True
1788617994.221352,0.8943539368543205,0.30492098799200573,0.004274616125629894,False,False,True,True,True
1788617994.3148754,1.315050883773355,4.570598269087735,0.006566531409446509,False,False,True,True,True
1788617994.4282823,0.5322460026175861,6.5886242295073165,0.00475489191871215,False,False,True,True,True
1788617994.5299282,0.3759083726348477,1.4528486384391128,0.00149559381253974,False,False,True,True,True
1788617994.6217785,0.6862136946687605,3.4742596439015303,0.0014681041184555223,False,False,True,True,True
1788617994.7194207,2.4590771874092465,18.103114417855117,0.01586368054718309,False,False,True,True,True
1788617994.8207731,1.3989597850044015,10.280343580180533,0.02161047638231018,False,False,True,True,True
1788617994.9239402,1.0026727856771367,3.7924488312832985,0.00753436059791301,False,False,True,True,True
1788617995.0131335,1.9940543625236997,10.841328784789921,0.008631124718332103,False,False,True,True,True
1788617995.110097,1.7268087433021508,2.819354425205737,0.019405896308601935,False,False,True,True,True
1788617995.2264752,1.2704940184063442,3.8593907890449577,0.008803191622506867,False,False,True,True,True
1788617995.3194678,2.299554480713844,10.696789134160703,0.016026643116130397,False,False,True,True,True
1788617995.4145842,1.2018094339120091,11.392771594883623,0.013814036589960672,False,False,True,True,True
1788617995.516094,2.2950537763472107,10.65195669329994,0.017365809253992733,False,False,True,True,True
1788617995.6292696,0.4662176605810658,16.21725977311019,0.010573668546987993,False,False,True,True,True
1788617995.7273545,0.9277245863092908,4.7080440068632186,0.0031855287373514455,False,False,True,True,True
1788617995.8262498,1.1771944801613283,2.400274358656217,0.00546475616925836,False,False,True,True,True
1788617995.9341583,1.0673280729780383,1.4873726736465593,0.004495627359366829,False,False,True,True,True
1788617996.0279534,1.2257362284277054,1.7172552771281944,0.006523170774398726,False,False,True,True,True
1788617996.1238697,1.8739430894848195,6.72949452169025,0.01177715735158204,False,False,True,True,True
1788617996.21956,0.43763613641301335,14.975642105369264,0.007034896787885202,False,False,True,True,True
1788617996.3378465,2.3100467052076725,15.817275477698967,0.015321835720496637,False,False,True,True,True
1788617996.4282997,2.1363867353723096,2.0436030741669566,0.01300334170169345,True,False,True,True,True
1788617996.5239298,1.3667249737451266,8.67960455427352,0.01554101944052054,False,False,True,True,True
1788617996.6187804,1.0250189598749244,3.7767267234537294,0.003708070535473756,False,False,True,True,True
1788617996.7340686,1.6597698968602712,5.608204033320006,0.006132446567733867,False,False,True,True,True
1788617996.8299093,1.541003917283976,1.1203575498709775,0.006739663075122345,False,False,True,True,True
1788617996.9249315,1.8755638802513714,3.5262678871250355,0.01521499003614894,False,False,True,True,True
1788617997.0192688,0.41337871558741557,15.695712950675713,0.006084147949530676,True,False,True,True,True
1788617997.1337523,0.6953614737702355,2.485542728221179,0.0018395266052120072,False,False,True,True,True
1788617997.2233267,0.8395819962007977,1.7422445267399995,0.0018437822932740396,False,False,True,True,True
1788617997.3174536,0.28131632847685123,5.905108016419212,0.0010269372419344802,False,False,True,True,True
1788617997.4214716,1.8438502980701934,15.049542336500654,0.007429260467859168,False,False,True,True,True
1788617997.5280802,1.4534011598798848,3.645386317810064,0.007181096078554308,False,False,True,True,True
1788617997.6308405,0.687890760318961,7.209354395326989,0.004321514201944197,False,False,True,True,True
1788617997.7215738,0.6641833498602756,0.24762130554460016,0.002413483080155881,False,False,True,True,True
1788617997.8206933,1.1624910508932844,5.048095235741295,0.0024873490216704105,False,False,True,True,True
1788617997.932887,0.25387974728780005,8.097630542859433,0.003646325735728024,False,False,True,True,True
1788617998.0272343,0.44485807291602497,1.9890228128001062,0.0006533379919894852,False,False,True,True,True
1788617998.1199996,2.0606021482533117,17.34911551256985,0.007717546779277209,False,False,True,True,True
1788617998.2345073,1.0942385635401322,8.217317828588401,0.00680509698410263,False,False,True,True,True
1788617998.3370862,1.2949224795486374,1.9499136499862832,0.004147166585252255,False,False,True,True,True
1788617998.432315,0.9128043614442416,4.311849437952531,0.004014959875085538,False,False,True,True,True
1788617998.5253701,0.6273522226854149,3.1346905350596383,0.0018246371349488564,False,False,True,True,True
1788617998.638148,1.8099429874215314,10.420454019628913,0.007524565751575802,False,False,True,True,True
1788617998.730163,0.605257814395184,13.110803550803498,0.009076897176824587,False,False,True,True,True
1788617998.8258412,1.3387104897022284,7.639672726142821,0.003671659585966447,False,False,True,True,True
1788617998.924927,1.2283378536728093,1.017802937137654,0.006547182287951553,False,False,True,True,True
1788617999.0362766,0.4831356119322774,6.7743371335424465,0.00466772946873962,False,False,True,True,True
1788617999.1409166,1.6300661759699446,10.937895581304586,0.005134658370867071,False,False,True,True,True
1788617999.2355387,0.30426148167522316,13.94327968548417,0.006204913873506715,False,False,True,True,True
1788617999.3309083,0.6679946927196199,3.8297810813557414,0.0010234245297900317,False,False,True,True,True
1788617999.450784,1.5563137984425528,7.4259507519895624,0.006791628150105594,False,False,True,True,True
1788617999.5352788,1.903837204698027,3.9990447950796804,0.014256597371015603,False,False,True,True,True
1788617999.6387074,0.4966502542286547,13.349276283783828,0.00435354451175129,False,False,True,True,True
1788617999.7362118,0.47999937453490593,0.08793867148213806,0.0012162381461380475,False,False,True,True,True
1788617999.8534348,0.5175205033187218,0.34255068729475663,0.0010935821534019592,False,False,True,True,True
1788617999.93779,0.7462197174554417,2.749473993976928,0.0009230726704513546,False,False,True,True,True
1788618000.0367837,0.5748040652330239,1.741541945078085,0.0013404869760093724,False,False,True,True,True
1788618000.1274664,2.0088216113963346,15.889722319853556,0.006615557400447141,False,False,True,True,True
1788618000.2378583,0.973047470541893,9.529368521276941,0.006344845433564104,True,False,True,True,True
1788618000.328026,1.2061052400281693,2.5942685391684277,0.0026377872053397022,True,False,True,True,True
1788618000.4306045,0.847743653754005,3.5197917317069747,0.0023465937709662857,True,False,True,True,True
1788618000.5379133,0.42852634129575057,3.903985487584821,0.0025362675164415606,True,False,True,True,True
1788618000.6323812,0.7653018678426536,3.552974551706971,0.0017637957717748082,True,False,True,True,True
1788618000.7255883,0.9603229488864757,2.1411947237844022,0.0022004572397403216,True,False,True,True,True
1788618000.8266997,0.5421632242901189,4.160501222139425,0.0015829647531438134,True,False,True,True,True
1788618000.942436,0.4531598456791219,0.7440858581291061,0.0009601456947509699,True,False,True,True,True
1788618001.0370877,0.6233012471730572,1.805231605229726,0.0013053706895993287,False,False,True,True,True
1788618001.1345885,0.675255357494046,0.48227029837834,0.001736130371952763,False,False,True,True,True
1788618001.22929,1.6573354831263196,10.327530888442155,0.004991010834331692,False,False,True,True,True
1788618001.3427668,0.38544071979666394,11.160183215247814,0.004655058110781702,False,False,True,True,True
1788618001.4348536,0.6931835526465587,3.3570410586320216,0.0014894145069765349,False,False,True,True,True
1788618001.5318613,1.6866393463201386,10.329644969911632,0.006152493423058813,False,False,True,True,True
1788618001.624243,0.824345789527565,9.25605344234872,0.00633174903961659,False,False,True,True,True
1788618001.739969,1.6545719485314343,7.081637211475143,0.0062271786785607205,False,False,True,True,True
1788618001.8339412,3.2761697945306474,17.181597559367574,0.01595170600380002,False,False,True,True,True
1788618001.9309533,1.326948991370472,20.893098919929464,0.016358580715585963,False,False,True,True,True
1788618002.0293336,1.3837646632788552,0.47135074159839435,0.009483192427858025,False,False,True,True,True
1788618002.1362774,1.2283794830388022,1.6720874464340678,0.010444028825171037,False,False,True,True,True
1788618002.2361858,2.365160184003796,11.334322563249453,0.011398338687465082,False,False,True,True,True
1788618002.3326952,0.5094152755946115,19.24851539850552,0.009810876347626592,False,False,True,True,True
1788618002.4269524,0.9844827777261044,5.049800427499954,0.002767134539201299,False,False,True,True,True
1788618002.5380661,0.7827341058611126,1.911938345453571,0.00227608806901964,False,False,True,True,True
1788618002.6366723,1.4077507334914532,6.497707911656578,0.004081892612409154,False,False,True,True,True
1788618002.7341921,0.6741716015076358,7.406847261754948,0.0044381916380363635,False,False,True,True,True
1788618002.8436465,0.2922004384041332,3.438283772073388,0.0011509283722866816,False,False,True,True,True
1788618002.938566,0.8702085902076561,6.104098330758225,0.001712556181881828,False,False,True,True,True
1788618003.0358312,0.48499240127866045,3.9061062733104883,0.0012867557662765503,False,False,True,True,True
1788618003.1309538,1.2175672057071287,7.705685567203055,0.0023376933298869607,False,False,True,True,True
1788618003.2407284,1.4608689743028003,2.2544547262471446,0.00457345450028221,False,False,True,True,True
1788618003.335662,0.7728281422074235,7.200077742605569,0.00755678673020803,False,False,True,True,True
1788618003.4362838,1.0247694041990356,2.5598441330800643,0.0028670925861730115,False,False,True,True,True
1788618003.530429,1.0852146846341828,0.6140651313748531,0.006218008316935852,False,False,True,True,True
1788618003.646237,1.7696393823682666,5.575579303844275,0.0077864736693061265,False,False,True,True,True
1788618003.7360692,0.9536573313502676,9.018723231781316,0.008949053933824285,False,False,True,True,True
1788618003.8363407,1.0031431718373551,0.444727361555594,0.0024711497985775415,False,False,True,True,True
1788618003.9321477,0.7009508073979067,3.197375545050803,0.0022513785583495624,False,False,True,True,True
1788618004.039476,0.58614143326056,1.0648289969854745,0.001255595246098287,False,False,True,True,True
1788618004.1381605,0.5415981597864802,0.3303652536365106,0.001573233577030269,False,False,True,True,True
1788618004.238262,1.7023794869306745,11.590379552082675,0.005254838014532834,False,False,True,True,True
1788618004.3322437,0.768792942872701,9.962668593875229,0.004675274730022009,False,False,True,True,True
1788618004.4430628,0.30882487234169936,4.145392189883263,0.0013928855324204775,False,False,True,True,True
1788618004.5432303,0.28446858042784107,0.2335045692722317,0.00043832270852713605,False,False,True,True,True
1788618004.633137,0.9985960164052738,7.909594753118234,0.0013767541301649255,False,False,True,True,True
1788618004.7317557,2.2594130509650823,12.774041919795817,0.008445871241794592,False,False,True,True,True
1788618004.8447826,1.8147131519778839,4.244866525279761,0.010333614538930207,False,False,True,True,True
1788618004.94127,1.3406116501223904,4.907759329904747,0.00676158025983348,False,False,True,True,True
1788618005.0390687,1.2488701678013092,0.9323265475778688,0.0047607288664698036,False,False,True,True,True
1788618005.1496572,0.6625963029072912,5.157627504422505,0.0025268554322573837,False,False,True,True,True
1788618005.2442694,0.5764058062750718,0.8135485524937902,0.001908738191030778,False,False,True,True,True
1788618005.3416169,0.5308954488260622,0.4364239702438894,0.0007599353983052871,False,False,True,True,True
1788618005.434303,1.5433952219351301,10.940896624641638,0.005802982867232773,False,False,True,True,True
1788618005.5476732,0.38643796646600426,10.402401170478528,0.004087597886275868,False,False,True,True,True
1788618005.643009,1.7316823683426488,14.098367614673487,0.006478653483924208,False,False,True,True,True
1788618005.7363021,0.7363828228138103,10.578709737116744,0.004526317490218705,False,False,True,True,True
1788618005.837646,1.0354702869506889,2.981473802571652,0.0018652190812257037,False,False,True,True,True
1788618005.9438815,0.312927701250595,6.880051508398154,0.0023082738698814004,False,False,True,True,True
1788618006.0440855,2.2425545941720335,19.256320860648685,0.010306139290759266,False,False,True,True,True
1788618006.1411867,0.34251846155690685,19.896965187526373,0.009945552634753815,False,False,True,True,True
1788618006.233988,1.5198477161848956,12.683043211517019,0.004585978454195256,False,False,True,True,True
1788618006.3485878,1.4889567776831294,0.37687338403607246,0.0063874122878026865,False,False,True,True,True
1788618006.4434757,1.8513915524687456,3.7174606302865363,0.007302603173519461,False,False,True,True,True
1788618006.5410602,2.3269811154584015,4.768378115352375,0.009140335834606866,True,False,True,True,True
1788618006.6358943,0.5021708192518857,18.985917788956687,0.00951997315215371,True,False,True,True,True
1788618006.748479,2.211656234203895,15.222608477170974,0.011750090654146247,False,False,True,True,True
1788618006.843748,2.6812781009644318,4.927428602613371,0.012902213891379553,True,False,True,True,True
1788618006.9397151,2.438878457694934,2.438483304922194,0.03365114375012106,True,False,True,True,True
1788618007.0411735,0.6548814763641897,17.181281661672582,0.0103988574803721,True,False,True,True,True
1788618007.1547973,0.3073478019171963,3.0127588080063767,0.0011340398824668542,False,False,True,True,True
1788618007.247158,0.9367343054846546,6.844561704978264,0.0021098088993621103,False,False,True,True,True
1788618007.3398857,1.2979420634085321,3.7605173677880828,0.004747865427482906,False,False,True,True,True
1788618007.4547539,0.9124326760537831,3.349219427869814,0.004219809649882195,False,False,True,True,True
1788618007.5449228,0.5158150697357162,4.4030375587533355,0.002730489413739553,False,False,True,True,True
1788618007.6395724,0.7029596616307956,1.8997930332028876,0.0008939450629291611,False,False,True,True,True
1788618007.7444224,1.1854963090770732,4.532221642664951,0.00328040065247851,False,False,True,True,True
1788618007.8540785,1.122877386308506,0.46602616165927363,0.003646400314665359,False,False,True,True,True
1788618007.945428,0.9355565642966249,2.0710594077226783,0.006388488523219463,False,False,True,True,True
1788618008.0478354,0.42983345603440926,4.919116259541544,0.0016248647559582892,False,False,True,True,True
1788618008.1404846,1.0543615814250917,6.685662004799193,0.003059843923589144,False,False,True,True,True
1788618008.254817,0.9184130919366014,1.1805065440479874,0.004321197124894504,False,False,True,True,True
1788618008.3461933,0.36748045449374583,6.063156760822637,0.002276142974630115,False,False,True,True,True
1788618008.4383612,3.523793721672228,34.24927240833269,0.021686086456458222,False,False,True,True,True
1788618008.538381,2.304067422587188,11.468925859781148,0.021128721861231988,False,False,True,True,True
1788618008.6523314,0.49793706650401776,15.521300058791237,0.0101992892502829,False,False,True,True,True
1788618008.746141,1.1823591171763714,7.201998182626372,0.003095750122568927,False,False,True,True,True
1788618008.8459857,0.11151083177385542,10.747009462489263,0.0024288325613122923,False,False,True,True,True
1788618008.9386559,1.3111307054986703,12.957695517871002,0.003143216948174895,False,False,True,True,True
1788618009.058038,0.5297483195878371,6.551663067780824,0.0036452464600613375,False,False,True,True,True
1788618009.1453538,0.5563116196131128,0.2892754484978231,0.0014645521644640305,False,False,True,True,True
1788618009.2445762,0.9893190383183389,4.309268460753641,0.0024692152140985114,False,False,True,True,True
1788618009.3338342,0.6863120473164082,3.4132203309747617,0.003207725923655879,False,False,True,True,True
1788618009.4507048,0.8602624259025041,1.6003301177597116,0.0028161181736780254,False,False,True,True,True
1788618009.5525837,0.41821540531384943,4.342855811719747,0.002692642651126172,False,False,True,True,True
1788618009.6451478,1.1223562186884057,7.556436247103994,0.0019423940013426164,False,False,True,True,True
1788618009.7592602,0.6481271856864311,4.096740244989616,0.003883879767111234,False,False,True,True,True
1788618009.85415,0.8792214313686088,2.4247531712157966,0.0031101844009956687,False,False,True,True,True
1788618009.9460092,1.398510138853415,5.556654012600885,0.003136628017909855,False,False,True,True,True
1788618010.0456781,1.4591713718539179,0.42608395477308453,0.005874324832519087,False,False,True,True,True
1788618010.154338,0.96428802141568,4.567481805666718,0.0064430935820053645,False,False,True,True,True
1788618010.2515059,0.42309868509591364,5.538807078196787,0.002656133601440266,False,False,True,True,True
1788618010.3476434,0.9124757160256668,5.190881975842898,0.002037917739136109,False,False,True,True,True
1788618010.4449673,0.9136662142546966,0.036792785605797726,0.004338992569244099,False,False,True,True,True
1788618010.555398,2.07196366788914,10.243133266476722,0.008830414711617707,False,False,True,True,True
1788618010.6512809,1.5993292064193316,5.036362824588055,0.018213874695190632,False,False,True,True,True
1788618010.7454486,0.9966035027134736,6.318339084264796,0.004561209259200308,False,False,True,True,True
1788618010.8472228,0.8359476876095308,1.503353859599541,0.0017050778222688274,False,False,True,True,True
1788618010.9582016,1.6062897454100433,6.940195072217672,0.005518079831158248,False,False,True,True,True
1788618011.0504184,1.6971386457339088,1.043216826691556,0.007051183065688147,False,False,True,True,True
1788618011.143915,1.4279610581664133,2.8030722129940324,0.009587887656901165,False,False,True,True,True
1788618011.2436445,1.3933654472853536,0.14236402641864193,0.010681563637108154,False,False,True,True,True
1788618011.357652,2.058529536601089,6.02563605604127,0.009472677042456806,False,False,True,True,True
1788618011.4502897,1.656936463015031,4.241421173937361,0.02265658110457631,False,False,True,True,True
1788618011.5456064,0.6458500514401478,10.698090823094374,0.004546817021372825,False,False,True,True,True
1788618011.6433094,2.080420740420378,14.522047737062348,0.01084104574817476,False,False,True,True,True
1788618011.7547312,0.7965350158506704,11.463614522773215,0.00672792080405121,False,False,True,True,True
1788618011.8483255,0.26784545538521104,5.639529120575673,0.0015567824533807414,False,False,True,True,True
1788618011.9476497,0.5260140156627544,2.5726304607875488,0.0005795047420817592,False,False,True,True,True
1788618012.0708115,0.5854092659147607,0.4612240257534251,0.0011878672191487816,False,False,True,True,True
1788618012.1534953,0.7471128830333721,1.9522347804939941,0.0009477272525873166,False,False,True,True,True
1788618012.2529745,2.905588964742221,21.6877144675381,0.013912303884674005,False,False,True,True,True
1788618012.3494585,2.1556546979749287,7.85633584814565,0.013351505309399108,False,False,True,True,True
1788618012.4540877,0.48122016648913063,15.872823371076642,0.007645616354407466,False,False,True,True,True
1788618012.552207,0.6629244794159809,1.9102736449885298,0.0009820140582083195,False,False,True,True,True
1788618012.652069,0.825400934826594,1.6225769470854283,0.003087574038418983,False,False,True,True,True
1788618012.7469862,1.9187651025412369,11.491944061352108,0.005375914666657492,False,False,True,True,True
1788618012.858693,0.21363306797507514,15.216732557723754,0.0060556327230662545,False,False,True,True,True
1788618012.9598093,1.3973267151150603,11.742676080528616,0.004381254608334943,False,False,True,True,True
1788618013.050518,1.8274565714915054,4.597996490571438,0.009243841776929189,False,False,True,True,True
1788618013.1457226,1.7928821291463635,0.6712872161295277,0.009119366402634879,False,False,True,True,True
1788618013.2583644,0.7350174009827669,9.630154119200595,0.0060293550192131,False,False,True,True,True
1788618013.3598604,1.2065866358624338,4.646263155765469,0.002597779660070504,False,False,True,True,True
1788618013.453079,1.3690205139686717,1.9208246022021536,0.008550003451510618,False,False,True,True,True
1788618013.5467794,0.4559452684129573,9.686177701032637,0.004186109085387357,False,False,True,True,True
1788618013.665148,2.007382593860648,13.064601994971346,0.010037773285637337,False,False,True,True,True
1788618013.7586353,1.6734906055018477,4.078751139993416,0.02209304695542017,False,False,True,True,True
1788618013.8540788,1.878389277698548,2.2434935819271318,0.011972586304785437,False,False,True,True,True
1788618013.966903,0.8967416436014658,8.601213011091861,0.006066524567545204,False,False,True,True,True
1788618014.0607271,2.206351497942738,13.91721826861447,0.013927915917871594,False,False,True,True,True
1788618014.1576617,2.548993853016135,4.257219317554329,0.01198286159458054,False,False,True,True,True
1788618014.2537565,2.0373321539310787,5.220019043670199,0.010749940542029898,False,False,True,True,True
1788618014.3616543,0.7453854082428566,11.456144611365579,0.010084313003939244,False,False,True,True,True
1788618014.4589846,2.028196733962444,13.154974804643519,0.00711922700273244,False,False,True,True,True
1788618014.555899,1.2765978176482013,7.813219193233597,0.007791098845838929,False,False,True,True,True
1788618014.6549644,1.4842347046200963,1.9726521859986879,0.006152598995197388,False,False,True,True,True
1788618014.7621362,2.316457635219524,7.8798523190548755,0.010326326923527458,False,False,True,True,True
1788618014.8574665,2.176399381631132,2.432795111046146,0.015148655681774694,False,False,True,True,True
1788618014.9511712,1.2420104523126019,9.976417307728553,0.007787614638439153,False,False,True,True,True
1788618015.0456245,0.6098911211060192,6.520636626608564,0.003910444859409861,False,False,True,True,True
1788618015.1596737,0.31586149271619457,2.5106448325102595,0.0007554942660295876,False,False,True,True,True
1788618015.2643223,1.4891511847405305,11.217649482333497,0.004621449635331358,False,False,True,True,True
1788618015.3573456,0.3719994753279605,12.051687355847715,0.004506904732598083,False,False,True,True,True
1788618015.4523377,0.5949970565990589,2.272985599019693,0.0009278995748840373,False,False,True,True,True
1788618015.5650184,3.071419783581161,21.95707340753291,0.025754176755973135,False,False,True,True,True
1788618015.6610951,4.426077662051889,14.218431042328035,0.03085363178311131,False,False,True,True,True
1788618015.7580578,2.9057262679959903,16.253762335967277,0.02943600892375342,False,False,True,True,True
1788618015.8504477,2.2351226664537482,7.750702006830628,0.03389970773937288,False,False,True,True,True
1788618015.966927,1.7808813333741462,4.676576669580348,0.013559662878258967,False,False,True,True,True
1788618016.061726,2.554279581441378,9.2772695108538,0.01872857842827031,False,False,True,True,True
1788618016.1695075,4.0854465183952,14.287883088898255,0.06537595931220695,False,False,True,True,True
1788618016.2720318,2.523389837666771,14.480963027458177,0.06856941688959638,False,False,True,True,True
1788618016.3619084,0.7918235805706022,19.346236985182088,0.014011286087004549,False,False,True,True,True
1788618016.4639869,4.701349149294142,38.357251426382774,0.046513660011416554,False,False,True,True,True
1788618016.5515916,1.694770488281281,35.03078069474367,0.049928646601035145,False,False,True,True,True
1788618016.6663356,1.2946544129713498,3.6196807545272467,0.006330564520984241,False,False,True,True,True
1788618016.772267,1.372024216234031,0.8170836018892417,0.005336857835868751,False,False,True,True,True
1788618016.8623583,1.394928458061063,0.9054160735984179,0.006140657341105409,False,False,True,True,True
1788618016.9535668,0.5033642976239255,9.570134042491917,0.004082106781889025,False,False,True,True,True
1788618017.0699396,0.796543805847321,2.395898640397416,0.00218887818191719,False,False,True,True,True
1788618017.170504,2.3343860973156914,15.182285364213765,0.012354771037225322,False,False,True,True,True
1788618017.2614002,0.74011291056586,17.62903109917945,0.014593052541344952,False,False,True,True,True
1788618017.3664057,0.6003783019667431,1.25968073505265,0.001726992043030186,False,False,True,True,True
1788618017.4767098,0.5013635908992383,0.9651626821064445,0.0009174240923020431,False,False,True,True,True
1788618017.5679388,0.5222373913873518,0.075846211169247,0.0013160551678112736,False,False,True,True,True
1788618017.6607485,0.45854232854230975,0.7577762843361638,0.0010220115668726263,False,False,True,True,True
1788618017.7685928,0.5778546304377146,1.1955109436601674,0.0013259865117006082,False,False,True,True,True
1788618017.8780224,0.4084346648664448,1.5261554446360674,0.0009872611117180622,False,False,True,True,True
1788618017.971044,1.5749694061593673,12.576517129599026,0.004998689423371215,False,False,True,True,True
1788618018.0632713,0.22949334258192958,14.545807627359265,0.003985882053160308,False,False,True,True,True
1788618018.1649487,0.4957753180239688,2.5941653253669474,0.0006680315085760276,False,False,True,True,True
1788618018.2853673,0.5781122990145227,0.6971438690588743,0.0019360113843764114,False,False,True,True,True
1788618018.3782244,0.6441330018270705,0.6704301644156261,0.001551008563552804,False,False,True,True,True
1788618018.4714093,1.9702413221502575,14.063621062734898,0.008553895743576937,False,False,True,True,True
1788618018.5772736,2.105007925868492,1.7103724610641886,0.008594110809791979,False,False,True,True,True
1788618018.6776748,0.8295696002916547,12.84514989101261,0.008537006377916113,False,False,True,True,True
1788618018.772726,0.30181959424895083,5.484447261556344,0.0011708326087089033,False,True,True,True,True
1788618018.871076,0.4380771374658324,1.3785301346234782,0.000587825920310977,False,False,True,True,True
1788618018.9829648,0.47800584308534105,0.40589863991006614,0.0008141892331067567,False,False,True,True,True
1788618019.0696707,0.6098531088024769,1.5403722425661024,0.0013961658908682466,False,False,True,True,True
1788618019.169863,2.621552218150878,20.037104089631693,0.01182831495577184,False,False,True,True,True
1788618019.2652106,1.719617438315099,9.609876555784016,0.010754047418716085,False,False,True,True,True
1788618019.3780808,0.9615252857449718,6.828951724661931,0.01088158228427657,False,False,True,True,True
1788618019.4783475,0.8161289432406036,1.432318141082198,0.004150785714195253,False,False,True,True,True
1788618019.576022,1.4348800235623598,6.357704813476987,0.004376078018092682,False,False,True,True,True
1788618019.6779983,1.0023772414482748,4.183033520090457,0.0034810019391534647,False,False,True,True,True
1788618019.7874463,0.48729775724799057,4.520583739002007,0.0016965026116675212,False,False,True,True,True
1788618019.8838525,1.0252332972207554,5.547966808561453,0.002828142637481824,False,False,True,True,True
1788618019.974518,1.8722684609114575,9.336605276601857,0.009551309808246576,False,False,True,True,True
1788618020.066605,1.179289278390559,7.524353617238045,0.006090660057792113,False,True,True,True,True
1788618020.179105,0.3369339255077404,7.527615829195323,0.003152602943925184,False,False,True,True,True
1788618020.272559,1.0124920900318006,7.215040070257297,0.002072397146097195,False,False,True,True,True
1788618020.3710938,1.04269610540631,0.3331322237900907,0.0037961866437529767,False,False,True,True,True
1788618020.4630792,1.4857135251820646,4.824645498890494,0.008267094372550974,False,False,True,True,True
1788618020.5742958,1.33513510889141,1.866753428972756,0.006201757690663267,False,False,True,True,True
1788618020.6723745,0.5934214458642115,7.731812317754161,0.0046398035217712,False,False,True,True,True
1788618020.769719,0.6177400886031698,0.2330110717653099,0.0012759240794232964,False,False,True,True,True
1788618020.8786657,0.5533305815110869,0.511962161455053,0.0012038374182620263,False,False,True,True,True
1788618020.9814522,0.6037708095831182,0.49194980657071163,0.0013952635904109893,False,False,True,True,True
1788618021.072856,1.3345079230394752,7.983513466794365,0.0045134819895258655,False,False,True,True,True
1788618021.1701908,0.9711801074152947,3.494562515873108,0.002720409642423307,False,False,True,True,True
1788618021.2811174,1.6090457149933086,5.91160077575536,0.007311700442572673,False,False,True,True,True
1788618021.3794188,0.46470070769335015,11.603788232360625,0.005904138409134261,False,False,True,True,True
1788618021.4653254,1.7473463851264717,14.905173820432598,0.005854500891859785,False,False,True,True,True
1788618021.5645137,0.5311905516784712,12.33423593142966,0.004656607845955209,False,False,True,True,True
1788618021.67788,0.6498758578300257,1.0353300199189388,0.0020505482889218714,False,False,True,True,True
1788618021.7776659,0.6210261267291977,0.2761281741616815,0.002170324322154178,False,False,True,True,True
1788618021.8704906,0.7719647190601798,1.6192629179128737,0.0014595492580757184,False,False,True,True,True
1788618021.9681509,2.2399909965402562,15.045527766851036,0.010300784327954032,False,True,True,True,True
1788618022.070905,1.9299221290842308,2.995503392600924,0.008853205111135682,False,False,True,True,True
1788618022.1702027,1.2806426041733727,6.527099000213938,0.01498014008966541,False,False,True,True,True
1788618022.2676125,0.738697566874251,5.6462262752793215,0.0029395891872223993,False,False,True,True,True
1788618022.3689647,1.2608573318494163,5.194847999499173,0.002838102649620499,False,False,True,True,True
1788618022.4761171,1.3361115214340458,0.6361977094793373,0.003987079959969542,False,False,True,True,True
1788618022.5827007,0.63108362082287,6.723082015789824,0.0033044858834486426,False,False,True,True,True
1788618022.6779428,1.143471547680284,5.301193592304842,0.00207172304746392,False,False,True,True,True
1788618022.7726274,1.1339126896896259,0.03245246422498013,0.004318152502266429,False,False,True,True,True
1788618022.8812509,0.5698945956649804,5.138205400058678,0.0020796620153947197,False,False,True,True,True
1788618022.9739175,0.45978751683298186,1.1206367829849178,0.0014111334753460119,False,False,True,True,True
1788618023.070392,0.36169821666295393,0.9460252124417231,0.0006733094947079745,False,False,True,True,True
1788618023.178563,0.3383639192410168,0.17862291347508552,0.0004982270571098774,False,False,True,True,True
1788618023.2749808,1.5808621021452467,12.891475240647223,0.004700001540073488,False,False,True,True,True
1788618023.3695662,1.2437144378445428,3.6714057611336544,0.004275791994122212,False,False,True,True,True
1788618023.466453,3.0841379234523814,18.945464317897063,0.013987221128251202,False,False,True,True,True
1788618023.5762732,2.5860181881031825,5.1257438365851336,0.018561621662764514,False,False,True,True,True
1788618023.6755407,0.7954697199318697,18.888977175628227,0.01892375748060622,False,False,True,True,True
1788618023.7734509,2.4378007129750823,16.673953266038193,0.012959490134069917,False,False,True,True,True
1788618023.8643436,2.822317267944813,4.168274464781586,0.01218260774969215,False,False,True,True,True
1788618023.981963,1.0308232102260146,14.988890823189106,0.020438347534940244,False,False,True,True,True
1788618024.079295,1.3468454882751448,3.2845065631712695,0.008670100194046931,False,False,True,True,True
1788618024.1767836,3.2879868963870957,19.961575213719307,0.015283324235636251,False,False,True,True,True
1788618024.2712607,0.5678029657938727,27.982362716240857,0.018822805587383563,False,False,True,True,True
1788618024.3838065,1.2996731352308024,6.566235299829686,0.004920462481206461,False,False,True,True,True
1788618024.4800107,0.5287042938230492,7.891392259038651,0.003557410543684838,False,False,True,True,True
1788618024.5723789,2.1357381931987383,17.323751847075734,0.009317991348483304,False,False,True,True,True
1788618024.6725848,0.5105387234949562,16.595372163768523,0.00937920340322118,False,False,True,True,True
1788618024.7776906,0.3231102479328915,1.8814234082046817,0.0010243533822691104,False,False,True,True,True
1788618024.8808682,0.9788990057127341,6.349482534151452,0.0021218418974742045,False,False,True,True,True
1788618024.9706194,1.155886918137396,2.20934688074827,0.0028042122731009515,False,False,True,True,True
1788618025.064466,0.8882313280288123,2.4493399029721714,0.003589168614350568,False,False,True,True,True
1788618025.178782,0.5909663339651966,2.485575338953854,0.0029130422583083467,False,False,True,True,True
1788618025.273237,0.5268828038451366,0.5995713342285907,0.0017364103429505836,False,False,True,True,True
1788618025.3711193,0.6528331641059049,1.2755209837742012,0.0013264266540717563,False,False,True,True,True
1788618025.4831734,3.296493146448497,23.499860066788475,0.026387921534591657,False,False,True,True,True
1788618025.5794933,1.240858239590956,21.93998056142619,0.03828445380949269,False,False,True,True,True
1788618025.6766646,0.7117885647730441,5.6256519520318164,0.002740247642870501,False,False,True,True,True
1788618025.7708037,2.4349559652253134,18.07009708595832,0.014016411889441235,False,False,True,True,True
1788618025.8856575,0.730490940654053,14.61539468634011,0.009292707780335073,False,False,True,True,True
1788618025.9762502,4.4268971520476725,41.00818846537026,0.02969511905951536,False,False,True,True,True
1788618026.0782661,0.941718733851064,32.66950660856229,0.027033969465311666,False,False,True,True,True
1788618026.1644545,0.7751484749539342,1.91781508222612,0.0037744672009975113,False,False,True,True,True
1788618026.2856414,1.5205337818686175,6.126027184192415,0.006697955752387367,False,False,True,True,True
1788618026.382702,1.3511291689109217,2.2951454322050435,0.0074816282976347456,False,False,True,True,True
1788618026.4749684,0.6425953948319554,7.97132499184381,0.0043705469901094965,False,False,True,True,True
1788618026.5732982,1.8966240775267356,12.709989954230961,0.007560774960360994,False,False,True,True,True
1788618026.6854467,2.5484042452785305,5.841209616462166,0.013495188053286235,False,False,True,True,True
1788618026.779256,2.7771351855923383,2.5304806472208883,0.014849584589783903,False,False,True,True,True
1788618026.875805,1.4899376525299628,12.199625694099975,0.021816172770571914,False,False,True,True,True
1788618026.969577,0.5552655181632122,9.88273165688227,0.003557759463393975,False,False,True,True,True
1788618027.0831954,0.15993972465786893,3.465623848358815,0.0007037059534316207,False,False,True,True,True
1788618027.180713,0.5897161748065537,4.3868549882217,0.0006437371561319372,False,False,True,True,True
1788618027.2766554,0.7400823388511929,1.5299647486457317,0.0019096764686014423,False,False,True,True,True
1788618027.369394,0.27247865315907505,5.070948432693538,0.000841476895982149,False,False,True,True,True
1788618027.48215,0.21048111474275405,0.5583844924582101,0.0002087833983554389,False,False,True,True,True
1788618027.582715,0.8509936621802883,6.34557581575267,0.0013015338565297541,False,False,True,True,True
1788618027.6773467,0.9297553699675298,0.8094197905886764,0.0015809370421600844,False,False,True,True,True
1788618027.7888381,1.1639324442289836,1.999585289014521,0.0031792257882681135,False,False,True,True,True
1788618027.881317,3.1058994337217984,21.009815772539884,0.023686142736829587,False,False,True,True,True
1788618027.98202,5.40468089213838,23.22839258304578,0.04475679884171189,False,False,True,True,True
1788618028.0813992,1.4346554361165456,38.52346401483717,0.0485883375510813,False,False,True,True,True
1788618028.1945088,0.6550282552946484,6.804084557735977,0.007017882641730288,False,False,True,True,True
1788618028.298559,1.279366004632039,6.00630561519175,0.0035093773554427713,False,False,True,True,True
1788618028.3988078,2.7966230281061364,15.016043777970356,0.013117906939299427,False,False,True,True,True
1788618028.4892995,0.8417080542630835,21.09246969063438,0.015219143825770736,False,False,True,True,True
1788618028.5924852,0.9528171881524923,1.0457248490964652,0.0021697487393027774,False,False,True,True,True
1788618028.6884432,0.7636437017165151,2.1184087787479293,0.0034884492512485188,False,False,True,True,True
1788618028.7838395,1.0799428546465364,3.329153987977382,0.0022347744585111294,False,False,True,True,True
1788618028.8759124,1.9608465070732983,9.613984789166986,0.005444223992265982,False,False,True,True,True
1788618028.9992802,1.2816875147990616,5.814109683845965,0.00655732438869306,False,False,True,True,True
1788618029.0841696,2.07901484629501,9.207086559962988,0.016496483488621337,False,False,True,True,True
1788618029.1811411,3.2270762666133472,11.507561485018753,0.014553105702820195,False,False,True,True,True
1788618029.2863004,0.5041175664477264,25.708915940592444,0.01708672558514994,False,False,True,True,True
1788618029.3944223,1.098317484406727,5.5968424238812196,0.003665171349407505,False,False,True,True,True
1788618029.4981925,0.6129818041967268,4.418043500673376,0.002898122696261229,False,False,True,True,True
1788618029.590572,0.40136776495563714,2.1928772616405037,0.0013344121685513787,False,False,True,True,True
1788618029.6845238,0.5531233388310125,1.592534642287261,0.0009113827917208254,False,False,True,True,True
1788618029.7922492,0.6859101842885595,1.0622648403186274,0.0019514086179875617,False,False,True,True,True
1788618029.888115,1.4205801544785117,7.60062311498755,0.0044769164728984045,False,False,True,True,True
1788618029.9777148,0.207152447758187,13.6087655510415,0.003351419917133456,False,False,True,True,True
1788618030.1026945,1.471367441687275,10.119420102157468,0.007307376002354378,False,False,True,True,True
1788618030.1915963,1.5926248903946532,1.1007521880373605,0.005942794725285275,False,False,True,True,True
1788618030.2880752,0.3874058609833618,12.702800892207222,0.004491751753316424,False,False,True,True,True
1788618030.3816404,0.9336857112979775,5.881709850635286,0.0018655148803996355,False,False,True,True,True
1788618030.4987295,0.6899291070695974,1.9835441432099277,0.002661751096903977,False,False,True,True,True
1788618030.6040099,0.7925403343885119,1.1627529111100139,0.0027943036758509335,False,False,True,True,True
1788618030.6962113,1.915317108384407,12.179120914434348,0.009283393115690113,False,False,True,True,True
1788618030.7857027,1.5694889742753726,3.8323094941245013,0.006211437651083752,False,False,True,True,True
1788618030.9045959,1.0308644188810725,4.547698765845567,0.004749091037182879,False,False,True,True,True
1788618030.9931858,2.736219853531921,18.950847383573347,0.012018845439899558,False,False,True,True,True
1788618031.0951447,0.6302499843275627,21.41553653952101,0.011999670471580832,False,False,True,True,True
1788618031.1848948,2.065155583805909,15.945821331607306,0.008190356665005635,False,False,True,True,True
1788618031.2905335,2.576370906601384,5.000814625815019,0.011127638405764915,False,False,True,True,True
1788618031.384556,1.188200407052458,14.893452401096788,0.011724259166597155,False,False,True,True,True
1788618031.4836745,1.0139721607503205,1.6949958371973335,0.005526761092675242,False,False,True,True,True
1788618031.5805066,1.2594415119316411,2.8462139397136608,0.006576215981504841,False,False,True,True,True
1788618031.6930914,1.5147032393682327,2.4460060061446267,0.006319605569753786,False,False,True,True,True
1788618031.7877305,1.1918143009969744,3.3730006144086304,0.004811810031232453,False,False,True,True,True
1788618031.8914554,0.2876329857979475,8.587683703656905,0.002689497973505619,False,False,True,True,True
1788618031.974106,0.631363470495878,4.1249811685783415,0.0009371249932256502,False,False,True,True,True
1788618032.0918114,1.1000327562696242,3.8774031011445858,0.0043255849740247545,False,False,True,True,True
1788618032.1854298,0.8965329170985933,2.0537838102216015,0.002851912552542138,False,False,True,True,True
1788618032.278531,1.7577561191187683,9.296859681352561,0.009266169577694766,False,False,True,True,True
1788618032.3910518,1.2767750299489775,4.092895146276898,0.005307127371886397,False,False,True,True,True
1788618032.4944303,0.6778231831016086,5.9968253616653735,0.005193951406513754,False,False,True,True,True
1788618032.59348,0.2512594694622794,4.364000970714075,0.0012140997478343844,False,False,True,True,True
1788618032.685284,1.0139161039889188,8.296185627572818,0.002003313699277273,False,False,True,True,True
1788618032.7955174,0.5459281895858107,4.04346113874695,0.0032071816732334646,False,False,True,True,True
1788618032.8936057,0.6472594143282473,1.0641552230369846,0.0011756183726580969,False,False,True,True,True
1788618032.9844928,1.0175268862320535,4.053511704915061,0.003648226486330102,False,False,True,True,True
1788618033.0791967,1.3053182645838879,3.094413348798603,0.007075547850332069,False,False,True,True,True
1788618033.193998,0.29347696645706584,8.761757324653576,0.0028897651672744706,False,False,True,True,True
1788618033.288404,1.8827965169341758,16.836727189929146,0.007387408506318118,False,False,True,True,True
1788618033.3879418,0.4590660843580414,14.47242038410637,0.0077629625946986245,False,False,True,True,True
1788618033.4878514,0.4949480619996651,0.27373297376275146,0.0010691833803040248,False,False,True,True,True
1788618033.599959,0.48589566304674614,0.09473202506588663,0.0010435645263511255,False,False,True,True,True
1788618033.6934972,0.2740610102555545,2.2684087169707885,0.0005726128902167909,False,False,True,True,True
1788618033.795135,2.691102302331115,23.80496580198388,0.015295603607964614,False,False,True,True,True
1788618033.8905091,1.481707890880191,12.973308327697257,0.011620646260304688,False,False,True,True,True
1788618034.0014837,0.8419817272373784,5.769867272670527,0.0036443756480208133,False,False,True,True,True
1788618034.0949452,1.0882473148461718,2.615229441130805,0.0021742766007377206,False,False,True,True,True
1788618034.1888087,1.420870445112578,3.386649109519351,0.007491734447559215,False,False,True,True,True
1788618034.2898955,0.9461427305716703,4.680137822670877,0.003014432457248913,False,False,True,True,True
1788618034.398761,0.5969732241319793,3.0301451545547686,0.00284105957397922,False,False,True,True,True
1788618034.4931083,0.8380162795481017,2.6404364807640746,0.0026276545994142046,False,False,True,True,True
1788618034.591032,0.6721742265317157,1.6327393715588376,0.0031050099439733875,False,False,True,True,True
1788618034.7036536,0.7028825620852027,0.26989876515774824,0.003152211345284142,False,False,True,True,True
1788618034.7944286,3.1898136936782433,27.249788987679324,0.014641974914307238,False,False,True,True,True
1788618034.8931007,1.0384099087137664,22.012412692240538,0.013431227812936057,False,False,True,True,True
1788618034.9934697,0.7816250738121591,2.587772574362863,0.0028400083215043004,False,False,True,True,True
1788618035.0951893,2.5344705623329005,17.250658620505124,0.012296283271542066,False,False,True,True,True
1788618035.1975083,0.6082803112853843,18.911611639656762,0.01222734204446494,False,False,True,True,True
1788618035.295314,3.337063638307301,27.74828176783702,0.0229707014519175,False,False,True,True,True
1788618035.3916209,0.2591084123722142,31.902446536799843,0.02089593103425131,False,False,True,True,True
1788618035.4985628,0.6240948465615268,3.4506813075166467,0.0009821210532314569,False,False,True,True,True
1788618035.59669,0.745101923374395,1.2634784650429551,0.002164599307101803,False,False,True,True,True
1788618035.6893861,0.9890336665479417,2.6574309126053937,0.002282830708835666,False,False,True,True,True
1788618035.7856848,0.8184420759550856,1.7758073699435473,0.0021361227024115203,False,False,True,True,True
1788618035.9005642,0.6064153270829611,1.8412885705359812,0.002826174324284803,False,False,True,True,True
1788618035.9961221,0.6680238694585863,0.6454688901691896,0.0017003015967351183,False,False,True,True,True
1788618036.0913546,1.1814089718493521,5.245797480414659,0.0020283606356111066,False,False,True,True,True
1788618036.1889167,1.3424636365939797,1.6165611173453878,0.003234464534092838,False,False,True,True,True
1788618036.2990854,2.8118481989449853,13.19496872109492,0.01427609145054611,False,False,True,True,True
1788618036.393731,4.386096467393345,16.508432620578755,0.026883973128701368,False,False,True,True,True
1788618036.4919264,2.072127716463449,22.968970606639157,0.025231827164401772,False,False,True,True,True
1788618036.5865777,0.7290824047306022,13.668682496810126,0.01023332551708079,False,False,True,True,True
1788618036.698519,1.504774937920249,7.0778612982051206,0.005858941484385266,False,False,True,True,True
1788618036.7954135,0.25457800453094637,12.959716326947097,0.0054483089696663834,False,False,True,True,True
1788618036.8957067,0.6106514071921925,3.5463756270489903,0.0008743990258901912,False,False,True,True,True
1788618037.0010066,0.5095701217066313,0.9370243605322192,0.0016392704347538856,False,False,True,True,True
1788618037.0948858,1.3648219822971042,9.095078571661858,0.0026609496962040663,False,False,True,True,True
1788618037.1999257,0.48614156834374145,8.3624484622588,0.0033985143947171,False,False,True,True,True
1788618037.2895174,0.7651833820807116,3.039967883493073,0.0018357969617930007,False,False,True,True,True
1788618037.4018543,1.444721117657382,5.925118058580723,0.006628112588625134,False,False,True,True,True
1788618037.5009682,2.974353443162969,15.230451741289324,0.014259508273245224,False,False,True,True,True
1788618037.5936263,2.9190861098522225,0.045535008556959695,0.01606065678381366,False,False,True,True,True
1788618037.692169,1.3690605607696626,16.093408339645247,0.014465263626282227,False,False,True,True,True
1788618037.8019812,1.0200098131209963,3.1859352345489396,0.004388410891269849,False,False,True,True,True
1788618037.9001224,2.320681402697416,13.382501330894021,0.007810860752575099,False,False,True,True,True
1788618037.994685,0.31951663921094275,21.137665211824686,0.009122959984281318,False,False,True,True,True
1788618038.0922601,0.7942201939908253,4.887400223090733,0.0017932908061506618,False,False,True,True,True
1788618038.2126088,0.5220025550982097,2.254709719834798,0.001224457036854016,False,False,True,True,True
1788618038.3011153,1.4244480204672287,10.083474513864669,0.0025310005997419963,False,False,True,True,True
1788618038.3997457,1.4572353241187916,0.24641468087302562,0.0038552300286402116,False,False,True,True,True
1788618038.4914703,0.9515646131832044,5.397575968868109,0.00750634210799272,False,False,True,True,True
1788618038.6043508,1.307495638495515,3.237290692173224,0.007735603169599068,False,False,True,True,True
1788618038.7008898,2.0263353880030777,7.5217313993796155,0.006631090660463826,False,False,True,True,True
1788618038.797187,2.017995789979164,0.3643039879465153,0.009722295545120049,False,False,True,True,True
1788618038.8912396,0.3972038837689053,17.2093861563685,0.00672489083267003,False,False,True,True,True
1788618039.0027716,1.9336023476460622,13.750885549719772,0.010838134719937031,False,False,True,True,True
1788618039.0996022,0.9770206273001358,9.885926585869019,0.014465667509707033,False,False,True,True,True
1788618039.1954508,1.6815693324138725,7.351692231166734,0.004144954733220322,False,False,True,True,True
1788618039.3094325,0.1861539805233025,13.106191066012652,0.005129151716056831,False,False,True,True,True
1788618039.4036522,0.8708625765407761,7.295240942951446,0.0011704389535710776,False,False,True,True,True
1788618039.504801,0.32873881084719797,5.325327735615988,0.0014624989407516944,False,False,True,True,True
1788618039.596595,1.7752309477574333,15.744905672620801,0.006187083425741543,False,False,True,True,True
1788618039.7098508,0.3674942957951818,12.535605361789388,0.004957192671445867,False,False,True,True,True
1788618039.7992017,0.592621521868794,2.507568741902471,0.0009391220829001792,False,False,True,True,True
1788618039.898973,1.002708582505089,4.058572379928299,0.0015515088551000754,False,False,True,True,True
1788618040.0007622,0.8139141774625852,1.9144050187780106,0.0045878721286224675,False,False,True,True,True
1788618040.1059403,0.7396347179543769,0.7320929194545884,0.0036623197704796287,False,False,True,True,True
1788618040.2063239,1.2688471984144951,5.090394997157812,0.0060415165687860446,False,False,True,True,True
1788618040.2974358,3.587307089574412,25.475040575112146,0.016432891436097448,False,False,True,True,True
1788618040.3968527,0.6933465302900392,28.225731503185713,0.021629312195392207,False,False,True,True,True
1788618040.5083325,0.5516155989382453,1.2769079462265607,0.0015561996955185612,False,False,True,True,True
1788618040.6017418,1.4453359190979762,9.573196394288859,0.0033069198725198296,False,False,True,True,True
1788618040.6999183,0.47808754661926706,10.049126049568544,0.0033352628652979187,False,False,True,True,True
1788618040.7929926,2.170865036959988,18.07226353697064,0.009723795539851955,False,False,True,True,True
1788618040.905687,0.776464233233985,12.246131810755749,0.006453699471144527,False,False,True,True,True
1788618041.0044649,2.4510940373338714,17.09551956668495,0.016822570526172493,False,False,True,True,True
1788618041.0986981,1.2444360150083436,11.875813271785352,0.015414705914984058,False,False,True,True,True
1788618041.1986256,0.6524669016013637,5.9634906093804005,0.004122515489745333,False,False,True,True,True
1788618041.3068738,2.421294613851514,16.177564013399294,0.01541466720738832,False,False,True,True,True
1788618041.4031992,2.5720171914356533,1.1075117645342125,0.014678153648552624,False,False,True,True,True
1788618041.502503,5.697479079631357,31.325188059777012,0.04868363172825619,False,False,True,True,True
1788618041.6167257,2.4225071826162416,27.83684727678206,0.05042820950612816,False,False,True,True,True
1788618041.7108793,1.021665373005833,14.910444788289787,0.01758765897051393,False,False,True,True,True
1788618041.8130965,0.7186900176315328,2.876229129054471,0.003607000658278486,False,False,True,True,True
1788618041.9094436,2.1364095171488353,14.70081252989659,0.00764928181243609,False,False,True,True,True
1788618042.0152042,3.1840475365319136,9.756256976743344,0.018246865000181377,False,False,True,True,True
1788618042.104328,0.9415116993951691,25.37331442641769,0.01916445703120845,False,False,True,True,True
1788618042.200094,1.1706836315262876,2.36402876675489,0.0023612906676562175,False,False,True,True,True
1788618042.2994397,2.4104008571079527,12.649051566997857,0.00865299984195601,False,False,True,True,True
1788618042.4148383,1.8452747496003117,4.423233032522757,0.011624770447255666,False,False,True,True,True
1788618042.5242317,1.2404409582317504,5.606477633545523,0.007716341460456814,False,False,True,True,True
1788618042.6143482,0.37848214992351115,9.73640037548374,0.004037165912476265,False,False,True,True,True
1788618042.710343,1.683202052981227,13.600940138095211,0.005462028356322912,False,False,True,True,True
1788618042.8207,0.6116239203820456,9.55176962849438,0.005240229383940117,False,False,True,True,True
1788618042.9291964,0.7339010975442027,1.2149641768345865,0.0019895086394577884,False,False,True,True,True
1788618043.0192564,0.22041625972965254,5.655765870277895,0.0013170585641065233,False,False,True,True,True
1788618043.1152186,1.3642738101665135,11.917329555369903,0.004016902503670695,False,False,True,True,True
1788618043.22024,0.5093322474722235,8.191678333900553,0.0028157468259435176,False,False,True,True,True
1788618043.3149235,0.7352203477290505,2.393411601104411,0.002212561788596484,False,False,True,True,True
1788618043.411114,0.8188086426648571,0.866269166461808,0.0021143687346589384,False,False,True,True,True
1788618043.505975,1.7214311142751377,9.241248614676254,0.006038901213357451,False,False,True,True,True
1788618043.6240575,1.0087609581149166,6.315825297934666,0.0112105289891636,False,False,True,True,True
1788618043.7101665,0.40826122550532773,7.138498366583202,0.0027665118192427827,False,False,True,True,True
1788618043.807157,0.6051324123391492,1.9977132261976185,0.001137188948493588,False,False,True,True,True
1788618043.9271622,1.5913750121267884,8.216059747246506,0.00846109957931288,False,False,True,True,True
1788618044.0119677,1.4763650441157952,0.9832364553917515,0.00671553297694695,False,False,True,True,True
1788618044.111413,2.08308027241371,6.352635018081444,0.007289886640230875,False,False,True,True,True
1788618044.2072937,2.1910392843542517,1.1284905505057614,0.009078680980029537,False,False,True,True,True
1788618044.320224,0.9247118754633402,11.570205771061246,0.013946154977714719,False,False,True,True,True
1788618044.4153829,2.3485326980651897,14.86309063519098,0.009157120181484391,False,False,True,True,True
1788618044.5113044,0.9065881734007815,14.941961446511925,0.01339157084848767,False,False,True,True,True
1788618044.6107507,2.3415338319397643,14.52226546672515,0.00891059854429984,False,False,True,True,True
1788618044.716911,1.0654714741814368,11.081808415473596,0.013805408594288707,False,False,True,True,True
1788618044.816017,1.2352372482118892,1.6912645702237643,0.004124972556347642,False,False,True,True,True
1788618044.909769,1.4101391963929089,1.414889120404789,0.005004151756081472,False,False,True,True,True
1788618045.0097234,1.1612115784913264,2.7354952830174204,0.008632176229046025,False,False,True,True,True
1788618045.1192074,1.5778321765439474,3.525414459129664,0.004906160350908017,False,False,True,True,True
1788618045.2166421,0.9443252815939188,6.541975222500802,0.005212376918879713,False,False,True,True,True
1788618045.3078046,2.00208280428278,11.736737434089262,0.0065622788980113905,False,False,True,True,True
1788618045.4091465,0.5699866052193872,13.826179333042166,0.005514764230448335,False,False,True,True,True
1788618045.5182188,1.371137164287488,7.55461104559123,0.004474259341602938,False,False,True,True,True
1788618045.6151936,2.463546460782084,11.439093099776075,0.00996452595565189,False,False,True,True,True
1788618045.7085211,0.47825124734416924,21.32617549642896,0.010118062520671914,False,False,True,True,True
1788618045.8151603,1.3161632139356003,7.776968619721136,0.00508344497328696,False,False,True,True,True
1788618045.921731,0.565253345590461,7.42717494555852,0.004680538072914436,False,False,True,True,True
1788618046.012602,1.237928453228109,7.398792704352821,0.003205228948922229,False,False,True,True,True
1788618046.1132853,2.657075704436131,14.01307740800282,0.011946708835626353,False,False,True,True,True
1788618046.2202895,1.465068764225387,11.335730640139866,0.011996702434066838,False,False,True,True,True
1788618046.3290539,2.584481186554486,10.601766099266326,0.023727097290323098,False,False,True,True,True
1788618046.4240997,0.6828808476422862,19.999603107291914,0.01494220243252172,False,False,True,True,True
1788618046.5090795,2.382473109778987,20.21482873619149,0.007214892943912782,False,False,True,True,True
1788618046.6164284,0.6888586036405505,15.749117325725155,0.00823748937339865,False,False,True,True,True
1788618046.7182353,1.1221831753454916,4.180748741517178,0.0036115422189065003,False,False,True,True,True
1788618046.8118942,0.4334393579145784,7.351143707488195,0.0035855012238760063,False,False,True,True,True
1788618046.9110389,0.8306506254194764,3.98254358346076,0.0019620326304515077,False,False,True,True,True
1788618047.0209494,0.7426933243808509,0.9835918545630525,0.0024430500745549104,False,False,True,True,True
1788618047.116732,2.4558579922744044,17.883297934322705,0.011622568525829557,False,False,True,True,True
1788618047.2154245,1.1936030702735274,12.619205328160199,0.00863176466144593,False,False,True,True,True
1788618047.3094995,1.2408392206517835,0.7527914623238776,0.004684605874826384,False,False,True,True,True
1788618047.4159744,0.9016279849287127,2.998975963295186,0.004223228464678793,False,False,True,True,True
1788618047.5164766,0.47453377371317057,4.32610411905085,0.001707909133688446,False,False,True,True,True
1788618047.6128337,0.23696890701256898,2.476125982953735,0.0004907994032941124,False,False,True,True,True
1788618047.7072566,1.3619777764065475,11.856611661280676,0.0034076583999658465,False,False,True,True,True
1788618047.8210733,1.0097631056428105,3.349149844460761,0.003944234722960165,False,False,True,True,True
1788618047.9154325,0.2122451847023329,8.451358273816336,0.002382133215848143,False,False,True,True,True
1788618048.0147464,0.28657622730743665,0.7604957273747368,0.00023964876534546338,False,False,True,True,True
1788618048.1050694,0.2793608536352268,0.06377238077021345,0.00029327879254255774,False,False,True,True,True
1788618048.2205846,0.7635749986294125,4.162387744389573,0.0018309609068922796,False,False,True,True,True
1788618048.312247,2.4772125633677535,18.809221584627632,0.007978146542180245,False,False,True,True,True
1788618048.4069676,0.5339109363907407,20.12951359287204,0.008884158706331394,False,False,True,True,True
1788618048.526002,0.8778378761730306,2.9413988180809434,0.0025369672108698626,False,False,True,True,True
1788618048.6176994,3.532550594652158,29.068315671214965,0.021446227747061442,False,False,True,True,True
1788618048.7186706,2.3521795929500326,11.700298946414955,0.018431815446534258,False,False,True,True,True
1788618048.8124979,0.16689057626885373,23.334529777955545,0.011289337300991764,False,False,True,True,True
1788618048.9241962,1.1499711094706313,8.78340944457667,0.003405705897425904,False,False,True,True,True
1788618049.0230618,0.37459828998501354,7.884305597352307,0.0031215298498706726,False,False,True,True,True
1788618049.115643,0.47919428636085065,1.1358106266456,0.0007300943611502709,False,False,True,True,True
1788618049.224303,0.535945676699723,0.5707159755749456,0.0008450640831914612,False,False,True,True,True
1788618049.3193808,0.35647684092664833,1.8132471603264964,0.001018732845905372,False,False,True,True,True
1788618049.4225194,0.21567109641798587,1.3590813698463466,0.0004066598082218642,False,False,True,True,True
1788618049.515528,1.1281462639323152,9.811349667091221,0.002501667401778868,False,False,True,True,True
1788618049.6125655,0.4932711038927903,6.893741311504049,0.0027123514940917237,False,False,True,True,True
1788618049.7206402,0.12617083551629557,3.419649988711572,0.0005071119650749369,False,False,True,True,True
1788618049.8196297,1.6981131264510525,15.893459066027606,0.005901196386391115,False,False,True,True,True
1788618049.9165668,0.7712677154649908,9.544930232951577,0.004771430287660909,False,False,True,True,True
1788618050.0138276,1.3073464897020806,5.507725588616334,0.005464526550056736,False,False,True,True,True
1788618050.1241565,2.5794199364624744,11.236688618395116,0.013229312197857055,False,False,True,True,True
1788618050.2199428,3.0024456299434847,4.47283014094282,0.016264101064992667,False,False,True,True,True
1788618050.3169985,2.93883863893011,0.5183922978276895,0.02062924884429202,False,False,True,True,True
1788618050.4271479,0.6520895077358942,19.98670317216572,0.015190638352916699,False,False,True,True,True
1788618050.522107,0.6158512310151821,0.3015859691204948,0.0023700919950127687,False,False,True,True,True
1788618050.6176822,1.0715244390689889,4.798870372012107,0.003106910849910562,False,False,True,True,True
1788618050.7087538,2.1984303643561693,12.067015165916375,0.006512539385175235,False,False,True,True,True
1788618050.8306756,1.234456555594992,7.888961214882022,0.017961852200328036,False,False,True,True,True
1788618050.9270194,0.3834813376008862,8.854727481216802,0.003862306754408289,False,False,True,True,True
1788618051.022048,0.3881536708610919,0.08305769682465854,0.0006215989302997539,False,False,True,True,True
1788618051.1171446,0.49344779884730694,1.065414090415675,0.00038137650814274,False,False,True,True,True
1788618051.2277458,0.686947053675037,1.685920871668785,0.0010938073171274031,False,False,True,True,True
1788618051.3282132,0.40769709471631954,2.9201934186270564,0.001777045911499649,False,False,True,True,True
1788618051.4225185,2.655119466014098,23.813318149911968,0.012427446491309021,False,False,True,True,True
1788618051.511952,3.9702056090378353,14.748467890151826,0.019094447736377827,False,False,True,True,True
1788618051.6269226,2.577621302069424,12.30353963868468,0.02092674678021437,False,False,True,True,True
1788618051.7228632,0.44140575375084934,22.1018107741853,0.016691655523327863,False,False,True,True,True
1788618051.8183732,1.206767674588293,8.06689613223603,0.0024206480152472996,False,False,True,True,True
1788618051.9179034,0.4199359152323755,7.800120526248066,0.002953766208390731,False,False,True,True,True
1788618052.02506,1.3963239964628513,9.126511023338264,0.004948697327957874,False,False,True,True,True
1788618052.1200676,2.5723890073719153,12.290471834921638,0.009313483606695235,False,False,True,True,True
1788618052.2207122,0.9708694685724519,16.202011822223845,0.009382355575721977,False,False,True,True,True
1788618052.3189187,1.4616162184564587,5.06629163757402,0.008055606710402351,False,False,True,True,True
1788618052.428352,0.9990472424301753,3.8820396759062565,0.007775022566706528,False,False,True,True,True
1788618052.5239034,1.2171255923168471,2.2883709615553984,0.0036493693563490583,False,False,True,True,True
1788618052.6216493,0.14456152041176062,10.986101126238932,0.002846057098120766,False,False,True,True,True
1788618052.7315626,0.6155843765574991,4.294992507499552,0.001094204173897691,False,False,True,True,True
1788618052.826985,1.0642811938600414,4.703172701680159,0.0035695176838614067,False,False,True,True,True
1788618052.9257097,0.8340169864558359,2.5841503040556653,0.0028185729527278056,False,False,True,True,True
1788618053.0221398,1.5669918190243473,7.57785607059758,0.006640078737674787,False,False,True,True,True
1788618053.1302187,0.578836040294432,8.9406481095963,0.003966589152627062,False,False,True,True,True
1788618053.2303662,0.47743232894040877,0.9852549125256092,0.0009731930426186935,False,False,True,True,True
1788618053.3225129,0.6923872925623573,2.3377735319230672,0.0014981287858180292,False,False,True,True,True
1788618053.4144907,0.9022762077861928,2.175711534827791,0.0017671608752792163,False,False,True,True,True
1788618053.5340438,2.120205289897229,10.163569963306506,0.013466099721551706,False,False,True,True,True
1788618053.6256402,0.7102623596600379,15.46234994126182,0.011329839074983679,False,False,True,True,True
1788618053.7222698,0.6359992515891755,0.863899123057967,0.001518166253251457,False,False,True,True,True
1788618053.822682,0.7359741423181347,0.8724140859240699,0.001342168780132636,False,False,True,True,True
1788618053.9316506,0.3211870698891616,3.8358316339370866,0.0009619499592464053,False,False,True,True,True
1788618054.0252128,1.2575756057168421,10.077652659184665,0.003263065399052983,False,False,True,True,True
1788618054.123294,3.630313014448676,24.432963566635493,0.022600862061122023,False,False,True,True,True
1788618054.2210567,0.5746660060929136,31.321801006066035,0.023334679082114645,False,False,True,True,True
1788618054.335428,2.460605104655433,16.467907108378032,0.017742112812542406,False,False,True,True,True
1788618054.4241853,1.00003445645556,16.40585948657674,0.019729008508773144,False,False,True,True,True
1788618054.5213404,0.6999967506589744,3.0389114494182907,0.0019083366242863943,False,False,True,True,True
1788618054.618202,1.1999244880827136,5.012270010186656,0.0038495285640063634,False,False,True,True,True
1788618054.7354395,1.4008569403451208,1.5151701855828037,0.004971035388661395,False,False,True,True,True
1788618054.829484,0.584734662276949,8.446184762195207,0.004762077544974276,False,False,True,True,True
1788618054.923967,1.5341693444594997,10.044272123330792,0.0056481669674406446,False,False,True,True,True
1788618055.0351365,0.6391126546406316,7.755330885836347,0.005302465165052875,False,False,True,True,True
1788618055.1343944,1.640130908049981,10.24974276587165,0.007059084918838004,False,False,True,True,True
1788618055.2268076,1.5192495897229323,1.3827072468999184,0.005525615738800815,False,False,True,True,True
1788618055.3288002,2.0290130490315184,4.682026435112335,0.01546883995753089,False,False,True,True,True
1788618055.4343145,0.5021950354329612,14.8227042970571,0.007737853972676438,False,False,True,True,True
1788618055.5346546,1.2040400538578864,7.1153855263725525,0.003929613141175968,False,False,True,True,True
1788618055.625536,0.5193602492082229,7.441914068598957,0.003634625811516101,False,False,True,True,True
1788618055.722755,0.40880465369014385,1.1005156041640836,0.0006558899153450807,False,False,True,True,True
1788618055.836189,0.6462145091079997,2.1117938771429987,0.001451029075195884,False,False,True,True,True
1788618055.9303017,0.7812764428951796,1.4058655871188492,0.002620983688911902,False,False,True,True,True
1788618056.0305417,0.6950244418755124,0.9716287728277614,0.0012305711222281024,False,False,True,True,True
1788618056.1207905,5.209542100861248,49.730808350780194,0.03832069811384523,False,False,True,True,True
1788618056.2352507,4.12619572076573,10.527619866329141,0.04419052841635255,False,False,True,True,True
1788618056.3319402,1.1324729169469454,30.704347754084562,0.048577979252518305,False,False,True,True,True
1788618056.4262953,0.7549047209317848,3.9612373398181533,0.003506023774345775,False,False,True,True,True
1788618056.5211403,0.27219861037786347,5.058083826247765,0.0009874322276085421,False,False,True,True,True
1788618056.6351311,3.39152949862982,27.4270767233149,0.027821017567449112,False,False,True,True,True
1788618056.7337017,0.797756471673777,26.237556129471862,0.028755069152267446,False,False,True,True,True
1788618056.830827,0.7586897584589336,0.34881919789759064,0.001994734769109686,False,False,True,True,True
1788618056.932086,0.8531580717243222,1.0588779535713562,0.0031674973116828944,False,False,True,True,True
1788618057.0495822,0.132747517506281,6.0943309932892085,0.0015413999033185351,False,False,True,True,True
1788618057.1313598,0.7640048180937654,7.714104567869286,0.0009152946208805103,False,False,True,True,True
1788618057.227928,1.4245571673299453,6.717598427359112,0.003926496279056368,False,False,True,True,True
1788618057.3458443,0.5052843197661125,7.939008944468679,0.004110811748466798,False,False,True,True,True
1788618057.440467,1.230656251664938,7.592265950920106,0.0033183245566978025,False,False,True,True,True
1788618057.5420303,0.394340862777218,8.256811462508493,0.0028993667156058914,False,False,True,True,True
1788618057.6332047,0.632805062293177,2.6660050313773556,0.0010750106385560994,False,False,True,True,True
1788618057.7395277,0.19418532197031071,4.066162833316837,0.0007448807779925895,False,False,True,True,True
1788618057.8452435,1.0329643883012654,7.96231713394059,0.002267400379464139,False,False,True,True,True
1788618057.9338205,0.4343130781758112,6.582922228683616,0.002885519492732561,False,False,True,True,True
1788618058.042685,0.5562132114284121,1.1676843820831393,0.0012912943438714566,False,False,True,True,True
1788618058.1384878,0.2260373074971835,3.419880510525681,0.0008758903954735702,False,False,True,True,True
1788618058.238445,1.4497330659078833,12.281961346246382,0.00425147257795221,False,False,True,True,True
1788618058.3341782,2.047117596619881,6.396381464438744,0.016211836006467365,False,False,True,True,True
1788618058.4302216,2.3827295677995757,3.136981619629771,0.012439777221061252,False,False,True,True,True
1788618058.5444942,1.3116540185809404,10.112712516961983,0.020862124819892795,False,False,True,True,True
1788618058.6368868,1.8090648128230966,5.053546822521734,0.007159563688667822,False,False,True,True,True
1788618058.7334597,3.4529619730639562,17.110918123306963,0.017343173428153304,False,False,True,True,True
1788618058.8312325,2.323800968643103,11.269846488508799,0.01728817076838419,False,False,True,True,True
1788618058.9419067,0.3177123178770483,17.912535991594638,0.011279646341882969,False,False,True,True,True
1788618059.0349138,0.6735947063603318,3.8136750827278205,0.0011194902729586384,False,False,True,True,True
1788618059.1333733,2.5799438587684413,19.255837776678955,0.011935696052740462,False,False,True,True,True
1788618059.2289295,1.8306305350045187,7.965908628342413,0.010932699921257977,False,False,True,True,True
1788618059.3427703,1.4631130091885594,3.3015688056192314,0.014509579860211704,False,False,True,True,True
1788618059.4389489,0.4046827374305701,11.009966542560292,0.004479587251697097,False,False,True,True,True
1788618059.531636,0.8087832759794373,4.264783504461437,0.001440864921084963,False,False,True,True,True
1788618059.648361,0.8198648327077345,0.17484997425728202,0.0015319610084461345,False,False,True,True,True
1788618059.7393975,2.1058295402481217,14.210498567961238,0.007328504437048221,False,False,True,True,True
1788618059.8337572,0.8719088622467415,12.861245495955457,0.005815478706294663,False,False,True,True,True
1788618059.9354856,0.5611179258479448,3.0559725605653103,0.0021566730582530183,False,False,True,True,True
1788618060.0415359,1.5750676684766152,9.662321263506794,0.005530770854045236,False,False,True,True,True
1788618060.1479144,1.2540223192791928,2.9064549025884605,0.008856607916963717,False,False,True,True,True
1788618060.2327685,0.24710478976105166,11.749858317866398,0.0034806680387723817,False,False,True,True,True
1788618060.3336723,2.4095686463818557,21.426690825652045,0.012609356622370817,False,False,True,True,True
1788618060.4388163,1.4486877204188349,9.117676193528595,0.01055832516391863,False,False,True,True,True
1788618060.5371864,0.6077711677342617,8.801632471783373,0.004253314929373186,False,False,True,True,True
1788618060.6305487,0.5683162992577705,0.41271658900816915,0.0016090947679106421,False,False,True,True,True
1788618060.7304738,0.3392234213572906,2.2714868887942807,0.00080982567530987,False,False,True,True,True
1788618060.8496213,0.9496795939384525,5.071508919238644,0.0032020751175713645,False,False,True,True,True
1788618060.9391882,1.3578209236793577,4.575154232181688,0.0034934062986252084,False,False,True,True,True
1788618061.033743,1.3530483561868165,0.045870175151996054,0.008448181452900862,False,False,True,True,True
1788618061.1333854,0.9789853181474713,3.644202169876315,0.007364150761645389,False,False,True,True,True
1788618061.248124,1.9094989587236257,8.194127804467957,0.008855481504052591,False,False,True,True,True
1788618061.3425367,1.5112114726364887,4.163320989414199,0.008091153201076989,False,False,True,True,True
1788618061.4477742,1.5242172414347142,0.23643244029534494,0.013029674176949755,False,False,True,True,True
1788618061.542409,2.2241685415279946,7.032526431843309,0.010009084555347799,False,False,True,True,True
1788618061.6375747,1.919626976790659,3.45786568920578,0.018528891508481003,False,False,True,True,True
1788618061.7427886,0.43554487417706483,14.24942745751589,0.006494734573613613,False,False,True,True,True
1788618061.8409498,1.987588009009594,15.799595622947843,0.0067589084064977245,False,False,True,True,True
1788618061.9485202,0.4284928878330286,14.583043867216569,0.006389877345819846,False,False,True,True,True
1788618062.0465977,2.7764492332626425,23.9656970386076,0.016668960156370143,False,False,True,True,True
1788618062.1413474,1.0560985067488098,17.74931687156995,0.01149758901847616,False,False,True,True,True
1788618062.2413366,0.5354219851226724,5.024848247677085,0.0029403438605868355,False,False,True,True,True
1788618062.3510325,1.7223691907097054,10.901487570087326,0.008634960436707069,False,False,True,True,True
1788618062.4474475,1.2473242859488496,4.796228770215604,0.0059060794595972846,False,False,True,True,True
1788618062.5426798,0.1945885791990307,11.068447018998464,0.002801430121694464,False,False,True,True,True
1788618062.6321907,2.8363360164275586,29.43027562074496,0.01244933346181032,False,False,True,True,True
1788618062.7506673,0.4571956247325305,20.151943605702293,0.011159024203399023,False,False,True,True,True
1788618062.8430905,2.052145116992602,17.27410357877905,0.009453016521438266,False,False,True,True,True
1788618062.9359293,1.2843060145335832,7.606810508522555,0.007162653142123148,False,False,True,True,True
1788618063.0353897,0.6339963572919932,6.650640713254633,0.0036018252601976997,False,False,True,True,True
1788618063.1495702,0.3026674472632238,2.9689472433623885,0.0013459867625403897,False,False,True,True,True
1788618063.2420702,2.0129569883142513,18.48898925783691,0.008150157938291148,False,False,True,True,True
1788618063.3416092,1.218437295161392,7.690070153911466,0.0057493927787487815,False,False,True,True,True
1788618063.4327433,0.48830937977165056,7.994356918195261,0.0027245715069749584,False,False,True,True,True
1788618063.5463514,1.297373093493025,7.111850749280225,0.0056703987626006485,False,False,True,True,True
1788618063.6456225,1.910774260926076,5.742928093028592,0.008485636587308078,False,False,True,True,True
1788618063.7402844,2.807038636684551,9.497046483067852,0.023867876402604703,False,False,True,True,True
1788618063.8386958,1.533241635479099,12.064398064270987,0.01442285138727614,False,False,True,True,True
1788618063.9463181,0.7802129508187078,7.0133900868682515,0.006918676541418165,False,False,True,True,True
1788618064.0442557,1.45463663574477,6.892036189007333,0.007079298471328015,False,False,True,True,True
1788618064.1382558,0.4281667432837265,10.830032494162513,0.004070195557937131,False,False,True,True,True
1788618064.2491064,1.3755759120838804,8.607793561610015,0.004610400638429655,False,False,True,True,True
1788618064.3430939,1.8076624468065636,4.569455674682593,0.006503789628357743,False,False,True,True,True
1788618064.44664,1.4199593370969428,3.594090788606737,0.007790577608488277,False,False,True,True,True
1788618064.5393786,1.0577280173904218,3.5454225780382136,0.0064211557863887055,False,False,True,True,True
1788618064.650021,0.6950814858236424,3.27613005384315,0.003675473536489422,False,False,True,True,True
1788618064.7472188,0.8345274309404096,1.5207663567917797,0.002632375740702191,False,False,True,True,True
1788618064.8408778,0.17480248868139245,7.099569963892343,0.001497792829070716,False,False,True,True,True
1788618064.9399,1.1873254703841631,10.224170635515584,0.003107079327876066,False,False,True,True,True
1788618065.055377,1.4691429693872862,2.4080963296491302,0.0062380612646995405,False,False,True,True,True
1788618065.1515665,0.7248980515047708,8.05914812587933,0.006725276421229607,False,False,True,True,True
1788618065.2456577,1.3943854698877176,6.944093785384741,0.005149489360000357,False,False,True,True,True
1788618065.3437505,2.001884419389824,6.034512706664049,0.006805236348664934,False,False,True,True,True
1788618065.4532974,0.7765605722566757,11.425038726277535,0.009644879525097742,False,False,True,True,True
1788618065.5517182,0.6130767120171792,1.560174646969054,0.002453192474440677,False,False,True,True,True
1788618065.6441846,1.2660039783772903,7.159733669479745,0.003503559555960921,False,False,True,True,True
1788618065.7405152,0.47463572660376857,8.010678544229698,0.0035527483562282362,False,False,True,True,True
1788618065.8560605,0.2696064962523846,1.7723914772559637,0.00045521687041695264,False,False,True,True,True
1788618065.9440632,1.173597729913182,10.254258232942131,0.001976589379356217,False,False,True,True,True
1788618066.0507321,1.2345285254772231,0.5428916944315124,0.0032577096539327375,False,False,True,True,True
1788618066.1378348,1.1029318756712827,1.4228181137579556,0.007953261746107877,False,False,True,True,True
1788618066.2528343,1.1905466945036565,0.8930082093590563,0.0032542382334284498,False,False,True,True,True
1788618066.3516207,1.4199748351398858,2.4848798213521954,0.005372509693979614,False,False,True,True,True
1788618066.4496179,0.729939734231352,6.837902861886964,0.0037472294227397732,False,False,True,True,True
1788618066.5546913,0.6984546241521666,0.32203000911870794,0.0012305743468680249,False,False,True,True,True
1788618066.654243,1.8109828799333654,10.882515513041445,0.007694058051698917,False,False,True,True,True
1788618066.745831,2.036827188345312,1.769713686039629,0.012220989434522999,False,False,True,True,True
1788618066.8447452,1.3660411330824975,7.100822132187314,0.011558350743645484,False,False,True,True,True
1788618066.9532363,0.5107505951515819,7.844099306965529,0.0028592800798964745,False,False,True,True,True
1788618067.0458179,2.383451764946799,20.30203136711384,0.01266644107930214,False,False,True,True,True
1788618067.151361,0.6355165126328245,15.84249931362769,0.011425816163824376,False,False,True,True,True
1788618067.2389212,2.3130767941353922,19.07252475620609,0.008595367799815292,False,False,True,True,True
1788618067.3539827,1.0379711375172054,11.773459776319253,0.010802251494590718,False,False,True,True,True
1788618067.4525955,0.48430922902589024,5.619170759475735,0.004024724969276861,False,False,True,True,True
1788618067.547587,2.0046538540731076,16.061297515013184,0.008368632897405316,False,False,True,True,True
1788618067.6451356,1.3722051634414507,6.424139139981828,0.007343250225219294,False,False,True,True,True
1788618067.7552893,0.7206293712108226,5.681862927380524,0.006361334000420105,False,False,True,True,True
1788618067.853502,0.8219704866772483,1.0317924718120308,0.002447476530767446,False,False,True,True,True
1788618067.9469566,2.6223534171143847,19.216613815006532,0.012866571739026172,False,False,True,True,True
1788618068.0422761,1.9151869786025624,8.506435666413081,0.012250653373871356,False,False,True,True,True
1788618068.1552954,1.2624438470474049,5.702257864447396,0.013370348071378548,False,False,True,True,True
1788618068.252025,0.6773532130215043,5.946872420077745,0.0060933310011161675,False,False,True,True,True
1788618068.3490639,0.5110273881954331,1.5845335339633235,0.0014694978103757302,False,False,True,True,True
1788618068.4414098,1.1398760358957285,6.968477448282696,0.00328083723335354,False,False,True,True,True
1788618068.5541456,0.38794257459023945,6.628556535723927,0.003131607400652365,False,False,True,True,True
1788618068.6476731,1.3804728952858003,10.58723802974574,0.0030679339593785073,False,False,True,True,True
1788618068.746224,0.550062960873702,8.723365166972872,0.004944317573467924,False,False,True,True,True
1788618068.8648117,1.1086354297875693,4.585864346895887,0.004059710211131518,False,False,True,True,True
1788618068.9546447,2.7609053848141722,18.455474519834173,0.009808522285149314,False,False,True,True,True
1788618069.054633,0.8410602476046511,19.124933855573484,0.010900081920971916,False,False,True,True,True
1788618069.152383,1.039296796076516,2.187774593614022,0.004513284148685588,False,False,True,True,True
1788618069.2615528,0.722691172763647,2.8648702208214303,0.004884106174238357,False,False,True,True,True
1788618069.3567314,1.0780801233266335,3.6817291778607886,0.004074584388122259,False,False,True,True,True
1788618069.4513805,0.5985889482925774,5.052658509356329,0.0022379124659045175,False,False,True,True,True
1788618069.550793,1.1587516867897518,5.66045934523551,0.0040359997190449175,False,False,True,True,True
1788618069.6638718,0.22230616660279698,8.261749391897533,0.0028429456725426435,False,False,True,True,True
1788618069.7560096,0.34154651369647,1.3255283797609143,0.00042864508909735424,False,False,True,True,True
1788618069.8492851,0.33356572277539054,0.08044419051590096,0.0003737525136784862,False,False,True,True,True
1788618069.9464223,0.22621838559345794,1.1228734990280742,0.0003971541732828523,False,False,True,True,True
1788618070.0624142,0.21343468855754305,0.11481620078635796,0.00027174057832942897,False,False,True,True,True
1788618070.1548722,0.6681072132416405,4.889085138174954,0.0009550889155649031,False,False,True,True,True
1788618070.2540607,0.6304785676633125,0.34204246880999434,0.0017476785943255774,False,False,True,True,True
1788618070.3467252,0.7163062933554664,1.0228215666169325,0.002140943515414308,False,False,True,True,True
1788618070.4583206,1.1448692574560522,3.857594292156694,0.0035243507133937515,False,True,True,True,True
1788618070.5572195,1.03626248967661,1.058084070674497,0.005682466690484963,False,False,True,True,True
1788618070.6545134,1.7597558094841919,7.170300418126956,0.008298177353673778,False,False,True,True,True
1788618070.7447991,0.2579141738754179,16.773112779775367,0.00676356142938785,False,False,True,True,True
1788618070.8592818,1.0605958234554873,7.01652891145651,0.0026963231347975542,False,False,True,True,True
1788618070.9537683,0.45301026000886446,6.349455107675086,0.004340332157052897,False,False,True,True,True
1788618071.0537496,0.6086873798829373,1.5786799845090445,0.001157532360854125,False,False,True,True,True
1788618071.1621146,1.818512792738423,11.277848824883975,0.007125543673764194,False,False,True,True,True
1788618071.2596552,2.226670556937875,4.0046323168518185,0.00986635494106056,False,False,True,True,True
1788618071.355377,1.3814564468669024,9.772917050672275,0.017538362701478682,False,False,True,True,True
1788618071.4525714,2.3328248161235043,9.72434107194095,0.016028012216458207,False,False,True,True,True
1788618071.5661821,0.6041864335810005,15.199228770659406,0.008876579735736979,False,False,True,True,True
1788618071.6592886,1.3581176005918525,8.301694910076485,0.005556401399957374,False,False,True,True,True
1788618071.7594926,0.7728287808966307,5.885813835721451,0.004920861523891024,False,False,True,True,True
1788618071.8512695,0.8881381039770108,1.0123759846754747,0.003569925093890031,False,True,True,True,True
1788618071.967326,1.053183801028117,1.3926808306709393,0.003031678491499561,False,False,True,True,True
1788618072.0611377,0.21241110521400058,9.045738112997146,0.00302678988549311,False,False,True,True,True
1788618072.1551812,2.6960983838840638,26.41522473686927,0.012767278908981647,False,False,True,True,True
1788618072.2519078,3.7768701167412053,11.125537831965687,0.020901366350518855,False,False,True,True,True
1788618072.3670478,0.600263622349298,27.659110738248433,0.030875102623259692,False,False,True,True,True
1788618072.4665174,0.49738617744070596,1.0064896684990174,0.001200500670585813,False,False,True,True,True
1788618072.5495424,1.5978019599282716,13.263544733691202,0.003895265345753652,False,False,True,True,True
1788618072.6505425,0.6983335192603225,8.970288696178276,0.003703667186251006,False,False,True,True,True
1788618072.7657223,0.6644401662874476,0.1976664990804905,0.001974710122677848,False,False,True,True,True
1788618072.8602612,1.3293031022730986,7.107187009521083,0.005751857050841885,False,False,True,True,True
1788618072.9561443,1.7221627442030947,4.109509255289071,0.004639211923474269,False,False,True,True,True
1788618073.0518348,0.37467197788909373,14.239684765210614,0.006556982648666053,False,False,True,True,True
1788618073.164715,0.38136940851606255,0.08123572482537812,0.0005188621079236696,False,False,True,True,True
1788618073.2642307,0.9938732129474126,6.182995990325647,0.0017412824959450182,False,False,True,True,True
1788618073.3599048,0.6424623827832716,3.728027762390419,0.0021037118942676338,False,False,True,True,True
1788618073.4666164,0.5218619978132596,1.1606688465168038,0.0014478860498270023,False,False,True,True,True
1788618073.5653615,1.2022760625523554,6.839932495366354,0.0032018933059409682,False,False,True,True,True
1788618073.6637573,1.80866193743618,6.171760764920178,0.006319012598629383,False,False,True,True,True
1788618073.7647614,0.5564315749775129,12.338494953530482,0.0061323250394333985,False,False,True,True,True
1788618073.8637884,2.220461786841111,16.758587156937452,0.01114449883720769,False,False,True,True,True
1788618073.9604547,0.3657898255994713,19.15532995969161,0.008653764616921068,False,False,True,True,True
1788618074.0592203,2.7557179748305947,24.159246710924528,0.015976065359926683,False,False,True,True,True
1788618074.15981,0.48830806171763375,22.58361838355223,0.012829168637601687,False,False,True,True,True
1788618074.2694204,0.781053359187117,2.5858381660029277,0.001280259116660265,False,False,True,True,True
1788618074.3617437,4.093627641796634,35.919704206932586,0.02325215786463755,False,False,True,True,True
1788618074.4603422,1.8275445401999713,22.99218082491449,0.021482795458925202,False,False,True,True,True
1788618074.5548992,2.288719877375136,5.400859998439226,0.008288664036581494,False,False,True,True,True
1788618074.6701024,1.328725840409245,7.923858717653612,0.0112139221711531,False,False,True,True,True
1788618074.7642276,3.130341753639652,19.255637057054585,0.028038021862798142,False,False,True,True,True
1788618074.8586833,0.5176327339977754,27.24289227734993,0.016098791672601826,False,False,True,True,True
1788618074.9602933,2.77350544721144,22.198490460086145,0.01890742500911016,True,False,True,True,True
1788618075.0695844,2.0629050220127936,8.059824979292996,0.019084607065695713,True,False,True,True,True
1788618075.16416,2.305298365477165,2.677108938674998,0.02164947154811544,True,False,True,True,True
1788618075.2633598,2.0019102453363424,2.9135172254047452,0.010903397200793355,True,False,True,True,True
1788618075.355513,1.0295614312289012,10.521390099342353,0.009063454351705252,True,False,True,True,True
1788618075.4694839,0.5737372899758292,4.126004364992749,0.0018498312916484128,False,False,True,True,True
1788618075.5650294,1.251617657799922,7.012202400016305,0.004297296961874599,False,False,True,True,True
1788618075.6572254,2.282564288686597,11.199681977619274,0.009015015387466139,False,False,True,True,True
1788618075.7771935,0.6152859514878793,13.898524982547018,0.006848688020155063,False,False,True,True,True
1788618075.8650458,1.083293863195689,5.505829236428566,0.0029890709808870425,False,False,True,True,True
1788618075.9652915,0.6190465726351551,4.4076148257183085,0.0034049921523144444,False,False,True,True,True
1788618076.0593526,1.0050198776414943,4.285911848172713,0.003021776970745715,False,False,True,True,True
1788618076.170827,1.7442498788336858,6.657505571291968,0.009059543027272623,False,False,True,True,True
1788618076.2669892,1.7554367455349222,0.39232099722657204,0.007693584977407661,False,False,True,True,True
1788618076.3663146,0.7696022344965134,10.135553089982183,0.007808936012234775,False,False,True,True,True
1788618076.4648309,1.165574404099216,4.138810323835052,0.0036445304439315044,False,False,True,True,True
1788618076.5727506,0.8129533259086791,3.2550223800745854,0.006435564369669485,False,False,True,True,True
1788618076.67151,0.5823871877918303,2.318909088291301,0.0013093545236299024,False,False,True,True,True
1788618076.764787,0.3960933211880248,1.9972915266029032,0.0012665429849474403,False,False,True,True,True
1788618076.861759,1.0043092499901798,6.209154203932928,0.0019111372529803706,False,False,True,True,True
1788618076.970635,0.6024672906625513,3.735077949795292,0.002463344876261022,False,False,True,True,True
1788618077.0699182,2.365302002057395,17.567093373521168,0.014741297697669159,False,False,True,True,True
1788618077.16391,1.3328020327457857,11.214074195218611,0.015066920820107967,False,False,True,True,True
1788618077.260398,1.663807659948637,3.4292159047898036,0.007806383163310061,False,False,True,True,True
1788618077.3726716,1.474804609082567,1.5917141234763768,0.014427359626303347,False,False,True,True,True
1788618077.4697132,0.44223459114844604,10.524788593906024,0.006537537889013964,False,False,True,True,True
1788618077.5652175,0.8902243612049147,4.822245339502182,0.0021002220843967046,False,False,True,True,True
1788618077.661178,1.346605566303199,5.075379175518522,0.005483475467285024,False,False,True,True,True
1788618077.7711413,0.4708677379500184,7.790178659321086,0.004775148642041794,False,False,True,True,True
1788618077.869286,1.7816836364275663,13.370205939380137,0.006971592065800283,False,False,True,True,True
1788618077.961491,0.7224365247748487,11.474267782382306,0.0054427047144164275,False,False,True,True,True
1788618078.0773342,0.6080906409288391,1.1817952650924697,0.0024155709872606297,False,False,True,True,True
1788618078.1739874,2.743410597366971,22.04241549060425,0.016402905429997647,False,False,True,True,True
1788618078.2688572,0.8902675702328822,19.647443829144457,0.012442354712953874,False,False,True,True,True
1788618078.3674812,1.5269049392299192,6.3084524750168125,0.007594310684752776,False,False,True,True,True
1788618078.4770985,2.081936497879583,4.944037355351007,0.008835793828349363,False,False,True,True,True
1788618078.5733356,3.2328603579159334,11.607122391239546,0.0182560696614728,False,False,True,True,True
1788618078.6685195,0.8622207902155816,25.857618921858013,0.017653054098308966,False,False,True,True,True
1788618078.7660737,1.8209513496719865,9.53644578079808,0.005508124881264419,False,False,True,True,True
1788618078.8823562,0.9076551439102354,7.776785933875559,0.00618782545616365,False,False,True,True,True
1788618078.9725568,1.3684071404539124,5.088260916498586,0.005708532967029357,False,False,True,True,True
1788618079.0702126,2.3802039760919746,10.776451326930678,0.008907861113432378,False,False,True,True,True
1788618079.165834,0.424095784893552,19.95568828209101,0.010828868308362405,False,False,True,True,True
1788618079.2730315,2.0912894699674545,15.650025676122057,0.010146053051666127,False,False,True,True,True
1788618079.3643491,3.971335814517684,20.50945069124413,0.024892738333030733,False,False,True,True,True
1788618079.4692798,2.072886865105438,19.0525345691503,0.037451832301167144,False,False,True,True,True
1788618079.563459,1.0896497998196553,10.539033823372352,0.010030222437525018,False,False,True,True,True
1788618079.675889,2.2124302609414936,9.874202984973737,0.011778828926794334,False,False,True,True,True
1788618079.7741122,2.519796060479507,2.977861076439587,0.012808721670456864,False,False,True,True,True
1788618079.8668988,0.6569948951063566,20.138905082265982,0.014773479008113004,False,False,True,True,True
1788618079.963718,0.2274157870009563,4.375596522396034,0.0007166057027173331,False,False,True,True,True
1788618080.0771856,1.507575263442589,11.253186543826683,0.006053212002793474,False,False,True,True,True
1788618080.1673477,1.9387026303099497,4.55766919485935,0.0160798810014593,False,False,True,True,True
1788618080.2669187,1.2592782100015956,6.690281429880693,0.005218413329073192,False,False,True,True,True
1788618080.3839865,2.2124927747531857,8.147580405738521,0.019274640284615494,False,False,True,True,True
1788618080.474244,1.269433544907653,10.31703281303582,0.009868316444724086,False,False,True,True,True
1788618080.5733047,1.7500608876119215,5.0390934517115955,0.01214816730210956,False,False,True,True,True
1788618080.6670992,0.9499356587066488,8.634260177189292,0.0046465032028520994,False,False,True,True,True
1788618080.779206,0.4351610296915801,4.480631893517695,0.0026309616348411174,False,False,True,True,True
1788618080.8727145,0.2004332780362812,2.523854063842517,0.0004673736165302955,False,False,True,True,True
1788618080.970343,0.28077229911546264,0.8327725975843052,0.00019083227576927294,False,False,True,True,True
1788618081.0683906,0.7522358134926936,4.79288815606459,0.0014077073067091,False,False,True,True,True
1788618081.1796167,0.7653720522793949,0.11300759109275986,0.0014985747162934628,False,False,True,True,True
1788618081.2713425,1.7665385635875555,11.034206381570138,0.004177697473106018,False,False,True,True,True
1788618081.370092,0.7125907239755016,10.435638791228856,0.004816006336896709,False,False,True,True,True
1788618081.4672966,0.3392917293563786,3.8464459088123726,0.0013087132782925893,False,False,True,True,True
1788618081.5816083,1.225748803509478,7.80191893863137,0.0040010233305995705,False,False,True,True,True
1788618081.672728,1.4333283797933125,2.3179327582016986,0.009449273874183652,False,False,True,True,True
1788618081.7786903,2.0147751537207355,5.311540802553066,0.00800729595614958,False,False,True,True,True
1788618081.8742037,2.1852481720273165,1.7341898053517624,0.025757263015983387,False,False,True,True,True
1788618081.9783564,1.2662461186510565,9.093211678399173,0.008784401325644337,False,False,True,True,True
1788618082.0687237,0.502972706012122,8.5576808969996,0.0047891756961573485,False,False,True,True,True
1788618082.1723487,1.7357662645068315,11.864252275598746,0.00575937206708681,False,False,True,True,True
1788618082.2673254,0.9290091732905588,8.34439558277948,0.005196792707437251,False,False,True,True,True
1788618082.3794603,0.8731162060004712,0.4986161613470025,0.0048827100067487614,False,False,True,True,True
1788618082.4807,0.3661831442429406,4.95123099120114,0.002184088012072916,False,False,True,True,True
1788618082.5712395,2.2949910263057873,21.308306240471016,0.008956825752626265,False,False,True,True,True
1788618082.6822457,2.2182744523353537,0.7150862460561744,0.010769243407841298,False,False,True,True,True
1788618082.7800808,0.6124913943487944,16.596277095668746,0.010895682558993654,False,False,True,True,True
1788618082.8780138,0.8089092569667699,1.9964447238323726,0.001183145885254284,False,False,True,True,True
1788618082.9726586,0.90904945743283,1.0858465160213446,0.0014722768249495924,False,False,True,True,True
1788618083.0794098,1.0207252754660774,1.1924106232794398,0.0024288703219509065,False,False,True,True,True
1788618083.1776395,0.6636526662518022,3.915004714514759,0.0022912177845849937,False,False,True,True,True
1788618083.2792675,2.291093741055929,16.031108457368145,0.010567372009422775,False,False,True,True,True
1788618083.3740354,0.8183262265245397,15.547341735318808,0.008801148982469142,False,False,True,True,True
1788618083.485388,1.9160680301578856,9.941411961689429,0.01250479242785859,False,False,True,True,True
1788618083.5783112,0.41181324482073167,16.2622824777454,0.008326594396425196,False,False,True,True,True
1788618083.6709714,0.8118515234752918,4.337542837241872,0.00125604321288833,False,False,True,True,True
1788618083.7754724,0.38005258700365513,4.133634539218141,0.0013938214336713583,False,False,True,True,True
1788618083.886961,0.39707159080475085,0.20132416655577767,0.0006674397238168069,False,False,True,True,True
1788618083.9805522,0.9119824217175632,5.48949048432415,0.002132149117578296,False,True,True,True,True
1788618084.075103,1.5750599198040516,6.994414769548432,0.003921540905385614,False,False,True,True,True
1788618084.1740317,1.0943312950204835,5.370064085217103,0.004554653198601982,False,False,True,True,True
1788618084.2884445,1.153969593720668,0.5219263306179303,0.004151743426727389,False,False,True,True,True
1788618084.377485,1.334775063963962,1.9638955466729253,0.0035397230594774254,False,False,True,True,True
1788618084.4771616,1.296274507829534,0.6188959286506825,0.008573997956542262,False,False,True,True,True
1788618084.5692992,5.501939662510361,45.62705948962269,0.06292198190068096,False,False,True,True,True
1788618084.6872919,1.6862476451370425,31.94542787794042,0.03863327023366505,False,False,True,True,True
1788618084.7813365,5.519223452564979,40.759990113115045,0.07708932683688229,False,False,True,True,True
1788618084.8769557,0.5265086480542662,51.41632459156564,0.04991830211423023,False,False,True,True,True
1788618084.994947,1.3436311913459236,6.771158965720608,0.004647692045365267,False,False,True,True,True
1788618085.0863326,2.526869522636812,12.998045856289256,0.013430700756330244,False,False,True,True,True
1788618085.1819525,1.9556734876223487,5.655010317174747,0.01225548591303785,False,False,True,True,True
1788618085.2743473,1.317930204951406,7.0794545055211815,0.011059603915340747,False,False,True,True,True
1788618085.3862681,0.7019311048198155,5.41357968264043,0.00324276119429489,False,False,True,True,True
1788618085.4769351,1.8527099826215663,12.858751136132161,0.007682153305791276,False,False,True,True,True
1788618085.575581,2.3529691709891885,5.092924016886418,0.00895409864613863,False,False,True,True,True
1788618085.6699975,0.9313221117878027,14.45159747598963,0.009547603507581557,False,False,True,True,True
1788618085.7859945,0.1581882560796096,6.5887645940741235,0.001827848844197203,False,False,True,True,True
1788618085.8787973,1.0436142007137978,9.548596295723746,0.0019513128856803365,False,False,True,True,True
1788618085.974697,0.19957601509631379,8.875645781248856,0.0019147273613712532,False,False,True,True,True
1788618086.0744238,4.130016779980292,39.37357602872064,0.03388939890532623,False,False,True,True,True
1788618086.185041,2.3612685567708276,16.688141274474255,0.029729071584272584,False,False,True,True,True
1788618086.2812705,6.887708802207915,47.526880527444725,0.06792286971960991,False,False,True,True,True
1788618086.38088,1.7224144178084908,51.76158286984193,0.07269910245143771,False,False,True,True,True
1788618086.4771771,0.44023325188137347,13.395236600574597,0.007714472884957128,True,False,True,True,True
1788618086.5886998,1.5513782557009068,9.948292303231549,0.007743434183151161,False,False,True,True,True
1788618086.6850257,3.6943184567241807,22.401191689942145,0.04073009166858065,False,False,True,True,True
1788618086.7816873,0.55069647463895,32.29321998599872,0.025340323000661136,False,False,True,True,True
1788618086.89632,0.5306193524376486,0.14112105474375342,0.0013915381562220744,False,False,True,True,True
1788618087.0016282,1.050104192934644,4.874605566260071,0.0033998380573604984,False,False,True,True,True
1788618087.0879703,1.4344611106803629,4.353650472907618,0.0031670737405581086,False,False,True,True,True
1788618087.189499,0.7763079255624158,6.319529413482915,0.004526512144101611,False,False,True,True,True
1788618087.3048842,0.540200528160395,2.0461962326343417,0.001336845100275395,False,False,True,True,True
1788618087.3893876,0.5678228442351846,0.3334240002129156,0.0012603057815331468,False,False,True,True,True
1788618087.4827945,1.41189696580296,8.938276005310566,0.003852838597961586,False,False,True,True,True
1788618087.5841827,2.0035899632686625,5.8381538013081835,0.006753499378421801,False,False,True,True,True
1788618087.6940122,1.5967797825387053,3.7051918714130783,0.019728979297109837,False,False,True,True,True
1788618087.7919872,2.4753739867296076,9.028645309653458,0.009801082383148014,False,False,True,True,True
1788618087.8835258,1.2795674741701137,12.958907933091089,0.016984593605961995,False,False,True,True,True
1788618087.9801154,2.5652782672750645,13.263209946395268,0.010899391183261645,False,True,True,True,True
1788618088.0903127,0.9446153978581805,14.647166684055517,0.010124825620544302,False,False,True,True,True
1788618088.1924686,0.4990176247858111,4.321451568009965,0.0027289037123945053,False,False,True,True,True
1788618088.287635,1.4847151277768038,10.386865476285989,0.005263827271229463,False,False,True,True,True
1788618088.3805494,0.9180270747332022,6.335296186156517,0.0038406695976510277,False,False,True,True,True
1788618088.493546,1.4679471064454868,4.885185750200123,0.007578510393946047,False,False,True,True,True
1788618088.5895374,1.606223684879791,1.3592741948536258,0.005467862073288099,False,False,True,True,True
1788618088.6859891,1.7631105247699799,1.7330819716962576,0.0053540205950061825,False,False,True,True,True
1788618088.781866,1.7460844509334594,0.016681295179741377,0.006445159527642501,False,False,True,True,True
1788618088.8845115,0.1699603391285976,15.353387830200905,0.005449552174335159,False,False,True,True,True
1788618088.9904175,1.428002146187382,11.882777162843649,0.004752412424767619,False,False,True,True,True
1788618089.0900102,3.087673574663904,16.513927385737155,0.016079191819608495,False,False,True,True,True
1788618089.204421,0.9209994712001024,18.999414279287446,0.015650737771139123,False,False,True,True,True
1788618089.3018725,0.8316330255348786,0.8931299929038108,0.004883817817937838,False,False,True,True,True
1788618089.397991,0.2100489758193333,6.461346536745927,0.0011641520393620968,False,False,True,True,True
1788618089.4897346,0.903836847633138,7.5717864585454455,0.0011496592461159487,False,False,True,True,True
1788618089.6018474,0.5132446090819371,3.4127161771701973,0.0015896913208786297,False,False,True,True,True
1788618089.6982863,0.889437500770018,3.907782911221678,0.0017603485375806919,False,False,True,True,True
1788618089.7980266,0.5299986153273804,3.489633758309177,0.0013201419702284398,False,False,True,True,True
1788618089.8882625,1.6828745089104922,12.765941333145014,0.005921837418084694,False,False,True,True,True
1788618090.0114877,1.244856299528105,3.813818710872404,0.005850823289942668,False,False,True,True,True
1788618090.1009,1.3039431927941298,0.6155849772979202,0.010308879263118015,False,False,True,True,True
1788618090.1970077,1.1710732247176825,1.4303352930812723,0.0037795931238617793,False,False,True,True,True
1788618090.2762477,0.257740837970192,11.514738426022278,0.0025222225786122677,False,False,True,True,True
1788618090.389024,1.240099870476948,8.711630360502598,0.004102066501638179,False,False,True,True,True
1788618090.4882758,2.841883191663331,16.17140588679933,0.012348294945358232,False,False,True,True,True
1788618090.5801558,0.7855293975274406,22.31991140446245,0.01336801936089042,False,False,True,True,True
1788618090.6769822,0.12951320031243108,6.779187901521537,0.0012392332351589272,False,False,True,True,True
1788618090.7877667,3.9036640062337185,34.07491185613641,0.03895239826722326,False,False,True,True,True
1788618090.8840852,2.5483831857041563,14.372623695486979,0.030812943318795208,False,False,True,True,True
1788618090.9822578,3.9503941257839297,14.286179678303055,0.05736127787986089,False,False,True,True,True
1788618091.0888593,1.663961101840871,21.625015183352357,0.02459813096457654,False,False,True,True,True
1788618091.1970117,0.6560781477220967,9.472002909061514,0.009423457581778972,False,False,True,True,True
1788618091.2956614,0.8968946562193776,2.4376348825298098,0.0030862693841790865,False,False,True,True,True
1788618091.388263,0.6181730296460838,3.1418263435689213,0.0015019285447236273,False,False,True,True,True
1788618091.5069027,0.6074520836985979,0.1277001939643832,0.0014768033483821379,False,False,True,True,True
1788618091.5984402,0.49006269317218226,1.2980011706217705,0.0008637453557919751,False,False,True,True,True
1788618091.7040956,4.047504922241241,33.643549123186844,0.03792475271347651,False,False,True,True,True
1788618091.7891204,0.9604228109507179,36.96770024189911,0.030719023166067196,False,False,True,True,True
1788618091.8980424,1.1488346262360627,1.7047176684105878,0.0024445277245366613,False,False,True,True,True
1788618091.996017,3.533786346405063,24.738583892966222,0.01952201132908325,False,False,True,True,True
1788618092.1336327,2.1823401582891973,9.388390008783928,0.06067444365113363,False,False,True,True,True
1788618092.2132404,0.9476688828055961,15.442839825762182,0.016788900669095535,False,False,True,True,True
1788618092.3040657,2.1053463832763177,12.72799291416914,0.009536466278317049,False,False,True,True,True
1788618092.3995543,3.7465148268636947,16.726747191129736,0.045364823815928976,False,False,True,True,True
1788618092.4977431,2.2674063796912143,15.722899976400099,0.05060682108660516,False,False,True,True,True
1788618092.5965726,4.567153918044827,22.907128448775897,0.029962857675538638,False,False,True,True,True
1788618092.7096884,0.6106034121104956,35.18587993660873,0.03547044854176069,False,False,True,True,True
1788618092.80235,0.9778527392442189,3.870711382277611,0.003167117781802158,False,False,True,True,True
1788618092.9018736,3.1691158030908166,21.97743959043863,0.022880586845229697,False,False,True,True,True
1788618092.9957328,2.3056852367306853,9.301950932157999,0.015533111201048326,False,False,True,True,True
1788618093.1082911,1.3120036633770784,8.895722030570573,0.007225974771100497,False,False,True,True,True
1788618093.2029684,2.1998257428780574,9.401764629198102,0.008049650931539226,False,False,True,True,True
1788618093.2982876,1.1898769700600031,10.271423180264847,0.011124870908436352,False,False,True,True,True
1788618093.3929422,0.7750808506492356,4.346194340810161,0.004638900477394475,False,False,True,True,True
1788618093.5038564,0.2453598072368247,4.783190392592509,0.0009278188196122541,False,False,True,True,True
1788618093.6033797,0.7400706043492876,5.007245093102939,0.001190554919747146,False,False,True,True,True
1788618093.703048,0.9865853069579157,2.3763368909719405,0.003145346138838359,False,False,True,True,True
1788618093.8009174,1.6681739373371944,6.990386846782143,0.00415381617244774,False,False,True,True,True
1788618093.9091816,2.4382252951670416,7.223144284100026,0.025599458473803245,False,False,True,True,True
1788618094.0001056,1.1346564813625162,14.332524661523932,0.01695686334457481,False,False,True,True,True
1788618094.09073,4.384796700444832,35.84783145504735,0.027110386812200054,False,False,True,True,True
1788618094.20691,2.3647938494022447,18.81450390553402,0.02783694863866905,False,False,True,True,True
1788618094.2988734,4.213098637730431,20.166377720031047,0.022895140321752373,False,False,True,True,True
1788618094.3987987,4.068282893092997,1.3945835267547888,0.08631162264283639,False,False,True,True,True
1788618094.4947999,1.3151406329016069,26.836144976058613,0.02689661503673186,False,False,True,True,True
1788618094.6015186,3.038390003530341,16.195309784088618,0.0260284786557451,False,False,True,True,True
1788618094.6990774,3.5248760751818975,5.049913345389425,0.06223063870956096,False,False,True,True,True
1788618094.792942,4.077529158829142,6.9693052084573885,0.026948285065257628,False,False,True,True,True
1788618094.8929563,0.4471639172796789,36.33110889421709,0.03024610375262846,False,False,True,True,True
1788618094.9997406,0.18704236175629377,2.446964959351751,0.00043229979531609014,False,False,True,True,True
1788618095.104013,0.8116710256157554,6.012757902789609,0.0015037916664089467,False,False,True,True,True
1788618095.2017524,1.539756139778055,7.464131277620827,0.00391408120608927,False,False,True,True,True
1788618095.2945485,2.2178599843631424,7.62645038530691,0.016216815000731948,False,False,True,True,True
1788618095.4072406,0.5881513215356932,14.574978712491246,0.007510606716942354,False,False,True,True,True
1788618095.5024703,2.386489440145231,18.97250032862838,0.01268681191070551,False,False,True,True,True
1788618095.5995,4.192105766767241,18.162233541415695,0.02849068474844768,False,False,True,True,True
1788618095.6858869,1.1977567183459008,34.195854879456505,0.027865408727172053,False,False,True,True,True
1788618095.8079886,2.6218749186493526,11.452535544707166,0.02834249710200438,False,False,True,True,True
1788618095.9048924,1.4322050644227675,12.244432569173972,0.016713827423270874,True,False,True,True,True
1788618095.9966502,0.6270519069264644,8.790866960084074,0.00598867650827065,True,False,True,True,True
1788618096.107667,0.7892450141729854,1.5226037574620086,0.001356600331155693,False,False,True,True,True
1788618096.2104194,1.3609459772873596,5.7051281630315565,0.007442071050945576,False,False,True,True,True
1788618096.3032029,2.435957092444013,11.512086607123782,0.008425802032529522,False,False,True,True,True
1788618096.405014,0.8436196008314992,15.50265609594484,0.008975952590969572,False,False,True,True,True
1788618096.5204713,0.8169640789817386,0.15844230597210543,0.0019495077623463484,False,False,True,True,True
1788618096.6077185,1.5663668023529447,8.585432131801383,0.0036212039088110524,False,False,True,True,True
1788618096.7024999,2.0511756466365987,4.955486521149691,0.007910111778653453,False,False,True,True,True
1788618096.801802,1.0712861880837703,10.100209610242477,0.008916166984305833,False,False,True,True,True
1788618096.915004,1.1513323719406672,0.7271323111321791,0.005857968495883784,False,False,True,True,True
1788618097.0075045,0.3470519589768211,8.690504729147703,0.003945830156648265,False,False,True,True,True
1788618097.1031017,1.3995958321073954,11.028518670776123,0.004675241798210296,False,False,True,True,True
1788618097.2097354,1.1305503492334585,2.516316726951357,0.004459994500393101,False,False,True,True,True
1788618097.3165042,1.3812091960365707,2.3582930488658294,0.003960439755414737,False,False,True,True,True
1788618097.4186294,4.0809998198179045,26.287313367704993,0.03143562819127663,False,False,True,True,True
1788618097.502948,1.0518390001190878,35.354270781870476,0.029840210504147147,False,False,True,True,True
1788618097.603214,1.8596966872003864,7.824289018929827,0.010876536824184773,False,False,True,True,True
1788618097.720131,4.188470838337767,19.88236820281252,0.0664175596906336,False,False,True,True,True
1788618097.8149807,6.004104742594176,19.38448393629488,0.058647184569831264,False,False,True,True,True
1788618097.9106724,1.1986431907552995,50.209132864700344,0.07866183759937177,False,False,True,True,True
1788618098.0015633,1.5588846730770176,4.049482199669748,0.004038109087290531,False,False,True,True,True
1788618098.1202676,0.2714007920190158,10.794537691462155,0.004355808477975629,False,False,True,True,True
1788618098.203496,0.45538337545387403,2.2079135695449543,0.0006651700756422179,False,False,True,True,True
1788618098.304658,4.008372855541508,35.03962796224158,0.0363489039147235,False,False,True,True,True
1788618098.4058518,0.801323885922603,32.45605502929466,0.03062913539867892,False,False,True,True,True
1788618098.5029695,1.2046480747563997,4.198321072368928,0.005603907821013238,False,False,True,True,True
1788618098.608377,1.4929875227131095,3.0002911035645607,0.010990665425123915,False,False,True,True,True
1788618098.7028754,0.7969740915925092,7.292188868616862,0.007861300049140178,False,False,True,True,True
1788618098.8110394,0.3849178817263009,3.7198665781391744,0.0019941089030997695,False,False,True,True,True
1788618098.912286,1.394258967805008,9.989502523213769,0.005304221614840688,False,False,True,True,True
1788618099.0018294,1.6959092511408733,3.243275857978986,0.005180319630347599,False,False,True,True,True
1788618099.099131,0.7935973443470025,9.541977268103647,0.007072666193412594,False,False,True,True,True
1788618099.2157955,0.5836498622513393,1.7907217993280073,0.0028155313369902443,False,False,True,True,True
1788618099.3079515,0.6313943047808648,0.5168034588350076,0.0021659501818107425,False,False,True,True,True
1788618099.4016612,1.669108020672387,10.920528216239857,0.00651899295824804,False,False,True,True,True
1788618099.5032694,3.077899991915831,13.684119009011408,0.014896966490001651,False,False,True,True,True
1788618099.61158,0.2389037200792151,26.084404056249237,0.018231745143652202,False,False,True,True,True
1788618099.7090957,1.4816161359700804,12.755674915519936,0.00491114560840654,False,False,True,True,True
1788618099.8013535,0.8355603048941549,6.867850114066382,0.003544000111993619,False,True,True,True,True
1788618099.9010403,3.288217086140988,24.61149844986179,0.018266799918370224,False,False,True,True,True
1788618100.010515,3.064367123514061,2.0279542114500897,0.022307190453002966,False,False,True,True,True
1788618100.111309,0.3115724595787404,27.1942540735082,0.021034349032675,False,False,True,True,True
1788618100.2068772,0.858836062963882,5.718430380651065,0.0019008540338106142,False,False,True,True,True
1788618100.2997792,1.139425227752193,3.0015968048077264,0.002567087759595782,False,False,True,True,True
1788618100.410212,2.0134104523308816,7.870155367504237,0.007607767301273281,False,False,True,True,True
1788618100.5060456,0.4502125566780008,16.43347800434213,0.010772075542058302,False,False,True,True,True
1788618100.6045845,2.706223538028693,22.903117104859408,0.013429877933945867,False,False,True,True,True
1788618100.7157621,4.347250349335202,14.701629185627677,0.035145893972178543,False,False,True,True,True
1788618100.8140187,0.9582371096116009,34.42953469624088,0.039750059422398974,False,False,True,True,True
1788618100.90769,3.2193742970310977,24.142496905202616,0.024416030964816784,False,False,True,True,True
1788618101.0029385,0.4498918776625801,29.082879003475277,0.016263905460878858,False,False,True,True,True
1788618101.11132,0.6338050912682255,1.6857405989329703,0.001272670826268021,False,False,True,True,True
1788618101.213933,1.629475645649356,9.548452426417954,0.005092734038527968,False,False,True,True,True
1788618101.3067608,1.9811822909453574,3.7190412927995955,0.007680436774713235,False,False,True,True,True
1788618101.4033167,1.4270007116698458,5.3636675327207195,0.00613528056814345,False,False,True,True,True
1788618101.5167334,1.699910981534253,2.710824954794964,0.00716156728773141,False,False,True,True,True
1788618101.6172183,0.5988216065504895,10.959392714741526,0.006125459059612172,False,False,True,True,True
1788618101.7083254,4.001520390384072,37.312914582884076,0.031151204820693335,False,False,True,True,True
1788618101.8079906,2.8623249336025594,11.560008874686398,0.022481016500853632,False,False,True,True,True
1788618101.9155416,2.9986746144359735,1.234272110334417,0.05445394774564859,False,False,True,True,True
1788618102.0216744,5.570087736063343,24.520899949765994,0.053425688319640514,False,False,True,True,True
1788618102.1217103,1.0130111376684239,45.41316012869421,0.060553483347771254,False,False,True,True,True
1788618102.2124267,0.7834415517868474,2.4450770631172243,0.0024245680661918773,False,False,True,True,True
1788618102.325697,0.28123629379385173,4.461520709183118,0.0008617928326839478,False,False,True,True,True
1788618102.4171033,0.7331563507440998,4.948487348593821,0.0009049454208017275,False,False,True,True,True
1788618102.500638,5.9980880907369105,63.01923166135802,0.04531469362006919,False,False,True,True,True
1788618102.5978444,3.736921791585589,22.772665682809606,0.040511036665723206,False,False,True,True,True
1788618102.7165546,2.6870174495386956,9.017344672264523,0.025401373850247485,False,False,True,True,True
1788618102.8097794,1.3800659135677196,14.07881669770915,0.016864817408394753,False,False,True,True,True
1788618102.9074526,1.7022421419798963,3.151511224892872,0.01031138951297622,False,False,True,True,True
1788618103.0189066,3.820549274114121,18.645807236529556,0.028291569650503626,False,False,True,True,True
1788618103.1138015,6.792368792013041,31.43560897800661,0.06726307681536943,False,False,True,True,True
1788618103.2089534,1.2665896462000512,56.70919937639281,0.06841175808964696,False,False,True,True,True
1788618103.3068666,0.9133237793610562,3.567759040483802,0.004573752755031882,False,False,True,True,True
1788618103.4186406,2.554821597354131,14.652640349051538,0.02001603778404398,False,False,True,True,True
1788618103.5161843,0.8634647352331898,17.350801796781575,0.01457974390070958,False,False,True,True,True
1788618103.6129055,0.4570405106034045,4.234974517672271,0.001797649603707037,False,False,True,True,True
1788618103.7039557,1.1824334995086472,7.9423845124129056,0.0028551226389482392,False,False,True,True,True
1788618103.8159695,0.7308998787917537,4.088102136646897,0.0030399021688101197,False,False,True,True,True
1788618103.9146569,2.328045266129679,16.187083658337528,0.009379176767065341,False,False,True,True,True
1788618104.0125837,2.170321022931287,1.5663918662038776,0.023031309668631067,False,False,True,True,True
1788618104.1076224,0.748771942576102,15.024679144455847,0.007199357985214789,False,False,True,True,True
1788618104.2210653,0.8171540559032546,0.6477124711065486,0.0015427941223271153,False,False,True,True,True
1788618104.3154435,1.5033533524663507,7.291146987639265,0.004016440927450947,False,False,True,True,True
1788618104.4120944,0.33785211732961445,12.189144794831718,0.00395581386237315,False,False,True,True,True
1788618104.5073307,4.353591903820218,42.1637637768529,0.03490658263577941,False,False,True,True,True
1788618104.6223426,0.9374047504970004,29.489354588867723,0.02742491470528891,False,False,True,True,True
1788618104.71487,0.7313714710565921,2.1807201254052835,0.002813917857148867,False,False,True,True,True
1788618104.8132894,2.677867976179957,19.7825750184733,0.013138282906516278,False,False,True,True,True
1788618104.905915,0.48195595235256716,23.73252157490456,0.012162200185870942,False,False,True,True,True
1788618105.0210283,1.7802863790850012,11.329125907756476,0.010216550054516436,False,False,True,True,True
1788618105.1145513,3.0311044085186247,13.504027441450079,0.01311178046326249,False,False,True,True,True
1788618105.2078886,0.5686452367756263,26.20135429917995,0.015333937601427742,False,False,True,True,True
1788618105.3199265,1.2285466961566973,5.9379526042749395,0.0041030871364362035,False,False,True,True,True
1788618105.4219205,0.26418330481351454,9.540983382349728,0.004516723155558808,False,False,True,True,True
1788618105.5181575,1.2155991582381096,9.818133237127753,0.0027071264208046618,False,False,True,True,True
1788618105.6135712,0.4369653921149622,8.373269580244711,0.0036040122546135457,False,False,True,True,True
1788618105.7241986,1.610851496165577,10.566711034780278,0.007573636904804173,False,False,True,True,True
1788618105.8191338,0.31234645547060835,13.668479095377347,0.005330867945423717,False,False,True,True,True
1788618105.9138985,0.6959966224560116,4.0526949448913125,0.0013428992927549581,False,False,True,True,True
1788618106.008545,2.203592462518293,15.854931491802981,0.011324064663952933,False,False,True,True,True
1788618106.1222312,0.3418284050567168,16.489257526560486,0.0073717292795391,False,False,True,True,True
1788618106.2215006,2.109175277857272,17.834325835700938,0.010084652499559456,False,False,True,True,True
1788618106.31829,1.0339570684439088,11.073176266811071,0.006472835195800812,False,False,True,True,True
1788618106.41169,0.39216847823673046,6.877800940658983,0.0016108618693924724,False,False,True,True,True
1788618106.5222428,1.185044044524322,7.160112678798343,0.004229625632953223,False,False,True,True,True
1788618106.616501,0.4875631875599327,7.331776794838707,0.002726835816357041,False,False,True,True,True
1788618106.7150373,4.5610255806655005,41.461779621203334,0.037113643427508204,False,False,True,True,True
1788618106.8117242,7.67415405268957,31.611439295128914,0.08654766067928787,False,False,True,True,True
1788618106.923928,2.2487353975147975,48.5854654126341,0.09214914073909374,False,False,True,True,True
1788618107.0191436,1.2718611876330967,10.356537728263405,0.01976005177378252,False,False,True,True,True
1788618107.1134417,6.039193749779417,50.468480743824514,0.07854603589751305,False,False,True,True,True
1788618107.2127364,5.066474603513932,10.059813240663942,0.05652811833692002,False,False,True,True,True
1788618107.3281882,0.296431930390932,41.86563880540309,0.04771217127761275,False,False,True,True,True
1788618107.4215674,3.1786438615319397,30.854345420490812,0.017871643455814042,False,False,True,True,True
1788618107.5164924,3.6125928157064413,4.407879971752624,0.020089800662489693,False,False,True,True,True
1788618107.631849,0.7291466744949966,24.65147882194493,0.019323282702775852,False,False,True,True,True
1788618107.7245805,1.635859858285997,9.950955904803587,0.00548704534559428,False,False,True,True,True
1788618107.8194854,1.4937999829983089,1.318237903051225,0.007182261010259251,False,False,True,True,True
1788618107.915178,3.470271158887402,20.19088497312373,0.016691920563124723,False,False,True,True,True
1788618108.0217865,0.7818561256671214,25.499403598804854,0.017788196876939718,False,False,True,True,True
1788618108.1239488,1.5738081402697317,7.813967595333454,0.0085418121599718,False,False,True,True,True
1788618108.2167687,1.1780572351664993,4.039139512491987,0.008936819650970481,False,False,True,True,True
1788618108.3132775,0.5399092128404638,6.523904313514485,0.001897454298542742,False,False,True,True,True
1788618108.4251626,1.357302614087347,7.412566253239767,0.0038011384806616207,False,False,True,True,True
1788618108.5263243,2.7405917435870046,13.631919605930303,0.012324443594278135,False,False,True,True,True
1788618108.6167822,2.5577583139985887,2.0233857458176114,0.01371021879551043,False,False,True,True,True
1788618108.717238,1.6056783941656112,9.586089089738348,0.008833954298218635,False,False,True,True,True
1788618108.8231022,1.0033451204929615,5.913366336271519,0.009553692929821535,False,False,True,True,True
1788618108.9243844,1.4077259725198272,4.001325234942953,0.004185870590792309,False,False,True,True,True
1788618109.019974,4.988139007725605,37.645673648784204,0.0375717029766705,False,False,True,True,True
1788618109.119228,1.2153024205572114,37.91204968615763,0.040842346496324504,False,False,True,True,True
1788618109.222582,1.5165777702649188,2.8731289565566542,0.010064617921086908,False,False,True,True,True
1788618109.3243835,0.9721912382417449,5.403071227847273,0.009184164752411985,False,False,True,True,True
1788618109.421622,0.8690896052622418,1.1997305326598828,0.0018438947118413292,False,False,True,True,True
1788618109.5229187,3.947339013154718,30.092473001871088,0.026619516174466406,False,False,True,True,True
1788618109.6286275,3.8671061072969395,0.6318221432162164,0.03146923708361202,False,False,True,True,True
1788618109.7258945,2.100282340203783,18.128998112488212,0.02424033372234356,False,False,True,True,True
1788618109.8298373,0.9853677392295431,10.547453296104312,0.0065802347537575545,False,False,True,True,True
1788618109.9365277,0.9723589709811585,0.027185928213946355,0.004906535974974851,False,False,True,True,True
1788618110.0352995,0.525686048672581,4.428758794719817,0.0018722581961948368,False,False,True,True,True
1788618110.1243682,3.607416749746603,34.67048562942461,0.02006977718639048,False,False,True,True,True
1788618110.2222886,4.5553955849964405,10.020596872771733,0.032561377277486835,False,False,True,True,True
1788618110.3345761,0.6983281437030091,34.4822219100365,0.04137914695124453,False,False,True,True,True
1788618110.4290447,0.8840153373858667,1.9119064587700423,0.0029669033217010685,False,False,True,True,True
1788618110.5243955,0.598388487643503,3.142307146371285,0.0025719293680947775,False,False,True,True,True
1788618110.6240249,2.390484273657814,17.96184400011901,0.010950682845273285,False,False,True,True,True
1788618110.7328212,5.294861147824058,26.415522140640253,0.048187769644694574,False,False,True,True,True
1788618110.8302903,0.8457497297747903,46.9874383931967,0.06146588122715855,False,False,True,True,True
1788618110.9246423,0.6382015504880368,2.223889692173712,0.0020763332368109303,False,False,True,True,True
1788618111.0225022,0.2569296118803784,3.877419167758901,0.0008018777670548058,False,False,True,True,True
1788618111.1310272,1.1411701601236377,8.19343476895944,0.003432535622911119,False,False,True,True,True
1788618111.22947,0.8043824109248027,3.168833368384014,0.005742665864453113,False,False,True,True,True
1788618111.3254642,4.493006571939336,38.486139521010294,0.04287103867582201,False,False,True,True,True
1788618111.4178529,5.160936306467941,7.249400380781623,0.04066066414703841,False,False,True,True,True
1788618111.5339112,2.20556188234038,25.455849220537,0.03568777648329281,False,False,True,True,True
1788618111.6257741,1.2272357910828764,10.94668801542793,0.010223549536575926,False,False,True,True,True
1788618111.720586,2.807985243779313,16.60404548030828,0.020981982141621246,False,False,True,True,True
1788618111.8233411,0.5454111419805933,22.053487072929876,0.012195945054218175,False,False,True,True,True
1788618111.9328835,2.3645673514794567,16.613555329821626,0.015867226404830598,False,False,True,True,True
1788618112.021826,5.339572455092632,33.82635267278091,0.03352856707204151,False,False,True,True,True
1788618112.1265967,3.0439812520801235,20.471364355972476,0.036170005816410215,False,False,True,True,True
1788618112.2355323,2.8272562323469006,2.0448770110960544,0.02035244510394323,False,False,True,True,True
1788618112.3330605,3.6965723458153725,8.972902506355824,0.02380283282800289,False,False,True,True,True
1788618112.4319525,1.8842826882909824,18.49259940185119,0.04484366223991005,False,False,True,True,True
1788618112.5222607,0.5862190059704738,14.338276044804608,0.005742632718084756,False,False,True,True,True
1788618112.6340895,0.38703126236053376,1.7610511038265135,0.0009668562579441734,False,False,True,True,True
1788618112.7330549,0.9965193837435445,6.1190940885472935,0.002635733353736699,False,False,True,True,True
1788618112.8267472,1.6994697586341856,7.250044738515371,0.004393901882776752,False,False,True,True,True
1788618112.9271848,3.5617934621395944,18.620009581465986,0.019227737376056726,False,False,True,True,True
1788618113.0371633,2.760138387195859,7.309219542685642,0.021806616931342636,False,False,True,True,True
1788618113.1344926,2.1747390071301282,6.045594426004165,0.01505668012466358,False,False,True,True,True
1788618113.2247117,0.8009725173332853,15.045572241970245,0.007156773267660197,False,False,True,True,True
1788618113.3283992,1.2990865742719147,4.852215797147114,0.006341201348229897,False,False,True,True,True
1788618113.4326377,0.33060428342599585,9.174267126208335,0.0038200251409951595,False,False,True,True,True
1788618113.5336673,1.0697260784530205,7.312734544341801,0.002717844066873998,False,False,True,True,True
1788618113.6267827,4.6476906924192205,38.143834371840136,0.029877139461114605,False,False,True,True,True
1788618113.7248461,3.3422634597005545,13.229586102654999,0.02990021969000718,False,False,True,True,True
1788618113.8332813,2.007332375520852,12.43202438603323,0.016559584595367452,False,False,True,True,True
1788618113.9313638,1.2756096097159035,7.301433962165539,0.017263542291643633,False,False,True,True,True
1788618114.0292654,1.4973895443000422,2.4332809050793873,0.003900272474178943,False,False,True,True,True
1788618114.1206958,0.28115059922318086,13.180175807527098,0.004608818099650682,False,False,True,True,True
1788618114.234025,2.610010923751038,20.558296095073526,0.0177842377941934,False,False,True,True,True
1788618114.3316133,3.583049809319243,9.97878796980095,0.021385981873068415,False,False,True,True,True
1788618114.4285097,2.5897575736010863,10.744166937617875,0.02107767231621105,False,False,True,True,True
1788618114.5454907,1.9037065491038512,5.889920664373756,0.011402377628634375,False,False,True,True,True
1788618114.6361191,1.904699267121632,0.17415217261508326,0.008140052003467428,False,False,True,True,True
1788618114.7328894,0.8791029533384558,10.6039622891083,0.004670542055722689,False,False,True,True,True
1788618114.8291154,1.4144931996945749,5.6160135668376485,0.003558585639298923,False,False,True,True,True
1788618114.9415598,0.6820930555182273,6.53026334628214,0.00502733216084321,False,False,True,True,True
1788618115.0384855,1.431160905374731,7.745196857958149,0.0034496896091589465,False,False,True,True,True
1788618115.1321492,0.3375126096333425,11.622246216217167,0.0033548282325063174,False,False,True,True,True
1788618115.2309387,0.8407229810793533,5.014068677357298,0.0011528087046711582,False,False,True,True,True
1788618115.3359082,2.5953508766271214,16.716880574346874,0.01266768694979654,False,False,True,True,True
1788618115.4401855,1.234444134508311,13.079630703250658,0.012120700012611662,False,False,True,True,True
1788618115.5327432,4.130575668817623,31.338918466076443,0.04086558272487305,False,True,True,True,True
1788618115.6324365,1.0966392250662857,30.535404395602146,0.0249798413070056,False,False,True,True,True
1788618115.7388766,3.391109188981734,21.31911383700711,0.03333083714848717,False,False,True,True,True
1788618115.8407483,0.5573591678849062,27.291254265390013,0.023297257707742092,False,False,True,True,True
1788618115.9310763,1.949858410065613,15.393284814513423,0.007343081480944231,False,False,True,True,True
1788618116.0201669,3.6129218573697535,18.809214113432287,0.01631073700400074,False,False,True,True,True
1788618116.1335318,2.832633703876883,6.571431304719336,0.020403154013275002,False,False,True,True,True
1788618116.2281866,0.5785927702128671,23.615482829319983,0.019555823567571302,False,False,True,True,True
1788618116.3292615,0.39820251419510644,1.8389314321630839,0.0006590896006163325,False,False,True,True,True
1788618116.425885,2.199810084816436,18.599849772019663,0.009615028281159847,False,False,True,True,True
1788618116.539122,4.03561345876277,16.24271473491158,0.030794763781280564,False,False,True,True,True
1788618116.633117,5.311021610336837,13.445710717867284,0.04533847335659869,False,False,True,True,True
1788618116.7292244,4.362881386861584,9.181135616691826,0.04193379730232094,False,False,True,True,True
1788618116.843697,1.3825127226307252,25.292535759136737,0.027662694085003454,False,False,True,True,True
1788618116.941554,1.2414271703826887,1.4350744998704312,0.010329427380571708,False,False,True,True,True
1788618117.0362628,1.899001599581923,6.9183231115476005,0.005248364446464492,False,False,True,True,True
1788618117.1288302,4.274124737545681,25.785857967013627,0.023913579716028328,False,False,True,True,True
1788618117.2403796,0.364094164878192,35.025806048817515,0.03039820386946425,False,False,True,True,True
1788618117.334228,0.7905418559675692,4.522380647466292,0.0014781092099582097,False,False,True,True,True
1788618117.4328842,3.2717338212629388,25.032698826014002,0.020679222140081627,False,False,True,True,True
1788618117.528852,2.008421233788771,13.467345677395587,0.016354715281893438,False,True,True,True,True
1788618117.64224,1.0943454703135953,7.932281225445532,0.006669507772351517,False,False,True,True,True
1788618117.7361834,1.638791865457544,5.805038941894643,0.004357525711381361,False,False,True,True,True
1788618117.837226,0.40932820186248964,12.059919631810086,0.005156490561965698,False,False,True,True,True
1788618117.931981,3.1899024826159232,29.338770805159996,0.019047216809822794,False,False,True,True,True
1788618118.0397727,2.396222203506276,8.109023823077333,0.01657056818718062,False,False,True,True,True
1788618118.1404119,0.41893380177894524,19.746225025026487,0.014643576106438285,False,False,True,True,True
1788618118.236854,0.7555945315069924,3.4609008899767404,0.0011292101348159996,False,False,True,True,True
1788618118.33294,0.30302330864041777,4.749996885270672,0.001489678774959446,False,False,True,True,True
1788618118.4430747,0.27347042919937625,0.2698336595691941,0.00024106597655456337,False,False,True,True,True
1788618118.5417767,0.7303969759003394,4.632273429894457,0.0014243988454121336,False,False,True,True,True
1788618118.636561,0.5822582167365272,1.5980570857662466,0.0009418699735704432,False,False,True,True,True
1788618118.735547,2.124038673700765,15.540454438577344,0.01067648752233578,False,False,True,True,True
1788618118.844662,1.657990053933776,4.026974544600841,0.007532023121899839,False,False,True,True,True
1788618118.9443235,1.0160806416739578,6.594880674769933,0.011143944952450247,False,False,True,True,True
1788618119.042621,1.7407655345449013,7.26916570580793,0.004512005731792638,False,False,True,True,True
1788618119.1509528,0.17419983141617568,14.379887074516207,0.005369826565905823,False,False,True,True,True
1788618119.2458735,2.1082192729446456,20.374621382900532,0.0076832329987985195,False,False,True,True,True
1788618119.338483,4.105860725363015,21.7081140941911,0.02213532551481097,False,False,True,True,True
1788618119.436907,2.137852817478409,19.360888208609722,0.02087662765184926,False,False,True,True,True
1788618119.5519311,2.9840111616813245,7.450675668882011,0.044934055891331925,False,False,True,True,True
1788618119.64392,1.0311259764026048,20.93924412102028,0.02102437615574952,False,False,True,True,True
1788618119.7394414,0.9747309222601451,0.599075366966016,0.004621273790750578,False,False,True,True,True
1788618119.8403945,0.9707608112281896,0.27013945431361863,0.003332670119850357,False,False,True,True,True
1788618119.951654,0.5339991649729723,4.048030560730264,0.0026418141445976517,False,False,True,True,True
1788618120.0410845,1.5744885779829283,11.668347792993245,0.003475719691836128,False,False,True,True,True
1788618120.1389496,1.387338173528112,1.874959808395822,0.010093825662762058,False,False,True,True,True
1788618120.2322307,0.369717824771378,10.770080661180947,0.0029615920243243644,False,False,True,True,True
1788618120.3506265,1.4327515203991872,8.986343328786825,0.006615590687224328,False,False,True,True,True
1788618120.442897,0.9581401954757247,5.134610081152779,0.00780139782098357,False,False,True,True,True
1788618120.5415115,1.2980237053820243,3.281716089948259,0.0049100837614685965,False,False,True,True,True
1788618120.6345413,2.1930640063370603,9.676707165318808,0.006860022563903253,False,False,True,True,True
1788618120.7506855,0.7508768330370467,12.450144273794065,0.006203126568884196,False,False,True,True,True
1788618120.8438952,0.998045094631765,2.6374969628587754,0.001640552050111828,False,False,True,True,True
1788618120.9422388,1.636907256418645,6.559717287604105,0.00454681761027601,False,False,True,True,True
1788618121.045883,0.38230531330259854,11.932130130634794,0.0043523920418664505,False,False,True,True,True
1788618121.149976,1.0130998713876445,6.065048191871267,0.0019551805424433606,False,False,True,True,True
1788618121.2438347,1.6237192274695513,6.558070986969946,0.003736820522571922,False,False,True,True,True
1788618121.3372211,0.7658758103106699,9.094430262109386,0.00387087463399571,False,False,True,True,True
1788618121.4490342,0.4023227216621255,3.166287910703,0.0013771279725662308,False,False,True,True,True
1788618121.5443783,2.3260917954302274,20.195218520113386,0.010643583777264504,False,False,True,True,True
1788618121.6456096,2.610014055029181,2.843652444018352,0.012179910801491776,False,False,True,True,True
1788618121.7402277,0.8450497598228753,18.566580640665016,0.01175290151742235,False,False,True,True,True
1788618121.8556595,1.47929649295134,5.477015083802249,0.005250293662432158,False,False,True,True,True
1788618121.9453685,1.8599863536842214,4.213034258992319,0.014116628968810267,False,False,True,True,True
1788618122.0483568,1.9613751332535416,0.7630367403965552,0.00780747234735841,False,False,True,True,True
1788618122.1389234,1.041816959789367,10.507064078993354,0.012434075738481732,False,False,True,True,True
1788618122.2550142,0.3168251442851526,6.202919258872394,0.0017903729186693352,False,False,True,True,True
1788618122.3480952,0.9320903848721679,6.598523055637647,0.0013752984432005854,False,False,True,True,True
1788618122.4422588,2.9744259007927587,21.672621740797947,0.012164785035385043,False,False,True,True,True
1788618122.5384223,2.9730344363721195,0.09690846952808901,0.01641624140425052,False,False,True,True,True
1788618122.6541538,0.41496093893049424,22.122786682497225,0.017640684128352742,False,False,True,True,True
1788618122.744458,1.6911506643510192,14.188239689369311,0.004063936797780991,False,False,True,True,True
1788618122.843739,0.9941508308371148,7.0631855287008385,0.009066051722353427,False,False,True,True,True
1788618122.9364705,0.7285203746398637,2.862431814179142,0.0016809930058189636,False,False,True,True,True
1788618123.0490806,1.312626504227541,5.209003097015124,0.006937599194421905,False,False,True,True,True
1788618123.1448667,0.4359594511060893,9.221624911753137,0.003955770707875144,False,False,True,True,True
1788618123.2397094,1.207461961147156,8.131761064815707,0.0032688284818908207,False,False,True,True,True
1788618123.369475,0.24558529516936028,7.367097940819964,0.0023013605161615815,False,True,True,True,True
1788618123.4591706,0.3349192634764621,0.9891693725181089,0.00042083463119344157,False,False,True,True,True
1788618123.5613294,0.18313968572389383,1.486819410622798,0.00029507720922531186,False,False,True,True,True
1788618123.646408,3.217682765167217,35.67849798588022,0.014103413156249146,False,False,True,True,True
1788618123.7662437,1.9149537074968532,11.373757620916082,0.01376597505294655,False,False,True,True,True
1788618123.8589323,1.2008382825889512,7.638055827580033,0.012398189714064336,False,False,True,True,True
1788618123.955242,0.13955567857618068,11.075826731820316,0.0026399370973490387,False,False,True,True,True
1788618124.054223,1.5970498405581226,14.741785790262705,0.0048864926279400984,False,False,True,True,True
1788618124.1671567,0.5534088934849419,9.065875352432132,0.0063764501964123825,False,False,True,True,True
1788618124.2565608,3.1820142813470818,29.421538302505844,0.014470628826416488,False,False,True,True,True
1788618124.3638442,0.3697347619641846,26.431020619175115,0.014440861393286897,False,False,True,True,True
1788618124.4536254,0.40502719683239186,0.3742324100674716,0.0003952654814969067,False,False,True,True,True
1788618124.5632904,0.21836949539490363,1.7002553353416336,0.0002986903680037082,False,False,True,True,True
1788618124.6519501,0.66542224364662,5.040980959232502,0.0009056548122983226,False,False,True,True,True
1788618124.7493985,0.34371697909008014,3.333658158051123,0.0010004992830498604,False,False,True,True,True
1788618124.8468647,0.4501731968120646,1.0934757826423989,0.000609273396602048,False,False,True,True,True
1788618124.959615,1.1286726231522768,5.989620975081738,0.003994385034419845,False,False,True,True,True
1788618125.0536745,2.3663132129723854,13.181124739089215,0.009510990315879134,False,False,True,True,True
1788618125.1506808,4.075745997083988,17.47768079022744,0.022730913587165474,False,False,True,True,True
1788618125.249263,0.4004849074166745,37.52636019763125,0.027516435430683495,False,False,True,True,True
1788618125.3598185,0.6643437233291661,2.372360496442694,0.001691136495173065,False,False,True,True,True
1788618125.4529316,0.5631288876352304,1.0715260194981828,0.0016619450724101393,False,False,True,True,True
1788618125.5484645,0.6184900545242321,0.5963111107999957,0.0011819544653318946,False,False,True,True,True
1788618125.6568885,1.9890759437924852,12.604985575865918,0.011291107122128611,False,False,True,True,True
1788618125.75864,0.8706274954780406,10.812319213826434,0.0069525602070601355,False,False,True,True,True
1788618125.8530478,0.4596662053880395,4.351615517824319,0.0019472766752959845,False,False,True,True,True
1788618125.9461098,0.5403113770331702,0.8818357076137361,0.0008754285687876151,False,False,True,True,True
1788618126.0537114,0.31387243032276524,2.0944831500899426,0.0009623067854037076,False,False,True,True,True
1788618126.1524005,0.27324236081076286,0.4011492432216406,0.0004650642320865633,False,False,True,True,True
1788618126.2520342,0.371641462053892,1.000319482322879,0.0005003619227957172,False,False,True,True,True
1788618126.3465872,0.7921214407399256,4.418026164248305,0.0010326702098013155,False,False,True,True,True
1788618126.4564707,0.5768566171336121,1.9902627360576368,0.0025112927081623534,False,False,True,True,True
1788618126.5499449,1.387830816324302,8.818343217018732,0.0026512591513894908,False,False,True,True,True
1788618126.6457758,0.9086623607964833,4.973860709665445,0.003456140642893819,False,False,True,True,True
1788618126.7397702,0.563792170525365,3.6210753988666013,0.0017775812529728025,False,False,True,True,True
1788618126.8536193,2.2254569133454787,14.632536531153889,0.01371440141580914,False,False,True,True,True
1788618126.9512546,3.2804634009746843,10.791019873391996,0.017818786162857956,False,False,True,True,True
1788618127.0444937,1.784680665194477,16.12805994873118,0.019514240805595263,False,False,True,True,True
1788618127.1464481,0.3885922805398781,13.778783869982028,0.005608484561798708,False,False,True,True,True
1788618127.2607586,0.6336657706447945,2.101851768470513,0.0016682721848473173,False,False,True,True,True
1788618127.3559093,0.229931731362582,4.234682193944011,0.0010420026727947509,False,False,True,True,True
1788618127.4530845,1.3075302754343026,11.077246334561865,0.0033832106246640802,False,False,True,True,True
1788618127.5525746,2.12906974795326,8.44757081931134,0.007219522444077257,True,False,True,True,True
1788618127.6613946,0.4334800717841512,15.576580280585459,0.01067966368838915,False,False,True,True,True
1788618127.7561984,2.1091664886859376,17.690636498209486,0.006874034159331631,False,False,True,True,True
1788618127.8447144,0.7937423752402816,14.963663500727616,0.010962103965607676,False,False,True,True,True
1788618127.9687846,1.3402408449557153,4.333429170220881,0.00488360717540815,False,False,True,True,True
1788618128.058707,1.152729889126609,2.1426078276601603,0.0053856756843247405,False,False,True,True,True
1788618128.1515849,1.5864029578371732,4.642326895873639,0.003929122966526306,False,False,True,True,True
1788618128.2505088,1.0606837536150766,5.384330621803495,0.003742482897222869,False,False,True,True,True
1788618128.3601131,0.5196277228887227,4.814940214788185,0.0031336363088526197,False,False,True,True,True
1788618128.4591134,0.4427512124995885,0.7365920524581397,0.0011498242194442631,False,False,True,True,True
1788618128.5550125,1.753578383744309,13.706035415101582,0.00574674139408723,False,False,True,True,True
1788618128.653874,2.546038089479131,8.008323235215284,0.01013718775087435,False,False,True,True,True
1788618128.7654395,1.7042935563788089,7.708418667814585,0.010581740598455696,False,False,True,True,True
1788618128.863324,1.3726115238398422,3.536430458928782,0.0063099382330479145,False,False,True,True,True
1788618128.9576757,0.5703279780048082,8.612946868996325,0.003803213424560825,False,False,True,True,True
1788618129.0531092,1.1067959485366683,5.6614782760985305,0.002358248971742742,False,False,True,True,True
1788618129.1580927,0.15859411850863356,9.035863915190106,0.0020975255999014794,False,False,True,True,True
1788618129.2593963,0.8156010388287496,6.5016787188551834,0.001501825079083121,False,False,True,True,True
1788618129.3544884,0.7149249963636929,1.045712649505836,0.002318070762009572,False,False,True,True,True
1788618129.44997,1.4919517886112426,8.037887220066281,0.006448256244078961,False,False,True,True,True
1788618129.567281,0.4789213465166707,8.649470689858306,0.0032944924159981903,False,False,True,True,True
1788618129.6589062,1.1719601101518426,7.573503140017511,0.0038172541175181597,False,False,True,True,True
1788618129.7500315,1.5171285316205316,4.011167940243871,0.0037274190203807783,False,False,True,True,True
1788618129.8516202,1.1160196287502215,3.7395672104533895,0.004019563851213279,False,False,True,True,True
1788618129.9634528,0.1208023431270258,8.881719259626527,0.002682177940103475,False,False,True,True,True
1788618130.063318,2.4108064950196044,22.924579817614152,0.011774577691846231,False,False,True,True,True
1788618130.1568658,3.4748479026984063,11.13224137244036,0.018244505377352838,False,False,True,True,True
1788618130.2663808,0.8491737407942885,24.356248863673162,0.01855790819558169,False,False,True,True,True
1788618130.3618915,0.14081338420686199,7.4119863579930305,0.001792593330522704,False,False,True,True,True
1788618130.4590676,1.4011405449491694,12.986939529129778,0.0035385200569561857,False,False,True,True,True
1788618130.5574744,0.44918325640836076,9.561759200031315,0.0035022811382374322,False,False,True,True,True
1788618130.6691976,0.8461441585088483,3.5445374488495895,0.0018642826915171318,False,False,True,True,True
1788618130.7637632,0.8684458901721024,0.038896623078259036,0.002315843316962963,False,False,True,True,True
1788618130.8575933,1.7431557660424883,9.172547112129179,0.0056799718189455475,False,False,True,True,True
1788618130.9565408,2.0732028835231353,3.459190848328342,0.007828400270460598,False,False,True,True,True
1788618131.0690768,0.6740213389565294,12.018473263394164,0.006954199512296929,False,False,True,True,True
1788618131.1558943,0.11049650568158226,6.461572657268971,0.0011824930548872512,False,False,True,True,True
1788618131.264806,1.5117989232412505,12.864314274820309,0.005457092077777351,False,False,True,True,True
1788618131.354698,1.1741732664353441,4.065596425309759,0.005912700167279193,False,False,True,True,True
1788618131.4658642,0.5899670337740598,5.22496478568953,0.002023000450599567,False,False,True,True,True
1788618131.5622768,2.7801727355844816,22.755874964657988,0.012436657249532823,False,False,True,True,True
1788618131.6620688,4.2001043854821205,14.73530069712133,0.029164727506965697,False,False,True,True,True
1788618131.7587934,1.752692529192833,25.200779718789583,0.031424571756655896,False,False,True,True,True
1788618131.8712158,0.4426213908190437,11.459923883118618,0.005476486338573066,False,False,True,True,True
1788618131.9586391,2.8047288071556826,26.975758585414297,0.012807771499538613,False,False,True,True,True
1788618132.061495,2.9605638994173846,1.5460345669288698,0.01632341576296905,False,False,True,True,True
1788618132.1558056,0.5524237467415529,25.638489672115785,0.017482644905673063,False,False,True,True,True
1788618132.2682261,0.5393642305016838,0.15349466540935183,0.001299816730907032,False,False,True,True,True
1788618132.3647864,1.1648761872881164,6.310937308920352,0.0031281094058343856,False,False,True,True,True
1788618132.4530013,0.5958518452120974,6.54117863739236,0.0023142082085611908,False,False,True,True,True
1788618132.5722883,0.8523390151837561,2.1605510332090403,0.0033631765375523462,False,False,True,True,True
1788618132.6719854,1.6760593242326558,8.33995366765369,0.005316725626798875,False,False,True,True,True
1788618132.760473,0.6878483625605072,10.901284031279744,0.0046741667044226404,False,False,True,True,True
1788618132.862564,0.6399677549199149,0.4316318375028251,0.0011348866959775,False,False,True,True,True
1788618132.9767628,1.199818103473109,4.878484085939538,0.0034508410630789926,False,False,True,True,True
1788618133.0690649,2.2662364225727205,11.346515970189584,0.0070773508767336315,False,False,True,True,True
1788618133.162171,1.4812640323283437,8.957463689958326,0.015312160428335733,False,False,True,True,True
1788618133.2610588,1.8661475888034862,3.806199285200062,0.0064927349624873155,False,False,True,True,True
1788618133.3748317,1.1558236275310174,6.307277149579257,0.013572612249841106,False,False,True,True,True
1788618133.4679844,0.38856931266374506,8.099153310499565,0.003924966470110554,False,False,True,True,True
1788618133.5642686,2.5380912087073315,22.45134870912384,0.010922860322681983,False,False,True,True,True
1788618133.6602128,0.27565333291619615,23.59713508777334,0.010684788342919235,False,False,True,True,True
1788618133.768668,0.7676346156436222,4.534041041105906,0.001159949023834903,False,False,True,True,True
1788618133.8637586,2.0947478215367292,14.127841785266419,0.012121881201477907,False,False,True,True,True
1788618133.9667382,0.6161053598291129,14.26303155165545,0.0067634158629556115,False,False,True,True,True
1788618134.0604458,1.7592159059442234,12.196683400753777,0.008002139714421642,False,False,True,True,True
1788618134.176683,0.8395048467587741,8.014738476268752,0.010545514803655015,False,False,True,True,True
1788618134.268841,0.7298635726054729,1.0475059434014806,0.00268232307441484,False,False,True,True,True
1788618134.3648608,1.9387504078887678,12.593565905028441,0.008067455236019335,False,False,True,True,True
1788618134.4615657,4.365471177565641,24.994350552213078,0.027560657819241757,False,False,True,True,True
1788618134.5745196,3.5531122815575573,7.059512012860501,0.03689363195813626,False,False,True,True,True
1788618134.666804,2.293262868952614,13.912088342089456,0.027070201745228922,False,False,True,True,True
1788618134.7644155,1.067712609006509,13.309449523784469,0.013571556679566924,False,False,True,True,True
1788618134.875451,2.3292991758734587,11.383028185824106,0.016783315121684395,False,False,True,True,True
1788618134.9696407,2.5140970477585833,2.2005807583773356,0.012787466045043636,False,False,True,True,True
1788618135.0679255,1.1995515194240747,13.529417860635753,0.0182443253087484,False,False,True,True,True
1788618135.1636202,3.1276026083438326,19.614453957182693,0.014791915305457825,False,False,True,True,True
1788618135.27405,1.127934226536992,18.029989680582236,0.013700367249795859,False,False,True,True,True
1788618135.3697767,0.8730820922039421,2.708297195623445,0.005387983933649235,False,False,True,True,True
1788618135.4676728,0.26673987503677743,6.163692504872308,0.0017055037709526799,False,False,True,True,True
1788618135.5604405,1.2269460756828916,10.445144710281435,0.002647153937878528,False,False,True,True,True
1788618135.6745796,1.1954700331135393,0.2322293090937575,0.005178378932771223,False,False,True,True,True
1788618135.7693312,0.6545295577028815,5.42890442787227,0.004994304004920097,False,False,True,True,True
1788618135.8709211,1.3335300530714196,6.6056337039315975,0.003416915377738791,False,False,True,True,True
1788618135.9632154,1.2779737409655578,0.593612730020905,0.006667350584513202,False,False,True,True,True
1788618136.0775487,0.5646137813329961,6.19788142541946,0.002698618984903305,False,False,True,True,True
1788618136.1684,1.3742709436370824,8.921143935197435,0.0047949445753308,False,False,True,True,True
1788618136.2706482,0.8153849986552738,5.451805778156238,0.005925051943109582,False,False,True,True,True
1788618136.3636293,1.8680825116642825,11.324550196745381,0.004933157576569849,False,False,True,True,True
1788618136.4741893,0.6667775691637423,11.196148636339613,0.005297029008346832,False,False,True,True,True
1788618136.5654466,0.8429156317348233,1.873834873931974,0.003249019028638616,False,False,True,True,True
1788618136.6673114,1.2764738712376658,4.318564615211555,0.005311021987669851,False,False,True,True,True
1788618136.7608113,1.8695541269090836,6.441569887783627,0.005966819298372389,False,False,True,True,True
1788618136.8763123,0.8684030270441859,8.69619497196017,0.009080835759540823,False,False,True,True,True
1788618136.9723802,3.085522431406424,22.98375581398708,0.015596996719670532,False,False,True,True,True
1788618137.0712612,4.750698257670788,16.715639366184412,0.03307474802405122,False,False,True,True,True
1788618137.1813297,0.8714151758201235,35.01202529195846,0.03577017553756169,False,False,True,True,True
1788618137.2780528,1.2642822798508544,4.141652023371798,0.002739587512638602,False,False,True,True,True
1788618137.3725238,1.0641328379093193,2.0947344559163956,0.002771341045806159,False,False,True,True,True
1788618137.466513,0.5120962832368732,5.871283997130396,0.0020321652214367516,False,False,True,True,True
1788618137.5833771,0.8851189561971384,3.2400735088784334,0.0022848349093891134,False,False,True,True,True
1788618137.675453,1.5133579248245799,6.8127651991007,0.008249642263471269,False,False,True,True,True
1788618137.7731812,0.9379605187648629,6.2413355533593995,0.007253349609438947,False,False,True,True,True
1788618137.8658917,0.8243865868499523,1.2471267709416263,0.0032317368272788416,False,False,True,True,True
1788618137.979414,2.17354852597264,11.940022007526725,0.010832033819132463,True,False,True,True,True
1788618138.0783637,0.4250007875806835,17.224152002319812,0.011363819754913242,False,False,True,True,True
1788618138.1768906,1.8196971545420262,14.151125302397517,0.006872284915174473,False,False,True,True,True
1788618138.269829,4.2662699488665,26.239886011261476,0.024828773931215804,True,False,True,True,True
1788618138.380769,3.795833872850823,4.382613672143786,0.03333410413763598,True,False,True,True,True
1788618138.4816134,2.1935277273082563,15.8974750759117,0.02659526983326366,True,False,True,True,True
1788618138.575452,1.6891081345273493,5.452635024020843,0.02102386664556269,False,False,True,True,True
1788618138.6722066,0.5174033789574624,12.172440977629908,0.004441602254432877,False,False,True,True,True
1788618138.779367,1.1823937099820463,6.2096153361338615,0.004458903992589562,False,False,True,True,True
1788618138.8784633,2.679308457586892,15.111961720202977,0.023458851932955768,False,False,True,True,True
1788618138.9778025,0.6229702036975049,21.050942379686795,0.01230512340681762,False,False,True,True,True
1788618139.0672374,3.249342653833276,29.363570859141188,0.019644407703795087,False,False,True,True,True
1788618139.1845775,2.350283773606192,7.754036507499423,0.01579426023478,False,False,True,True,True
1788618139.2749257,1.5571919041821713,8.590677324698223,0.011023359892351174,False,False,True,True,True
1788618139.373114,0.3541764162240529,12.379978031319336,0.004524655530240437,False,False,True,True,True
1788618139.4858077,0.6368703673144724,2.501290349019871,0.001458135584579398,False,False,True,True,True
1788618139.5823407,1.0313283739063062,4.165733731382018,0.0018374977259482843,False,False,True,True,True
1788618139.6767378,3.1212079183502373,22.34477349700441,0.015085974413221567,False,False,True,True,True
1788618139.7721045,3.6176138048528066,4.821779879411799,0.020956851318167935,False,False,True,True,True
1788618139.8820167,0.6102645366726901,27.665754255380584,0.028212240528993373,False,False,True,True,True
1788618139.9794903,1.184688307284838,5.915228482710367,0.004588418290488631,False,False,True,True,True
1788618140.076569,2.5996361932613357,14.846886635112975,0.011079848679665652,False,False,True,True,True
1788618140.1721065,1.2873536038237867,13.509410319596318,0.009803944541435097,False,False,True,True,True
1788618140.2855673,2.4475004043739945,10.294539259114185,0.012459523427847456,False,False,True,True,True
1788618140.3791053,3.6785317094091297,13.097438101213527,0.02054997129300559,False,False,True,True,True
1788618140.4759696,2.361531407463193,14.218730892648573,0.020227066650319096,False,False,True,True,True
1788618140.5772247,0.8259553252591557,15.517598433023906,0.0104074932337815,False,False,True,True,True
1788618140.677138,0.6438821717467802,1.793675223278718,0.0021573837218376883,False,False,True,True,True
1788618140.7815182,2.370236539630092,16.501551762907642,0.011667811096642227,False,False,True,True,True
1788618140.8760722,2.4081146011195544,0.30636726029416045,0.011415232405128631,False,False,True,True,True
1788618140.9747126,0.8997079285837303,15.148866142757422,0.009714475181150362,False,False,True,True,True
1788618141.0835776,0.6021323860487704,2.743907065413955,0.0024148376171061114,False,False,True,True,True
1788618141.1868598,0.5504663483921696,0.4403837502550024,0.0017015116276298742,False,False,True,True,True
1788618141.2753403,2.5982732026226367,23.203315279623098,0.00987991565597846,False,False,True,True,True
1788618141.3724148,1.984838790973017,6.43974467616042,0.009774822481854543,False,False,True,True,True
1788618141.486544,1.4475082189265285,4.69429061420263,0.00714840642387844,False,False,True,True,True
1788618141.580923,2.394358049491258,9.917781673022839,0.008212976619931662,True,False,True,True,True
1788618141.6754692,0.7325607714276414,16.998165409175275,0.008875460494404682,True,False,True,True,True
1788618141.784991,0.2925895582198639,3.9608426587480516,0.001420582542152468,True,False,True,True,True
1788618141.887546,0.7150013423546875,4.148953409657909,0.0015356907307001741,True,False,True,True,True
1788618141.9843273,0.36245739824491247,3.6191706331368776,0.0013794373167700597,True,False,True,True,True
1788618142.0708897,0.7675094659610843,4.633922150811428,0.0007795562850121206,True,False,True,True,True
1788618142.1923714,3.1617401046182514,19.703026530673064,0.02867793570676918,True,False,True,True,True
1788618142.280698,5.321889939179543,23.788669052533166,0.03920491636871407,True,False,True,True,True
1788618142.381426,3.4821847405662716,18.288422503780808,0.03615555549179727,True,False,True,True,True
1788618142.473995,2.67349554800333,9.013017617849124,0.01973417457995329,True,False,True,True,True
1788618142.586037,0.8156290906133501,16.717624288439517,0.009603509452976527,True,False,True,True,True
1788618142.6847131,0.9283870707560438,1.065823319475647,0.0026391069576091122,True,False,True,True,True
1788618142.777862,2.174676365887227,13.387643807385242,0.009430746060995131,True,False,True,True,True
1788618142.8767202,2.23857034493224,0.5676877953910638,0.010340107885908795,True,False,True,True,True
1788618142.9881203,1.7243936017250134,4.886834725522751,0.010099190413768217,False,True,True,True,True
1788618143.0866137,0.6402221007516576,11.257523176912622,0.0074237543777694375,False,False,True,True,True
1788618143.1776507,1.7252229058339839,12.066552726342868,0.0055967918726717025,False,False,True,True,True
1788618143.2765632,0.5947780532299344,11.247376860338733,0.003972541602498684,False,False,True,True,True
1788618143.3837097,0.7068832816241463,1.0595712494069591,0.0009948186699179791,False,False,True,True,True
1788618143.4822602,0.14226234237616023,5.732228105050581,0.0012904843156333384,False,False,True,True,True
1788618143.582191,0.6059003818333404,4.648514922233781,0.0006731441117288246,False,False,True,True,True
1788618143.6778963,3.676537849392739,32.08456293880456,0.021109810178004534,True,False,True,True,True
1788618143.7898562,3.146302049151459,4.6840160841670455,0.024777927419246202,True,False,True,True,True
1788618143.8879905,0.7482999812876884,24.773019828664683,0.027161497705008777,True,False,True,True,True
1788618143.982215,0.566630864679291,1.8550694437877824,0.0013656910573745665,False,False,True,True,True
1788618144.089886,2.617331796789367,19.107279938224163,0.016707661103789864,False,False,True,True,True
1788618144.1862369,0.7702880199629855,19.251214730747186,0.014553003461967548,False,False,True,True,True
1788618144.2799308,3.3044163536033615,26.624681536701647,0.022194784550593087,False,False,True,True,True
1788618144.3772173,5.837416180173834,26.133803576101464,0.1028924201037108,False,False,True,True,True
1788618144.4926326,3.0078514166857757,24.38558535372133,0.04758317465768456,False,False,True,True,True
1788618144.5901504,0.23447979550026202,28.60049819939326,0.023793359105491088,False,False,True,True,True
1788618144.6843035,0.8044913117028063,6.024641213038215,0.0013289927673804309,False,False,True,True,True
1788618144.7731962,1.6872769998849464,9.911690635625957,0.00706457910273397,False,False,True,True,True
1788618144.8901603,3.450214166467443,14.95066213284891,0.023472819562853606,False,False,True,True,True
1788618144.984421,0.6999346655963392,29.27703768499035,0.033641318992956686,False,False,True,True,True
1788618145.0847082,4.226856681449725,35.28192399596547,0.031391270476659204,False,False,True,True,True
1788618145.1801496,0.7428548057940858,35.807007417152356,0.038351803708717984,False,False,True,True,True
1788618145.2960043,1.7172718806571645,8.499455932867356,0.010908231391404346,False,False,True,True,True
1788618145.3884375,0.6486201169610752,11.4348037311069,0.006389115028328794,False,False,True,True,True
1788618145.4854476,0.9390506550486817,3.2373522720061745,0.0018327459547664486,False,False,True,True,True
1788618145.5855937,0.7846218184578032,1.5108278992552704,0.004025239967585577,False,True,True,True,True
1788618145.6911683,0.792363563804339,0.10421613105449659,0.002226620567785913,False,False,True,True,True
1788618145.7914147,0.8809677549249556,0.6515548684608627,0.003298248465081146,False,False,True,True,True
1788618145.882844,0.565925539670976,3.6887704700979764,0.0022497681854846633,False,False,True,True,True
1788618145.981655,4.271633416415841,37.49568809001297,0.034455326878271415,False,False,True,True,True
1788618146.0894926,1.3634031531533608,26.82764205837798,0.030577597392882336,False,False,True,True,True
1788618146.1868086,0.9245453904021548,4.531470274382768,0.0036828925788362447,False,False,True,True,True
1788618146.286317,2.2792530333467855,13.591121437291973,0.011784228090371244,False,False,True,True,True
1788618146.3980193,4.515785292751755,19.81666215324231,0.03747818390119414,False,False,True,True,True
1788618146.4941359,1.2322890682641696,33.03235594979469,0.041109033678266675,False,False,True,True,True
1788618146.5857952,1.7247012972095983,5.368211610460684,0.010234311862702867,False,False,True,True,True
1788618146.683817,1.5551100978538703,1.6646360987736897,0.012372979184180599,False,False,True,True,True
1788618146.7956507,1.1325541663672736,3.8039931123079236,0.010826629987172346,False,False,True,True,True
1788618146.8941584,0.8084395386503154,3.363171951066831,0.005153232843708113,False,False,True,True,True
1788618146.9911187,2.4395685536121174,16.833269683552693,0.01349454980497413,False,False,True,True,True
1788618147.0869627,0.37695833662567696,21.468855083023197,0.010662219486200565,False,False,True,True,True
1788618147.1950724,3.1185674416808413,25.393726097237508,0.0243866489210764,False,False,True,True,True
1788618147.2893388,0.6418325859673158,25.707194135788143,0.021403124422031176,False,False,True,True,True
1788618147.3853433,1.3419782011391475,7.296329156712433,0.003912026911236447,False,False,True,True,True
1788618147.4774687,2.9052447738548177,16.594281023640704,0.011603520027655256,False,False,True,True,True
1788618147.5951796,3.809911760785898,7.13620907522903,0.07524859394013353,False,False,True,True,True
1788618147.6926885,1.1220303311370803,27.240038809314154,0.03241130632966123,False,False,True,True,True
1788618147.7901113,7.035184540298846,60.751718279177815,0.08146763235333294,False,False,True,True,True
1788618147.8880508,2.4062076061719533,45.456807556109936,0.07305104354724326,False,False,True,True,True
1788618147.9923072,1.3912953588254433,9.442095073546989,0.018119209847593184,False,False,True,True,True
1788618148.090892,4.705431723860467,33.57881160201244,0.05867313579621348,False,False,True,True,True
1788618148.1901143,0.8946136336540138,38.74458179211482,0.03757267858525894,False,False,True,True,True
1788618148.2844946,1.040908334217841,1.622197265161146,0.004992807550952416,False,False,True,True,True
1788618148.3992794,1.7644200104089736,6.326788472439387,0.006882730339717849,False,False,True,True,True
1788618148.4927204,1.5393876532909831,2.2688467634752167,0.018285760597896272,False,False,True,True,True
1788618148.5885782,0.8159258954378426,7.356544199320955,0.007210955527039773,False,False,True,True,True
1788618148.7012117,3.3775368898619487,22.72725323751967,0.0354386834436217,False,False,True,True,True
1788618148.797559,2.7213119425587946,7.149455805736026,0.026205728165600618,False,False,True,True,True
1788618148.886125,3.3785266236274416,7.279265758346681,0.04534768286617787,False,False,True,True,True
1788618148.9897544,0.7389277414384736,25.44426692104717,0.021018946143345717,False,False,True,True,True
1788618149.0969398,0.6865919006972698,0.5417062794307461,0.0018044740058548267,False,False,True,True,True
1788618149.1975663,1.3210021804153411,6.2438059457262,0.004906192219072779,False,False,True,True,True
1788618149.2933574,0.239332686618998,11.155625635589429,0.003412780606315302,False,False,True,True,True
1788618149.3864138,2.3716437971436535,22.859561119541617,0.010145056373564535,False,False,True,True,True
1788618149.5015035,1.6425635676893657,6.356209375476942,0.008718138526884727,False,False,True,True,True
1788618149.5967658,2.3698469776732165,7.541466954371445,0.008943036224392166,False,False,True,True,True
1788618149.6941283,1.0807655204580655,13.79793754640232,0.008873024260748092,False,False,True,True,True
1788618149.789393,0.7887119264346206,2.8193249597081196,0.0018289908351237102,False,False,True,True,True
1788618149.90011,0.5616743122865553,1.999437542810386,0.0017329222596198987,False,False,True,True,True
1788618149.9945588,0.3553248235923412,2.1643872315256694,0.0011795242983699936,False,False,True,True,True
1788618150.0940845,1.2594967068358016,9.02580108691948,0.0027397981467913476,False,False,True,True,True
1788618150.1845753,0.9577233393185353,3.2632538458982987,0.004591447190648435,False,False,True,True,True
1788618150.2998486,0.8246796141882972,1.191373990386737,0.002473610586188352,False,False,True,True,True
1788618150.3927934,1.3449369119064536,5.6386146822678755,0.006443899886041188,False,False,True,True,True
1788618150.4921167,3.1422170643889094,18.05862802823387,0.024809620514862827,False,False,True,True,True
1788618150.5907865,5.69927861867608,27.522723935128973,0.04979167706939974,True,False,True,True,True
1788618150.7006958,1.1365437482370484,42.07199921623327,0.05699297858972108,True,False,True,True,True
1788618150.7952545,0.7299510080279942,4.409853929553165,0.0030567641716453763,True,False,True,True,True
1788618150.8963315,2.3534340791306074,16.04632058425283,0.010508807792180894,True,False,True,True,True
1788618151.0074854,5.6091220384491045,29.12435977064783,0.05972213844510493,True,False,True,True,True
1788618151.097843,2.4229763732821548,34.96034684520318,0.05999975210548412,True,False,True,True,True
1788618151.196943,0.9088591743149496,14.697472534132997,0.008411105642618141,True,False,True,True,True
1788618151.2922666,0.6877741475430252,2.5960608962893086,0.002739303979719019,True,False,True,True,True
1788618151.4058118,2.257103661960043,13.844399031151685,0.011891052631038753,True,False,True,True,True
1788618151.498027,1.201767844143618,11.213293640166818,0.010037919449017975,False,False,True,True,True
1788618151.593097,0.15583060342338417,10.96368101805243,0.0025418785645154,False,False,True,True,True
1788618151.6916466,0.7171651736556582,5.687164187390222,0.0010801898489051856,False,False,True,True,True
1788618151.8008215,2.245140766049275,13.762896483378652,0.012135439451269232,False,False,True,True,True
1788618151.898172,0.9025620205406933,13.736309005430838,0.013748364925222505,False,False,True,True,True
1788618151.996454,2.3435192966318126,14.677142170632637,0.01081176236523559,False,False,True,True,True
1788618152.0954607,1.7826274793007115,5.681842430181873,0.00976637159180737,True,False,True,True,True
1788618152.203145,1.1750424164265052,5.599646166801487,0.013181608879188844,True,False,True,True,True
1788618152.3000548,1.7311255134705008,5.6815078694678744,0.012189883341340507,True,False,True,True,True
1788618152.394866,1.4437706763424227,3.075012747724419,0.012315574763638008,True,False,True,True,True
1788618152.4930513,0.9972599722121516,4.519975029052919,0.0032526172362220052,True,False,True,True,True
1788618152.602056,1.8627790742474182,7.837153222551254,0.013585638264353368,True,False,True,True,True
1788618152.6998312,0.9141832754797256,9.649333579237066,0.0063039403401511885,True,False,True,True,True
1788618152.7931845,0.6237523242123741,3.130324795794475,0.003033656669067896,True,False,True,True,True
1788618152.8934405,1.6065396588083543,9.821979158439811,0.004066208678886883,True,False,True,True,True
1788618153.0056612,1.3189651969588156,2.653466107935051,0.005196694268170025,False,False,True,True,True
1788618153.0977979,3.256648356093651,21.27751754362878,0.023898577353778167,False,False,True,True,True
1788618153.196741,1.881339817468525,13.866879164888426,0.03430918225654917,False,False,True,True,True
1788618153.3066049,2.6283668429549913,6.827602570168378,0.012839856119187093,False,False,True,True,True
1788618153.4040859,2.046727990077608,5.712726276731494,0.01290753176073749,False,False,True,True,True
1788618153.5001078,0.7754295556378044,13.194526193973305,0.006408345743083933,False,False,True,True,True
1788618153.5966136,3.539882861600296,28.655225431192033,0.028767248314436597,False,False,True,True,True
1788618153.7086244,0.47479199968395536,27.41711331285098,0.021132386112066293,False,False,True,True,True
1788618153.80774,2.9013059278467783,24.54189789159682,0.019473072746917248,False,False,True,True,True
1788618153.899946,1.1054044318597882,19.323311080009855,0.014061797743660487,False,False,True,True,True
1788618153.9913244,0.7934125270944243,3.4349373353313,0.0022709921138496605,True,False,True,True,True
1788618154.1047015,2.2299286585342353,12.661225302350525,0.016113865965256893,True,False,True,True,True
1788618154.2052345,4.419484853531467,21.768920615216114,0.030130253675833128,True,False,True,True,True
1788618154.3054914,0.5254411393790326,38.84392501900977,0.03754419873250555,True,False,True,True,True
1788618154.3948703,2.498628673638058,22.03939697142567,0.011932468040427503,True,False,True,True,True
1788618154.5090928,2.126901691221426,3.4261808934480817,0.03252376447325893,True,False,True,True,True
1788618154.6033704,0.8082473745822679,13.896359781006405,0.009885978420573219,True,False,True,True,True
1788618154.7010422,2.7283623619513717,19.861585534357133,0.019227417170865898,True,False,True,True,True
1788618154.7987404,3.148520445186107,3.8893619564396307,0.04746465067840865,False,False,True,True,True
1788618154.9128685,3.456237202654625,2.3490493968595123,0.026267658512523828,False,False,True,True,True
1788618155.0034728,0.22712299523337898,35.610161047239444,0.031268817579095894,False,False,True,True,True
1788618155.0999706,2.7351818077701138,25.995620046619027,0.01362590766258981,False,False,True,True,True
1788618155.209849,0.8907240742122982,16.028351265193994,0.01710929194579619,False,False,True,True,True
1788618155.310252,1.4844952932601805,5.671917412583916,0.005870514093259175,False,False,True,True,True
1788618155.4038925,7.191785079421051,60.14033359617637,0.07610654538799096,False,False,True,True,True
1788618155.5023623,3.890854887678062,33.193096082159116,0.0725184666940519,False,False,True,True,True
1788618155.6117442,5.140397945049267,11.865754503424366,0.1220146310799906,False,False,True,True,True
1788618155.7079527,5.161082783237717,0.1615395883566814,0.061370145560607284,False,False,True,True,True
1788618155.8050346,2.6606367646514664,25.82306468144008,0.07935963163016303,False,False,True,True,True
1788618155.902304,1.1337443356581214,15.66368057997294,0.018589902867296042,False,False,True,True,True
1788618156.00884,2.863544379039282,16.478850417706003,0.01560585270989969,False,False,True,True,True
1788618156.1077783,2.3049238498681843,4.777295453455666,0.03984967818908946,False,False,True,True,True
1788618156.2049363,1.2754377171987377,10.705531299378151,0.009312235855183955,False,False,True,True,True
1788618156.300947,0.7770014845987282,5.394874364863695,0.0032949314249887613,False,False,True,True,True
1788618156.412978,6.175557800793779,48.1630530035946,0.08763311757697859,False,False,True,True,True
1788618156.5095067,4.849980483223895,14.003963983274959,0.07487822346809896,False,False,True,True,True
1788618156.6091468,2.457105459357098,24.116360344810953,0.07670612771363365,False,False,True,True,True
1788618156.6981633,0.6723676691326993,20.17648375690694,0.00994738813666101,False,False,True,True,True
1788618156.8096566,6.928420641359949,56.09273807598425,0.1259281543547291,False,False,True,True,True
1788618156.910501,2.873216011342448,39.51928272962244,0.09206279288474244,False,False,True,True,True
1788618157.0003247,1.8869784963766643,10.948009387728428,0.02841290899740987,False,False,True,True,True
1788618157.09519,5.1932085493092845,34.87328931561912,0.06839383431938634,False,False,True,True,True
1788618157.2115462,2.9122466124064834,19.80296427083806,0.03825808499961386,False,False,True,True,True
1788618157.3108065,0.6275085637932645,23.032518243323896,0.024820861090141692,False,False,True,True,True
1788618157.4013946,4.733969450080826,45.30520352143771,0.033783413259300905,False,False,True,True,True
1788618157.514123,1.0081092978065176,33.5122444431015,0.029923712687886028,False,False,True,True,True
1788618157.6130896,3.1152640481523526,21.281229666954392,0.027246665039676807,False,False,True,True,True
1788618157.7088425,2.673886508801626,4.471143386797675,0.016134004729890353,False,False,True,True,True
1788618157.80478,3.8791118736031023,13.584029323813251,0.05524510967164789,False,False,True,True,True
1788618157.9148557,0.9125597109101,26.93395360823224,0.02320831517376833,False,False,True,True,True
1788618158.0098789,3.331548877370475,25.39780854002123,0.02605802741969425,False,False,True,True,True
1788618158.108426,2.497721950316522,9.274492231343281,0.01832153338185588,False,False,True,True,True
1788618158.2061143,3.4430640549119733,9.195082111891226,0.01840002698434554,False,False,True,True,True
1788618158.3172584,2.166906981752277,11.421892179499125,0.01784738055973455,False,False,True,True,True
1788618158.4049373,1.346911979896344,9.321973374690135,0.008738065803461497,False,False,True,True,True
1788618158.504766,2.379727325663925,10.313690463880233,0.018816955251025454,False,False,True,True,True
1788618158.602256,1.3058688252774244,10.406256101966811,0.010118384211204107,False,False,True,True,True
1788618158.7119298,3.0858489486890943,16.350264442331508,0.028591333223203775,False,False,True,True,True
1788618158.8097334,1.9046674150858645,12.1715829501776,0.018652411351294352,False,False,True,True,True
1788618158.9063675,4.086199088569436,22.494687798787137,0.04584437579199414,False,False,True,True,True
1788618159.0023892,1.591086291995391,25.85321244206064,0.024755794193137403,False,False,True,True,True
1788618159.1175787,0.4422410754179229,9.854418444449529,0.006213459625882152,False,False,True,True,True
1788618159.2155352,1.2464356617167351,8.261611006721543,0.00462094124236828,False,False,True,True,True
1788618159.3117101,1.0386248723431561,2.1216785523268076,0.0063090648212815945,False,False,True,True,True
1788618159.4044776,2.4701384361920073,15.44315080457999,0.016276631615896466,False,False,True,True,True
1788618159.5188413,4.3005044282413,15.4156057719393,0.03769909645302106,False,False,True,True,True
1788618159.6146798,3.101533849411283,12.563590243443388,0.037560423165520225,False,False,True,True,True
1788618159.7105877,1.6185910945246222,15.342131078004147,0.028202191268859166,False,False,True,True,True
1788618159.8129284,0.603936666120087,9.793481567829843,0.006002725685455693,False,False,True,True,True
1788618159.9188714,2.0216335014232687,13.406146413708772,0.008132765741777744,False,False,True,True,True
1788618160.0141575,1.2178016431646188,8.454362673239144,0.016243859362079914,False,False,True,True,True
1788618160.1050105,1.0535709975172456,1.8760190510099997,0.003301058988298441,False,False,True,True,True
1788618160.2190583,0.9182749958061839,1.3284715076568858,0.002531798630714983,False,False,True,True,True
1788618160.3142598,1.8989391451022406,10.432028346655974,0.009809929889935246,False,False,True,True,True
1788618160.4102585,5.07588437392751,33.02311085533919,0.0384135057675271,False,False,True,True,True
1788618160.505486,8.678079811103222,37.61044266058543,0.1032286958998397,False,False,True,True,True
1788618160.6175215,7.046611765887913,15.590657580000421,0.13074146962754585,False,False,True,True,True
1788618160.7097504,0.8319328451997897,68.1169563251712,0.11946026668224234,False,False,True,True,True
1788618160.8145738,0.610236502497872,2.298566799169876,0.002026345142033453,False,False,True,True,True
1788618160.9079785,1.1272703266690474,5.566387874330247,0.002562091839835948,False,False,True,True,True
1788618161.0228596,3.403459954797102,19.892566560275267,0.0380301108758363,False,False,True,True,True
1788618161.107907,0.8973368340280298,29.627914156763342,0.025275732671822072,False,False,True,True,True
1788618161.209735,3.091750791533476,21.615029908832508,0.024071898999363475,False,False,True,True,True
1788618161.3049407,2.617965990027687,5.296001347824015,0.016328151481229805,False,False,True,True,True
1788618161.421415,1.0886410592695768,13.155462053039477,0.017459625774543026,False,False,True,True,True
1788618161.5162866,2.8389281410112024,18.54439664064,0.011072011156932455,False,False,True,True,True
1788618161.6137307,3.255831725176329,3.788025455899885,0.017336822594778468,False,False,True,True,True
1788618161.7070897,2.2958756647408713,10.248297789663459,0.04017405869877457,False,False,True,True,True
1788618161.8166916,3.206588940302653,9.017533342815353,0.019012351059321256,False,False,True,True,True
1788618161.9196553,1.118898768807474,20.30731046783171,0.03404034641076583,False,False,True,True,True
1788618162.013503,0.5225187998954562,6.602400813211586,0.0036691124807928365,False,False,True,True,True
1788618162.1210437,3.8683811133701806,31.0408675399941,0.03214230638600498,False,False,True,True,True
1788618162.2247746,3.5357581688913773,3.01611077480643,0.02965638566066032,False,False,True,True,True
1788618162.315339,1.2438284948671567,23.452722167266206,0.031279544978728396,False,False,True,True,True
1788618162.4133158,3.1943786568058403,19.848889158717043,0.025462983858601667,False,False,True,True,True
1788618162.5237873,2.590388017755798,5.682729259823266,0.021082688487406263,False,False,True,True,True
1788618162.6188338,2.3125844526735673,4.5562558107750535,0.030866673657241963,False,False,True,True,True
1788618162.7180426,3.552356153627617,12.619458702141182,0.04226639094678465,False,False,True,True,True
1788618162.8128164,3.3966688659434876,0.22897255035536973,0.022068799582049943,False,False,True,True,True
1788618162.9205763,2.9270058553856004,4.263411530201789,0.05838354658615313,False,False,True,True,True
1788618163.020799,0.5638410089206733,23.620405575762256,0.016677714070218144,False,False,True,True,True
1788618163.115817,0.5442274556971842,0.13203415661612178,0.0014292117941354099,False,False,True,True,True
1788618163.211846,0.7509450625541719,2.144485835611995,0.0016484937156872235,False,False,True,True,True
1788618163.322449,2.669819146181966,17.125316807940635,0.020299973302010145,False,False,True,True,True
1788618163.4186528,0.7923865874052917,19.19728247767795,0.017547723972986956,False,False,True,True,True
1788618163.518193,2.6849401529290575,18.954567082914153,0.014202899417901376,False,False,True,True,True
1788618163.6143203,8.247455965230518,57.618993323454,0.09261844367343765,False,False,True,True,True
1788618163.7186823,7.107621471304509,7.65877301847126,0.11325430575105838,False,False,True,True,True
1788618163.8180122,1.1218302261848494,60.84295096849602,0.12247223664636982,False,False,True,True,True
1788618163.910346,1.7967714890802455,7.251616359726602,0.005971006431471384,False,False,True,True,True
1788618164.0082166,1.3038442051414945,5.734005068404913,0.007608806640028428,False,False,True,True,True
1788618164.1242454,0.15792933280215551,9.87072028302343,0.0030133061449667156,False,False,True,True,True
1788618164.2211673,1.3553261390396258,12.353749890606272,0.0034486657961643615,False,False,True,True,True
1788618164.3151348,5.212159256332811,41.25971748515908,0.04093747323572519,False,False,True,True,True
1788618164.427579,5.177070968887473,0.7671119838851518,0.057532007347877834,False,False,True,True,True
1788618164.5208516,0.3364856644096472,52.177498399374,0.06559034779694929,False,False,True,True,True
1788618164.6206625,2.0394330867194093,16.99581300340742,0.008535584124929085,False,False,True,True,True
1788618164.7248414,2.942702279741097,8.71752445715783,0.014822054243391532,False,False,True,True,True
1788618164.8440683,5.942155493376508,24.927870101363393,0.0722079926960114,False,False,True,True,True
1788618164.9246898,7.809975285955743,22.783668094654455,0.09078362878936422,False,False,True,True,True
1788618165.020455,5.014175133151188,28.943513916067744,0.061486291122331393,False,False,True,True,True
1788618165.115983,2.6171123372115797,23.49866322586191,0.03334119727226742,False,False,True,True,True
1788618165.243364,1.716479249313694,8.024879518350025,0.02885008342636954,False,False,True,True,True
1788618165.3281078,3.4358234813374877,20.645979696750036,0.014243033192884726,False,False,True,True,True
1788618165.4208016,5.398852704004507,21.315970768268013,0.09050043537294931,False,False,True,True,True
1788618165.514598,2.132243724112342,33.99100960806215,0.03595999379837415,False,False,True,True,True
1788618165.6381063,1.5182004130636817,4.776714624895448,0.00762971629441158,False,False,True,True,True
1788618165.7212,2.9669075672734335,18.199288193259374,0.012709673159893554,False,False,True,True,True
1788618165.8222797,4.8205409133852175,18.131204322582317,0.07978017724095783,False,False,True,True,True
1788618165.9165955,2.694401333303214,24.176322164065727,0.0414180128016106,False,False,True,True,True
1788618166.0297852,4.008324394410582,11.849695545663074,0.07266904357420102,False,False,True,True,True
1788618166.1258945,5.494495352394782,15.601096163304971,0.04968621002756553,False,False,True,True,True
1788618166.2187893,1.5488725801530914,43.52822073743302,0.0745875087799165,False,False,True,True,True
1788618166.3104105,0.7099592458956193,9.217592692081775,0.006224119817234143,False,False,True,True,True
1788618166.4239497,4.5676229791855825,34.040266736466755,0.04799094255383343,False,False,True,True,True
1788618166.5196602,1.08417296505382,36.364115435418974,0.044591454065016765,False,False,True,True,True
1788618166.618447,4.14229341017491,31.119979212049497,0.04345527346411797,False,False,True,True,True
1788618166.7323732,1.5720175347999756,23.096447623780023,0.051969157115063364,False,False,True,True,True
1788618166.826389,9.016403830746512,78.85749043872593,0.11949634669819152,False,False,True,True,True
1788618166.9212084,1.656005552804217,77.60229468918419,0.118171579454051,False,False,True,True,True
1788618167.0188649,5.973478894560268,44.17047875654456,0.08698426545201118,False,False,True,True,True
1788618167.1390266,0.8359611189404579,41.89681874087188,0.05568833678905227,False,False,True,True,True
1788618167.227533,1.1520020852498296,3.8436818813068334,0.005192130986603894,False,False,True,True,True
1788618167.326683,0.5989716421398551,5.559780108953573,0.002413800158614307,False,False,True,True,True
1788618167.425361,0.4962711756302395,1.0511526002068872,0.0014230155378680406,False,False,True,True,True
1788618167.5339706,1.420579652120201,8.495476218839068,0.006545694031420141,False,False,True,True,True
1788618167.6299453,3.303791900868843,19.626776041493248,0.016338699866006202,False,False,True,True,True
1788618167.732681,1.2222847280550735,20.441677804146966,0.018598062550805004,False,False,True,True,True
1788618167.8219295,2.087190979605635,9.247088601522615,0.012442014325888292,False,False,True,True,True
1788618167.9297738,0.6872936874568359,12.949119526502036,0.00750642997412568,False,False,True,True,True
1788618168.0323582,1.9945724562904112,12.73482267970093,0.00897004589595374,False,False,True,True,True
1788618168.1297126,0.7403111608857147,12.896175060567526,0.00894128616216599,False,False,True,True,True
1788618168.2251396,1.606883313960433,8.94617207834472,0.006153639879014722,False,False,True,True,True
1788618168.3312368,2.8357651711513254,11.402736935513346,0.014605653116589169,False,False,True,True,True
1788618168.4302895,1.9552403449314653,7.881440569670006,0.01820528023200925,False,False,True,True,True
1788618168.5243363,1.3336334129856853,6.641864137520026,0.00723144125912791,False,False,True,True,True
1788618168.6181087,0.6762416134301297,6.996988027790911,0.005300957278116654,False,False,True,True,True
1788618168.7334902,2.3638043317189315,14.537189229494269,0.01769469506035706,False,False,True,True,True
1788618168.8288448,2.432175106452331,0.4365249651105283,0.03512240747338758,False,False,True,True,True
1788618168.9276767,9.02399330756782,66.72794713399308,0.12814020701542925,False,False,True,True,True
1788618169.0379546,1.523992520999045,66.55698119572078,0.13110942886117996,False,False,True,True,True
1788618169.1320841,0.48995166646103355,10.995752831962434,0.006045567218112119,False,False,True,True,True
1788618169.226548,4.694828040754752,44.59930184040898,0.03633681161194985,False,False,True,True,True
1788618169.3265717,1.4088288034519678,33.04507014250445,0.054696622099769096,False,False,True,True,True
1788618169.434464,1.0490543160494503,3.5266162754568766,0.0036625212748936315,True,False,True,True,True
1788618169.531249,0.9326298995524837,1.0843389446296388,0.004090596346482901,True,False,True,True,True
1788618169.6289606,4.778912631070877,39.35845786802281,0.04624360406128592,True,False,True,True,True
1788618169.7223647,2.1852545973889184,29.978321984426117,0.06599934292015268,True,False,True,True,True
1788618169.8344088,1.2187954366170315,7.825940759771419,0.006457611281506154,True,False,True,True,True
1788618169.9313495,3.2609494411178104,21.032436399014536,0.016250476334597183,False,False,True,True,True
1788618170.0268586,1.0584216196952263,23.169375387560727,0.015431901794284454,False,False,True,True,True
1788618170.1251824,0.7800804968398692,2.7381916788583394,0.004124984911990762,False,False,True,True,True
1788618170.2395892,3.5545356679170523,24.255238140977717,0.028532302236243784,False,False,True,True,True
1788618170.3328764,4.417116977692115,9.764682514087198,0.03346824847181644,False,False,True,True,True
1788618170.4297385,0.3228513605145555,41.98787489414981,0.03513954889245064,False,False,True,True,True
1788618170.5273697,3.274479851601442,30.242453357634705,0.021897766716755217,False,False,True,True,True
1788618170.6290321,4.765818792516609,14.727271523324063,0.03710341615148318,False,False,True,True,True
1788618170.7296479,1.3456825744204015,33.24760298615586,0.042929627687299854,False,False,True,True,True
1788618170.8307807,0.3549946593875319,9.77397325146391,0.003736196217143934,False,False,True,True,True
1788618170.9249852,3.250931454728937,30.698256870775325,0.020559200862187613,False,False,True,True,True
1788618171.0322309,0.5484089632039855,25.332195048692892,0.01869159061099138,False,False,True,True,True
1788618171.1304355,0.3680559292191197,1.9284152696297991,0.0010125962741161763,False,False,True,True,True
1788618171.2261324,1.8961589149586426,15.929671734911528,0.006069697568516237,False,False,True,True,True
1788618171.340053,3.406650472078489,13.1180910064947,0.022737647941713242,False,False,True,True,True
1788618171.433256,3.9521336293950395,7.163653575400438,0.02880920422696435,False,False,True,True,True
1788618171.5322359,1.923080766072921,19.72327928227541,0.022791618492939595,False,False,True,True,True
1788618171.6255605,1.8799217503202919,0.07366688181379547,0.008040816076173941,False,False,True,True,True
1788618171.7367678,2.0582279673301844,1.7424578567830311,0.011877441796157101,False,False,True,True,True
1788618171.833226,0.8056443822783707,13.07032791017764,0.010150071343177204,False,False,True,True,True
1788618171.9332743,0.7535082713472815,0.5350465066225414,0.0013985272732470072,False,False,True,True,True
1788618172.0230086,3.1994190622049468,27.248740170639223,0.014297423630551408,False,False,True,True,True
1788618172.1416743,2.5604523621579287,5.437542139341337,0.018681926387165537,False,False,True,True,True
1788618172.2376592,1.4746699764768274,11.279854827675392,0.015037808430913699,False,False,True,True,True
1788618172.332287,0.41684626565273614,11.15788378388137,0.005213370264526303,False,False,True,True,True
1788618172.4227638,1.1356623184560457,7.948434518021339,0.0033166245822978907,False,False,True,True,True
1788618172.5404396,0.4785596045408062,5.556520957839997,0.003622512661956417,False,False,True,True,True
1788618172.6353014,0.38613009537871645,0.9746331749859499,0.0007940745019362975,False,False,True,True,True
1788618172.7310789,0.15007203867237207,2.4731595899808307,0.0003606422465877168,False,False,True,True,True
1788618172.828678,1.1519385335267487,10.264953281345582,0.002715785986834736,False,False,True,True,True
1788618172.9389515,1.0898878416177382,0.6278887546920547,0.006949420507225913,False,False,True,True,True
1788618173.0350323,1.9247251653046618,8.642104030797187,0.009880628052784383,False,False,True,True,True
1788618173.1309268,0.4566112339044285,15.354477752619935,0.008411717120536101,False,False,True,True,True
1788618173.2279606,1.529320632681786,11.049632754428377,0.005076814928827734,False,False,True,True,True
1788618173.3405538,0.9586216444885065,5.369337559074943,0.00424617693596115,False,False,True,True,True
1788618173.4379873,1.5166586800324093,5.696974374744919,0.009420147976659946,False,False,True,True,True
1788618173.5289404,0.9465535558079154,6.27919256066998,0.003544287297624026,False,False,True,True,True
1788618173.6421275,0.9276899431035575,0.06423500403005532,0.002063702928138065,False,False,True,True,True
1788618173.7377481,1.3033733622225294,3.9726489401532645,0.0029447029306194756,False,False,True,True,True
1788618173.8340678,0.5455853283634415,7.907688471636269,0.004491463707578377,False,False,True,True,True
1788618173.9343998,1.556970154927267,10.042274551278158,0.0043186790333186635,False,False,True,True,True
1788618174.0407736,0.9145032665127829,6.369648089775194,0.009120897642557519,False,False,True,True,True
1788618174.1428504,1.6471339042783981,7.432255733450927,0.0049340688718124345,False,False,True,True,True
1788618174.234285,2.158458477953876,5.7511030854811285,0.007864067594851837,False,False,True,True,True
1788618174.3342834,1.9919974388993267,1.6552285689327702,0.009121066573388237,False,False,True,True,True
1788618174.4451692,0.7932336907587305,10.771893248731008,0.006444979635826037,False,False,True,True,True
1788618174.5425866,1.1044770879008792,3.088567670721509,0.0027707092922757207,False,False,True,True,True
1788618174.6361065,1.2834314481326419,1.788599426936389,0.006981052996888821,False,False,True,True,True
1788618174.7251701,0.8901688954289346,4.473539710321311,0.004103327787054781,False,False,True,True,True
1788618174.8435822,0.4864736722899122,3.4179496233574347,0.001757488906479155,False,False,True,True,True
1788618174.9401731,0.7897529370757782,3.1392931122538323,0.0012254955810729747,False,False,True,True,True
1788618175.0354898,2.4626940894139007,17.545820151214773,0.008881716699914161,False,False,True,True,True
1788618175.1304367,1.869038880095719,6.506606423636779,0.010923427325452094,False,False,True,True,True
1788618175.2442389,0.8792878094349265,8.456726074710826,0.007371406557248861,False,False,True,True,True
1788618175.3325703,0.10891748721512781,8.68419660505446,0.0020069548312089936,False,False,True,True,True
1788618175.434643,0.30230098966143926,1.8970397890891528,0.0002640710936881632,False,False,True,True,True
1788618175.5307548,0.44569365328420996,1.491667633103371,0.0006369063367906205,False,False,True,True,True
1788618175.643183,1.376179446756893,8.24160749180842,0.004437647076158694,False,False,True,True,True
1788618175.7683642,1.8134478927101512,3.0276296189113823,0.0205685347147961,False,False,True,True,True
1788618175.8323069,1.5700939630431927,3.7183525818546714,0.009070135921855165,False,False,True,True,True
1788618175.956277,0.9218553167317881,5.076980812048684,0.004902660556230144,False,False,True,True,True
1788618176.0531263,1.4363795455306647,5.666925701799734,0.009398095460215784,False,False,True,True,True
1788618176.1431017,1.5120840573574434,0.8308124412307989,0.0045524762941943795,False,False,True,True,True
1788618176.2392006,1.0126248298202534,5.217226179162815,0.003743514350722971,False,False,True,True,True
1788618176.3505504,0.21164039537534854,7.188423915315533,0.0018443405837040008,False,False,True,True,True
1788618176.4449892,1.2629481502613893,11.116563072005446,0.0025307891156627522,False,False,True,True,True
1788618176.5418787,2.7277729913296738,15.101259129872112,0.011158602954856146,False,False,True,True,True
1788618176.6384351,3.2845864392138284,5.717854161990315,0.017677346354730727,False,False,True,True,True
1788618176.7473085,0.40336206609894665,26.69240257133139,0.018451667774148656,False,False,True,True,True
1788618176.8447573,2.8570524669160258,25.258904823381826,0.01848982625082047,False,False,True,True,True
1788618176.940567,0.7740527891780616,21.761117881191876,0.013738990730796511,False,False,True,True,True
1788618177.0326238,0.5167411452678401,2.8300743015877394,0.001984056137140322,False,False,True,True,True
1788618177.1500514,0.9456497315200465,3.6329085091392432,0.003025398624772061,False,False,True,True,True
1788618177.2427254,1.547737214524204,6.438627241098881,0.003933597139889847,False,False,True,True,True
1788618177.3397007,1.169198234455151,3.9945294578795414,0.0038994290825213225,False,False,True,True,True
1788618177.4345498,1.8508577451073907,7.142702619607676,0.004906581718091114,False,False,True,True,True
1788618177.5511603,1.0968444016394199,6.437232057713007,0.0051420061324146055,False,False,True,True,True
1788618177.6416621,0.87567363036621,2.4604503417798473,0.006300541244763987,False,False,True,True,True
1788618177.7378306,1.138554640882654,2.7371269937420393,0.005292508980956275,False,False,True,True,True
1788618177.836251,2.3685482138005587,12.58319352968066,0.008516753071188354,False,False,True,True,True
1788618177.948159,0.5398492943077052,16.301684474188452,0.009553740768421786,False,False,True,True,True
1788618178.042512,0.3499198768810129,2.0698808643093507,0.0009876698775321516,False,False,True,True,True
1788618178.1438875,2.085649310520078,17.106351707681405,0.008366036343797373,False,False,True,True,True
1788618178.2524831,0.8024225486891893,11.392560923700595,0.010156377490972267,False,False,True,True,True
1788618178.3508644,0.28225376320349044,5.290647108434197,0.001484427808923891,False,False,True,True,True
1788618178.4464948,0.5098413757424526,2.406775490035614,0.0008944549028784102,False,False,True,True,True
1788618178.538941,4.228968934652338,40.188385050966005,0.03510071730335985,False,False,True,True,True
1788618178.6539369,2.7686237138262295,12.866981793125262,0.02665114382162501,False,False,True,True,True
1788618178.745602,2.32040116510399,5.538774251594668,0.04056297574530846,False,False,True,True,True
1788618178.8382413,0.8208277737704038,16.207429132062632,0.008227784857176311,False,False,True,True,True
1788618178.9422605,1.3603533845600835,5.071969418877744,0.004091503707940551,False,False,True,True,True
1788618179.0513074,1.5635440973572574,1.7800041627573702,0.006706325341596419,False,False,True,True,True
1788618179.150141,0.3039918804168725,12.728632927131503,0.005262743269087043,False,False,True,True,True
1788618179.2461731,2.254167625611409,20.28940040264538,0.009369252289629324,False,False,True,True,True
1788618179.3389046,2.0892935521630362,1.6203393935135353,0.008984715800292796,False,False,True,True,True
1788618179.4548457,1.4846270406702895,4.905125736535265,0.017810350282904935,False,False,True,True,True
1788618179.5478742,3.0299858809919957,17.00815604767901,0.01506645129135185,False,False,True,True,True
1788618179.6431892,1.159814726785798,19.595026632410594,0.02152952145549804,False,False,True,True,True
1788618179.7414975,1.8399870115345045,6.71132558439674,0.008386439057581891,False,False,True,True,True
1788618179.8504696,3.562650815500594,15.76654499490496,0.024463602903661927,False,False,True,True,True
1788618179.9445074,1.044212893970988,26.6667232799829,0.02464293840337989,False,False,True,True,True
1788618180.042014,0.17504001279531126,8.808890765648684,0.002026656771874127,False,False,True,True,True
1788618180.1397467,0.502822264305657,3.353815195263743,0.0005870547304530421,False,False,True,True,True
1788618180.2502675,0.6217157462995666,1.1332134121101003,0.0018019402134691108,False,False,True,True,True
1788618180.3500557,1.6838335623110656,10.656935133742778,0.005248473240845504,False,False,True,True,True
1788618180.4439785,1.6037008189060662,0.9850749159091117,0.006728978961020952,False,False,True,True,True
1788618180.5512903,1.3958593298335493,2.1440214227183243,0.013519345645272074,False,False,True,True,True
1788618180.650431,0.6480262566415164,7.639693960084183,0.007211103751747654,False,False,True,True,True
1788618180.748193,1.1074985692997235,4.709924154000632,0.0033317885739137854,False,False,True,True,True
1788618180.8392162,0.8106337171894399,3.395942565584737,0.0022274371704215086,False,False,True,True,True
1788618180.954624,0.3944639004682993,3.609099611712691,0.00129886639293938,False,False,True,True,True
1788618181.053651,0.6329041225714803,2.365097512055866,0.0009409820218350939,False,False,True,True,True
1788618181.1506674,1.6445340198965124,10.439364926888508,0.004133723326443606,False,False,True,True,True
1788618181.2423854,2.1560967206929313,5.831092802657309,0.006933584495806181,False,False,True,True,True
1788618181.3541696,0.3556722061801634,16.014098684550707,0.008323610702458578,False,False,True,True,True
1788618181.4496856,0.7103231772499852,3.7799542166729054,0.0014544500251255743,False,False,True,True,True
1788618181.5442445,1.2694441119387476,5.917999380019248,0.004433623725632131,False,False,True,True,True
1788618181.6367242,1.51460168921865,2.440293491402742,0.01001696190133804,False,False,True,True,True
1788618181.7549849,1.1267842483857393,3.32497387348733,0.00430654903968824,False,False,True,True,True
1788618181.8547833,0.44634129663733046,6.793516848578394,0.0041010162873548,False,False,True,True,True
1788618181.9455318,0.9414248630577476,5.3508083591255575,0.0012822077674600105,False,False,True,True,True
1788618182.0447993,0.5624533670063231,3.9342787093063674,0.0017178163692841862,False,False,True,True,True
1788618182.156996,1.8404480717523002,11.159004629233213,0.00892792728535161,False,False,True,True,True
1788618182.2523317,2.587805909699591,7.943062035945656,0.010971894855391419,False,False,True,True,True
1788618182.348358,1.8720927411107935,7.366022823398741,0.009558447433621449,False,False,True,True,True
1788618182.4494274,2.499808407964068,6.731529900304663,0.011886222046735244,False,False,True,True,True
1788618182.5584054,1.0674104752373785,12.526347787752673,0.01879813260681525,False,False,True,True,True
1788618182.6473045,0.4976931443267545,6.4329299255743635,0.002578888866395851,False,False,True,True,True
1788618182.749476,1.6971212185460258,11.73003438651446,0.007626260444783112,False,False,True,True,True
1788618182.8619132,0.4184695130641293,11.374781708629277,0.007211016338907094,False,False,True,True,True
1788618182.949504,0.8591304063465667,5.02946733963744,0.000949616927457302,False,False,True,True,True
1788618183.0506263,2.1116634916923847,12.379613473759171,0.012160340599778833,False,False,True,True,True
1788618183.147236,4.752898796771445,27.561423560499932,0.0394414470534478,False,False,True,True,True
1788618183.265959,2.7322937393292968,17.396407979483193,0.03410158989593159,False,False,True,True,True
1788618183.35774,3.007634896683883,2.8484689706243027,0.05122074649562632,False,False,True,True,True
1788618183.44641,0.964181551339075,23.012481317136046,0.01189624662534008,False,False,True,True,True
1788618183.5491254,0.5289773003908245,4.09318582473837,0.00265246331651523,False,False,True,True,True
1788618183.6591096,1.6006530392206746,9.661083612504015,0.007175105687938712,False,False,True,True,True
1788618183.7589376,1.1612564787540802,4.288705863662354,0.004772082546498221,False,False,True,True,True
1788618183.8531485,0.9051951787398863,2.805812717796769,0.0037724252464371305,False,False,True,True,True
1788618183.9685333,0.49300685016851725,3.555188296726456,0.0015368452996192769,False,False,True,True,True
1788618184.0621622,0.4704977280383523,0.2541328131244478,0.0013979832469427538,False,False,True,True,True
1788618184.1642654,0.3633383098211758,0.9910603906137018,0.0006427569023639953,False,False,True,True,True
1788618184.2581017,3.339621773331044,31.82713717957782,0.021009434797424852,False,False,True,True,True
1788618184.3611257,2.4839634133241932,8.342247797101148,0.043509180008960625,False,False,True,True,True
1788618184.4728966,2.0174296437898724,4.205835045920284,0.03359099702690815,False,False,True,True,True
1788618184.5622244,3.7339232358729433,19.110295637873065,0.019360774194783957,False,False,True,True,True
1788618184.6584623,2.860052235843622,8.977637632651817,0.05420191651996515,False,False,True,True,True
1788618184.743869,0.3853785408068309,29.263144839987145,0.016516162792705368,False,False,True,True,True
1788618184.8580608,2.4711887439187232,18.229661875654063,0.015597369739099191,False,False,True,True,True
1788618184.9537597,1.007525764466199,15.313777816741139,0.014074931211723759,False,False,True,True,True
1788618185.050591,0.3845389442589409,6.469406248140033,0.0026815133876292294,False,False,True,True,True
1788618185.1691363,1.1999337390143001,6.890860863216057,0.004954764977559605,False,False,True,True,True
1788618185.2620819,1.990766067031653,8.58141075810605,0.006080691787663731,False,False,True,True,True
1788618185.3540401,1.95686255769151,0.21691359224490148,0.007098224370126488,False,False,True,True,True
1788618185.4545438,1.4146239125519378,5.421966149466267,0.005548013355782461,False,False,True,True,True
1788618185.5646403,1.5217006054318467,0.9763664658760354,0.005362348751865422,False,False,True,True,True
1788618185.6567369,0.40209708512320774,12.23376749606029,0.004907208027897066,False,False,True,True,True
1788618185.7539246,0.8788566129783152,4.921075715265427,0.0022473356236902354,False,False,True,True,True
1788618185.852673,0.5929095450099985,2.7185059376304337,0.0028777948744175275,False,False,True,True,True
1788618185.9683437,0.38591663168931184,1.766820490054648,0.0014056970664168222,False,False,True,True,True
1788618186.0639453,2.503746774803096,22.151773127210372,0.013235309411180878,False,False,True,True,True
1788618186.1583517,1.0285851361802363,15.783523005076097,0.014333385987734424,False,False,True,True,True
1788618186.2546742,0.8250766743864567,2.121600653851417,0.0022447456978084796,False,False,True,True,True
1788618186.3631845,1.475595038534732,5.918185480759039,0.007410761427404177,False,False,True,True,True
1788618186.4604526,0.604885123543636,9.039500074268473,0.006372541195988112,False,False,True,True,True
1788618186.555742,0.8944209971472665,2.9323861821637247,0.0014090196532090466,False,False,True,True,True
1788618186.650259,0.798306706453969,0.9705280403820848,0.003218941907513675,False,False,True,True,True
1788618186.7650638,1.3964832095644804,5.1283203943429525,0.007715519012579666,False,False,True,True,True
1788618186.8556054,0.5873821664467239,9.117012695241222,0.005945797368962261,False,False,True,True,True
1788618186.9550548,0.4659639022538706,1.2460601344707725,0.0011297947926069613,False,False,True,True,True
1788618187.0514746,0.44957444163530497,0.14718302883716966,0.0007913681989471832,False,False,True,True,True
1788618187.1651304,0.7081347561761931,2.330011412952718,0.0012470138383261853,False,False,True,True,True
1788618187.2655442,0.41991272703600496,2.880890828177741,0.0015342359301440062,False,False,True,True,True
1788618187.3599248,0.6076427854445824,1.8211206845437153,0.0012107577361420115,False,False,True,True,True
1788618187.472174,1.3961894564667678,6.968019170468455,0.005233575064756418,False,False,True,True,True
1788618187.5682948,2.2463925258866464,8.873061715387175,0.018953710386335875,False,False,True,True,True
1788618187.655231,2.3696869503410385,1.27958131934371,0.010061750102784095,False,False,True,True,True
1788618187.7554152,0.90532027336009,15.003676003114029,0.006832763983512649,False,True,True,True,True
1788618187.865452,1.5612563674512343,5.7293825849733775,0.005223852446424207,False,False,True,True,True
1788618187.962392,0.4385202576597165,11.544616684698129,0.005023022340134087,False,False,True,True,True
1788618188.0615017,1.2538206536996084,8.249100168139725,0.0032170981392326743,False,False,True,True,True
1788618188.1609817,0.7696239699822042,5.003904524987808,0.004939361112300165,False,True,True,True,True
1788618188.2715192,1.0757923778760003,2.7694218803770525,0.004771814868140344,False,False,True,True,True
1788618188.3665702,0.934045459857709,1.4890821998739157,0.004229031317259037,False,False,True,True,True
1788618188.4643533,4.815389538150627,39.77521363622091,0.04297526249004528,False,False,True,True,True
1788618188.5625012,2.302828889144071,25.461110470426927,0.031738373138152455,False,False,True,True,True
1788618188.672935,2.020456857989329,2.648849218617929,0.009436019306242851,False,False,True,True,True
1788618188.7611916,2.23453835159508,2.4864764945636275,0.011229091842686445,True,False,True,True,True
1788618188.863633,0.3037983654709114,18.857248659599655,0.006582438815749583,True,False,True,True,True
1788618188.955463,3.357727274579415,33.265127419422605,0.015814896381481973,False,False,True,True,True
1788618189.0693607,2.558920309034715,6.714822473014543,0.016965484574962383,True,False,True,True,True
1788618189.1675265,2.1810358619731334,3.434125450386426,0.012891967863065528,True,False,True,True,True
1788618189.2611225,1.7249875990005359,4.996905389267819,0.019646935310056228,True,False,True,True,True
1788618189.3725078,2.893228683390333,10.451312663675225,0.014600973412269578,False,False,True,True,True
1788618189.46885,2.958880913915917,0.7035985446316524,0.017378895944376756,True,False,True,True,True
1788618189.5658135,0.21325864789917395,28.37176752806218,0.014078615368964965,True,False,True,True,True
1788618189.6597037,0.7018716102833878,5.228010754291819,0.0007363513023796275,False,False,True,True,True
1788618189.7782316,2.557854856676929,15.735046069848199,0.016188749375759707,False,False,True,True,True
1788618189.8673801,1.783837083612313,8.501641551766397,0.01496048215952527,False,False,True,True,True
1788618189.9661329,1.0075920258566202,7.7916294228593985,0.009424645509252504,True,False,True,True,True
1788618190.0641274,0.6715979406797749,3.542412393348405,0.0017178529527383292,False,False,True,True,True
1788618190.172277,0.19841869656914296,4.433824253005573,0.0010111552574447065,False,False,True,True,True
1788618190.2660537,0.5441762460980984,3.633720898758856,0.00070853389760835,False,False,True,True,True
1788618190.3656735,0.13153852601716362,4.131169470748956,0.000459260254203565,False,False,True,True,True
1788618190.4571252,0.8392428678010757,7.760204699592579,0.0012482271347069671,False,False,True,True,True
1788618190.5729508,1.0236993118033058,1.580608441418925,0.002334247609038713,False,False,True,True,True
1788618190.665484,2.5024515572811135,15.958559155896467,0.00888627932281506,False,False,True,True,True
1788618190.765513,0.9732029086817561,15.210643136814026,0.012633601322937853,False,False,True,True,True
1788618190.8605525,3.290622655306809,24.348414602975982,0.01734508022541071,False,False,True,True,True
1788618190.9747639,0.7018231832819987,22.92188489909284,0.015059006711769851,False,False,True,True,True
1788618191.0664248,1.717714304539476,11.034730580048572,0.007604905995628964,False,False,True,True,True
1788618191.1616337,0.9238207262207365,8.013849448355513,0.007279696349340053,False,False,True,True,True
1788618191.2536356,0.9623135160193226,0.5186117195178489,0.0033458430232979745,False,False,True,True,True
1788618191.3682334,0.30361126568281815,5.7074182933273905,0.0014358128153184966,False,False,True,True,True
1788618191.4609683,2.134821318896852,19.77624090427497,0.007224942387823503,False,False,True,True,True
1788618191.5630045,1.2336228654877275,8.547067667640574,0.012593908863043382,False,False,True,True,True
1788618191.67775,0.22304950135047902,8.811292377604987,0.00296700776403957,False,False,True,True,True
1788618191.7715783,3.2054220740008237,31.789059197528033,0.01741247095252904,False,False,True,True,True
1788618191.868563,1.3378490073634415,19.305909649382787,0.02374146785244454,False,False,True,True,True
1788618191.9649444,3.9845645537958347,27.534569371197577,0.026297042832487315,False,False,True,True,True
1788618192.0716255,0.8960127480846573,29.918270286806987,0.025039240529945966,False,False,True,True,True
1788618192.1710343,1.1977717547745264,3.085481413479631,0.005812691519058804,False,False,True,True,True
1788618192.2669744,1.6526744350955032,4.757108031602861,0.005059665502288542,False,False,True,True,True
1788618192.3634048,0.5935476375053682,10.93048479086865,0.005629586805406219,False,False,True,True,True
1788618192.4828758,0.3879937666475401,1.703096198928583,0.0014271802814514775,False,False,True,True,True
1788618192.5757127,2.1399829183377936,18.89814879087338,0.006668210123415637,False,False,True,True,True
1788618192.6775987,0.7515230809477298,13.567156474151309,0.00616472137677333,False,False,True,True,True
1788618192.7675729,4.826130059659688,45.309123469398706,0.03276932339760691,False,False,True,True,True
1788618192.8781855,3.9835737085404794,7.648994293139647,0.03722036953421159,False,False,True,True,True
1788618192.972628,0.6067080282310654,35.52984317266964,0.04007234832124707,False,False,True,True,True
1788618193.0675275,0.8661915142953621,2.7533640023304335,0.001587213035788946,False,False,True,True,True
1788618193.1648083,1.023098882010745,1.5458137624497144,0.0032178598769533684,False,False,True,True,True
1788618193.275436,1.8679040463713565,7.68182411621965,0.008232737006295026,False,False,True,True,True
1788618193.3759363,3.459657232336399,15.928660838857404,0.020425477998899846,False,False,True,True,True
1788618193.467525,2.8831050716044926,6.934383300247599,0.052470729255009826,False,False,True,True,True
1788618193.568754,4.777442872324866,18.82836370143334,0.0346249095630818,False,False,True,True,True
1788618193.6777637,0.4539588786174095,39.65682623190382,0.04446898912403387,False,False,True,True,True
1788618193.7676325,0.8303892089749216,4.192444517928967,0.001986257130149596,False,False,True,True,True
1788618193.8685153,0.27102218098305336,5.544858505574327,0.0008809885497697824,False,False,True,True,True
1788618193.9782643,0.7866872416251279,4.707286468299849,0.0013147110123572713,False,False,True,True,True
1788618194.0796633,3.9399472951189876,31.13705604508392,0.026325406918394956,False,False,True,True,True
1788618194.1731086,4.700094850094841,8.28877205332127,0.034663466760780234,False,False,True,True,True
1788618194.2650964,1.4338095326469638,35.291571457561524,0.03246424412672497,True,False,True,True,True
1788618194.3793292,0.30833463930422045,9.847432797845155,0.0028631976246499937,True,False,True,True,True
1788618194.4800334,0.7200375925009238,4.054845131103331,0.0013146666730203282,True,False,True,True,True
1788618194.5689514,0.4074682458902851,3.5293311749493594,0.0016766486321501618,True,False,True,True,True
1788618194.6734786,0.3429657505407216,0.6291858138362799,0.0005857656588909711,True,False,True,True,True
1788618194.7796044,1.3322768061509356,9.294795602279141,0.004232595562896539,True,False,True,True,True
1788618194.8722281,1.9800338795001662,7.082975058762018,0.005637613527288796,True,False,True,True,True
1788618194.972357,1.315161260774653,6.527245874981829,0.009648881879975915,True,False,True,True,True
1788618195.0707436,0.4547947134660255,8.837600071095345,0.0031673855168395655,False,True,True,True,True
1788618195.2038195,1.2570075448115836,6.012409873754615,0.00575889720696795,False,False,True,True,True
1788618195.2728424,4.201325843835897,42.629601671349455,0.013195097759011088,False,False,True,True,True
1788618195.3698955,0.2768726067305723,40.331161971038966,0.015617978943653002,False,False,True,True,True
1788618195.469553,1.2243187320071156,9.501637400302993,0.0027863788104025497,False,False,True,True,True
1788618195.5783572,0.3894587260369256,7.461858235799434,0.003299883668203562,False,False,True,True,True
1788618195.6754124,0.6960584025686843,3.1597034135081183,0.0011089037851967952,False,False,True,True,True
1788618195.7713485,0.38076299639410954,3.305607844216413,0.0009435719529231432,False,False,True,True,True
1788618195.8689775,0.5778665078061402,2.0093882634682485,0.0010011864852078895,False,False,True,True,True
1788618195.9812384,3.8415297155315034,28.99912646572905,0.03320880472783229,False,False,True,True,True
1788618196.077353,1.1339846065322885,29.145882216714757,0.030934223437408575,False,False,True,True,True
1788618196.175582,4.710576298978708,36.351128337236226,0.04918409935205323,False,False,True,True,True
1788618196.2864628,1.8558097354560383,25.52684937985385,0.02983782021915946,False,False,True,True,True
1788618196.3823333,1.9284541967532194,0.7248290370939385,0.021137303199115772,False,False,True,True,True
1788618196.481445,0.6829434054536653,12.648253961347683,0.006044556950213201,False,False,True,True,True
1788618196.5723538,2.1177613127702752,15.705344892523057,0.005576641645459059,False,False,True,True,True
1788618196.681244,0.8753213488787273,11.478343430889549,0.005328722957305715,False,False,True,True,True
1788618196.777923,0.7893025269684658,0.8669838064293255,0.003242144401608703,False,False,True,True,True
1788618196.8761423,0.8577847276140695,0.5771587062560534,0.0014566389321975278,False,False,True,True,True
1788618196.9698853,0.833150059750464,0.1839167994698345,0.002327571125187218,False,False,True,True,True
1788618197.0830574,2.5520736092958356,15.185553232765058,0.016732916765036854,False,False,True,True,True
1788618197.183619,0.7276922459862574,17.688496007726826,0.018995998947631546,False,False,True,True,True
1788618197.282384,0.9645142280723347,2.465208162914596,0.0038674586006079556,False,False,True,True,True
1788618197.3690183,1.6205268182481274,7.5356595995347835,0.0033338019968807307,False,False,True,True,True
1788618197.488102,0.5816848418916879,8.732697920932004,0.0035642659949296595,False,False,True,True,True
1788618197.5807428,1.6226315683581987,11.306626469591137,0.004075896785084275,False,False,True,True,True
1788618197.6812985,0.5283316360779184,11.0487070940418,0.00566007497857312,False,False,True,True,True
1788618197.7706332,0.572853269727202,0.4988246301453156,0.0011769718414699991,False,False,True,True,True
1788618197.8801303,1.575474491806917,9.134566360026804,0.006759814421342033,False,False,True,True,True
1788618197.9782267,0.6416275136753893,9.43560188185467,0.00810901517255328,False,False,True,True,True
1788618198.076416,0.8104362847968712,1.7335349183089115,0.0027084616350406218,False,False,True,True,True
1788618198.1677887,0.7507421975706101,0.584430509785868,0.0016032628005285129,False,False,True,True,True
1788618198.2825637,1.5539703147853088,7.157437633669181,0.009088025869262674,False,False,True,True,True
1788618198.378604,1.6882093807891083,1.3831360420125423,0.015356207978493871,False,False,True,True,True
1788618198.4800384,3.7041627609527827,19.840666140162895,0.022718434932216043,True,False,True,True,True
1788618198.590005,1.7147076239605719,18.304437347740738,0.022533576250225427,True,False,True,True,True
1788618198.6786351,2.3262454814828555,7.08436809204445,0.020118168518514147,True,False,True,True,True
1788618198.7818277,0.30257475723408817,19.382098722958357,0.007443877587538691,True,False,True,True,True
1788618198.8795767,0.5955974104372384,2.996093154312473,0.0007963564262769483,True,False,True,True,True
1788618198.991364,1.1624653956398519,5.130668001821388,0.003910055229071081,True,False,True,True,True
1788618199.0898774,2.1229516018460752,9.864298130205881,0.007379334286250452,True,False,True,True,True
1788618199.179549,1.9491272980208136,1.514227107983032,0.007879358752552376,True,False,True,True,True
1788618199.2817435,0.3745496657290094,15.062903213724015,0.0064952677126319126,True,False,True,True,True
1788618199.3890507,2.3690085827650527,18.435456181286217,0.012380109942382941,True,False,True,True,True
1788618199.483421,0.8261579058933067,16.142925862501954,0.010421219500759695,False,True,True,True,True
1788618199.580285,1.2081900801767513,3.9626638872032465,0.0051066461332128525,False,False,True,True,True
1788618199.6800754,0.6502292562153265,5.474934965295163,0.002412737576643262,False,False,True,True,True
1788618199.7892663,0.29243693742287186,3.239319623851134,0.001304263805095933,False,False,True,True,True
1788618199.887471,0.9103881492867856,6.312338803346113,0.0020821728806566797,False,False,True,True,True
1788618199.9787996,2.190402487260944,14.037209312514518,0.00736469857554019,False,False,True,True,True
1788618200.0753033,0.680945828666967,15.76780240550179,0.007186355473691252,False,False,True,True,True
1788618200.1875994,0.9112115839104884,1.838726443421792,0.0035426587743645223,False,False,True,True,True
1788618200.2858205,3.037215316223475,21.500814219092213,0.01569404885081023,True,False,True,True,True
1788618200.3798802,3.5551196572441306,5.6077899198272165,0.020015258525980174,True,False,True,True,True
1788618200.4793918,4.629353023820848,10.669967163158844,0.03340869542400769,True,False,True,True,True
1788618200.586101,1.472160862368479,29.121358229215225,0.034452187523148596,True,False,True,True,True
1788618200.685225,1.9642151396560352,5.107901248588672,0.016456475504360298,False,False,True,True,True
1788618200.7741668,4.194719027329772,24.13204856420827,0.021547618752203037,True,False,True,True,True
1788618200.8914757,4.003145495803903,1.4521984627094917,0.035908463544849736,True,False,True,True,True
1788618200.9846916,1.7817866372827333,24.343770995149807,0.058382919084230746,True,False,True,True,True
1788618201.083359,1.48085231726417,2.8460789259476136,0.0048305573017635535,False,False,True,True,True
1788618201.180368,0.7209941139716421,7.681254167067954,0.004763996060152506,False,False,True,True,True
1788618201.289561,0.5312448907298875,1.568546623248111,0.0021656876672052207,False,False,True,True,True
1788618201.3842537,1.5453256772266764,10.561849027271206,0.003888076153276063,False,False,True,True,True
1788618201.4898272,3.7732253203391206,20.897278026582445,0.03616740325368044,False,False,True,True,True
1788618201.5787666,1.1955559086522785,28.990294239794846,0.025082597642155896,False,False,True,True,True
1788618201.6937568,1.9688577819094644,6.761052128314293,0.016108107495878845,False,False,True,True,True
1788618201.78582,3.114452397422447,12.458694166467504,0.013904311302690911,False,False,True,True,True
1788618201.882224,0.7065497487664246,24.918945426767653,0.01946528454594381,False,False,True,True,True
1788618201.980467,0.9240402424866716,2.2041401042370863,0.003316042371313601,False,False,True,True,True
1788618202.0886045,0.5995631775658098,3.013074512111525,0.0034266714279363782,False,False,True,True,True
1788618202.1905897,1.1773299791718574,5.677113256814145,0.004565359140064609,False,False,True,True,True
1788618202.2813385,3.0052561728507965,20.123353656358614,0.011350290865696442,False,False,True,True,True
1788618202.381221,0.34667883563686225,26.6086824776123,0.014473723480963072,False,False,True,True,True
1788618202.4917057,0.627656498666686,2.5149509923565248,0.0013057886397714418,False,False,True,True,True
1788618202.588334,0.7258517610276158,0.9671825639892663,0.0016687862028978437,False,False,True,True,True
1788618202.684843,1.0994856399183819,3.8403429372449502,0.0018069340522532638,False,False,True,True,True
1788618202.7794626,1.9785703064061275,9.229737028258274,0.011871444443833073,False,False,True,True,True
1788618202.8931172,0.38527610208660745,13.935416336711596,0.006170977931836592,False,False,True,True,True
1788618202.9856925,0.5833070587169249,2.0895670008152205,0.0010224866814947376,False,True,True,True,True
1788618203.0813048,0.476270328649458,1.1675080876588357,0.0008014102073439837,False,False,True,True,True
1788618203.19661,0.8097901421055428,3.021709231908226,0.0022083053388726155,False,False,True,True,True
1788618203.2888634,1.5761232580086793,8.414800461758462,0.006034230770683531,False,False,True,True,True
1788618203.39242,0.425807618491501,10.96739929260225,0.003936568872005983,False,False,True,True,True
1788618203.4820325,1.0456062563703505,6.917329757071815,0.0019915376809005346,False,False,True,True,True
1788618203.598787,0.37267118570528124,5.932585650150183,0.002216803361184741,False,False,True,True,True
1788618203.6984427,2.140044164154461,17.66990381502523,0.008238025305015826,False,False,True,True,True
1788618203.7899086,0.72547710746689,15.26880323353469,0.011116868890831457,False,False,True,True,True
1788618203.8901558,0.34002788488174895,3.868177791091335,0.001093406033576545,False,False,True,True,True
1788618204.0035932,1.4814208214663591,10.033567807566905,0.004803657667710449,False,False,True,True,True
1788618204.0949166,2.225755024767235,8.295810881085943,0.00804021406631124,False,False,True,True,True
1788618204.192317,0.5574582504716072,17.450811936318956,0.007035551124703326,False,False,True,True,True
1788618204.28782,1.3356071706609063,8.214428257036257,0.004262912750689475,False,False,True,True,True
1788618204.3999035,3.024825338873386,15.131501016962247,0.02305188516175604,False,False,True,True,True
1788618204.4995017,1.1608199520519995,18.620051580432992,0.020702060653095475,False,False,True,True,True
1788618204.5924604,3.5368572998980348,25.62498309700278,0.022927389993646397,False,False,True,True,True
1788618204.6871204,6.94211306088723,36.411164902301614,0.06352813221860171,False,False,True,True,True
1788618204.797599,0.6016694794477726,57.16915754529557,0.07645512192305233,False,False,True,True,True
1788618204.8908687,0.8363203621769623,2.402623614758299,0.0016833121034059517,False,False,True,True,True
1788618204.9934826,1.5065097028743506,6.311668057174651,0.004493313070567557,False,False,True,True,True
1788618205.0852199,0.6613355647660346,9.152249981419992,0.004287408423903239,False,False,True,True,True
1788618205.1979203,2.6828205728022128,17.97928180753753,0.019553169086140527,False,False,True,True,True
1788618205.2942991,2.034135967902955,6.802169323326699,0.03236066090630773,False,False,True,True,True
1788618205.3948684,2.2862421964265907,2.608210679977238,0.00974975320576883,True,False,True,True,True
1788618205.5004132,0.5637683455119115,16.59835237798489,0.009909392848114403,True,False,True,True,True
1788618205.5971644,1.1683043777050077,6.0638879749138965,0.003608196877002979,True,False,True,True,True
1788618205.6986258,3.1503618734010983,19.55206392068797,0.020069683635864238,True,False,True,True,True
1788618205.7954507,2.3901358224809552,6.998801942322275,0.01758715432744206,False,False,True,True,True
1788618205.9035492,5.263631438679386,26.869299219728493,0.05324778125231313,False,False,True,True,True
1788618205.9977007,1.4508600768697628,38.112988677579295,0.059717938156135686,False,False,True,True,True
1788618206.0883756,5.439806090692607,44.60131123250676,0.055144796694162675,False,False,True,True,True
1788618206.1890845,1.3333770629927661,38.586308480596806,0.05209135772249007,False,False,True,True,True
1788618206.3016446,0.7656310986866564,4.804972722127424,0.006939249853201154,False,False,True,True,True
1788618206.3969977,0.6548968152672764,1.142423788149002,0.003072615987378866,False,False,True,True,True
1788618206.4928913,1.140568725611286,5.112584093447171,0.0023291647321298866,False,False,True,True,True
1788618206.5894318,1.1016586552109646,0.7274011003203368,0.005305218506774374,False,False,True,True,True
1788618206.6965535,1.7020286238315736,5.519243954184909,0.011694056090382097,False,False,True,True,True
1788618206.7970843,3.706897875740651,19.72173802429126,0.04894546270114199,False,False,True,True,True
1788618206.892059,2.409745133084733,13.746378460434242,0.02282151246388799,False,False,True,True,True
1788618206.988937,0.8513659588139129,16.037591469226285,0.014977215689046352,False,False,True,True,True
1788618207.094461,1.5245729392142506,6.378702653593669,0.008326934586832929,False,False,True,True,True
1788618207.1981623,0.8332609089399197,6.758927525994816,0.008968599968517137,True,False,True,True,True
1788618207.2937548,0.47811603677899633,3.7169803261974685,0.0018196588704875532,True,False,True,True,True
1788618207.3867745,0.7692835977668874,3.153965175410114,0.0011428419808238322,True,False,True,True,True
1788618207.500124,0.566314568748512,1.8827097505629156,0.0021046040902359866,True,False,True,True,True
1788618207.599127,2.41494689504391,18.576579035705567,0.012067862850226735,False,False,True,True,True
1788618207.6941469,0.7730031865971829,17.532000605888147,0.01391947908454525,True,False,True,True,True
1788618207.8048065,0.8267920525096294,0.3882852289508592,0.0027071514715030238,False,False,True,True,True
1788618207.9007726,0.4407823918094722,4.039932373624826,0.0022017627479701744,False,False,True,True,True
1788618208.0006688,1.903206560538748,14.699770855774299,0.006820340505505988,False,False,True,True,True
1788618208.0938308,1.147568182372973,8.36744752155472,0.0058829222338266825,False,False,True,True,True
1788618208.2043188,0.3435353070118312,7.253174040129608,0.001978843987533431,False,False,True,True,True
1788618208.3002522,0.9964608575797717,6.771271362960609,0.0016383991534285654,False,False,True,True,True
1788618208.4004045,0.9186717939915424,0.7876423490227666,0.004181670822217135,False,False,True,True,True
1788618208.4984224,0.6873764771676149,2.2167883783965405,0.0031138445556610408,False,False,True,True,True
1788618208.6073499,0.5666839381136222,1.120488375583875,0.0022692638086742323,True,False,True,True,True
1788618208.7081633,0.7805442094324261,2.240444759496003,0.0023141908175738526,True,False,True,True,True
1788618208.7958193,0.5400995199843849,2.553954888628674,0.002185568042561729,False,False,True,True,True
1788618208.895906,1.5911436427619703,10.591466533234536,0.0054126827295357515,True,False,True,True,True
1788618209.0035195,0.38774403481501585,11.24202038980466,0.005405299524725186,True,False,True,True,True
1788618209.0986314,2.641992162861336,23.70993898723283,0.013870254262674044,False,False,True,True,True
1788618209.1980228,0.4900952353081983,21.622528062860443,0.015636911158074716,False,False,True,True,True
1788618209.2936225,2.095494992214211,16.90020872830234,0.007721524090307925,False,False,True,True,True
1788618209.4075844,0.9091039880524476,10.403338919739845,0.012056098125548417,False,False,True,True,True
1788618209.502685,2.9482011311021106,21.38109092271476,0.014993092671382567,False,False,True,True,True
1788618209.5943727,0.8329290167632494,23.035349974509632,0.021681167700169816,False,False,True,True,True
1788618209.6916654,0.4029895248751739,4.428509653953821,0.0010170786705425228,False,False,True,True,True
1788618209.8052099,1.153286375842586,6.6156492582664645,0.0033019710980287187,False,False,True,True,True
1788618209.8975148,2.174929468564376,11.027329141352164,0.006837391830155979,False,False,True,True,True
1788618209.9953127,0.7253155368400508,15.521463569159991,0.008720412343368431,False,False,True,True,True
1788618210.1128528,0.564174839733922,1.4130133607074535,0.0020322745365697185,False,False,True,True,True
1788618210.2023778,2.26254266661347,18.972086981246584,0.007164152023807575,False,False,True,True,True
1788618210.3004513,3.2962804855272516,10.602751355305656,0.042811544360212055,False,False,True,True,True
1788618210.3960137,1.5445208177457928,18.340423431584746,0.01665500349413935,False,False,True,True,True
1788618210.513083,0.5400615264665674,8.768242044908485,0.0066204223342934895,False,False,True,True,True
1788618210.6053205,1.174860772187727,6.858416812819055,0.003821607298552675,False,False,True,True,True
1788618210.6931646,1.8157834972224633,7.423660351113882,0.008461632912314766,False,False,True,True,True
1788618210.8002322,0.3212989824405721,13.753164404037484,0.00585122980115039,False,True,True,True,True
1788618210.9114432,0.32291054251621587,0.02079387586400683,0.0005409719532512615,False,False,True,True,True
1788618211.0038052,0.945259638021571,6.748993400850704,0.0017355178840835952,False,False,True,True,True
1788618211.0986032,0.9955144980480755,0.601462242309905,0.003150315638893421,False,False,True,True,True
1788618211.1958525,1.7401648474741795,7.683320375478027,0.005157530743887187,False,False,True,True,True
1788618211.3038478,0.44711479404037013,11.679334537913222,0.005412525923965063,False,False,True,True,True
1788618211.4020672,1.7922543699063893,13.642721592140838,0.007720256983947427,False,False,True,True,True
1788618211.4998744,2.9771956295769244,12.10454458321057,0.015136356471759042,False,False,True,True,True
1788618211.5976663,1.114818303385303,19.129844105687308,0.013763138148399214,False,False,True,True,True
1788618211.707269,0.9548766662120627,1.6184774621165192,0.006945038800126666,False,False,True,True,True
1788618211.800144,0.733649440878734,2.425339117642526,0.0033245410493352636,False,False,True,True,True
1788618211.8992348,2.590493833061916,18.713452423470596,0.016075894665067186,False,False,True,True,True
1788618211.9896042,2.2674277454413785,3.0657305627110536,0.03185885898672418,False,False,True,True,True
1788618212.1140215,1.4018300439923046,6.815181184742314,0.02204620167252613,False,False,True,True,True
1788618212.2008717,1.1466091672940462,3.3249442622676946,0.005247050826731486,False,False,True,True,True
1788618212.2989585,3.129575930215038,19.92228734998133,0.02670397376285604,False,False,True,True,True
1788618212.4106393,0.6698318068194494,21.906454790486677,0.021671234835717215,False,False,True,True,True
1788618212.5058851,0.6394491111051793,0.16622955064512165,0.0014654385550741502,False,False,True,True,True
1788618212.6067243,0.48255611279333155,1.5264228466895813,0.001563666706668126,False,False,True,True,True
1788618212.7028291,0.689601506587592,2.2027611717505553,0.0010626901210746438,False,False,True,True,True
1788618212.8131497,0.7985574694504823,0.7989170413009783,0.0019114595723109646,True,False,True,True,True
1788618212.9023619,2.7926094827636136,22.271366783837504,0.011338798224179188,True,False,True,True,True
1788618213.004861,1.4514154833317332,12.66166761409073,0.009515021046491882,False,False,True,True,True
1788618213.095314,4.462100872542196,33.43339133841111,0.048143208146101776,False,False,True,True,True
1788618213.2152648,1.7945121525872103,20.39288528522959,0.03542036418066274,False,False,True,True,True
1788618213.3086967,0.8586916783118547,9.986636267680376,0.00876652604270544,False,False,True,True,True
1788618213.4069755,1.197374449543862,3.4807443630229513,0.004641662913873404,False,False,True,True,True
1788618213.4976666,0.6644054207584593,5.812707786887556,0.0047732397482530475,False,False,True,True,True
1788618213.6107264,0.8856089207394909,1.9071749051763702,0.0034965242186202096,False,False,True,True,True
1788618213.709162,3.8158194937968135,29.57450826869221,0.024898368904639978,False,False,True,True,True
1788618213.805964,4.528405365410782,6.802418126665093,0.036866609601859356,False,False,True,True,True
1788618213.8978932,0.7667765203756958,40.828658855539175,0.046093799297190624,False,False,True,True,True
1788618214.0116408,1.7844986918884227,8.825122900380727,0.011909224812787784,False,False,True,True,True
1788618214.104901,1.0292699314921947,8.103747021386559,0.012776319098124097,False,False,True,True,True
1788618214.2060835,2.0500729894269973,10.184025330194777,0.0070415086357040095,False,False,True,True,True
1788618214.3016076,1.1092291314579652,9.671384059657528,0.010402432823080756,False,True,True,True,True
1788618214.4108183,3.2241261279241176,19.217441269596968,0.03137234134951444,False,False,True,True,True
1788618214.5125144,3.5980293453539156,3.8033556970278375,0.027509503510087734,False,False,True,True,True
1788618214.6068888,2.7313986460251307,9.321792658740742,0.022493271588676887,False,False,True,True,True
1788618214.7185335,3.1892923158580384,3.6961992798447065,0.024020726160430002,False,False,True,True,True
1788618214.8128347,2.6544675017048487,6.111922409279663,0.020664146080348673,False,False,True,True,True
1788618214.9057145,0.8497516315323381,19.577632386855147,0.01001741922548432,False,False,True,True,True
1788618215.0003128,1.8383001075230434,10.46298532175689,0.009498047187884108,False,False,True,True,True
1788618215.1210337,0.9656464847819349,7.071389908595875,0.004907850622328305,False,False,True,True,True
1788618215.2137508,1.6008810366631852,7.034509012938382,0.010464099369998018,False,False,True,True,True
1788618215.3115675,0.28840776620409136,13.2572479468965,0.004169221623082647,True,False,True,True,True
1788618215.4026027,2.415912160368918,23.32443306051815,0.0092382081005113,True,False,True,True,True
1788618215.5188684,4.07243538172211,14.167309574960964,0.03450237135067264,True,False,True,True,True
1788618215.610152,2.2106965152787152,20.286652805953768,0.03452306085339067,True,False,True,True,True
1788618215.7035856,2.0838544598014557,1.417338626859652,0.023711469085820027,False,False,True,True,True
1788618215.8000846,1.4190870577127266,6.888021016394909,0.006302050125979038,False,False,True,True,True
1788618215.9234974,0.6994780260953246,5.86751458507657,0.003303732378656614,False,False,True,True,True
1788618216.0242834,2.7120399675541758,19.96741853723793,0.012484161516887292,False,False,True,True,True
1788618216.1107943,0.39211102325588887,26.758329550007073,0.015575150698456825,False,False,True,True,True
1788618216.2172465,2.4430555890500214,19.239292550219137,0.0133596730112699,False,False,True,True,True
1788618216.3193576,1.5138609694506808,9.355418743894386,0.010913912118621192,False,False,True,True,True
1788618216.4216123,0.5779984482618514,9.117538435548315,0.006491890541170479,False,False,True,True,True
1788618216.5151217,1.6317958478758101,11.341571042288038,0.006932166177888741,False,False,True,True,True
1788618216.608307,0.4029395048811803,13.077574165510525,0.005475016129489464,False,False,True,True,True
1788618216.719354,0.342102128713571,0.5475903688566526,0.000554724056353061,False,False,True,True,True
1788618216.8080196,0.8169546840032365,5.367089714161903,0.0017591091231110496,False,False,True,True,True
1788618216.904006,2.335807375961328,16.012100806229615,0.014590161371608505,False,False,True,True,True
1788618217.0293636,0.550477852629998,14.276652258831474,0.013732026069799381,False,False,True,True,True
1788618217.1193254,1.3038033274095695,8.105555573338009,0.003183602579037012,False,False,True,True,True
1788618217.2143972,3.747584461219904,25.713099373237778,0.030793746312046396,False,False,True,True,True
1788618217.3094053,2.25197324171638,15.6103132970683,0.022670569685122093,False,False,True,True,True
1788618217.4255838,0.46068075552151877,15.447958195363501,0.0083763480958999,False,False,True,True,True
1788618217.5163262,0.37776780968732404,0.8614370494010913,0.0005355759705130107,False,False,True,True,True
1788618217.6041188,3.6112764885572766,36.85856910228525,0.021963446288568257,False,False,True,True,True
1788618217.7078588,0.555878652289677,29.521619545425956,0.02125281054949785,False,False,True,True,True
1788618217.8194878,1.0392605244913413,4.334191991020463,0.003689977674150434,False,False,True,True,True
1788618217.9163787,0.38640781726133516,6.589451873119887,0.0028998589093822843,True,False,True,True,True
1788618218.0086615,0.38157608668718007,0.03844996338692602,0.0005866909236158037,True,False,True,True,True
1788618218.103897,0.21824547122050886,1.6915043772764773,0.00031823546648609014,True,False,True,True,True
1788618218.2218854,1.4348836660744317,10.332427744599848,0.006212201680396189,True,False,True,True,True
1788618218.314285,0.3536097476796547,11.665314450411628,0.005882000179797867,True,False,True,True,True
1788618218.4136472,0.7309273917401918,3.87606409985917,0.0013898352761476092,True,False,True,True,True
1788618218.5091205,3.0370686074117863,24.288256501235505,0.02272441955068525,True,False,True,True,True
1788618218.611903,0.7022668392878691,23.0563229777472,0.018907345422330524,True,False,True,True,True
1788618218.7141244,1.2803357849004795,5.6398970777340205,0.0037741510025987137,True,False,True,True,True
1788618218.8046498,1.2773370455168418,0.6360944076631679,0.00505513970396589,True,False,True,True,True
1788618218.9093263,1.156634718137215,1.1205389846005236,0.005837244730713989,True,False,True,True,True
1788618219.0164633,0.4424990707088431,6.5602588792668906,0.004004569373869938,True,False,True,True,True
1788618219.1161046,0.7029925588848526,2.63214850504502,0.0017263231468816022,True,False,True,True,True
1788618219.212067,0.9637191145402005,2.5967346435306475,0.0027340239514620545,True,False,True,True,True
1788618219.320434,0.5116953136078761,4.15361310974628,0.00181426364610086,True,False,True,True,True
1788618219.4184582,3.184349367607151,27.306248841619364,0.02266973922205441,False,False,True,True,True
1788618219.515534,2.958413209538657,2.7302617018354045,0.02221697012975397,False,False,True,True,True
1788618219.6104507,2.4418044678992463,5.5420801171375595,0.01715366627934464,False,False,True,True,True
1788618219.717795,1.0789444504321255,12.7362545714028,0.011213378104834632,False,False,True,True,True
1788618219.8166018,1.9069626630666328,8.33076443007023,0.007101362146555183,False,False,True,True,True
1788618219.9154873,2.0122360711551823,1.1063246404288998,0.009305699597487255,False,False,True,True,True
1788618220.010573,0.2899383776523192,17.873267227753807,0.007532519818850959,False,False,True,True,True
1788618220.121245,0.32217014602087346,0.2872079406701702,0.00031194320130858923,False,False,True,True,True
1788618220.2214386,1.9595349812433573,16.359556232474116,0.0072882334215164995,False,False,True,True,True
1788618220.3195882,0.9968553585348768,10.000764766963837,0.006616661199731763,False,False,True,True,True
1788618220.4152277,0.7064150020680028,3.0913755565049863,0.0036542497508733236,False,False,True,True,True
1788618220.5217,3.8649883884389125,29.529596261860284,0.030809931276664187,False,False,True,True,True
1788618220.612154,1.2926155003283155,27.6467282962081,0.027122835372446467,False,False,True,True,True
1788618220.71743,3.460251973234344,20.786367136164497,0.03838555379470539,False,False,True,True,True
1788618220.8115528,0.8620218734667843,27.436312657320304,0.023371906813924093,False,False,True,True,True
1788618220.9246354,2.035558989164309,10.289236857355064,0.008749508761261132,False,False,True,True,True
1788618221.0133321,0.7314575951699305,14.892742192646102,0.00934965753615916,False,False,True,True,True
1788618221.1206555,0.6032826692264026,1.4074971462021115,0.0018190963975620964,True,False,True,True,True
1788618221.220787,2.140637679456819,15.429750300036238,0.010021847169756582,True,False,True,True,True
1788618221.332806,0.6176991122856329,13.838614110511413,0.00999212466983537,False,False,True,True,True
1788618221.4301145,1.1350541943960073,5.197660380851147,0.0025693172655289337,False,False,True,True,True
1788618221.5207765,0.6039030056288607,5.9898954511696205,0.003858834997899821,False,False,True,True,True
1788618221.6355534,1.5542210722538052,8.267512663007343,0.005479289466829641,False,False,True,True,True
1788618221.7340894,1.0621126651924329,4.553222806788324,0.010209342738647766,False,False,True,True,True
1788618221.82727,1.6617357632721368,6.438792897315187,0.0044029289538475335,False,False,True,True,True
1788618221.921767,0.19274821979336004,15.404711011825274,0.004780515882003918,False,False,True,True,True
1788618222.031042,0.8223726133692072,5.799915553966699,0.0018080389189284974,False,False,True,True,True
1788618222.1437573,1.4533206386729354,5.6650169120263865,0.008992279226518107,False,False,True,True,True
1788618222.2126982,3.2108231288315827,25.427969229958872,0.008615783592035499,False,False,True,True,True
1788618222.3094165,0.8529540357704237,24.637258441877687,0.010606253915458802,False,False,True,True,True
1788618222.4241095,0.9882724062956946,1.1628502958378264,0.004548469834001115,False,False,True,True,True
1788618222.5215354,0.9714801135000308,0.3153289421298999,0.002633590622250219,False,False,True,True,True
1788618222.6149235,0.7685127672505161,2.2153738804030265,0.003220083563924464,False,False,True,True,True
1788618222.7103758,0.48382489064565026,3.0034398045343655,0.0015253024669733902,False,False,True,True,True
1788618222.825966,0.568239144687339,0.7370430167721679,0.0012347786745743404,False,False,True,True,True
1788618222.9215949,0.7251114231049152,1.6625272319075917,0.0018581288288670966,False,False,True,True,True
1788618223.013362,0.6642887311923971,0.6453748928025939,0.0016228241475086292,False,False,True,True,True
1788618223.1100643,2.093705124700514,14.881539291944513,0.009629339220044681,False,False,True,True,True
1788618223.2397048,1.6857060762834546,3.3451053372352058,0.010206113911819284,False,False,True,True,True
1788618223.3300226,1.6173249236282448,0.9096592306737917,0.01976620599542092,False,False,True,True,True
1788618223.4301991,2.739955201861656,11.447332647416166,0.012586778573127148,False,False,True,True,True
1788618223.5193024,0.8595157874841597,20.275234980447486,0.017854412519546288,False,False,True,True,True
1788618223.6284618,1.3884858328271001,4.958971318910566,0.004743107410576543,False,False,True,True,True
1788618223.7295642,1.521994460278983,1.2019692761928933,0.005857695228322722,False,False,True,True,True
1788618223.8169906,3.3440271926069913,20.60487069851131,0.01438225347736553,False,False,True,True,True
1788618223.9252782,1.053712962632239,21.7367582747775,0.023847684325255573,False,False,True,True,True
1788618224.0238883,0.8011231359670414,2.378660420344836,0.003220164570927749,False,False,True,True,True
1788618224.1244495,1.1702944837607459,3.671886062315784,0.004545690828090886,False,False,True,True,True
1788618224.2202692,1.038181412876847,1.4107394143389143,0.002692190897269644,False,False,True,True,True
1788618224.3322027,1.5596774111123954,4.701733045252001,0.0051689430253275635,False,True,True,True,True
1788618224.421012,0.8497434916899785,7.943493738918961,0.009327339716712393,False,False,True,True,True
1788618224.5209894,0.3485306164637448,4.996372592783537,0.00170182988912312,False,False,True,True,True
1788618224.6136544,0.43203981105084394,0.8644628366007752,0.0007965818872646154,False,False,True,True,True
1788618224.729374,1.5221326507512007,9.405564338897062,0.005526006218722207,False,False,True,True,True
1788618224.8238645,1.9520200346300534,4.614755533802188,0.00681721799573326,False,False,True,True,True
1788618224.9253798,0.6503138856865305,12.820210045413164,0.010085248579895725,False,False,True,True,True
1788618225.018575,0.6942223911636001,0.5489327517559834,0.0013924848016206516,False,False,True,True,True
1788618225.1304293,0.5009495214221004,1.6262360969124192,0.0021201827857205624,False,False,True,True,True
1788618225.221845,0.9965499827719694,5.510608931116241,0.00290942540272802,False,False,True,True,True
1788618225.3217251,1.7247600875509688,7.318345543685806,0.005431785842994672,False,False,True,True,True
1788618225.4155629,0.299480431792125,15.180118363555458,0.006376844169176631,False,False,True,True,True
1788618225.5300374,1.6118765755216262,11.460501740990926,0.00755911139605549,False,False,True,True,True
1788618225.6288347,0.22731217747418053,13.989788345694807,0.0071982552263236245,False,False,True,True,True
1788618225.7225616,1.635889925341741,14.99650901684985,0.005302813527897556,False,False,True,True,True
1788618225.8362305,1.5023573457310033,1.131106115884399,0.006554266020132773,False,False,True,True,True
1788618225.9331093,0.7688888307102824,7.634487124069456,0.007226576246949115,False,False,True,True,True
1788618226.0263677,1.802219256909987,10.900435803047921,0.006305274564310438,False,False,True,True,True
1788618226.1244686,0.8086693269167685,10.123110503808697,0.005011532140404529,False,False,True,True,True
1788618226.2388427,0.9168964784619265,0.8380670047204954,0.002560351416521575,False,False,True,True,True
1788618226.3325796,3.2833342723721675,25.096728500155265,0.015470922921055789,False,False,True,True,True
1788618226.4288049,1.05979749016468,23.373245851617956,0.02706307990177621,False,False,True,True,True
1788618226.522944,1.3486336847080111,3.156389010380745,0.006996356866308608,False,False,True,True,True
1788618226.6354809,0.3230974594597627,9.041078881999896,0.00325315935250443,True,False,True,True,True
1788618226.7337751,1.5248185037071884,12.214195925385427,0.005389017250219766,False,False,True,True,True
1788618226.8288906,2.206281383520334,7.275780357393822,0.007430252605681437,False,False,True,True,True
1788618226.924107,0.54801550796791,17.425589516173797,0.008178813419413773,True,False,True,True,True
1788618227.0362337,0.47524809385534794,0.7233122172528748,0.0014645746611891494,True,False,True,True,True
1788618227.1326067,2.4038793460170584,20.05357310730803,0.01018317657362754,False,False,True,True,True
1788618227.2297618,0.7695093910702678,16.820446304727913,0.008977067676279735,False,False,True,True,True
1788618227.3212876,2.8393815041382773,22.554484697913416,0.017764372406792083,False,False,True,True,True
1788618227.4373899,0.9562618432627921,16.823997407458783,0.019507292213622202,False,False,True,True,True
1788618227.5298674,2.026222184503286,11.526120139955651,0.0063768167529842075,False,False,True,True,True
1788618227.6252089,0.5205382927960888,15.814777128889132,0.008761578409424098,False,False,True,True,True
1788618227.722536,3.9043149523897682,34.85306554500459,0.026595544348323424,False,False,True,True,True
1788618227.837104,0.739148019670463,27.621324232889663,0.024346170164703796,False,False,True,True,True
1788618227.92276,2.5762914333412863,21.41347099165233,0.0144839527197871,False,False,True,True,True
1788618228.0260317,1.3935219958807006,11.406235182019682,0.007580609874472775,False,False,True,True,True
1788618228.138288,0.46120340206279764,8.20960772037024,0.0058040169015038875,False,False,True,True,True
1788618228.2371914,1.689480929575955,12.54291200823238,0.007842303359929411,False,False,True,True,True
1788618228.33609,0.4058032693796053,12.837861540627697,0.0049810804660031785,False,False,True,True,True
1788618228.4253244,0.9839762129400872,6.481697855400127,0.0020083538357216165,False,False,True,True,True
1788618228.541531,0.44994335773704935,4.538757184227429,0.002062675254930301,False,False,True,True,True
1788618228.6344936,1.5068298352090506,11.386957094372976,0.005211374231360378,False,False,True,True,True
1788618228.7302945,0.33678227784886683,12.302476978816818,0.0035166691119127053,False,False,True,True,True
1788618228.8226788,0.2121643658598143,1.3469711044598218,0.00036326468886912583,False,False,True,True,True
1788618228.9405265,0.9660649258108678,6.3801412212279445,0.0030559103403574274,False,False,True,True,True
1788618229.0410116,0.7262608840737677,2.7211821851640976,0.003702616777446379,False,False,True,True,True
1788618229.1328895,0.5143008149774276,2.269998226195557,0.0011261231480348354,False,False,True,True,True
1788618229.228765,3.043448365461005,26.442140781381124,0.017238666154323592,False,False,True,True,True
1788618229.3394055,1.7022879206352988,12.41958288501248,0.013607365492084954,False,False,True,True,True
1788618229.4342794,1.224039232349243,5.61806621439615,0.01370814923320801,False,False,True,True,True
1788618229.5322437,2.775861090874082,16.125777266849205,0.016323640708255458,False,False,True,True,True
1788618229.6283543,0.6919364300172114,21.517599441662323,0.01344612577395293,False,False,True,True,True
1788618229.7395823,2.0955079024047927,12.775013940130407,0.01384125527139359,False,False,True,True,True
1788618229.8374848,2.8823843519613126,8.006788973382525,0.014400073195883984,False,False,True,True,True
1788618229.9293885,2.7687097005970096,0.8904667691107123,0.01816190663147806,False,False,True,True,True
1788618230.0253022,0.6720244661416073,21.373372669287,0.013884632911595054,False,False,True,True,True
1788618230.1386435,1.5894059488030126,8.137705865543719,0.008481424698245376,False,False,True,True,True
1788618230.2349515,4.914103324825663,34.480223706330406,0.06281124495787711,False,False,True,True,True
1788618230.3278286,3.4480108441984503,15.25997682697634,0.03784622518089662,False,False,True,True,True
1788618230.4443738,3.1499041621182418,2.604170406681985,0.06706602918839831,False,True,True,True,True
1788618230.5390527,3.091077425374903,0.9934685153769751,0.028580920513162807,False,False,True,True,True
1788618230.6528459,2.1915126462147136,8.647259008549586,0.017494898380661966,False,False,True,True,True
1788618230.7300577,0.6326478243428342,20.4205143217359,0.014198679272958509,False,False,True,True,True
1788618230.8410885,0.9645720352954289,2.940222488188692,0.002217099210617215,False,False,True,True,True
1788618230.9396403,0.28379362175930906,6.9675802858941545,0.002326746968691004,False,False,True,True,True
1788618231.0386326,0.60772867807035,3.29020445780282,0.0009713515524284341,False,False,True,True,True
1788618231.1282206,1.341837499574773,8.195819824722701,0.003484071532160154,False,False,True,True,True
1788618231.249004,0.2764094828825151,8.718839145649136,0.002495269689632976,False,False,True,True,True
1788618231.3387828,0.43371030514260916,1.742195967910517,0.0007465256273838886,False,False,True,True,True
1788618231.4345088,0.5410973341824676,1.110223047065753,0.0005361799846665121,False,False,True,True,True
1788618231.5332963,2.3710715033589023,18.48740386695734,0.009443925033968912,False,False,True,True,True
1788618231.6434395,0.6177120482640263,16.289302850236012,0.014458778767933344,False,False,True,True,True
1788618231.74018,0.7033505946323036,0.8667677703297983,0.0022900628271032655,False,False,True,True,True
1788618231.838507,3.119889915633581,24.63175517024124,0.019668466150093496,False,False,True,True,True
1788618231.9328833,1.453959340261271,17.51996628234058,0.022988411739289272,False,False,True,True,True
1788618232.0462275,1.005434061617674,3.8689610461991273,0.006204477501420984,False,False,True,True,True
1788618232.1369357,1.7469599248914844,8.187578970977544,0.011037606151292728,False,False,True,True,True
1788618232.2381945,0.30830043098786836,14.489932262413573,0.005651603722142215,False,False,True,True,True
1788618232.3287976,1.3397264174514307,11.373602057433295,0.0028854039037170976,False,False,True,True,True
1788618232.447014,0.8026604036353558,4.647780410853593,0.0036211673971245206,False,True,True,True,True
1788618232.541072,1.0155954074169746,2.300930888473803,0.004404314914017644,False,False,True,True,True
1788618232.6357448,0.4345873330111052,6.04673064185966,0.001919508850015103,False,False,True,True,True
1788618232.7454808,3.0985853295945764,24.228033628574156,0.025247103797073702,False,False,True,True,True
1788618232.8455389,2.385804384345697,6.818812471644297,0.018501324554915738,False,False,True,True,True
1788618232.9382005,1.4348626086247156,9.657119267093297,0.020499460951163038,False,False,True,True,True
1788618233.0320344,0.9224733564029715,5.254891555483861,0.005617395044399561,False,False,True,True,True
1788618233.147774,1.442196947866364,4.535951121930979,0.007129368620805208,False,False,True,True,True
1788618233.2391932,1.2416453557525295,2.296433928363402,0.012255985061163125,False,False,True,True,True
1788618233.3358083,1.749659681638512,5.095093421656138,0.005895793918699751,False,False,True,True,True
1788618233.4319725,1.4643535135778647,2.9712904388627837,0.005081022556321978,False,False,True,True,True
1788618233.548632,0.9714185869604957,4.20804853500477,0.00409678084061744,False,False,True,True,True
1788618233.6494353,1.4037097761223498,4.441988192925194,0.00978875605478002,False,False,True,True,True
1788618233.7402472,1.6871986955629557,3.1105326220934217,0.005573233660176644,False,False,True,True,True
1788618233.8339083,2.029187602065634,3.6036966714074365,0.006720816970094847,False,False,True,True,True
1788618233.9450943,1.2617242310846188,6.829426355360741,0.009187433227505024,False,False,True,True,True
1788618234.0461981,4.02641804242972,27.35136764116119,0.042980731493527,False,False,True,True,True
1788618234.1368935,1.6504859954499735,25.90919660324363,0.02717823640982508,False,False,True,True,True
1788618234.2332518,3.7236303427544355,21.52824762696973,0.03783935308211979,False,False,True,True,True
1788618234.3502793,0.39702223984779117,28.777374328617864,0.024824674431703064,False,False,True,True,True
1788618234.4394274,2.4393565239404933,22.879439415531948,0.008873696315816,False,False,True,True,True
1788618234.5414686,1.1634035845499662,13.046716464687899,0.00857234324408436,False,False,True,True,True
1788618234.640954,2.6414791662691846,14.858818490363058,0.02161270169381537,False,False,True,True,True
1788618234.749499,1.0064162135623356,15.1409041898581,0.021525835148920522,False,False,True,True,True
1788618234.8431172,4.250317761209889,34.70709177971865,0.02626551161543228,False,False,True,True,True
1788618234.9404023,1.155576981739015,31.64698148625608,0.04100884482835912,False,False,True,True,True
1788618235.0511105,3.999284385785923,25.728365472061192,0.03470582426013081,False,False,True,True,True
1788618235.1449935,0.3443566316983256,38.70986975699089,0.04054186420855755,False,False,True,True,True
1788618235.2387075,1.3109736638235943,10.34513011673603,0.0037291295777614917,False,False,True,True,True
1788618235.3385346,0.8052491258950565,5.123082030297547,0.003044256685798043,False,False,True,True,True
1788618235.4494066,0.5315080627510423,2.529584988826065,0.001440383051011158,False,False,True,True,True
1788618235.5474176,0.7828945004480418,2.515442732465096,0.0025322351412371924,False,False,True,True,True
1788618235.6441057,0.6517261614507396,1.3021448485518616,0.0027014273835385834,False,False,True,True,True
1788618235.73894,0.5424362809397126,1.12431846179841,0.001542382166061562,False,False,True,True,True
1788618235.8467865,1.3281960837774756,7.281739329168946,0.005762756339023276,False,False,True,True,True
1788618235.949426,0.8226884681516644,4.928215429791152,0.005711861070216048,False,False,True,True,True
1788618236.0433834,2.8369572007478396,21.420633450373273,0.019132242159507984,False,False,True,True,True
1788618236.1404247,1.3838932302717695,14.687754631184307,0.02216998962906722,False,False,True,True,True
1788618236.2522821,1.315752622573854,0.46682784055231696,0.004617870084546188,False,True,True,True,True
1788618236.3508668,1.1431387318269153,1.7036655869751725,0.0044686034341740975,False,False,True,True,True
1788618236.4485383,1.6471691291038557,5.15821839858711,0.009481451191630474,False,False,True,True,True
1788618236.5420983,2.0280245461210016,4.351452635021599,0.011714987894206063,False,False,True,True,True
1788618236.6516006,3.1435916609933288,10.267847087513932,0.044558625466807764,False,False,True,True,True
1788618236.7471244,2.484337141355493,6.8312223994028365,0.049133495705172586,False,False,True,True,True
1788618236.8422763,1.8690586544723302,6.554942855669444,0.010135796767915123,False,False,True,True,True
1788618236.9406288,1.0790225259438952,8.126680451825484,0.01178033352569433,False,False,True,True,True
1788618237.0538778,1.2849959292311635,1.77138082778485,0.009088359163678074,False,False,True,True,True
1788618237.1509316,2.0403446669459,7.776831871180571,0.01594510234167306,False,False,True,True,True
1788618237.24303,0.6013192228834083,15.489308184341146,0.008542714418706191,False,False,True,True,True
1788618237.3566515,1.2843859558072248,5.838519247955264,0.00496370677404532,False,False,True,True,True
1788618237.4513628,2.3434870962812604,10.805079299684772,0.008927331436919744,False,False,True,True,True
1788618237.543723,0.47470142489360595,20.244663670202588,0.00955516843735155,False,False,True,True,True
1788618237.6423,0.7903893809182684,3.2827928325191786,0.0016785495856606089,False,False,True,True,True
1788618237.749552,2.85132097986162,19.209569919335777,0.016088755695023903,False,False,True,True,True
1788618237.8520532,1.7635199564985002,10.81066862260392,0.014422484060419793,False,False,True,True,True
1788618237.9567058,0.6463221788559519,10.372905477415106,0.009504732114697304,False,False,True,True,True
1788618238.0412784,0.9738431659775654,3.8817263825827935,0.0013564480215056312,False,False,True,True,True
1788618238.1520867,0.46077533719797137,4.6470942607681405,0.0010782199844586854,False,False,True,True,True
1788618238.2544599,0.5136727785781579,0.5745004159572952,0.0014361268411996245,False,False,True,True,True
1788618238.3444293,0.7112319684162859,2.2014854398735446,0.000870470943486569,False,False,True,True,True
1788618238.4442563,0.4231817629411919,2.932083065150444,0.0008567416162235641,False,False,True,True,True
1788618238.5533054,0.2460780248137527,1.623956097026118,0.0004790958839109513,False,False,True,True,True
1788618238.650721,0.21146962972746491,0.332389126582656,0.00015297029841106468,False,False,True,True,True
1788618238.749711,1.968516415199964,17.737913557101763,0.007307086372950499,False,False,True,True,True
1788618238.8389306,1.594417001472465,4.269842728853849,0.006718944994169215,False,False,True,True,True
1788618238.9542809,0.4909533976539923,9.473938235655595,0.005650091522103269,False,False,True,True,True
1788618239.0556006,0.671902401708828,1.832386341787495,0.0022564885543492454,False,False,True,True,True
1788618239.1474802,2.0210295279457897,14.679790137800243,0.006960076778466225,False,False,True,True,True
1788618239.2424726,0.5912243054913021,15.652356176093932,0.009286345292458536,False,False,True,True,True
1788618239.358605,3.6082572483194184,26.01642908359333,0.033488153612586655,False,False,True,True,True
1788618239.4517007,1.5755177770727815,21.2260049756782,0.027916567017652844,False,False,True,True,True
1788618239.5486462,0.36489326141412787,12.499963295531325,0.004801610594948373,False,False,True,True,True
1788618239.657976,0.9781361459030887,5.586142482349164,0.0030202733200962615,False,False,True,True,True
1788618239.755459,1.5477069390139,5.77413549244394,0.004015663135941136,False,False,True,True,True
1788618239.8509517,0.8798026125542531,6.998907458513706,0.003932327179205772,False,False,True,True,True
1788618239.946087,1.865561897842379,10.338759535522614,0.010369673305842634,False,False,True,True,True
1788618240.0517201,0.8361589455430989,9.857530047571021,0.005738036099822616,False,False,True,True,True
1788618240.1527472,0.9142026753218947,0.7825208263925293,0.0033895534508378102,False,False,True,True,True
1788618240.2541177,0.3166073703923005,5.880691229461751,0.002208390790294817,False,False,True,True,True
1788618240.350687,0.5711088874794904,2.607535626034598,0.0006273878239352591,False,False,True,True,True
1788618240.461276,0.8154386846249382,2.1777521387804466,0.0016277394782763144,False,False,True,True,True
1788618240.5552464,0.2106912800452325,6.444802376407838,0.0017530578342115125,False,False,True,True,True
1788618240.6484203,1.2178755316144927,10.820224481320023,0.0028194773077176616,False,False,True,True,True
1788618240.7519157,0.3099061186402682,8.71873349118125,0.002311825588504226,False,False,True,True,True
1788618240.860216,3.0217285157794933,25.070839145058027,0.022937915115266966,False,False,True,True,True
1788618240.95366,0.5948519384146024,25.568452267884602,0.01887023254196857,False,False,True,True,True
1788618241.0484357,0.6132972189766541,0.21768526081635278,0.0007119823542157651,False,False,True,True,True
1788618241.1485498,1.0524278273440404,4.356384588294444,0.0019470341465518245,False,False,True,True,True
1788618241.259468,1.4787255332514044,3.916871388595169,0.009854448799929588,False,False,True,True,True
1788618241.3530087,0.9245167740951361,5.749507066391715,0.005200469410882112,False,False,True,True,True
1788618241.4502983,4.728253409526509,38.979717875006266,0.049450600516373525,False,False,True,True,True
1788618241.545593,5.866116523950512,11.890895669824362,0.05566628009550333,False,False,True,True,True
1788618241.6579182,0.7965039049753626,45.284645668721794,0.061738476944701186,False,False,True,True,True
1788618241.7615838,0.99343061836276,1.8504599058479008,0.003115145588833428,False,False,True,True,True
1788618241.8492935,3.4172191310317896,27.8402788754733,0.016481307532163435,False,False,True,True,True
1788618241.9672909,0.9072578466563715,20.659715066752252,0.02205180056736176,False,False,True,True,True
1788618242.0592842,1.1957733474557553,2.940952318192942,0.006854258714806284,False,False,True,True,True
1788618242.1564553,3.0388033822416216,18.892983357089136,0.016149206762875568,False,True,True,True,True
1788618242.2492096,1.4453010901124057,17.258132558385615,0.027549542109283037,False,False,True,True,True
1788618242.3621342,0.5516992391660088,7.940687464178319,0.0030160366063186643,False,False,True,True,True
1788618242.4622908,2.9031898444120205,23.328151027656375,0.020995896930782066,False,False,True,True,True
1788618242.5543013,2.866443552956487,0.7303686054308339,0.016284747929824674,False,False,True,True,True
1788618242.6503303,0.5960728238836478,23.281981045970483,0.016176705016086642,False,False,True,True,True
1788618242.7656128,0.46023620585159664,1.0710002339284515,0.0013843952529453498,False,False,True,True,True
1788618242.8586183,0.6967448391318165,2.5225096983340114,0.0008986096296148195,False,False,True,True,True
1788618242.9551902,1.4481215879313534,7.673805864450389,0.004040724864213283,False,False,True,True,True
1788618243.0541737,1.772785550811473,3.532898218639657,0.006033622692519361,False,False,True,True,True
1788618243.166478,1.1104509997548504,5.726389686785513,0.005690543289258164,False,False,True,True,True
1788618243.261999,1.0776635155454142,0.2510219979273537,0.007485544607334172,False,False,True,True,True
1788618243.352568,1.3222858085400788,2.6014777218395233,0.0056139325822465265,False,False,True,True,True
1788618243.4557757,0.5187327092087672,8.003233294797905,0.0029672009458857145,False,False,True,True,True
1788618243.5661154,1.645283697699622,10.079856663595006,0.00791789364148223,False,False,True,True,True
1788618243.6638124,2.3700052754533343,7.505684643205443,0.01089300645925623,False,False,True,True,True
1788618243.7584095,0.5075810716192419,19.390025915977013,0.010016393637379849,False,False,True,True,True
1788618243.8505907,0.9224214791488532,4.564326345929879,0.002172531661543095,False,False,True,True,True
1788618243.960889,1.3320672832095057,3.7457987855219197,0.008256370690348114,False,False,True,True,True
1788618244.0633724,0.4160003090278095,8.923370736020846,0.0057300815669584695,False,False,True,True,True
1788618244.1573694,0.2600555791184324,1.6372952424709002,0.0004056469298067233,False,False,True,True,True
1788618244.2649815,1.6352266763623193,12.777305736122141,0.006792976731644207,False,False,True,True,True
1788618244.364501,2.891845251164141,12.765972504397546,0.030464285516032207,False,False,True,True,True
1788618244.4577317,0.9012173820781405,21.26903037472454,0.014701226234553168,False,False,True,True,True
1788618244.557377,0.350852601128676,5.55234026961253,0.0015425295916608162,False,False,True,True,True
1788618244.6590528,3.2911441543206497,28.932903280862572,0.02238270794623656,False,False,True,True,True
1788618244.7617931,2.445854185037362,8.272209381228258,0.02136330053054159,False,False,True,True,True
1788618244.8592045,1.9460749837188684,5.843349036486677,0.02429282521860686,False,False,True,True,True
1788618244.9571822,0.46427066874088563,15.530415966115495,0.007133414759223151,False,False,True,True,True
1788618245.0681598,5.090646450478773,41.66842790245368,0.06641096511820495,False,False,True,True,True
1788618245.1651845,2.392952286009994,27.718331908564785,0.04960997087687793,False,False,True,True,True
1788618245.2570634,1.180323747127584,13.183735872429768,0.008091949393735809,False,False,True,True,True
1788618245.3538582,0.36336220757009907,8.367077930352027,0.0025605645656705616,False,False,True,True,True
1788618245.4657972,1.1380737150089302,6.920615985659114,0.0036968574557055952,False,False,True,True,True
1788618245.565825,0.8210022163673278,3.1776200530411463,0.002603476762885892,False,False,True,True,True
1788618245.6590993,0.4225323942161812,4.197966473658575,0.0019290228244307668,False,False,True,True,True
1788618245.7638075,0.6722715856359277,2.396097929960756,0.0009053951047978934,False,False,True,True,True
1788618245.8671916,0.8857612367954154,2.1200558793529485,0.0020362329570865843,False,False,True,True,True
1788618245.9665897,0.786502650795669,0.97148111617093,0.0021048997392404253,False,False,True,True,True
1788618246.0607836,0.12576579945903155,7.014562756877019,0.0012290413849322577,False,False,True,True,True
1788618246.156384,1.0415470849975201,9.572379303873127,0.002104608469739021,False,False,True,True,True
1788618246.263537,0.7012869966039833,3.0460219167478497,0.00431363635467639,False,False,True,True,True
1788618246.366587,0.7948295645904083,0.9345059371857587,0.003510645668182569,False,False,True,True,True
1788618246.4615397,0.5806702875924914,2.456751129959276,0.0017224323390699653,False,False,True,True,True
1788618246.5706053,1.1033369838941662,4.76434393769129,0.00447469401449909,False,False,True,True,True
1788618246.6651213,1.739216305665245,6.760078610479511,0.0047908836235565746,False,False,True,True,True
1788618246.7633064,3.8659574823616474,21.654089101564594,0.023842924377494187,False,False,True,True,True
1788618246.8679368,0.4289459471639185,32.22800881895321,0.02826043781382369,False,False,True,True,True
1788618246.9749215,0.8668429287406687,4.133075230748304,0.0023655685030003247,False,False,True,True,True
1788618247.0691855,1.1430955414982462,3.011372212538956,0.005047882338460659,False,False,True,True,True
1788618247.160661,3.5207972876041267,26.0623708447021,0.030157179196687717,False,False,True,True,True
1788618247.2616718,1.2166511545938914,22.82637494053576,0.022246566205120107,False,False,True,True,True
1788618247.37475,0.9856343640526743,1.980155416657014,0.005542373915342515,False,False,True,True,True
1788618247.4651735,0.5188104507401297,5.344835244176803,0.0037072459433163314,False,False,True,True,True
1788618247.5652905,0.33687091622535353,1.850543603257061,0.0006314691885029882,False,False,True,True,True
1788618247.6589956,0.37276104624764345,0.30764855344278547,0.00047456081369795657,False,False,True,True,True
1788618247.7757933,2.658243678719152,19.54900465171826,0.019723632965130196,False,False,True,True,True
1788618247.8667433,0.5843652942000405,22.325221005571205,0.01742764515779807,False,False,True,True,True
1788618247.9686506,1.8484349431774463,12.38720727027754,0.008521748340458688,False,False,True,True,True
1788618248.0610754,1.2360823270306631,6.8469514731305345,0.011361077437979062,False,False,True,True,True
1788618248.1726875,3.4556616052669136,19.911731400552707,0.026444689478798904,False,False,True,True,True
1788618248.2668471,2.2495802113387544,11.76064434455819,0.02244401506907756,False,False,True,True,True
1788618248.3571246,4.414114561980158,23.859544081717583,0.05891883196118029,False,False,True,True,True
1788618248.4584951,1.007694427188942,33.633499481877585,0.026667374223786663,False,False,True,True,True
1788618248.572986,1.057142660024856,0.635942775107731,0.007245892372336287,False,False,True,True,True
1788618248.6705732,1.5578881527450983,5.274519259721787,0.0051213008812293695,False,False,True,True,True
1788618248.7656758,1.2825270866673415,2.962285720897627,0.004609895704811597,False,False,True,True,True
1788618248.876189,0.5797527083937416,6.39157072392221,0.0032199730725705673,False,False,True,True,True
1788618248.9723287,0.23163147010451401,3.655727500349615,0.000814069975553324,False,False,True,True,True
1788618249.067165,1.2273362237959375,10.464397737014846,0.0029861486681844935,False,False,True,True,True
1788618249.1632051,3.9797776443413158,28.655450600432207,0.024250025454313432,False,False,True,True,True
1788618249.2766154,0.8221624637230667,27.977392432516602,0.028101767012081443,False,False,True,True,True
1788618249.3702607,1.0757261457273166,2.7168609654477645,0.0027192144592922316,False,False,True,True,True
1788618249.4683008,0.675992444412428,4.127072563387793,0.0023175058371375573,False,False,True,True,True
1788618249.5642626,2.0508001252231622,14.19893258874692,0.007252042169298698,False,False,True,True,True
1788618249.677384,0.5858702487124389,12.965359653957,0.006517208485743386,False,False,True,True,True
1788618249.772143,0.5455966756079618,0.38457842208151183,0.0019947920144742282,False,False,True,True,True
1788618249.8668742,2.0684610780602575,16.122672763774883,0.009653790711373128,False,False,True,True,True
1788618249.9636588,0.8326706749822038,12.908301735026674,0.010456396719300839,False,False,True,True,True
1788618250.076598,2.214210238134079,12.212339235992202,0.011201635841998498,False,False,True,True,True
1788618250.17256,1.3440846158238673,8.906429733073962,0.009888079471520018,False,False,True,True,True
1788618250.2725694,0.6107386729312934,7.097859133839291,0.005184398838408408,False,False,True,True,True
1788618250.3559127,1.0865253417463927,5.715951188873182,0.003493531654177996,False,False,True,True,True
1788618250.475511,0.14435247116921765,7.914343907707615,0.001545739642288514,False,False,True,True,True
1788618250.5728137,0.4430652916897036,3.059701353703995,0.00045993644913015286,False,False,True,True,True
1788618250.6631544,0.8465629480972127,4.481046917084654,0.002033097638364108,False,False,True,True,True
1788618250.7631726,1.2992442120338459,4.225920944683725,0.003390871149106261,False,False,True,True,True
1788618250.875183,0.6012074114055392,6.253760517966679,0.0036362747516660936,False,True,True,True,True
1788618250.968244,2.036081079987173,15.49155300695255,0.008240880382567106,False,False,True,True,True
1788618251.0622234,1.1448077430147885,8.863541609773621,0.006762153570585446,False,False,True,True,True
1788618251.1820977,0.6178490889073949,4.304494611553881,0.004578622326920209,False,False,True,True,True
1788618251.2762008,0.4088064967780255,2.1655137159420215,0.00181042549270714,False,False,True,True,True
1788618251.3720233,0.3141679440093978,1.0672612304515396,0.00040087556191580954,False,False,True,True,True
1788618251.4679086,0.6871955938959484,3.8693356509707293,0.0010225411418386472,False,False,True,True,True
1788618251.5790892,1.1500193962349075,4.123347202672165,0.002867789401092604,False,False,True,True,True
1788618251.6757312,0.5079633049161137,6.414715250261245,0.004691616724156731,False,True,True,True,True
1788618251.7725844,2.0041303216756985,15.464791960935411,0.0071080506481972575,False,False,True,True,True
1788618251.870499,0.4389208471785581,16.12642526032556,0.008671131258929474,False,False,True,True,True
1788618251.980579,0.21292349606951705,2.054998934777835,0.0004576983146235216,False,False,True,True,True
1788618252.0811777,1.2224347793548132,10.050207243288835,0.002848398871382286,False,False,True,True,True
1788618252.1678853,0.9913234568250242,2.488808655778514,0.0029294087588741073,False,False,True,True,True
1788618252.2664537,1.695253856089439,7.108690081648161,0.00945789264865581,False,False,True,True,True
1788618252.3843648,0.38905275384773813,11.333175657077465,0.005917875927993664,False,False,True,True,True
1788618252.475534,1.5393868410865787,12.621226864738869,0.004027735611856525,False,False,True,True,True
1788618252.571295,2.6208653175333207,11.492909832507518,0.01035965526051687,False,False,True,True,True
1788618252.6656628,1.606600541311514,10.818746766547187,0.012676905485901772,False,False,True,True,True
1788618252.7796028,2.0627512551441716,3.800269830237843,0.015583946040268512,False,False,True,True,True
1788618252.8741193,0.6198541708132078,15.651293515281887,0.010406017226784125,False,False,True,True,True
1788618252.9730303,0.8592215110522252,2.4148388148923434,0.002713924403677336,False,False,True,True,True
1788618253.0652041,1.1717043218373777,3.631787792716407,0.00514592290638384,False,False,True,True,True
1788618253.1814477,0.7139370848228365,3.959927015993488,0.0023993813699963178,False,False,True,True,True
1788618253.277189,2.007197200233022,13.52864474892085,0.011870061078409974,False,False,True,True,True
1788618253.3723657,3.5585233179757463,16.178828772943216,0.020922294599160736,False,False,True,True,True
1788618253.4806254,0.4140101829129366,29.063756699019837,0.02136096357378669,False,False,True,True,True
1788618253.5794988,3.1609240761046626,27.803768814437213,0.023709879527485288,False,False,True,True,True
1788618253.671829,1.8127384218940166,14.716436907726045,0.015814719030260802,False,False,True,True,True
1788618253.7754047,1.3917515400790568,4.2818177142152845,0.0139246197421792,False,False,True,True,True
1788618253.8838406,1.0217579471457074,3.443659929376909,0.009765729496555927,False,False,True,True,True
1788618253.9787729,0.3232601164966429,7.361123707812431,0.002463363045340647,False,False,True,True,True
1788618254.0762525,2.1938902131523115,19.21263755377434,0.009191280187503875,False,False,True,True,True
1788618254.1725104,1.6919500241474845,4.8294561507950835,0.010956649317337858,False,False,True,True,True
1788618254.2816699,2.183462549050998,4.643246550844886,0.0212946534924527,False,False,True,True,True
1788618254.3780546,0.6480719315083431,15.96145497295817,0.01596023839272125,False,False,True,True,True
1788618254.4761558,1.2036464722608113,5.604159540034774,0.004973732366796393,False,False,True,True,True
1788618254.5705166,2.7662169279507753,16.55276974319115,0.012978360111148153,False,False,True,True,True
1788618254.6825616,2.6641684755542774,0.9220871824867654,0.019387379399610875,False,False,True,True,True
1788618254.7772627,2.696932196050929,0.408489675824249,0.016550446773752336,False,False,True,True,True
1788618254.8727317,2.474971455394176,2.797447169996899,0.03501576859891518,False,False,True,True,True
1788618254.972221,0.8206350234858597,17.04610494812458,0.0102318137863713,False,False,True,True,True
1788618255.078406,0.39927952403452927,3.9374086170231384,0.0014644396564666843,False,False,True,True,True
1788618255.1787517,1.4843352863658432,10.796041367078208,0.004680824586452248,False,False,True,True,True
1788618255.270527,0.7555287760512249,7.889259477462622,0.006661157752851615,False,False,True,True,True
1788618255.3654387,1.3469198072322488,6.259217377811315,0.00306441785570491,False,False,True,True,True
1788618255.486335,1.51404748483222,1.5950022212639394,0.014225482105420479,False,False,True,True,True
1788618255.583106,0.37331027945718415,11.728401261121979,0.00725574764400953,False,False,True,True,True
1788618255.6722882,0.5052881512174852,1.4503569947560262,0.000766434638548605,False,False,True,True,True
1788618255.790413,0.5532621292016026,0.3879600275639094,0.0010359941419466774,False,False,True,True,True
1788618255.8768592,0.877044337703335,3.8077402273950374,0.0010863721228491095,False,False,True,True,True
1788618255.9808817,0.5849762583165411,2.8300347250492934,0.0010801364296487133,False,False,True,True,True
1788618256.0782945,1.0684758890966866,4.873551746606215,0.0030069439944664825,False,False,True,True,True
1788618256.1938934,1.0831325543894588,0.13566891873640147,0.003096374487914181,False,False,True,True,True
1788618256.2873077,1.5596639479469496,5.256202209529175,0.004242594868553961,False,False,True,True,True
1788618256.3855944,0.21375380439756872,13.834736508529586,0.004096782757471747,False,False,True,True,True
1788618256.4868662,0.22202745124834158,0.06585072244231305,0.0002653743373317034,False,False,True,True,True
1788618256.5979855,0.8408556258498092,5.5657121893776935,0.0020796567836295185,False,False,True,True,True
1788618256.6958172,1.4442372068841982,6.337075596172584,0.005170784108503317,False,False,True,True,True
1788618256.7814834,2.345320224988625,10.430240406768814,0.00822491523480889,False,False,True,True,True
1788618256.8782313,0.27153332919826917,21.599792829318304,0.008051591275811596,False,False,True,True,True
1788618256.989443,0.18330559832201265,0.7931251725254805,0.0002466889817915798,False,False,True,True,True
1788618257.0842888,1.3168287062015962,11.933271684104165,0.0035133871488703407,False,False,True,True,True
1788618257.177845,2.061810572463855,7.986454431014287,0.006419503744978203,False,False,True,True,True
1788618257.2925572,1.3217902386244842,6.3231665730359685,0.00648672222992294,False,False,True,True,True
1788618257.3873339,1.2243031478424793,1.2145042034237685,0.00787608490271136,False,False,True,True,True
1788618257.480689,1.9654975205781324,8.028354926041818,0.00776226820128836,False,False,True,True,True
1788618257.5830202,0.9687488731873083,9.670363088312167,0.009436861758801119,False,False,True,True,True
1788618257.6789522,0.4066528027202264,5.643112245128672,0.0020284011638309635,False,False,True,True,True
1788618257.7933307,1.6963268866562844,11.28048218652798,0.009032358516859821,False,False,True,True,True
1788618257.8852944,0.7671485117663285,9.923054588121929,0.006376620138920833,False,False,True,True,True
1788618257.984618,0.3272475153705013,4.46568806880185,0.0010190944196462727,False,False,True,True,True
1788618258.0937965,2.43403416001344,19.25998145540513,0.013860694709992192,False,False,True,True,True
1788618258.190045,4.325930641024794,20.077471435296918,0.02901055614329159,False,False,True,True,True
1788618258.2874596,2.2646968047007703,21.26804091391699,0.029407501444480157,False,False,True,True,True
1788618258.3758109,1.3013068503096545,11.369699545877314,0.008356542342331455,False,False,True,True,True
1788618258.4873636,1.08373298229827,1.9270575471721962,0.0030798935541901736,False,False,True,True,True
1788618258.5885181,0.2829337153110011,7.939072573098224,0.003235799149855388,False,False,True,True,True
1788618258.6859195,2.515960896518648,22.903732728546508,0.011645842873277953,False,False,True,True,True
1788618258.777996,1.5080905248185295,11.078773348685065,0.010768588162528481,False,False,True,True,True
1788618258.8941128,1.9446044860665135,3.729861207173518,0.019205131492628997,False,False,True,True,True
1788618258.986019,0.9475487816221538,10.624206023367814,0.01540155125256576,False,False,True,True,True
1788618259.0831482,1.7201014162986203,7.987159703390228,0.0075955248514037454,False,False,True,True,True
1788618259.1790714,1.2690884742902129,4.750337172412213,0.004731353603168022,False,False,True,True,True
1788618259.2946794,0.5036488861662908,6.622976707053723,0.0026068743437588104,False,False,True,True,True
1788618259.3883548,0.8231111138529918,3.477951029763043,0.0012825266136289374,False,False,True,True,True
1788618259.4839036,2.3227990642818472,15.713774030357417,0.014141842182207244,False,False,True,True,True
1788618259.5775592,0.7450613976848554,16.547681535825355,0.012861156524966468,False,False,True,True,True
1788618259.6888635,1.9468072088417978,10.765332379004713,0.00983027187939806,False,False,True,True,True
1788618259.7857008,0.786890021706412,12.131374912101911,0.014357806364835789,False,False,True,True,True
1788618259.8795013,1.6752907549302334,9.393863631473007,0.005211001880441999,False,False,True,True,True
1788618259.9765139,2.0241312362016455,3.1597003273465267,0.008074317364644906,False,False,True,True,True
1788618260.0926645,0.8288727725318223,10.434373197222405,0.012990368914671382,False,False,True,True,True
1788618260.1894789,0.515112083238324,3.084851294287194,0.0028308480863506406,False,False,True,True,True
1788618260.281549,2.250387507654098,18.92339844595243,0.008606363439335258,False,False,True,True,True
1788618260.3976612,2.0626328424899065,1.5545426950297927,0.02482271518857529,False,False,True,True,True
1788618260.4980767,0.2191584358047247,18.36269126689176,0.011499420928621598,False,True,True,True,True
1788618260.587734,3.5242484454034275,36.831501923000374,0.02174596730347416,False,False,True,True,True
1788618260.6827006,2.9145455810153926,6.221108161786091,0.01850934210586634,False,False,True,True,True
1788618260.7979097,0.2952845328777937,22.674024209075466,0.015013726478283626,False,False,True,True,True
1788618260.90011,0.45417272810938886,1.6129841766062833,0.0006705915493545771,False,False,True,True,True
1788618260.99696,1.1031723475281552,6.677825459720517,0.003148446232039218,False,False,True,True,True
1788618261.0918748,1.8537740328563117,7.906531983300735,0.005376227912597118,False,False,True,True,True
1788618261.204704,1.0877369661643232,6.932844402760128,0.014049544526440288,False,False,True,True,True
1788618261.3014796,1.0431103994224653,0.6663078315263867,0.003246142155550869,False,False,True,True,True
1788618261.4008245,0.765727753248624,2.9232849556393043,0.002633216913856781,False,False,True,True,True
1788618261.4932466,1.705679193899784,10.18051639539659,0.008307040003760684,False,False,True,True,True
1788618261.6040583,0.8663785875181307,7.414949665126809,0.004298222084962041,False,False,True,True,True
1788618261.6933022,2.548000530457706,18.89897291158562,0.01507254625811337,False,False,True,True,True
1788618261.789584,1.9958723156160405,5.309659781153783,0.010689325632126195,False,False,True,True,True
1788618261.884867,1.1423211290399196,8.870123653357833,0.010800666537349431,False,False,True,True,True
1788618261.9930232,2.352867512907735,11.184109362046406,0.01157391993266752,False,False,True,True,True
1788618262.0945244,3.2794333206939914,8.543439828218952,0.019253905310415147,False,False,True,True,True
1788618262.1898637,0.865573932788123,25.614643639293526,0.02578150089986903,False,False,True,True,True
1788618262.3033605,0.644098833746955,1.7843215849339267,0.002951276757094025,False,False,True,True,True
1788618262.3969467,2.442060161332134,19.187259143280237,0.009442459009988632,False,False,True,True,True
1788618262.4943357,1.8881057088559285,5.989807857139883,0.01745875106752558,False,False,True,True,True
1788618262.5938876,0.34379947599925964,15.557477484127524,0.006453098760851545,False,False,True,True,True
1788618262.7004986,0.22729169131973012,1.1075023865111808,0.00045579597709664095,False,False,True,True,True
1788618262.7970564,0.9447182146597798,7.443485942472531,0.001753799830567304,False,False,True,True,True
1788618262.8915658,1.1398662514475921,2.0401931327942946,0.0029393340678689765,False,False,True,True,True
1788618262.9898684,0.6554852445679958,4.7805279487497545,0.0044197033158844155,False,False,True,True,True
1788618263.0976315,1.2533157690997834,5.5620533377143095,0.003015592406054685,False,False,True,True,True
1788618263.1933906,0.3868388729495078,9.292460981730184,0.0037068027528363934,False,False,True,True,True
1788618263.290466,1.5600842219315387,12.075728805170268,0.0054975541738506925,False,False,True,True,True
1788618263.3913524,0.9367231610353081,6.367077011241943,0.004837728443355671,False,False,True,True,True
1788618263.5021768,1.3479683040064518,3.665417663109771,0.0060950540068903354,False,False,True,True,True
1788618263.604078,0.75587179058643,5.732620239562974,0.006971260455983855,False,False,True,True,True
1788618263.693175,1.5351491793658205,8.762668481142448,0.0029693587856682376,False,False,True,True,True
1788618263.78864,1.8906630305439593,3.673590563332853,0.005546946574584245,False,False,True,True,True
1788618263.904028,1.7529294950179786,0.8129801912335592,0.008516917082698985,False,False,True,True,True
1788618263.9986534,0.9170037517750723,8.792897918637651,0.013202875623802797,False,False,True,True,True
1788618264.0926373,1.0388919387984668,1.0316060984049995,0.002303937963977864,False,False,True,True,True
1788618264.1915815,0.4839791263474393,5.722416957809839,0.001790098352083128,False,False,True,True,True
1788618264.3023694,0.7165803329237651,2.2218142821302496,0.00133245920824475,False,False,True,True,True
1788618264.3970823,0.5555064123336265,1.740434270419231,0.0012064234770024177,False,False,True,True,True
1788618264.4919565,1.180517336158974,6.577519537146663,0.0030271111708052743,False,False,True,True,True
1788618264.6065688,0.8201841250240886,3.024477072123674,0.006291830395273504,False,False,True,True,True
1788618264.6925306,1.7105055985200013,10.284850158371516,0.003475433856284985,False,False,True,True,True
1788618264.7984755,0.6689293873566682,9.933935186933388,0.007441704123226093,False,False,True,True,True
1788618264.8948114,0.18814579426531192,4.996645324707307,0.000883938692263419,False,False,True,True,True
1788618265.0041888,1.1817538227152917,9.07531821335391,0.003127298901647272,False,False,True,True,True
1788618265.1007125,0.3544038563538179,8.389169653056051,0.0034921354329333046,False,False,True,True,True
1788618265.2009177,0.47084786256731964,1.1740213767806547,0.0008127461873277352,False,False,True,True,True
1788618265.2928855,0.667714572940653,2.181865147769258,0.0012977082222012134,False,False,True,True,True
1788618265.408843,1.4271251714741995,6.566559419454996,0.007859681240662759,False,False,True,True,True
1788618265.4967103,0.9589967764643843,5.3837319991835795,0.004368843196633943,False,False,True,True,True
1788618265.5984313,0.8751108545563322,0.7318043229721691,0.0025324974405439376,False,False,True,True,True
1788618265.6932209,0.2709658999438278,6.342422194317547,0.0017135964243548136,False,False,True,True,True
1788618265.8040514,1.1400034705409925,7.768084641544406,0.0036280424940747878,False,False,True,True,True
1788618265.90082,1.5547513355875353,4.0611491257603225,0.008990477901579067,False,False,True,True,True
1788618265.9976301,1.2115666463671824,3.4358988334159757,0.00989508426627197,False,False,True,True,True
1788618266.0902672,3.1728897059990686,21.311851157924664,0.015444730729724021,False,False,True,True,True
1788618266.2065864,0.8340404652426853,19.840335086567432,0.019548650472565307,False,False,True,True,True
1788618266.3032768,1.2293319981767639,3.8644502312254088,0.006370714683884237,False,False,True,True,True
1788618266.3964543,2.205720115576427,10.451460080280128,0.008552318883477681,False,False,True,True,True
1788618266.4971762,0.7556405848011992,14.386571867748135,0.012582162676794545,False,False,True,True,True
1788618266.601871,0.8364031466991246,0.8448014150916399,0.0015922203680040037,False,False,True,True,True
1788618266.6984103,1.3490016655902064,5.4463218398860365,0.006951155254972155,False,False,True,True,True
1788618266.7979484,0.5355507901213284,7.958541774778929,0.004875981099980304,False,True,True,True,True
1788618266.9132876,0.9536977080084197,3.634967158947024,0.002842856624840652,False,False,True,True,True
1788618267.0060375,1.108356058725373,1.6714884220771073,0.0024922432312301872,False,False,True,True,True
1788618267.1009662,0.39276758276173523,7.629881946938132,0.00283717422049336,False,False,True,True,True
1788618267.1919641,0.7265223043070849,3.6638874987925565,0.0008648623248107875,False,False,True,True,True
1788618267.3069005,0.9056247707929332,1.372978767042156,0.00410489412334669,False,False,True,True,True
1788618267.3995404,1.6104240433039314,7.587069790868592,0.00682903165657194,False,False,True,True,True
1788618267.4980497,1.1290169174814797,4.601531851010413,0.007991079266569832,False,False,True,True,True
1788618267.5962331,1.8317746994665416,7.32284643214757,0.008859783838572171,False,False,True,True,True
1788618267.704198,1.2786153947845373,5.126809876235903,0.014543473538237598,False,True,True,True,True
1788618267.8012083,2.265826196787249,10.178592080189713,0.01060478846524073,False,False,True,True,True
1788618267.9003725,0.3181901736144986,19.625837739646748,0.010225198966980511,False,False,True,True,True
1788618267.99472,0.9086919386131113,6.30052102941525,0.001571623037445284,False,False,True,True,True
1788618268.1066988,1.1063942122037884,1.839498542429906,0.006706820887788642,False,False,True,True,True
1788618268.2044573,0.374608357179683,7.611109345382534,0.0032269430134826706,False,False,True,True,True
1788618268.2965431,1.0904154581101808,7.744015201071879,0.002443192511407356,False,False,True,True,True
1788618268.3933558,3.0026541373449573,19.74481978136435,0.014698849409989128,False,False,True,True,True
1788618268.5082417,1.6839811805174583,12.166843033437592,0.015331562353824135,False,False,True,True,True
1788618268.6023881,1.7321239206302077,0.45689273941894104,0.0072698930679407445,False,False,True,True,True
1788618268.6985307,1.4378467383011038,2.942520112853871,0.004815148178298604,False,False,True,True,True
1788618268.7922225,2.1734466090386455,7.99802197446049,0.01793235243772912,False,False,True,True,True
1788618268.9091146,0.8398106011711054,11.428215553903257,0.011893499116039232,False,False,True,True,True
1788618269.0057952,2.1624357010037567,13.602457757451038,0.008640656859591334,False,False,True,True,True
1788618269.1051905,0.9913098183957756,11.9239631302608,0.008761354482877844,False,False,True,True,True
1788618269.2183409,1.2368325442975348,2.098842317678457,0.004368457980722831,False,False,True,True,True
1788618269.3196049,1.7807806752826905,5.349255427910875,0.01475465664357713,False,False,True,True,True
1788618269.4082577,1.4831644659874232,3.1275949414748787,0.0057830086868372555,False,False,True,True,True
1788618269.5022974,1.6147722642945375,1.439098999511323,0.009869569425850861,False,False,True,True,True
1788618269.6160438,0.9726290584773828,5.714524945705254,0.0038487360291070277,False,False,True,True,True
1788618269.7087805,0.36638502608435547,6.479622393082257,0.0028593626767903033,False,False,True,True,True
1788618269.8016315,0.057329135497781875,3.3282544629440944,0.00021920048010863963,False,False,True,True,True
1788618269.903592,0.6256885738975915,5.57116325130107,0.0008011709556667956,False,False,True,True,True
1788618270.0103154,0.3661282880691089,2.3869665626453136,0.0008725893392318448,False,False,True,True,True
1788618270.1103334,0.5680966817324667,2.084579132667162,0.001202079796833088,False,False,True,True,True
1788618270.2127964,1.884459563391371,12.85686129027284,0.006517345728618699,False,False,True,True,True
1788618270.308134,0.3183139322987782,16.512084874699415,0.0081841348715814,False,False,True,True,True
1788618270.4166725,4.17185209914405,35.50330035045788,0.042076764268598243,False,False,True,True,True
1788618270.5101137,0.6459793902936478,37.62325109828628,0.03770311279338804,False,False,True,True,True
1788618270.6114743,0.8914899086362947,2.4188491444403217,0.0022867908834464674,False,False,True,True,True
1788618270.7015917,3.9370477018293037,33.850321830296146,0.026047642092357527,False,False,True,True,True
1788618270.8185852,3.356828153426198,4.822819458452882,0.02963589965303162,False,False,True,True,True
1788618270.9077342,0.5826288225406482,31.078696359150296,0.030262332057417695,False,False,True,True,True
1788618271.0091164,0.6369368467811959,0.5278152690962634,0.0016374653395258947,False,False,True,True,True
1788618271.0995045,1.669287985876659,11.376719536971217,0.0048581038690217624,False,False,True,True,True
1788618271.2151797,1.5655826200164504,1.1628886190814682,0.014267894727650377,False,False,True,True,True
1788618271.3070679,1.0360826416947282,5.8738017219338605,0.010985798162437232,False,False,True,True,True
1788618271.4048402,1.3218835364422818,3.159054570838955,0.005459678444577144,False,False,True,True,True
1788618271.509569,0.3979226752666239,8.802882018622281,0.004434643078350608,False,False,True,True,True
1788618271.6164744,1.8212337627900577,13.12896162622432,0.00878180108895742,False,False,True,True,True
1788618271.7089844,2.382214392145068,6.132264588217664,0.01300525923217998,False,False,True,True,True
1788618271.8025463,3.0872765088367284,8.880193221036794,0.027596897032468,False,False,True,True,True
1788618271.917195,2.5236444999635883,4.393255266039316,0.024209606245625022,False,False,True,True,True
1788618272.0094404,1.483673705022229,11.253246007842472,0.02112818967256615,False,False,True,True,True
1788618272.1055222,0.34545147401793364,11.847468441422272,0.00428322170092553,False,False,True,True,True
1788618272.206353,0.6789720316248419,3.3144812839301596,0.001307025633794798,False,False,True,True,True
1788618272.3171072,3.2368505564817736,23.139514630998193,0.032782231152764185,False,False,True,True,True
1788618272.4140341,2.0100108370821834,12.51842929805067,0.021620587539790345,False,False,True,True,True
1788618272.5091257,0.8023873986286489,12.457323261681884,0.010715114046902792,False,False,True,True,True
1788618272.601786,1.01415455623751,2.290885342915365,0.0034502235153553587,False,False,True,True,True
1788618272.7187042,1.1445579541476127,1.268685947621211,0.005306353993139648,False,False,True,True,True
1788618272.8140037,1.0632159950029316,1.0427921190485838,0.0034756442791103012,False,False,True,True,True
1788618272.9096456,3.7921216211748554,28.26239046353382,0.026824976110466026,False,False,True,True,True
1788618273.0072417,1.3578946804005152,26.895454475151237,0.029467320965140747,False,False,True,True,True
1788618273.1150315,1.1077946271083878,2.292598165724091,0.005229651905370115,False,False,True,True,True
1788618273.2140317,0.8497140588749016,2.708709848338447,0.002438546927698823,False,False,True,True,True
1788618273.3079727,0.7310843236945692,1.2431580354869916,0.002782389188768107,False,False,True,True,True
1788618273.4056315,1.2883366270177377,5.710017234788332,0.004734992408725979,False,False,True,True,True
1788618273.516356,1.4162704043068086,1.0262600723691533,0.004523432627240338,False,False,True,True,True
1788618273.6078198,0.3016632012683913,12.157605770905464,0.004431004123227444,False,False,True,True,True
1788618273.701909,1.1883087971828425,9.407711999525432,0.003143317619291611,False,False,True,True,True
1788618273.8225982,0.6332629035085345,4.679842316825188,0.0026774453623120468,False,False,True,True,True
1788618273.9168026,1.925634365479757,13.695149682411662,0.0055905064979095784,False,False,True,True,True
1788618274.0157554,1.5807985170745187,3.6554154794007796,0.01598325685375477,False,False,True,True,True
1788618274.1057549,0.6194462489154127,10.798542010201508,0.003938273534311076,False,False,True,True,True
1788618274.2227023,1.167392768731752,4.641602927307147,0.005629572645655973,False,False,True,True,True
1788618274.3141756,0.7653552657262418,4.211453058614414,0.005512316633198747,False,False,True,True,True
1788618274.4086852,0.7312420140334325,0.3195083716370748,0.0010911028893440084,False,False,True,True,True
1788618274.509612,0.25881095850101543,4.709935546480545,0.0007753820034982252,False,False,True,True,True
1788618274.6156073,1.8381182486987133,14.963841126988182,0.006909124724331194,False,False,True,True,True
1788618274.7122314,1.1491694331244589,7.006722459576754,0.007524185230789223,False,False,True,True,True
1788618274.8089688,0.5117303634918581,6.626953531560554,0.003525548268296571,False,False,True,True,True
1788618274.9042609,1.6086990861577908,11.482279107181757,0.005263757769320233,False,False,True,True,True
1788618275.0200715,0.9028350592918467,6.079718097242906,0.0038812173236365075,False,False,True,True,True
1788618275.1183991,0.5501539143113452,3.487016985458438,0.0018250191585703949,False,False,True,True,True
1788618275.2125041,0.9856218602127109,4.602581659732874,0.0027910376871053875,False,False,True,True,True
1788618275.3059306,0.6545885495905177,3.547215807176622,0.0020049077109900865,False,False,True,True,True
1788618275.4241943,1.682358601827148,8.726540049337352,0.006446593160397276,False,False,True,True,True
1788618275.5185986,2.2799945704604885,5.6169354051699205,0.020461867818127803,False,False,True,True,True
1788618275.605199,4.657131423160806,27.45395150200195,0.02590718468284774,False,False,True,True,True
1788618275.7069268,0.7130966020707763,38.5539594702013,0.027327069243893717,False,False,True,True,True
1788618275.8246787,0.32907139047199063,3.1979207204410054,0.0015112026656960284,False,False,True,True,True
1788618275.9159255,1.674496537866289,14.759712411813984,0.004506639628015845,False,False,True,True,True
1788618276.0093148,2.541400676032402,9.75469711572625,0.010474224095073242,False,False,True,True,True
1788618276.1254394,0.41187634808070356,18.254345075405283,0.012963961648589178,False,False,True,True,True
1788618276.2172475,2.1949191529930365,19.25354735289187,0.008392448226057125,False,False,True,True,True
1788618276.3179588,1.6910684727124863,5.2808576481315965,0.01710492701931957,False,False,True,True,True
1788618276.4115968,0.7419750909077633,10.12795564425544,0.00839472668827142,False,False,True,True,True
1788618276.5257196,0.7026611499252792,0.2950615166374477,0.0013651757902706215,False,False,True,True,True
1788618276.6221416,1.355352880806186,6.835058829570879,0.005850033400311148,False,False,True,True,True
1788618276.7137766,1.3462026409676973,0.04078429458897743,0.008355120523785285,False,False,True,True,True
1788618276.812942,1.0932924600834306,2.4984224464073956,0.007850950114957091,False,False,True,True,True
1788618276.9257498,1.302319496511451,1.5761793057764943,0.008838881634461363,False,False,True,True,True
1788618277.0155685,3.0764833759110837,19.864532668437377,0.012497967839855368,False,False,True,True,True
1788618277.113459,1.91490913628413,11.167907267573147,0.03148081933340533,False,False,True,True,True
1788618277.2108655,1.4698068184447044,4.233961909181925,0.008026055933833796,False,False,True,True,True
1788618277.3239858,0.45856028701659834,8.84194540280437,0.005191529552180006,False,False,True,True,True
1788618277.4168377,1.4268904226372536,10.434050695003165,0.004228375030642151,False,False,True,True,True
1788618277.512837,2.9713109377595175,15.787962123205599,0.020530520569059258,False,False,True,True,True
1788618277.606843,2.9455247902936006,0.9551215404368346,0.016867530811926636,False,False,True,True,True
1788618277.732796,0.3872752977389581,20.122121318610635,0.016965016361989244,False,False,True,True,True
1788618277.8310227,3.9957478394272377,36.678424228511915,0.028508167807019348,False,False,True,True,True
1788618277.9246504,3.641963161285741,4.185654236719435,0.027785159298180196,False,False,True,True,True
1788618278.0179338,0.6422769955842627,31.742619831156663,0.02583624392335934,False,False,True,True,True
1788618278.1276546,1.466985519009331,7.6072235215191295,0.005711597412537204,False,False,True,True,True
1788618278.2189195,0.9850467013317225,5.348889642686423,0.0041021356199349955,False,False,True,True,True
1788618278.3134735,0.46448195562578276,5.518489204241557,0.0024031250014727385,False,False,True,True,True
1788618278.4325116,0.4754558768933641,0.08570490776995135,0.0012152746580037072,False,False,True,True,True
1788618278.5214028,1.2763362090205896,9.13027313081186,0.002695143341771689,False,False,True,True,True
1788618278.6175296,0.583147778085345,7.183883613322158,0.0024712120510364797,False,False,True,True,True
1788618278.7123585,0.40538760573665206,1.795716663676635,0.0010198399542627372,False,False,True,True,True
1788618278.829337,1.784654552348665,11.635183645774454,0.009761756622808135,False,False,True,True,True
1788618278.921392,1.290593630774938,5.128568585481777,0.007004084076572623,False,False,True,True,True
1788618279.018421,0.4334334223077741,8.721196298675086,0.0030925962437938726,False,False,True,True,True
1788618279.1127079,0.36131343016888523,0.7745680848728197,0.0007955089155301608,False,False,True,True,True
1788618279.2197978,1.7261891868762018,12.631930552916446,0.006926289006976896,False,False,True,True,True
1788618279.3280122,2.7282961909448455,9.427863882235865,0.013601776488793446,False,False,True,True,True
1788618279.4173906,0.5707683220426722,23.474443870729754,0.016885545183132015,False,False,True,True,True
1788618279.5175738,1.2308662587389894,6.609705404680783,0.0035256765591568278,False,False,True,True,True
1788618279.6289668,1.5902835994356201,3.1198687055145853,0.005934461432612789,False,False,True,True,True
1788618279.724487,0.3266593990234646,13.555166485313025,0.006279263156816084,False,False,True,True,True
1788618279.821534,1.9986994413699746,17.237417113429135,0.00812047445270483,False,False,True,True,True
1788618279.91503,0.5962805724321683,14.62273843439843,0.006856065377464994,False,False,True,True,True
1788618280.0275304,2.061841645194298,13.08369747128854,0.01312249352603193,False,False,True,True,True
1788618280.122467,0.2852608101668886,18.555080340732964,0.010918408170308244,False,False,True,True,True
1788618280.2198339,1.2349754704288527,9.70498504869111,0.003402161559553755,False,False,True,True,True
1788618280.3111982,1.8580091571868615,6.683658424522955,0.007216822768189054,False,False,True,True,True
1788618280.430012,3.687538441727314,15.298348039979674,0.05768052127269102,False,False,True,True,True
1788618280.5260587,3.7345120128162916,0.33749882016288135,0.03313905810033582,False,False,True,True,True
1788618280.6169562,1.3334720432658353,26.61642280477666,0.03674875204676727,False,False,True,True,True
1788618280.7357414,0.58817613511234,6.203769890269503,0.004650553207859004,False,False,True,True,True
1788618280.8276823,1.037643932447762,4.89756548589367,0.0019029404768894358,False,False,True,True,True
1788618280.9244452,0.33553794196958525,7.141808963638232,0.0022454899827545637,False,False,True,True,True
1788618281.0155706,0.20686451370248657,1.3697682949707457,0.00028823986587624725,False,False,True,True,True
1788618281.133679,1.3851080527133255,9.966516820311979,0.005668294916471832,False,False,True,True,True
1788618281.2329266,2.2161995925568414,8.505776507989234,0.008175665513797918,False,False,True,True,True
1788618281.322758,1.4052791505910265,8.878526588402268,0.007756551696017128,False,False,True,True,True
1788618281.4188068,2.0761791349477074,7.009084137788601,0.01641462637339223,False,False,True,True,True
1788618281.5310836,0.39899014949408657,14.827448652835358,0.006820252415217951,False,False,True,True,True
1788618281.6265173,0.31142779328843573,0.9081911833113496,0.0007156435119665341,False,False,True,True,True
1788618281.7246416,0.2603668439208007,0.5546301068345897,0.00034525802600120724,False,False,True,True,True
1788618281.821655,1.4431795481484315,12.18099752170887,0.003948629254217968,False,False,True,True,True
1788618281.9322999,1.7016014662587875,2.290521403711978,0.0160870530144804,False,False,True,True,True
1788618282.028264,0.6093439652874133,11.273930933580953,0.00726060676308721,False,False,True,True,True
1788618282.1210232,1.3200977379764902,7.672931449408986,0.0037493032991851175,False,False,True,True,True
1788618282.218309,0.5609331580316936,7.769781821356747,0.0024848574978165866,False,False,True,True,True
1788618282.3304632,1.9092618334614437,11.872156369225303,0.011746901885712578,False,False,True,True,True
1788618282.4226367,1.5082446538099326,4.315529716518347,0.00787812679622791,False,False,True,True,True
1788618282.5240335,2.0694794796092837,5.530903706955419,0.017582859245142135,False,False,True,True,True
1788618282.6241462,1.9572523849880983,0.946909713869119,0.008334430903818642,False,False,True,True,True
1788618282.72851,1.103664458883619,8.285334777747053,0.006288819754555415,False,False,True,True,True
1788618282.8289642,2.7339841384191788,16.594127453439448,0.02356789369437336,False,False,True,True,True
1788618282.9270196,0.8465627067868037,19.1347721775228,0.014096110332134369,False,False,True,True,True
1788618283.0343769,0.6442961607064549,1.9100921296751219,0.0032357057885991185,False,False,True,True,True
1788618283.129156,1.265917699473264,6.624425026039246,0.0027786691150567086,False,False,True,True,True
1788618283.2292707,0.9492381072902144,3.1582961778123697,0.0029351567774627226,False,False,True,True,True
1788618283.3214736,0.9790831080310709,0.27546745608742984,0.004951917423668258,False,False,True,True,True
1788618283.431979,1.6677035501416402,6.238050269001531,0.007106383541516629,False,False,True,True,True
1788618283.529452,0.34707290064758506,13.406789720094965,0.007873221967361121,False,False,True,True,True
1788618283.624259,0.5735127087065486,2.3797304707182927,0.0008591546369546238,False,False,True,True,True
1788618283.7201564,0.154167340695754,4.383748367398554,0.0007161872197507777,False,False,True,True,True
1788618283.8450463,0.9537695285186707,6.41971744138484,0.003109457209831143,False,False,True,True,True
1788618283.9285681,1.566517449276409,7.454839449137887,0.007951752555589293,False,False,True,True,True
1788618284.0283387,1.4230985487025352,1.274339803506402,0.00684454100473823,False,False,True,True,True
1788618284.1197248,1.8739272693242846,4.573807248351504,0.009244141790756494,False,False,True,True,True
1788618284.2353654,1.6013694764732327,2.435665092655863,0.01658696323792678,False,False,True,True,True
1788618284.3288252,3.2857013712312955,18.080752871102664,0.01639040983554725,False,False,True,True,True
1788618284.4319394,0.6415739281254509,25.11092261654252,0.01963180549736511,False,False,True,True,True
1788618284.5207133,3.3438784734219693,30.323034249727513,0.0193992109777657,False,False,True,True,True
1788618284.6382833,0.2824715805398423,26.3428559367309,0.01808511708092507,False,True,True,True,True
1788618284.7262204,2.448697138289372,24.686692129252204,0.010183692191884948,False,False,True,True,True
1788618284.8209443,0.8461321594906174,17.22731203282875,0.009387891938687028,False,False,True,True,True
1788618284.9178548,1.5221887191970807,6.894377822935998,0.006910880287761027,False,False,True,True,True
1788618285.0284882,0.5383511417447001,8.952694968589576,0.004011663746750302,False,False,True,True,True
1788618285.127417,0.8009864887638778,2.585643341166247,0.00159639175044579,False,False,True,True,True
1788618285.2202547,2.2928520404745085,16.087614553150726,0.009060570953436875,False,False,True,True,True
1788618285.3330297,1.9364922847982984,2.14985209752702,0.01193928706954479,False,False,True,True,True
1788618285.4304934,0.5436700086973326,14.408158377502884,0.010882093659552334,False,False,True,True,True
1788618285.5257542,1.5349982204835757,10.394475571031325,0.006556262251668956,False,False,True,True,True
1788618285.6221483,0.8488479425278102,7.676174578570065,0.006737551577916496,False,False,True,True,True
1788618285.739082,1.4168074608805894,4.8553309842792585,0.007647687310638446,False,True,True,True,True
1788618285.8407598,0.36521422323926506,10.275256715527004,0.005673590270606186,False,False,True,True,True
1788618285.938571,1.444570299436827,11.005111174026487,0.004690952225456366,False,False,True,True,True
1788618286.071292,0.8050700788217701,4.74611744779516,0.0068956851655956955,False,False,True,True,True
1788618286.1589959,0.750732311767443,0.43448861463761757,0.002794379034547872,False,False,True,True,True
1788618286.3483768,1.1967049118447033,2.3234561879793323,0.009693129949635115,False,False,True,True,True
1788618286.5104349,1.33230808994295,0.7621316728721629,0.012691499787405426,False,False,True,True,True
1788618286.883289,0.3539842591861107,2.604186925769468,0.008488337770930462,False,False,True,True,True
1788618286.990538,1.7097790533753485,12.638061792144478,0.006760277810744907,False,False,True,True,True
1788618287.195017,0.7404020551460321,4.543078462686251,0.0135617673132867,False,False,True,True,True
1788618287.3340242,0.927028575130046,1.4291465952079938,0.005095724961734303,False,False,True,True,True
1788618287.5106058,0.48629784514617425,2.4934532379316465,0.007001625998917356,False,False,True,True,True
1788618287.744889,0.8939770937690116,1.6479109330545108,0.01226884646292307,False,False,True,True,True
1788618287.8844671,2.516236755874425,11.588575032944492,0.02442659661596198,False,False,True,True,True
1788618287.9612706,0.29090405791136575,29.106815606297676,0.025755734454708672,False,False,True,True,True
1788618288.0626729,1.893903116446073,15.91130244808096,0.008221947996169569,False,False,True,True,True
1788618288.1566255,1.4300778088504789,4.3489347744195,0.009114997425793614,False,False,True,True,True
1788618288.2602077,2.2580805586916606,7.977528106898706,0.012106338571136473,False,False,True,True,True
1788618288.3757324,0.8461082567012052,12.618800810482139,0.018265791298508912,False,False,True,True,True
1788618288.4576793,0.9089266057103487,0.4218996480314349,0.003021202994244694,False,False,True,True,True
1788618288.5455878,1.442642860023143,6.155507635931482,0.00468876156753399,False,False,True,True,True
1788618288.6445782,1.1708114744564933,2.643699220263785,0.0040437505100367034,False,False,True,True,True
1788618288.7382836,1.0687017571773179,1.2199655621005123,0.004083608502150828,False,False,True,True,True
1788618288.8426108,1.5748214936859721,4.7465779940127115,0.005110123374328159,False,False,True,True,True
1788618288.94822,1.8165004173143922,2.453803836511811,0.008304709692248825,False,False,True,True,True
1788618289.0409846,0.2715143515955277,16.611862973437635,0.007170538788978659,False,False,True,True,True
1788618289.1330824,1.7921551653256038,16.51002603951487,0.006386337337685148,False,False,True,True,True
1788618289.2447896,0.9974305383702345,7.300847826659876,0.012099048889543657,False,False,True,True,True
1788618289.343882,1.5025044725620735,5.100671194142103,0.005092330224661783,False,False,True,True,True
1788618289.4413483,2.990971375044132,15.426404702458358,0.025435501459665888,False,False,True,True,True
1788618289.5323079,1.6886273446470446,13.955956163549274,0.02208067044883132,False,False,True,True,True
1788618289.6470475,0.4479334948684634,10.699833022856453,0.004637896851424862,False,False,True,True,True
1788618289.7680507,2.5159230946643696,17.06653381946071,0.023422861233888162,False,False,True,True,True
1788618289.845265,0.8769031950260537,21.892405711991938,0.019583766442096227,False,False,True,True,True
1788618289.9522142,2.048510577133232,10.948037659513682,0.012761146910041567,False,False,True,True,True
1788618290.0469592,1.117302847729527,9.683109121260777,0.01416678655739743,False,False,True,True,True
1788618290.146702,1.4652313002264685,3.4924646926395964,0.009177673297013127,False,False,True,True,True
1788618290.245883,1.800871164573443,3.2331109580876873,0.008292395973590569,False,False,True,True,True
1788618290.3566504,1.2180721971874189,5.137718454117539,0.00626117623541463,False,False,True,True,True
1788618290.445959,2.856436068964871,18.739917236541885,0.012469835318344153,False,False,True,True,True
1788618290.5439987,1.787230699338953,11.746982903868851,0.019762626743577705,False,False,True,True,True
1788618290.6371856,1.225762907692535,6.020523633792398,0.005450505856945926,False,False,True,True,True
1788618290.748513,1.2879993175591595,0.5281268108652412,0.007277272906891732,False,False,True,True,True
1788618290.854228,0.3311636301586331,9.061997206552588,0.00531924628342846,False,False,True,True,True
1788618290.945463,1.7931071166966683,15.996601652053375,0.005161440675201614,False,False,True,True,True
1788618291.0415776,4.447436053850511,27.639369661468493,0.02988563113283115,False,False,True,True,True
1788618291.147064,3.6014659841100505,8.201674729925136,0.03464692783270745,False,False,True,True,True
1788618291.2468147,0.8987908145238391,26.628484600759588,0.0261246928284823,False,False,True,True,True
1788618291.333606,1.3683221997451163,5.622157968278081,0.006698454917275574,False,False,True,True,True
1788618291.4324427,2.5816826808752698,12.149416493043596,0.011539185207276125,False,False,True,True,True
1788618291.5460136,1.199801435939709,12.153542058012551,0.011162539589748477,False,False,True,True,True
1788618291.6445174,1.228460596124512,0.24317497878842187,0.008755974009940945,False,False,True,True,True
1788618291.738161,0.6017932896692877,6.707282216073575,0.004572149105257349,False,False,True,True,True
1788618291.8347464,0.5827200485970364,0.17276430604771043,0.0013139585324867,False,False,True,True,True
1788618291.9444911,1.085963241478859,4.599493797880467,0.004154986265993375,False,False,True,True,True
1788618292.0423927,2.0882530762914793,10.29230565583846,0.009382117954902078,False,False,True,True,True
1788618292.1409447,1.3696051465901034,7.451961062476088,0.010326286087819086,False,False,True,True,True
1788618292.2515132,1.9290527764236376,4.428769111926789,0.009869620530292186,False,False,True,True,True
1788618292.3507695,0.4077014824735811,15.49600554912814,0.010037448780684749,False,False,True,True,True
1788618292.439549,1.5025852415675363,12.33660169428306,0.004151732493673011,False,False,True,True,True
1788618292.5393212,0.5480235405779662,9.190852523059386,0.004894740326193703,False,False,True,True,True
1788618292.6472151,0.7751717931595843,2.1378744863757477,0.0027926223648008295,False,False,True,True,True
1788618292.7423882,2.6029390204543694,19.150206363532458,0.010657064720050546,False,False,True,True,True
1788618292.836027,2.3753448688891248,2.5192789449489963,0.013702599208663476,False,False,True,True,True
1788618292.936842,1.6162059993557922,7.2277796389781725,0.017357177008497,False,False,True,True,True
1788618293.053347,0.23937802469127098,11.651927543553029,0.005137123570019508,False,False,True,True,True
1788618293.1437385,3.0137813585552005,30.646612948925696,0.016315339681688638,False,False,True,True,True
1788618293.2432942,1.2546942895716169,17.420050948133643,0.013254870484201871,False,False,True,True,True
1788618293.3371603,0.5851025802343156,7.0337150680562335,0.0036690444528790322,False,False,True,True,True
1788618293.457328,0.33207889479988884,2.1154526420491964,0.0013349708696185577,False,False,True,True,True
1788618293.5498998,0.9568167223278483,6.691192940895061,0.0023813091082108763,False,False,True,True,True
1788618293.6473274,2.155355712680002,12.30095033419159,0.0071996014739188876,False,False,True,True,True
1788618293.746676,0.41066685137901865,17.468491804206057,0.00831346127990868,False,False,True,True,True
1788618293.8527017,0.5330611527383942,1.1627856927104947,0.0007600592797360657,False,False,True,True,True
1788618293.9515517,0.580368608060246,0.5341813746895274,0.001232111543634504,False,False,True,True,True
1788618294.052401,2.1667395654983728,15.63355579717846,0.01221782841209741,False,False,True,True,True
1788618294.1405783,3.4285817020792075,14.540937040176871,0.01551659599080986,False,False,True,True,True
1788618294.2587748,1.4123445446951326,16.124438224975133,0.029808025921562113,False,False,True,True,True
1788618294.3478622,1.990040275633329,6.695726083611517,0.007663593919238662,False,False,True,True,True
1788618294.4499683,0.8849550208949907,11.48959256218612,0.009311790702514684,False,False,True,True,True
1788618294.562158,0.5694621937851556,2.938168558756322,0.003182708078883279,False,False,True,True,True
1788618294.6555343,2.047280440024359,15.968237645319576,0.008401400180897602,False,False,True,True,True
1788618294.7497318,1.3482403454530034,6.983259226759768,0.008568944037517028,False,False,True,True,True
1788618294.845051,1.4487607076871947,1.0442500515759094,0.008876734960235895,False,False,True,True,True
1788618294.9741046,1.1655677777647717,2.4399726213458517,0.006823359099678187,False,False,True,True,True
1788618295.0599756,1.6851603247596663,5.821841732440024,0.011789931901340223,False,False,True,True,True
1788618295.15635,1.025293117726253,7.2183456586839085,0.008973749344537216,False,False,True,True,True
1788618295.255302,0.5819942377452197,4.46430902073587,0.001999730294743505,False,False,True,True,True
1788618295.3539658,0.6403564503159936,0.5906190919549321,0.0010090622312535975,False,False,True,True,True
1788618295.4499986,2.600141515747621,20.529869852551034,0.012557892642803424,False,False,True,True,True
1788618295.5440013,0.5190528716010256,21.86966271923838,0.0117201095615163,False,False,True,True,True
1788618295.641952,0.826457313476403,3.183094165333064,0.0014318416721578098,False,False,True,True,True
1788618295.7511332,1.6089086577843739,7.207023734897165,0.005239872336727705,False,False,True,True,True
1788618295.8524027,1.2652242444483406,3.3989540208407147,0.005359250025006406,False,False,True,True,True
1788618295.9482527,1.254569311042289,0.0319303537124581,0.008050771330978111,False,False,True,True,True
1788618296.0432117,1.0622581214130082,1.8421747536988062,0.004743498303690128,False,False,True,True,True
1788618296.1534433,2.348827370754319,11.543824299323164,0.013859216841868143,False,False,True,True,True
1788618296.2467968,1.1766126943587303,13.738063293697913,0.015876545655410374,False,False,True,True,True
1788618296.3510082,1.7906138797767504,5.913563814238241,0.010718712683316745,False,False,True,True,True
1788618296.4461913,1.0186018166178177,8.051081979002337,0.0062148887457092634,False,False,True,True,True
1788618296.5540824,1.1224981390023043,1.229473354723488,0.0038883039555141666,False,False,True,True,True
1788618296.65438,1.701045901905879,5.896219432769997,0.006915323592372339,False,False,True,True,True
1788618296.7479014,1.203294385378043,5.191246935036562,0.006375532169536344,False,False,True,True,True
1788618296.8596573,0.6876461476388022,4.572518525633106,0.003925086046156045,False,False,True,True,True
1788618296.9572093,2.1394841753817504,14.597687618800448,0.009988526474761285,False,False,True,True,True
1788618297.0507946,2.0207944037673706,1.3361047602787781,0.009182091792431646,False,False,True,True,True
1788618297.151815,2.243735604139543,2.1603890664178076,0.009705230550683633,False,False,True,True,True
1788618297.2635698,1.3433436546820843,7.486980619006325,0.010921436357484283,False,False,True,True,True
1788618297.3560266,2.06713692466014,7.8253609009618454,0.010549455178847107,False,False,True,True,True
1788618297.4470732,2.264487266083145,0.934089837733842,0.015023896587045685,False,False,True,True,True
1788618297.5470083,1.872372596647439,3.7385831278958195,0.008722662284884476,False,False,True,True,True
1788618297.6610634,0.9572067042074929,7.863790516264571,0.01257196332975334,False,False,True,True,True
1788618297.753511,1.2972285415844254,4.073978267815949,0.004331177167720748,False,False,True,True,True
1788618297.848959,1.2472343250392453,0.39480878668617525,0.00402525876566445,False,False,True,True,True
1788618297.9510276,0.7891804544685256,4.447564809048126,0.006410239349237642,False,False,True,True,True
1788618298.066686,1.250082683087563,3.6141652847441215,0.0052119060328801895,False,False,True,True,True
1788618298.1571243,1.3090320576879109,0.6098256414270844,0.008334128662161122,False,False,True,True,True
1788618298.2502224,0.9577345957357261,3.8504580389496903,0.005218512853874405,False,False,True,True,True
1788618298.3492956,1.485590583003645,5.296029864992114,0.006834283606700842,False,False,True,True,True
1788618298.4595768,1.1898167303443947,2.425033451439181,0.004814782870620808,False,False,True,True,True
1788618298.5581343,1.0200629473158187,1.5937674305679823,0.007757132437162766,False,False,True,True,True
1788618298.6520247,1.4976689499397393,5.00022794398806,0.0038163943733134117,False,True,True,True,True
1788618298.7603161,0.33725985201674297,10.738152660203127,0.003388725316600328,False,False,True,True,True
1788618298.8581636,0.8200026250786353,4.953287904537033,0.0020114877626248888,False,False,True,True,True
1788618298.955999,1.3093498853349346,5.108030918116513,0.00339675348940722,False,False,True,True,True
1788618299.0520935,2.0645008351559455,7.713301564660074,0.013632509803502776,False,False,True,True,True
1788618299.1600769,0.5604407576985779,13.970295882722967,0.010196560791684439,False,False,True,True,True
1788618299.2613842,1.4831933410360216,9.132663899024422,0.004558291058994601,False,False,True,True,True
1788618299.3577297,1.5952081505678588,0.9227499280229337,0.006538838013222569,False,False,True,True,True
1788618299.4571831,1.4212856621609127,2.2232171381310235,0.009550364155241554,False,True,True,True,True
1788618299.5640404,3.452590165798648,19.027204444724926,0.02907845786640277,False,False,True,True,True
1788618299.666395,5.208540840882055,18.45043036996536,0.0485569551065329,False,False,True,True,True
1788618299.7537265,1.024951343154285,47.36285360225514,0.05663620894454124,False,False,True,True,True
1788618299.854685,1.6132669942212068,5.8176590177617795,0.008330744434164754,False,False,True,True,True
1788618299.9600065,1.0531303711216757,5.346280787815311,0.006776995329638012,False,False,True,True,True
1788618300.061256,0.6031465445892972,4.508976951625,0.0025819050606235867,False,False,True,True,True
1788618300.155488,1.7157297459437935,11.76608509654838,0.005424910103808327,False,False,True,True,True
1788618300.2463274,4.030384539777508,25.174825848783463,0.030289627945134883,False,False,True,True,True
1788618300.3651333,2.468993631210278,12.800925819128858,0.03040935679841307,False,False,True,True,True
1788618300.4571655,1.6135860418854522,8.751183087200529,0.017053727845608654,False,False,True,True,True
1788618300.5555444,1.098046060779461,5.249722549141872,0.0044888051924055605,False,False,True,True,True
1788618300.6525567,0.39224641086146955,7.238654183280812,0.002938942760199714,False,False,True,True,True
1788618300.7674887,1.1124136092537915,6.2673718344653375,0.0036193769673251385,False,False,True,True,True
1788618300.8560936,1.6994698685822247,6.496885773007634,0.008117301976447935,False,False,True,True,True
1788618300.9533522,1.3569757905593265,3.3871415017807256,0.004600586330309252,False,False,True,True,True
1788618301.0623064,1.1134031157979525,2.1869081347052592,0.005660467686593898,False,False,True,True,True
1788618301.160989,2.501043712106108,14.046940738626251,0.012102040873175101,False,False,True,True,True
1788618301.2547753,3.2644450442344732,7.898711435776994,0.018560497275581664,False,False,True,True,True
1788618301.3557622,1.1413947799845512,21.07760787016294,0.017563865289671132,False,False,True,True,True
1788618301.4675248,0.5157535489818855,5.616015005371769,0.002753027614364193,False,False,True,True,True
1788618301.5634687,0.9038865163451222,4.108669140178986,0.0021735679042088974,False,False,True,True,True
1788618301.6590343,1.0708009675250736,1.8147077516994583,0.004183970461868601,False,False,True,True,True
1788618301.7573848,0.9645808290868245,1.1793086940052497,0.0038203699781622796,False,False,True,True,True
1788618301.8643613,0.9888942001208099,0.07062882150558866,0.00556416867040206,False,False,True,True,True
1788618301.9594054,0.6708848950571519,3.348291297111129,0.003959618316406904,False,False,True,True,True
1788618302.0595145,0.9819802153940228,3.164614401490344,0.003556334556713105,False,False,True,True,True
1788618302.153506,0.5969085611481798,4.0539780262423895,0.002558201686964844,False,False,True,True,True
1788618302.2718666,1.6167019338377555,8.686466020230895,0.007264963982446057,False,False,True,True,True
1788618302.364571,1.733777418826943,1.3293010821393854,0.008315158370782151,False,False,True,True,True
1788618302.460247,0.7258978808698564,10.75049032810861,0.006020665771546401,False,False,True,True,True
1788618302.556904,1.4609191688811238,7.613318388968064,0.0052532269970547545,False,False,True,True,True
1788618302.6693232,0.614761334547595,7.4758701964055,0.004200583744075546,False,False,True,True,True
1788618302.7637703,1.2140320294216855,6.247213299632164,0.002234424477519612,False,False,True,True,True
1788618302.8585742,0.9352190853785467,2.855411401335491,0.0027786417833390387,False,False,True,True,True
1788618302.9568567,1.0782555419789412,1.4324787863590456,0.0032661194165951824,False,False,True,True,True
1788618303.0654204,0.92164898647523,1.6102322372408113,0.0028019595288637437,False,False,True,True,True
1788618303.1617293,0.609509840075544,3.2997026052580782,0.003518987119203859,False,False,True,True,True
1788618303.2594817,0.2917832308270569,3.2639171177580413,0.0007830373970699251,False,False,True,True,True
1788618303.373986,0.6102995595662704,2.763166909605287,0.0012186077894127774,False,False,True,True,True
1788618303.472726,1.472618132201064,8.712052701023868,0.006908212806813202,False,False,True,True,True
1788618303.566988,1.3152417107988215,1.790934912065833,0.008088099497404263,False,False,True,True,True
1788618303.673331,1.3129649001880084,0.0697706670469112,0.00394775046007142,False,False,True,True,True
1788618303.7784348,1.0718540538790176,2.277136762478184,0.006317059668923649,False,False,True,True,True
1788618303.8768044,1.1516857458237197,0.9939512804159777,0.00671722177157053,False,False,True,True,True
1788618303.964848,1.0256287445735623,1.6036454477770767,0.004229194688926829,False,False,True,True,True
1788618304.06113,0.6458689841685805,4.057914060377411,0.0016661587450341533,False,False,True,True,True
1788618304.1744542,1.152154012478115,4.499673301876291,0.005414609487522777,False,False,True,True,True
1788618304.271659,0.9318966386335458,2.5413508732992374,0.006181325202623199,False,False,True,True,True
1788618304.3816657,0.6872598076309999,2.181535938065678,0.003710834138414947,False,False,True,True,True
1788618304.4622173,1.3110723317048936,7.916867162830034,0.0019870278973708453,False,False,True,True,True
1788618304.5768256,1.267579906433445,0.20800189221320403,0.0069112452301469075,False,False,True,True,True
1788618304.675391,0.31221753993431817,9.655804665230216,0.005020170654243645,False,False,True,True,True
1788618304.7705445,0.31194742222067684,0.003936610078976979,0.0002737017393766144,False,False,True,True,True
1788618304.8690135,0.5086919100768393,1.9907428019222386,0.0008162848153472829,False,False,True,True,True
1788618304.9753518,0.414798453992646,0.8693845849606782,0.0006173206204746028,False,False,True,True,True
1788618305.0716891,1.8633778935247034,15.026273642101494,0.0059003278699167,False,False,True,True,True
1788618305.1684027,1.0910562292581332,8.12673219539265,0.005644245047469459,False,False,True,True,True
1788618305.2678134,0.5448761382843853,5.523868369116033,0.0033650935138265664,False,False,True,True,True
1788618305.3690095,1.8493106794862493,12.828299310814257,0.006186246104053993,False,False,True,True,True
1788618305.4614248,1.5200668911281554,3.2351008020688585,0.006214280998806562,False,False,True,True,True
1788618305.5580406,0.21219105594910825,13.370973495917143,0.003916032728255758,False,False,True,True,True
1788618305.6709955,1.4995523354756422,11.4366388905361,0.005964787332297901,False,False,True,True,True
1788618305.8100393,1.747824204866234,1.7299493347748605,0.00997630946044107,False,False,True,True,True
1788618305.878695,1.6762137342180816,1.70152714027019,0.014822010496928207,False,False,True,True,True
1788618305.9675846,2.0900338744468403,4.252026645622659,0.005853588372739539,False,False,True,True,True
1788618306.0844898,1.3751680688582641,6.372417457092748,0.006344132312235088,False,False,True,True,True
1788618306.1778185,0.7589223177961322,6.591166631578831,0.00496466008478411,False,False,True,True,True
1788618306.2806046,0.7025565766230802,0.5029839125034432,0.002819847364219982,False,False,True,True,True
1788618306.3729675,0.9663223198841719,2.933274069226126,0.0021979183677723513,False,False,True,True,True
1788618306.485885,1.3870018565879703,3.7899263691531218,0.006672613486635081,False,False,True,True,True
1788618306.5823271,1.0312147221668257,4.332103428568575,0.0071536985809028866,False,False,True,True,True
1788618306.670145,4.7263121373289,42.18504066767219,0.03382470577692456,False,False,True,True,True
1788618306.7712193,1.7872659208606443,28.43755764196286,0.02637247832158149,False,False,True,True,True
1788618306.8914855,1.8393469970474823,0.4067140909588791,0.022978875079240207,False,False,True,True,True
1788618306.9674897,0.729433004831828,14.66765903044258,0.008926410345257608,False,False,True,True,True
1788618307.0743134,1.3399870034808192,5.5895056469529525,0.004610021747760416,False,False,True,True,True
1788618307.1679366,0.3451154181385579,10.617416504481394,0.0036194560617127387,False,False,True,True,True
1788618307.2793498,0.5886985252764975,2.201811525463113,0.0011810974462725192,False,False,True,True,True
1788618307.3787076,0.9592903999724867,3.7436843680136973,0.002700551827621742,False,False,True,True,True
1788618307.4741821,2.0404839669027584,11.324236487964953,0.0059741331672193,False,False,True,True,True
1788618307.5660582,1.8285088441819428,2.3011379069744438,0.017657365732815358,False,False,True,True,True
1788618307.685809,1.888351450740602,0.70427895701834,0.00891388481287693,False,False,True,True,True
1788618307.7790377,0.6037694840408241,13.862674979451787,0.012453387744187432,False,False,True,True,True
1788618307.8883624,1.6088833157545024,9.097113776969328,0.004966076863051749,False,False,True,True,True
1788618307.9941537,0.4565691129704322,11.030151408239036,0.006503358888720007,False,False,True,True,True
1788618308.0950675,2.3228990186830987,18.50260165364732,0.010429905793692488,False,False,True,True,True
1788618308.1938527,0.5931368447122248,17.20209021378398,0.012685706082870346,False,False,True,True,True
1788618308.2941942,1.4223873208829123,8.375076005037121,0.004030946035311483,False,False,True,True,True
1788618308.3950322,0.3799456069232702,10.256188404496879,0.004745155400461845,False,False,True,True,True
1788618308.5034566,0.802342544398677,3.8632600903853755,0.0020239291251199013,False,False,True,True,True
1788618308.5952106,2.1707699203242994,14.69991124450725,0.009985156248527699,False,False,True,True,True
1788618308.6937559,3.0254355749674335,8.870025935085762,0.014043656491369029,False,False,True,True,True
1788618308.8046708,1.6356307034655848,12.058101415741508,0.014801809529475391,False,False,True,True,True
1788618308.8970428,0.9655675669285354,7.354572000499861,0.005262595376162609,False,False,True,True,True
1788618309.009555,0.528789513114352,3.9755440655942493,0.00161963370668121,False,False,True,True,True
1788618309.0958028,1.1714718823622126,7.441216448811035,0.003340963634281563,False,False,True,True,True
1788618309.1894207,4.294301804704459,33.36969899800191,0.026064838569367393,False,False,True,True,True
1788618309.286085,3.484136427932272,8.56623163517338,0.02701000382552354,False,False,True,True,True
1788618309.3935177,1.510814370008494,18.119474790936994,0.01710071099325211,False,False,True,True,True
1788618309.4886458,0.9203868370452254,6.009194462821061,0.003992879112316306,False,False,True,True,True
1788618309.592261,0.7133577986214824,1.9957521456165508,0.0021615657922918964,False,False,True,True,True
1788618309.6987982,0.8846919229170006,1.7090508307736068,0.0015406298591242407,False,False,True,True,True
1788618309.8055708,1.1093860681207028,2.2754396859299875,0.0061409827585929945,False,False,True,True,True
1788618309.8985262,0.8335803860513942,2.9542050492843193,0.0052693562311829575,False,False,True,True,True
1788618310.0015936,0.5628626852280064,2.663389880064211,0.0026570478506446945,False,False,True,True,True
1788618310.086606,0.9573291661413904,4.563166071626336,0.0011077250216967997,False,False,True,True,True
1788618310.1781924,1.6041659043347685,7.037965591993014,0.007892446345739485,False,False,True,True,True
1788618310.290071,0.26972659212236644,11.873322037740655,0.003837208958065709,False,False,True,True,True
1788618310.3864057,2.301244839277994,21.103426341411254,0.011154720484209938,False,False,True,True,True
1788618310.4852426,1.2705113813934927,9.863743092448754,0.008744234459474856,False,False,True,True,True
1788618310.5816987,0.6221848395334278,6.67817786118668,0.003016192209195502,False,False,True,True,True
1788618310.681757,0.5571263809896166,0.7922115419271666,0.0015809446438515564,False,False,True,True,True
1788618310.7836838,3.228602284444843,26.089434433406826,0.02269427184131288,False,False,True,True,True
1788618310.8757465,1.5845011089918497,17.856268028313124,0.016301907678964507,False,False,True,True,True
1788618310.9704585,0.6185406620042706,9.921398458167621,0.004102635237744291,False,False,True,True,True
1788618311.0874937,0.5050518779730393,0.9397993062888937,0.0010243201669099507,False,False,True,True,True
1788618311.1795275,0.39775644443167946,1.1891632019202012,0.0010503672823256765,False,False,True,True,True
1788618311.2810655,0.8217533968523824,4.229518410379236,0.0016942493661772303,False,False,True,True,True
1788618311.3857825,0.2277175343349943,5.5961183744117795,0.0014116567918157977,False,False,True,True,True
1788618311.4844592,1.652399911626568,14.419388818866334,0.00538407665984235,False,False,True,True,True
1788618311.5741923,1.7974688285178997,1.4195845385352464,0.006729628319616866,False,False,True,True,True
1788618311.6745226,0.8958350656621259,9.01120572586524,0.004249610336240194,False,False,True,True,True
1788618311.7751904,0.3640817980008329,5.248089724216614,0.0020532927494344155,False,False,True,True,True
1788618311.8851986,0.2685994347042752,0.8960132413944923,0.0005937418443965375,False,False,True,True,True
1788618311.9750323,2.3506261698503663,23.168325422574398,0.008115800407009236,False,False,True,True,True
1788618312.0771217,0.6061364497416195,16.886446785071207,0.008487352611509406,False,False,True,True,True
1788618312.1727407,1.3100826369166507,7.328977832687144,0.004366795233817916,False,False,True,True,True
1788618312.2927992,1.5657285631179676,2.099161235311214,0.00593947959411032,False,False,True,True,True
1788618312.3933997,2.181444287859854,6.087017976535617,0.00865863808321301,False,False,True,True,True
1788618312.4811368,1.0849723330130794,12.14965460302419,0.007347904198914288,False,False,True,True,True
1788618312.5885835,1.4108595871276315,3.174521021156665,0.00403465680050882,False,False,True,True,True
1788618312.6953554,0.33501660334159666,10.137582349903186,0.0046383071984478184,False,False,True,True,True
1788618312.785932,2.4048163438307437,22.776054791511626,0.009668439603244212,False,False,True,True,True
1788618312.8813183,1.2316595239455184,12.823668807643413,0.015178809261487859,False,False,True,True,True
1788618312.9864771,1.1181375124933757,1.083635000717351,0.007180677035090453,False,False,True,True,True
1788618313.0881917,1.0143268077265961,1.026877780246853,0.005266810154860557,False,False,True,True,True
1788618313.19014,2.418115445630093,13.936634317832631,0.009773873749175717,False,False,True,True,True
1788618313.278668,1.6521875239671109,8.6979464285241,0.019238938165183905,False,False,True,True,True
1788618313.3897839,1.957982322851929,2.7486762330235917,0.009244977267440826,False,False,True,True,True
1788618313.4833374,3.0185791175948924,11.789628995781051,0.016516014336778344,False,False,True,True,True
1788618313.5820165,1.3272249179510711,17.101652024305228,0.02059116833530327,False,False,True,True,True
1788618313.6729863,1.3722862662463549,0.4370353968527922,0.005557653941254734,False,False,True,True,True
1788618313.7802052,0.9652654243233763,3.8669580717700436,0.005498623828567484,False,False,True,True,True
1788618313.8812506,0.41399784307346243,5.46187975855356,0.0026073320091724024,False,False,True,True,True
1788618313.9761899,1.4076999881178558,10.34202103366472,0.004054858573442216,False,False,True,True,True
1788618314.07293,2.7809299357755792,14.068487854275013,0.013282165360142763,False,False,True,True,True
1788618314.1884835,0.5538058865335277,19.239034475102397,0.014088002216762503,False,False,True,True,True
1788618314.287065,2.434890564644448,19.089190855077916,0.011071757440074327,False,False,True,True,True
1788618314.3817732,3.070928995072281,6.583782303932414,0.014509750210504609,False,False,True,True,True
1788618314.4851856,0.6033850299164533,23.822880078739132,0.014188326097553224,False,False,True,True,True
1788618314.5931776,1.1401469208985882,4.972028893166237,0.00505435978367305,False,False,True,True,True
1788618314.688321,0.47101547555446593,7.035552868857931,0.0025959417382874555,False,False,True,True,True
1788618314.7811646,1.4743818736970307,10.868283721436582,0.004680792823216603,False,False,True,True,True
1788618314.8939986,2.242145657496339,6.783327214536044,0.009676744547879682,False,False,True,True,True
1788618314.9935348,0.41829032423206436,18.210588465687636,0.012627317531739084,False,False,True,True,True
1788618315.091857,0.45455507978498066,0.3827259258642094,0.0009875161767983701,False,False,True,True,True
1788618315.1796205,0.8034020907044883,3.9801044595759985,0.0011315208947702022,False,False,True,True,True
1788618315.2971852,0.8655355314221531,0.5043842874353388,0.0030721786814954027,False,False,True,True,True
1788618315.4033258,3.25580246894183,22.29705117035492,0.028498951454449566,False,False,True,True,True
1788618315.4990497,1.2022879592205258,21.75091328570092,0.024395663523264822,False,False,True,True,True
1788618315.587198,1.004604790871835,2.3951279345687593,0.004043298754739605,False,False,True,True,True
1788618315.7052844,2.1277829797744237,9.677430439971864,0.016388288253639246,False,False,True,True,True
1788618315.7998464,0.8731945032794519,13.316908895810913,0.015518990654556768,False,False,True,True,True
1788618315.9027286,1.6832956158952703,7.783182570760694,0.004971303668657965,False,False,True,True,True
1788618315.9934044,1.0282580688715917,7.120161905936821,0.004879484830747877,False,False,True,True,True
1788618316.1079204,1.1095328347644091,0.6844057416173911,0.002894409573562249,False,False,True,True,True
1788618316.1879568,0.6656166909064893,5.335913586580277,0.0029600966886049692,False,False,True,True,True
1788618316.3053942,1.097786430180655,3.6362628231210326,0.00393074141510319,False,False,True,True,True
1788618316.394722,0.4055310889895686,7.698716365639862,0.002818849147075643,False,False,True,True,True
1788618316.495897,0.8512005884972165,4.407017120519343,0.0013025304206265092,False,False,True,True,True
1788618316.5990202,2.893313487797721,19.691979620732077,0.01403647610078826,False,False,True,True,True
1788618316.7014644,0.8490515781621472,19.913771050245956,0.01585039934215136,False,False,True,True,True
1788618316.7811732,1.2815234395215551,5.426378486843403,0.0035974286226763004,False,False,True,True,True
1788618316.89408,0.15503846893890877,9.913796564143382,0.002169848906680979,False,False,True,True,True
1788618316.9929388,0.5560208708958434,4.079768087112359,0.0006836113328411407,False,False,True,True,True
1788618317.0939732,1.5518422537311158,9.888786934286012,0.005829053898843036,False,False,True,True,True
1788618317.2086227,0.3624449261770553,10.39785185125739,0.004788027963937128,False,False,True,True,True
1788618317.3065646,0.8027268917899819,4.505145221715414,0.0017997123779908328,False,False,True,True,True
1788618317.4102027,0.663409049804069,1.3958171231237744,0.0011573965599850113,False,False,True,True,True
1788618317.5415626,0.6899483982401894,0.19905811546555524,0.001798727404989239,False,False,True,True,True
1788618317.6215694,3.365347191330294,33.51799242603624,0.012154093721792091,False,False,True,True,True
1788618317.7128282,1.8108328099156346,16.76350981461872,0.011991061451582316,False,False,True,True,True
1788618317.8195238,0.4630198070857876,12.656430489590468,0.00444907290635343,False,False,True,True,True
1788618317.9023364,1.8796690309127617,17.06329082208103,0.006173781741206388,False,False,True,True,True
1788618318.0255952,2.338613560731732,3.5976830199439407,0.012567016496627753,False,False,True,True,True
1788618318.1220477,0.418487580139831,19.845921323295354,0.01596844230204364,False,False,True,True,True
1788618318.214785,0.7848230101026002,3.967179202999481,0.0018213819487565204,False,False,True,True,True
1788618318.3100712,0.6286723610325724,1.5720390252142677,0.0011136572725282065,False,False,True,True,True
1788618318.4210541,1.1461124614242857,4.672706730303735,0.004636819015333848,False,False,True,True,True
1788618318.5182142,1.4435732454784174,2.990986995799734,0.004123923046892498,False,False,True,True,True
1788618318.6150908,0.6211689751238051,8.6723368891082,0.0032890816196122948,False,False,True,True,True
1788618318.7162395,0.582437575212039,0.4047297583971761,0.0009919950088140138,False,False,True,True,True
1788618318.816923,2.2341750846684523,16.397278975508968,0.00890548035732403,False,False,True,True,True
1788618318.9192567,1.5447005422489368,6.277487152957765,0.009487670935052567,False,False,True,True,True
1788618319.007201,1.862017943648586,3.9033720460953063,0.014575374676373534,False,False,True,True,True
1788618319.102474,0.38019638488706875,15.532530329079705,0.00558093779428033,False,False,True,True,True
1788618319.2211943,2.277287511288254,15.871102117136681,0.014866749384191778,False,False,True,True,True
1788618319.3179572,2.7651953794873023,5.047582981508779,0.015270211342214502,False,False,True,True,True
1788618319.4191556,1.5300982858647763,12.233352432339997,0.016367124596164045,False,False,True,True,True
1788618319.5523746,0.9561083488367762,4.01119352780394,0.010626583974725021,False,False,True,True,True
1788618319.7213335,1.0224752646063462,0.3978789838454328,0.007714257207377779,False,False,True,True,True
1788618319.8206058,2.874943929926641,18.66289803553057,0.0202700954665786,False,False,True,True,True
1788618319.91991,2.8090458481960834,0.9467653621581575,0.019125703221774343,False,False,True,True,True
1788618320.018567,1.2642661927152437,15.672355979450675,0.013610051687715462,False,False,True,True,True
1788618320.121158,1.2324251218533986,0.2483571533268371,0.007963846991840428,False,False,True,True,True
1788618320.2147832,0.18959664082402133,11.11093048470591,0.0033016398754232563,False,False,True,True,True
1788618320.3247173,0.9565857138186881,6.971348065797646,0.0023564402797783507,False,False,True,True,True
1788618320.4164588,2.681801118148191,18.678277628818645,0.010605686035776704,False,False,True,True,True
1788618320.5150495,1.721492506245707,9.527275903379588,0.01892957041424795,False,False,True,True,True
1788618320.6047993,0.5026072956498422,13.553961279579585,0.0060161577577671314,False,False,True,True,True
1788618320.7217157,2.5115960794961736,17.233769476817113,0.01951211338539673,False,False,True,True,True
1788618320.807682,1.1383038671303838,15.40839273528263,0.01592522984966021,False,False,True,True,True
1788618320.9124572,0.6439377285403285,4.7690632188286095,0.0033719950506704336,False,False,True,True,True
1788618321.0059102,1.3070202063580187,7.1231257445851845,0.005563332319806723,False,False,True,True,True
1788618321.1059892,0.8422513548087344,4.936095164016913,0.0043513942555416735,False,False,True,True,True
1788618321.2114253,0.34843665121759093,4.826122438813015,0.0019449471750011705,False,False,True,True,True
1788618321.3086238,1.2564311430231645,9.329434391703765,0.0033008154847297545,False,False,True,True,True
1788618321.4055216,0.6462287017515237,6.332578115639151,0.004862811607903403,False,False,True,True,True
1788618321.5345345,0.602612138411608,0.2869151612550156,0.0019171581766201215,False,False,True,True,True
1788618321.6256456,1.8039953304747667,13.2782897793886,0.005464211989475418,False,False,True,True,True
1788618321.7208571,2.155852299095548,3.743144183595428,0.019439840059573343,False,False,True,True,True
1788618321.822766,1.9799192968591746,1.541243166587543,0.00863762862226876,False,False,True,True,True
1788618321.916513,0.13646600339572154,19.60288867151811,0.007813014245346465,False,False,True,True,True
1788618322.0056942,0.3034151960849765,1.8668846076944328,0.00014969348495024967,False,False,True,True,True
1788618322.1045632,1.8324160952573576,15.442318754162901,0.00724636595680428,False,False,True,True,True
1788618322.2212834,2.0827842418256752,1.6412766887291652,0.02646136157463817,False,False,True,True,True
1788618322.3147435,0.43863645291502085,17.808496781776896,0.011127344339687728,False,False,True,True,True
1788618322.4161117,1.2421568576607287,8.031397175925765,0.004191891815373634,False,False,True,True,True
1788618322.5137033,2.241363213106198,10.36356990078987,0.01559269090895855,False,False,True,True,True
1788618322.6083786,0.4814435777296508,18.295504543480604,0.011327338343648982,False,False,True,True,True
1788618322.7177064,0.9297020920670703,4.12063691202175,0.002043097373239095,False,False,True,True,True
1788618322.8077648,0.761921198331419,1.9929811240601365,0.0027665826984655598,False,False,True,True,True
1788618322.9118288,0.9763503180033022,1.9510549391983532,0.004161996311614207,False,False,True,True,True
1788618323.0053847,1.577606897578581,6.431895045526598,0.004812346654279831,False,False,True,True,True
1788618323.1062193,0.5288692775873497,10.377040078426383,0.0036957361159561898,False,False,True,True,True
1788618323.20649,0.5527611928796506,0.2544258777581905,0.0011418624423890564,False,False,True,True,True
1788618323.2992437,0.7081819348399312,1.5853420527350637,0.0018598745986888442,False,False,True,True,True
1788618323.4090273,0.7216087446885604,0.15376125916308514,0.0014208371044662437,False,False,True,True,True
1788618323.508663,0.6690855501409123,0.48527189513078933,0.0022467886223761896,False,False,True,True,True
1788618323.6022334,2.100689697114008,15.284235180191834,0.010175821214498528,False,False,True,True,True
1788618323.6949196,0.7565372239882635,14.425125983128213,0.008056396273377517,False,False,True,True,True
1788618323.8131795,1.43711030634737,5.9399595747108815,0.005346266645746846,False,False,True,True,True
1788618323.9014416,0.44542829809420575,10.91286692094052,0.005552726469416085,False,False,True,True,True
1788618323.995077,0.6844332128223577,2.660012992099023,0.0011795385846284376,False,False,True,True,True
1788618324.1089199,0.9376932313780916,2.2246885194062624,0.002645763793031709,False,False,True,True,True
1788618324.206674,1.9601879012760546,10.094579784611557,0.013142150140007271,False,False,True,True,True
1788618324.3061411,1.6702483296897717,3.3488603359623483,0.010667149893725388,False,False,True,True,True
1788618324.401149,0.9383075450656893,7.7543657804772606,0.009542490684468653,False,False,True,True,True
1788618324.5090747,0.9253160142892771,0.1373108697218926,0.00528679137773529,False,False,True,True,True
1788618324.6017838,0.14008684848630593,8.530456596196094,0.0020125882984955283,False,False,True,True,True
1788618324.7007334,1.3535002756673213,12.293889617196612,0.003694135564392758,False,False,True,True,True
1788618324.8222795,1.101682564985047,2.2200943896235934,0.003995705105391181,False,False,True,True,True
1788618324.9264734,2.0690242018375495,9.110610321612347,0.009983646140345036,False,False,True,True,True
1788618325.0023386,4.832420830213806,36.31585743546894,0.02016724447243041,False,False,True,True,True
1788618331.2624023,0.04840066742354062,0.747412925826382,0.024743520943694503,False,False,True,True,True
1788618331.304523,4.948692010348624,116.35774548385864,0.015408649213745348,False,False,True,True,True
1788618331.3403053,1.4788595484806926,95.41676705731818,0.00755787578181621,False,False,True,True,True
1788618331.4486804,2.158489730679706,5.805834373268156,0.012951936346065607,True,False,True,True,True
1788618331.512835,4.692186052237742,38.89555548228794,0.018660035157504213,False,False,True,True,True
1788618331.6569908,0.5082736564211991,29.18708050813109,0.015121668971021988,False,False,True,True,True
1788618331.7087433,1.104524568228594,11.329181709024796,0.0021071485506938253,False,False,True,True,True
1788618331.811848,2.273873887794603,11.50978868508411,0.01269946242681445,False,False,True,True,True
1788618331.9059324,1.2152017354059712,10.640489712775379,0.009012865438862542,False,False,True,True,True
1788618332.0036645,1.2728479546521003,0.6784279163585494,0.005521710919835396,False,False,True,True,True
1788618332.1055882,1.1683641047822215,1.055103388997423,0.006478314315718312,False,False,True,True,True
1788618332.2145908,0.9795107043624665,1.8638459845498647,0.002707619298206276,False,False,True,True,True
1788618332.3113098,1.2647523805537955,2.946998824820099,0.00691655831431815,False,False,True,True,True
1788618332.4128835,2.0686862087970384,7.899175997922859,0.016071818574571715,False,False,True,True,True
1788618332.5055437,3.1116322950210895,11.248250213373135,0.013557875803955548,False,False,True,True,True
1788618332.615975,1.1490706959303303,17.885268825962328,0.026291720239099314,False,False,True,True,True
1788618332.7128658,2.1780794409453756,10.579817110679494,0.006718200536356811,False,False,True,True,True
1788618332.8131633,1.0172333861921223,12.14705239495458,0.008128770450474216,False,False,True,True,True
1788618332.902028,1.184477506308119,1.8000200918608646,0.0029353334076498926,False,False,True,True,True
1788618333.0187087,0.33053841999351213,7.337494790109461,0.0017646591409593208,False,False,True,True,True
1788618333.1157672,2.210417903737154,19.428456626106406,0.01008614453567221,False,False,True,True,True
1788618333.2143629,1.085345738791539,11.431435231354527,0.009097958033512092,False,False,True,True,True
1788618333.3314588,0.6688712658741902,3.7608272159464,0.0026028221648577805,False,False,True,True,True
1788618333.419375,3.1526230275822136,28.11500986682139,0.01356348122072831,False,False,True,True,True
1788618333.5070388,1.6963230966362752,16.7184426556821,0.02514790273535252,False,False,True,True,True
1788618333.6114328,0.628146004877492,10.075093625585547,0.004089796881671703,False,False,True,True,True
1788618333.721012,0.8571899428960047,2.2591051765608454,0.0031243691824120253,False,False,True,True,True
1788618333.81503,1.0928681554974096,2.6021977205526707,0.0028238919254701777,False,False,True,True,True
1788618333.9136596,1.1399875101933425,0.47886124280513526,0.00587775919910936,False,False,True,True,True
1788618334.007772,1.1283940774411065,0.3885534147287155,0.006584954235363101,False,False,True,True,True
1788618334.1200228,1.233528722268642,0.9678994336017719,0.0033824006615484313,False,False,True,True,True
1788618334.214184,1.4485024683270713,2.2029363040048295,0.0037506191384029473,False,False,True,True,True
1788618334.3139267,2.28201854176221,8.308617692450683,0.007991952497746459,False,False,True,True,True
1788618334.410785,1.512346717304727,7.867364306851603,0.008547757449614177,False,False,True,True,True
1788618334.5242903,0.8583059133353613,5.901386751727721,0.00650102247366002,False,False,True,True,True
1788618334.6137192,0.28889855579499946,6.3633321559636675,0.0017552913289174406,False,False,True,True,True
1788618334.7134736,0.7431171286062058,4.570159539566217,0.0012452546327012823,False,False,True,True,True
1788618334.8090544,1.3070992749040153,5.901929026773856,0.0025390872700188764,False,False,True,True,True
1788618334.9225328,0.7425620016953943,4.879360099281072,0.00361514440382528,True,False,True,True,True
1788618335.0172677,2.4588075014083524,18.01952204720874,0.012424179524285183,False,False,True,True,True
1788618335.1144502,0.3052082480433064,22.029162301634017,0.009930777033359345,False,False,True,True,True
1788618335.2267723,0.4398421026132743,1.185629021632383,0.0006158431395090457,False,False,True,True,True
1788618335.324414,0.9530964943337799,5.2294327509994245,0.0018278497973435192,False,False,True,True,True
1788618335.4210038,2.5799750281658205,16.566146829721436,0.010309510190427359,False,True,True,True,True
1788618335.5157986,2.6528811735124136,0.6075770459275565,0.011757411652622845,False,False,True,True,True
1788618335.6223912,1.3061648568699016,11.906066117874541,0.020017107181639494,False,False,True,True,True
1788618335.7241306,1.4418526535583986,1.4336812730001773,0.011125331627655846,False,False,True,True,True
1788618335.8241522,0.9550641562230451,5.018079939193491,0.008135826059064004,False,False,True,True,True
1788618335.9241195,0.89622962932724,0.3244358245911013,0.004046288821138144,False,False,True,True,True
1788618336.0300784,0.5577502257364726,3.385120003917928,0.0018883647880928013,False,False,True,True,True
1788618336.1246073,0.29505014714409816,2.776240308267697,0.0008171898389898118,False,False,True,True,True
1788618336.2214854,0.14690665857809418,1.5311217208452585,0.00016369378820176793,False,False,True,True,True
1788618336.3180275,2.086849490563717,20.08138795928103,0.007304061483302868,False,False,True,True,True
1788618336.4266434,0.54649705826743,14.510103114203627,0.00727387877315986,False,False,True,True,True
1788618336.5285006,3.370229566512334,27.79554176101226,0.020774657234550166,False,False,True,True,True
1788618336.6162026,1.9023201329311363,16.56836963858143,0.016818819961376928,False,False,True,True,True
1788618336.719566,0.9773135306423413,8.842496607059095,0.009972117878171961,False,False,True,True,True
1788618336.8299363,0.5086884885410687,3.985884353863568,0.0027829868344067476,False,False,True,True,True
1788618336.9214578,2.277454905519091,19.246781605926707,0.009151838796702208,False,False,True,True,True
1788618337.020178,0.9338730312566498,13.966999966226888,0.013072863237992888,False,False,True,True,True
1788618337.1131406,0.34509083846048083,6.313188767690003,0.0016119368031787924,False,False,True,True,True
1788618337.2282782,1.742903881747754,12.142085683185138,0.007942737694024966,False,False,True,True,True
1788618337.3243642,0.7229191933991199,10.30070658150708,0.008471382169290411,False,False,True,True,True
1788618337.4221585,1.371440779567939,6.850599098344238,0.005570834480017578,False,False,True,True,True
1788618337.5339062,1.324389965695635,0.7775801991274448,0.005383758221527496,False,False,True,True,True
1788618337.6339726,0.4542265693307807,8.625200662572597,0.0044663844896704885,False,False,True,True,True
1788618337.7246099,1.630330578139144,12.908141388913654,0.004842657672232242,False,False,True,True,True
1788618337.8207183,1.3963169328374254,2.467164025276942,0.005214230082979196,False,False,True,True,True
1788618337.9326472,2.412713795089801,8.910015435059078,0.021237374450044116,False,False,True,True,True
1788618338.0263584,0.7468339758032805,17.945780519890498,0.01278203231528033,False,False,True,True,True
1788618338.124411,0.21531701769113773,5.379975371509337,0.0011584832029689035,False,False,True,True,True
1788618338.2201092,0.5925456763644654,3.946604208424044,0.0008042850231037447,False,False,True,True,True
1788618338.3290107,2.568662606498619,18.094616204725227,0.01259034222845976,False,False,True,True,True
1788618338.431366,3.018105211276728,4.750966143716354,0.01939337349266592,False,False,True,True,True
1788618338.5227664,1.7130205040207052,14.677414836233712,0.017012170413509473,False,False,True,True,True
1788618338.615941,1.875611417836595,1.5963941495427378,0.006592989562382978,False,False,True,True,True
1788618338.7344365,0.9428035115605937,7.89822402699538,0.0052606656954317125,False,False,True,True,True
1788618338.8295345,1.236879036437469,3.087007632973855,0.0028399000275192844,False,False,True,True,True
1788618338.9230967,0.34990057000311836,9.457811650287598,0.00208525494977111,False,False,True,True,True
1788618339.0172846,2.213003369544234,19.76097806439393,0.008767240267886948,False,False,True,True,True
1788618339.1289542,0.7867809100015666,12.727907508977243,0.008692026034351614,False,False,True,True,True
1788618339.229437,0.7154934978189472,0.7115415877915114,0.0015192265164541954,False,False,True,True,True
1788618339.3271022,1.1764242693423075,4.7076207896709805,0.002767100540822783,False,False,True,True,True
1788618339.4213936,1.719519268107457,5.864992150867341,0.006939743453291562,False,False,True,True,True
1788618339.5337698,1.3229796695601042,3.4739027064216406,0.005127923280305508,False,False,True,True,True
1788618339.631333,1.4406678681751408,1.3210204071648806,0.003997177617071681,False,False,True,True,True
1788618339.717655,5.3466439698441075,45.20561629189324,0.03161506959898041,False,False,True,True,True
1788618339.8376784,1.8793777184888145,28.84380269240203,0.030037624371148212,False,False,True,True,True
1788618339.9307706,1.960962793922255,0.9053849693033166,0.02269073850584229,False,False,True,True,True
1788618340.0304499,0.2620725063394973,17.05264412914578,0.006409514761737108,False,False,True,True,True
1788618340.1253967,0.6253011389576574,3.8207683374769936,0.000595987933599735,False,False,True,True,True
1788618340.242124,0.11721532913747368,4.343219109913072,0.0005677171032651819,False,False,True,True,True
1788618340.3296647,0.635360832481167,5.912237273763445,0.0006704777714594885,False,False,True,True,True
1788618340.4267132,1.4327949872783987,8.197806530388048,0.004056817916590875,False,False,True,True,True
1788618340.5274868,0.3755094268509604,10.646122670285907,0.0036956422572062765,False,False,True,True,True
1788618340.6323092,0.43815644980862994,0.583117539136847,0.0007057230806397984,False,False,True,True,True
1788618340.7362485,1.2097088970506125,7.4124520228927855,0.0023108860976427613,False,False,True,True,True
1788618340.8252027,1.6730209554803075,5.273325844071233,0.0035928792410399946,False,False,True,True,True
1788618340.9225667,2.7728751988278253,11.058666245302794,0.018764603610480476,False,False,True,True,True
1788618341.0297194,2.0705080978593453,6.495877370854336,0.011434230865465423,False,False,True,True,True
1788618341.1290631,2.2942138863528623,2.6502665979258833,0.025751888356064557,False,False,True,True,True
1788618341.2351859,2.6384303754475043,3.595894818688904,0.013081375022364847,False,False,True,True,True
1788618341.3240037,0.8744710397563331,19.755226038783558,0.01352595534805633,False,False,True,True,True
1788618341.4362667,2.639765372414584,15.537561814436177,0.018883497114591193,False,False,True,True,True
1788618341.5324473,2.785466671569265,1.4183599436119187,0.014868794860781156,False,False,True,True,True
1788618341.626585,0.9641616688854472,19.3544796909803,0.018760544794938033,False,False,True,True,True
1788618341.7315154,2.315899960237746,12.870430161951644,0.016079744290172945,False,False,True,True,True
1788618341.8420634,1.3176615611057962,8.981629422225602,0.008996102965370543,False,False,True,True,True
1788618341.9365458,0.9074510324108557,4.569875786248601,0.006390598641013957,False,False,True,True,True
1788618342.0296402,1.6926817268870014,8.470345205608647,0.0073138748436146804,False,False,True,True,True
1788618342.1409361,0.40104270515868223,11.509662217578565,0.004342132769554588,False,False,True,True,True
1788618342.238181,0.32413288540742397,0.763921191501198,0.0005873662101982058,False,False,True,True,True
1788618342.3326108,0.3778187698869859,0.5887892163745957,0.0004393016716878378,False,False,True,True,True
1788618342.4322355,0.4099940701514492,0.3157005878119384,0.0005006794638232966,False,False,True,True,True
1788618342.536534,1.9607790372577143,14.90798659023721,0.0071411642288740935,False,False,True,True,True
1788618342.640057,1.1366604705316785,7.652844995407064,0.005958614882173218,False,False,True,True,True
1788618342.7312267,0.8157846302373276,3.4214194531723554,0.00484155271085436,False,False,True,True,True
1788618342.837271,1.000713950289131,1.736513923345298,0.0018957327441486956,False,False,True,True,True
1788618342.9424372,0.47762256900427263,4.991413035205584,0.0021965644206310706,False,False,True,True,True
1788618343.042113,1.0055779036782078,5.2354846717873995,0.001750645397021557,False,False,True,True,True
1788618343.1298609,3.0863546878779755,23.307419383545188,0.011665107491461131,False,False,True,True,True
1788618343.2262132,5.602691453569091,26.286750978732663,0.04159429640039613,False,False,True,True,True
1788618343.3383408,3.1212439791822195,22.173194041191543,0.04130090426087231,False,False,True,True,True
1788618343.4420145,1.5942073751912715,13.878790552046265,0.016760361990915754,False,False,True,True,True
1788618343.5347292,0.36174200512473964,13.221345237897685,0.004801734258141899,False,False,True,True,True
1788618343.6276224,1.5895147716346638,13.19470681625054,0.0044764452552248455,False,False,True,True,True
1788618343.7387135,0.29442382368324693,11.476653116498207,0.00356625508938175,False,False,True,True,True
1788618343.8421898,0.7463502508444297,4.347221200141169,0.001057145741342579,False,False,True,True,True
1788618343.9316132,0.44437042965246304,3.420007422265983,0.0012286804491605972,False,False,True,True,True
1788618344.0247986,1.2548542350757275,8.651875656119197,0.003116003786871906,False,False,True,True,True
1788618344.1360676,0.643725606987633,5.372332469461758,0.002958148950093444,False,False,True,True,True
1788618344.2337532,0.7616363426733564,1.19058095482004,0.0011446803064609251,False,False,True,True,True
1788618344.3361585,1.2555906020821745,4.70730997009724,0.0041103171643025165,False,False,True,True,True
1788618344.4429927,0.48690613118878334,7.313565231502495,0.004650420700017289,False,False,True,True,True
1788618344.5422478,2.8037950612103733,23.149834428473813,0.011881221118918314,False,False,True,True,True
1788618344.6411195,1.4850830770727046,12.565564865164642,0.022202868034633717,False,False,True,True,True
1788618344.7361412,1.2705403446483348,1.7566551564049184,0.005253423297069633,False,False,True,True,True
1788618344.856549,0.988969020555379,2.3374141877626253,0.0050390688060253964,False,False,True,True,True
1788618344.9434,2.7717288900077985,20.23260172239717,0.01032231170181732,False,False,True,True,True
1788618345.0354898,3.2934364747446567,5.779987398199816,0.016860123117769178,False,False,True,True,True
1788618345.1307998,4.319400151046072,10.908991515680494,0.02511658982555525,False,False,True,True,True
1788618345.2403913,0.8642610287459175,30.125452674035063,0.02774847559575193,False,False,True,True,True
1788618345.3436844,4.516179571601675,35.33055194660531,0.040262368009468676,False,False,True,True,True
1788618345.437761,4.672312931064943,0.25182805620295695,0.042419113598201406,False,False,True,True,True
1788618345.5291407,0.7879506319819772,42.885172168323464,0.03566578466397298,False,False,True,True,True
1788618345.6485672,3.2900255383617805,21.0324124355969,0.028155855371170574,False,False,True,True,True
1788618345.7484522,5.774675583740344,24.822424751728466,0.12209009552257809,False,False,True,True,True
1788618345.8338435,9.325068542547205,43.22812538795886,0.09382790919669431,False,False,True,True,True
1788618345.9375253,0.5983497356715725,82.94256499485944,0.10875266484822234,False,False,True,True,True
1788618346.0435135,2.737743267406098,20.18262570873231,0.014198434802514865,False,False,True,True,True
1788618346.145808,1.455247339626906,12.499723163746673,0.012831317697298006,True,False,True,True,True
1788618346.24128,1.1053276087819368,3.565336631443347,0.0036164176590524045,True,False,True,True,True
1788618346.3333259,0.42497702784190977,7.414992961476527,0.0018958292647625172,True,False,True,True,True
1788618346.4448571,1.3216306551061108,8.188355390372456,0.003944484384210531,False,False,True,True,True
1788618346.534692,1.6870279406990216,3.90365672475589,0.005142442203575253,False,False,True,True,True
1788618346.6427011,6.204216506286999,41.871635356154805,0.1095313797616591,False,False,True,True,True
1788618346.7487667,5.09898303532886,10.752972252939033,0.0742620029891456,False,False,True,True,True
1788618346.8582523,0.4461610239690738,42.74955268496229,0.05774626640886593,False,False,True,True,True
1788618346.951046,2.2154215935903374,18.96781587912062,0.008253887076745084,False,False,True,True,True
1788618347.0393412,0.9603753681211357,14.269510571603321,0.007734329540538397,False,False,True,True,True
1788618347.1550522,1.0403677588684703,0.46431515614236146,0.0026455289695576285,False,False,True,True,True
1788618347.2532525,3.166005095162389,21.65046451028684,0.015152255708653866,False,False,True,True,True
1788618347.3442676,2.1631328110012937,10.760636455085754,0.03305260405008526,False,False,True,True,True
1788618347.4432695,3.7459091925106116,15.877527708201367,0.01995445637709595,False,False,True,True,True
1788618347.5551763,0.1689112408993522,31.978941906768647,0.026007055029203825,False,True,True,True,True
1788618347.6524935,1.1742852481493393,10.331739479178111,0.002350322554624678,False,False,True,True,True
1788618347.752443,1.2840783831743194,1.1566589823230355,0.008034946477529467,False,False,True,True,True
1788618347.8385293,2.345665922568827,12.400197018186804,0.0058881325833389,False,False,True,True,True
1788618347.9555182,0.6366329805723363,14.639301233697305,0.006092322210083137,False,False,True,True,True
1788618348.0476844,2.5465566983020302,20.73818189177893,0.014318856548627487,False,False,True,True,True
1788618348.172996,3.4671655694273746,7.685802966436972,0.027695584853353095,False,False,True,True,True
1788618348.24295,1.0424815774706453,35.125846111837035,0.03913144650320257,False,True,True,True,True
1788618348.3516183,2.1075384196558593,9.822898517272936,0.009151233933584893,False,False,True,True,True
1788618348.4473212,0.23949204069044933,19.506592215054845,0.009301834299250848,False,False,True,True,True
1788618348.547483,0.632494204784491,3.9253331148980397,0.001095633153013852,False,False,True,True,True
1788618348.6359682,1.324490149725881,7.762922762662396,0.004124364017110895,False,False,True,True,True
1788618348.7542331,2.765658504222861,12.14839621432809,0.016797436076976324,False,False,True,True,True
1788618348.8450935,0.5178551341758695,24.746281587715664,0.01765301357694785,False,False,True,True,True
1788618348.9446032,0.16966813387189972,3.509189153124235,0.0005721428348814576,False,False,True,True,True
1788618349.0467632,1.2320037733725813,10.421708413731935,0.003317083227046756,False,False,True,True,True
1788618349.1522012,1.045966125175275,1.7612710115477925,0.007752261769272897,False,False,True,True,True
1788618349.2413807,1.651908052129119,6.757780302679236,0.003418005071828351,False,False,True,True,True
1788618349.3460279,0.23736284710522598,13.619166773584158,0.003917205802473141,False,False,True,True,True
1788618349.4509294,1.0970222027768275,8.197049679908755,0.0027616953098632256,False,False,True,True,True
1788618349.5495663,0.5461107626255204,5.526637014356663,0.0038514564971058782,False,False,True,True,True
1788618349.64727,3.002455967501365,25.211967665175973,0.01431748733608188,False,False,True,True,True
1788618349.75991,1.6194664581554254,12.530488469225848,0.013578044791439222,False,False,True,True,True
1788618349.848111,1.752857157514385,1.168514846642158,0.014933923630949206,False,False,True,True,True
1788618349.954982,1.3721667774657953,3.533432845483859,0.005793254207362257,False,False,True,True,True
1788618350.0418816,3.7247836438142548,27.074090364511,0.028427486437024425,False,False,True,True,True
1788618350.1404142,2.6578247902910794,10.455436194359162,0.01650010912918934,False,False,True,True,True
1788618350.2538748,0.7875292556029161,16.59892973780931,0.017300928390180017,False,False,True,True,True
1788618350.3526294,1.8213453068176717,10.461884989728144,0.004808991779910015,False,False,True,True,True
1788618350.466452,3.573825332013493,15.43897601466729,0.04995059859271236,False,False,True,True,True
1788618350.5347419,3.0782406460074685,7.445263050328138,0.02436675336242249,False,False,True,True,True
1788618350.6547103,1.5016318914660005,13.272545178073726,0.008682085194479272,False,False,True,True,True
1788618350.7475219,3.3923301654761318,20.444888350652047,0.017902050920071157,False,False,True,True,True
1788618350.8447053,0.425210423878649,30.486270179252223,0.018040630734271836,False,False,True,True,True
1788618350.9357514,0.7249608249154512,3.2514912544372083,0.0008971764060363666,False,False,True,True,True
1788618351.0497475,0.6565192042012795,0.5825958388353732,0.002432298499422804,False,False,True,True,True
1788618351.1478674,1.3349063146143572,6.996522815276027,0.005821413159245289,False,False,True,True,True
1788618351.2439363,1.0035367313114874,3.4836659535256436,0.0027428827432973753,False,False,True,True,True
1788618351.3535843,1.1591685624579666,1.4525982284701657,0.002558439531523853,False,False,True,True,True
1788618351.4528909,2.6964432597413874,15.48381679706963,0.010371622808937223,False,False,True,True,True
1788618351.5485222,2.4102771697301786,3.3663873193504177,0.012059695378156677,False,False,True,True,True
1788618351.6449594,0.6834980917846389,18.190545606721273,0.008349223137564577,False,False,True,True,True
1788618351.7537024,1.297166368843473,5.649312912672854,0.00584848044289755,False,False,True,True,True
1788618351.8484926,1.0020402889503959,3.021746007317791,0.0033703948658428367,False,False,True,True,True
1788618351.9428656,4.804111451023854,40.090634832395125,0.045227531945007525,False,False,True,True,True
1788618352.04839,2.6056259506202024,20.66956773475168,0.029984620113531663,False,False,True,True,True
1788618352.153594,1.0974306685720296,13.546899297593054,0.018985091917457654,False,False,True,True,True
1788618352.2491663,0.37059506254205415,7.693474309540057,0.0027116687342228227,False,False,True,True,True
1788618352.3518531,0.8197408854287176,4.3620528543115515,0.001811617698998597,False,False,True,True,True
1788618352.4427543,0.6462751939933262,1.7823674101430689,0.0012738400178558974,False,False,True,True,True
1788618352.5571547,0.3791573726757357,2.364217401285289,0.0010880590397981426,False,False,True,True,True
1788618352.6493673,3.591755046085379,34.818667401615876,0.019904214374975613,False,False,True,True,True
1788618352.7491343,0.3654491406774995,32.18467489328763,0.02038412528910326,False,False,True,True,True
1788618352.843631,0.12561807783212314,2.5368547190721475,0.0002473860585656415,False,False,True,True,True
1788618352.9577918,1.4899363362535578,11.935990965937817,0.005443869565742607,False,False,True,True,True
1788618353.050474,1.0116148674541274,5.157548099588085,0.008979680591083361,False,False,True,True,True
1788618353.154541,2.3896800215485303,13.318733770031997,0.009031014028142804,False,False,True,True,True
1788618353.2482936,3.862676482138983,15.676336573686557,0.01926048060997896,False,False,True,True,True
1788618353.3489008,3.070598541534833,8.13726809987384,0.02203218907350188,False,False,True,True,True
1788618353.4470594,1.8599684793875921,12.09288895723624,0.013546016839202564,False,False,True,True,True
1788618353.5511196,3.115192031765835,12.211121140934003,0.015793298535743377,False,False,True,True,True
1788618353.6570053,1.5562696839003145,14.760569329419466,0.03446377619718943,False,False,True,True,True
1788618353.7537606,2.1621684140724216,6.369091643466164,0.007085633167693073,False,False,True,True,True
1788618353.8493166,0.7535921283165383,14.923691531431695,0.011064338869938488,False,False,True,True,True
1788618353.9455464,0.2964179921975804,4.767448476261909,0.0009600444862584179,False,False,True,True,True
1788618354.0582595,2.6394541454107694,20.786266491069906,0.0176133095507474,False,False,True,True,True
1788618354.1520014,2.728132784984927,0.8155603489064801,0.01461610470569543,False,False,True,True,True
1788618354.2493865,2.3079016611714542,4.466406682013426,0.010932909314497499,False,False,True,True,True
1788618354.3461494,1.2465794455112476,10.923730412878799,0.008669730554855207,False,False,True,True,True
1788618354.4621577,0.7291547636872823,4.28988681209266,0.0024212381938789837,False,False,True,True,True
1788618354.555685,3.388849011547067,28.38921980225912,0.016479108175340085,False,False,True,True,True
1788618354.6514509,0.3602185764962851,32.09019983057471,0.018746649629006164,False,False,True,True,True
1788618354.7427025,0.8677414627929371,5.50240387304291,0.001400514681929162,False,False,True,True,True
1788618354.8531556,1.300217113843108,4.01272032442684,0.006638997194131134,False,False,True,True,True
1788618354.9511583,2.8089076895691916,15.566295805016399,0.0114779004514501,False,False,True,True,True
1788618355.0473769,2.736307440227457,0.5388149614537643,0.01386131302152001,False,False,True,True,True
1788618355.144088,1.570780123097615,12.169402773315987,0.023847565716278777,False,False,True,True,True
1788618355.2581155,0.7591853198722722,7.0922891611648025,0.0035829962363701715,False,False,True,True,True
1788618355.352315,0.4386508853873257,3.4587309394976993,0.001323140904620565,False,False,True,True,True
1788618355.4525335,2.328572429378183,18.847191383620604,0.009771291775236028,False,False,True,True,True
1788618355.5472803,2.4182771220439183,0.8825048547987281,0.027464278717511722,False,False,True,True,True
1788618355.658773,1.7202243224431517,6.196477869777739,0.008841141985816283,False,False,True,True,True
1788618355.755989,2.168419786644594,5.140130138728969,0.021735259329036673,False,False,True,True,True
1788618355.8551385,0.9202190931259618,12.801565783419488,0.012975117728151851,False,False,True,True,True
1788618355.9615529,0.5212179317926008,3.9102771463634745,0.0018218659318704575,False,False,True,True,True
1788618356.06094,5.3981790197076585,49.07685983590088,0.05548187146336011,False,False,True,True,True
1788618356.155159,0.6569005528922577,50.71881625241153,0.049596168856082604,False,False,True,True,True
1788618356.2548654,1.3474904458497197,6.9429212814961225,0.004738580356889564,False,False,True,True,True
1788618356.3630302,0.4928353255225182,7.8953554726341775,0.0026108124813844957,False,False,True,True,True
1788618356.4624445,3.0756127068091397,25.92979449110797,0.01486698964895518,False,False,True,True,True
1788618356.5565476,3.2891039750895126,2.05207617184703,0.017600553839843013,False,False,True,True,True
1788618356.653445,2.5447465536967084,7.282155578446634,0.041889724763635255,False,False,True,True,True
1788618356.7652087,0.7781224443386608,15.680963341586832,0.009272674786418774,False,False,True,True,True
1788618356.8605602,0.3702932765876235,4.329787862992886,0.0011536673237351413,False,False,True,True,True
1788618356.9598866,1.6644110632879554,13.038709085336942,0.004467943452448559,False,False,True,True,True
1788618357.0546281,1.3224865684370346,3.7771949767417277,0.004925824510704474,False,False,True,True,True
1788618357.1678863,1.0505332246653618,2.3864275543147118,0.006999014675899329,False,False,True,True,True
1788618357.2621555,3.712966353770118,28.319993568048613,0.018742613950974332,False,False,True,True,True
1788618357.353472,2.595060004027302,11.967765852201783,0.01821816640373437,False,False,True,True,True
1788618357.454914,1.0692176351625313,15.09900054235908,0.015632447166737957,False,False,True,True,True
1788618357.5638173,0.49070181950024616,5.170983376484516,0.0018743500292022221,False,False,True,True,True
1788618357.6607144,3.307450026981186,29.098625957332604,0.022077486717134314,False,False,True,True,True
1788618357.752967,2.5646265902548055,7.981139891249722,0.044177095089229956,False,False,True,True,True
1788618357.8534257,0.9402581739981777,16.20885139372465,0.008090075649210412,False,False,True,True,True
1788618357.9636903,0.6155457788805816,3.084395170972337,0.003330376337145707,False,False,True,True,True
1788618358.0604005,0.6378682034390646,0.14999647766237673,0.0012991734753138784,False,False,True,True,True
1788618358.160202,3.9434688086664202,33.15366670420969,0.0252899687680159,False,False,True,True,True
1788618358.2666423,0.6027715004221099,31.400716814707046,0.024831514584405655,False,False,True,True,True
1788618358.3647256,4.138213540770989,36.051183713748415,0.02654561796001391,False,False,True,True,True
1788618358.461376,1.2394811569759747,30.620797167577738,0.025732550281711838,False,False,True,True,True
1788618358.5590131,0.7202174730247761,5.3137064256590385,0.0046979640964800885,False,False,True,True,True
1788618358.6702175,1.0057295392715127,2.6019678574658425,0.003958162520944106,False,False,True,True,True
1788618358.7586608,0.8465968965382514,2.0540111461538486,0.004189066101772549,False,False,True,True,True
1788618358.8556612,2.30041529417673,15.067389104964263,0.007854908534336279,False,False,True,True,True
1788618358.9549596,2.8524413781729296,5.735183947458627,0.012424724334381373,False,False,True,True,True
1788618359.0706825,1.3595550053668608,12.87369763514693,0.011178684009321312,False,False,True,True,True
1788618359.1630495,1.1065064592733307,2.5282779070548678,0.00913619871065184,False,False,True,True,True
1788618359.259218,0.5620576376109699,5.68246808520056,0.0017098882242628207,False,False,True,True,True
1788618359.3573525,1.2164411091528773,6.644873789024479,0.004310343171384365,False,False,True,True,True
1788618359.4610434,0.5704003634079944,6.19146505558939,0.003566717817840585,False,False,True,True,True
1788618359.5612032,1.6117285965387615,10.337579486280179,0.0066681176440828785,False,False,True,True,True
1788618359.6614568,0.19172220819970656,14.114822104132262,0.00487205813311562,False,False,True,True,True
1788618359.7588997,2.7096535135778343,25.85050483992293,0.012915586265704595,False,False,True,True,True
1788618359.8694623,0.5887766100802017,19.070639953009888,0.014191479105782289,False,False,True,True,True
1788618359.968618,1.8883824133203955,13.122787583080957,0.005898041151116147,False,False,True,True,True
1788618360.0599425,0.6945046463015796,13.118127376769673,0.008156806023497182,False,False,True,True,True
1788618360.152281,0.74588952868113,0.5721826114668399,0.0010488708655787562,False,False,True,True,True
1788618360.2724137,2.0195006623902234,10.69416701533511,0.01371361140700837,False,False,True,True,True
1788618360.3669338,0.8879624699263339,12.144919991213047,0.015625544370372214,False,False,True,True,True
1788618360.4613113,1.7144652260388218,8.722967258582013,0.007823142876866557,False,False,True,True,True
1788618360.574508,0.07194631516760697,14.52297330821573,0.004829426475948851,False,False,True,True,True
1788618360.6687922,0.5471119967704601,5.040347416509736,0.0005333436921673453,False,False,True,True,True
1788618360.765625,0.524733490842146,0.3003588505897488,0.0007435174147881495,False,False,True,True,True
1788618360.8565934,1.7627255458678852,13.619921687226764,0.004351641804418947,False,False,True,True,True
1788618360.9731905,1.2539915606806065,4.4887491709207135,0.004549268080560856,False,False,True,True,True
1788618361.0709248,1.4946827684486022,2.5025842098574427,0.004238096298778747,False,False,True,True,True
1788618361.1656485,0.6309634890724948,9.116742587673203,0.003184635690618264,False,False,True,True,True
1788618361.2632663,2.8915919535626,23.200884303380853,0.01258064711798012,False,False,True,True,True
1788618361.3800669,0.7241201379592318,18.163693656950265,0.01674684199240575,False,False,True,True,True
1788618361.469323,3.260613216867372,28.492551036521863,0.016420222806146703,False,False,True,True,True
1788618361.5622551,1.0058427573565303,24.760414660263688,0.014057100481481136,False,False,True,True,True
1788618361.66281,1.1470815349987,1.3378324873707006,0.00550231473857737,False,False,True,True,True
1788618361.7759306,1.4225669876487432,2.4793907243257376,0.005080851358647875,False,False,True,True,True
1788618361.8658159,0.6005431909378656,9.133642647310355,0.004209132078203741,False,False,True,True,True
1788618361.9667304,3.8435517236235226,32.096680645973095,0.02813610558174214,False,False,True,True,True
1788618362.062899,0.7341050446615525,31.78401678191888,0.024063819895622573,False,False,True,True,True
1788618362.1714144,0.8480521721368408,1.0711253635517188,0.0030016997346076833,False,False,True,True,True
1788618362.267231,0.6978518409415997,1.7462011928926722,0.002976185277945997,False,False,True,True,True
1788618362.3647017,3.9612671902146626,33.48052236940206,0.025297036441123324,False,False,True,True,True
1788618362.460138,1.1253010658365203,29.540959413030127,0.022178392796047566,False,False,True,True,True
1788618362.5772662,1.6431667145368507,4.472424091728157,0.005661669606475281,False,False,True,True,True
1788618362.6644962,7.234776752240341,64.21425966737226,0.059321098849597076,False,False,True,True,True
1788618362.763908,0.9287844584906296,64.75276055063773,0.06726733977455246,False,False,True,True,True
1788618362.8711283,1.3775419856799718,4.157766936315904,0.007786027562977082,False,False,True,True,True
1788618362.9701586,2.2926645266821355,8.962832432961724,0.007877595861583273,False,False,True,True,True
1788618363.0710835,4.858470843310699,25.634201665701863,0.033324524993568146,False,False,True,True,True
1788618363.1586719,1.9404884554712003,33.05776834046341,0.06369001256868256,False,False,True,True,True
1788618363.2794323,0.7274965341807037,10.030005342763658,0.004181503520027539,False,False,True,True,True
1788618363.3694005,8.156524206331612,82.67581799160065,0.11185651501773161,False,False,True,True,True
1788618363.46923,1.4908803197103866,67.2371115277868,0.08810284784833107,False,False,True,True,True
1788618363.5618773,3.001155301372599,16.30015980027671,0.025006929032436485,False,False,True,True,True
1788618363.675395,1.9517663967340784,9.334881031078995,0.012159583342673981,False,False,True,True,True
1788618363.7722871,2.376951834766361,4.392240456737784,0.02636199216448244,False,False,True,True,True
1788618363.871676,4.238606008625306,18.647308605022346,0.02539844081271835,False,False,True,True,True
1788618363.9665232,0.7937639388398074,36.14054749106258,0.029029982747421412,False,False,True,True,True
1788618364.0734162,1.9878752689311667,11.166072551937871,0.011745977319606193,False,False,True,True,True
1788618364.1737676,0.7430239886589417,12.381960831114739,0.010680400478777025,False,False,True,True,True
1788618364.2631392,0.5817645739498746,1.616723413390649,0.001728707081569229,False,False,True,True,True
1788618364.3626654,1.354488380932295,7.691046273953871,0.003966736766373473,False,False,True,True,True
1788618364.476236,1.333354535562286,0.5880581222905503,0.005004957375073712,False,False,True,True,True
1788618364.5703232,7.6438834206860164,67.29472074573859,0.1105127529702683,False,False,True,True,True
1788618364.6699793,6.814544591277842,6.970494028944838,0.09074482263685747,False,False,True,True,True
1788618364.7674031,0.6138546629014473,64.65126678828817,0.0819105861851152,False,True,True,True,True
1788618364.8724413,0.8659467391558027,2.449268751185784,0.0013618609361749654,False,False,True,True,True
1788618364.9690921,0.49649402576585294,3.7445673928372125,0.0018660147507034135,False,False,True,True,True
1788618365.0724843,1.1759092695877273,6.436563315805645,0.002896015937481971,False,False,True,True,True
1788618365.1766713,1.949518428308517,7.484790798888702,0.012610785676166542,False,False,True,True,True
1788618365.2782133,0.49815250600891187,14.06086296460776,0.009347684369936675,False,False,True,True,True
1788618365.3685253,3.9461152812041833,38.24959004668611,0.021567759970137657,False,False,True,True,True
1788618365.4687657,1.0715672282723274,28.94057647944617,0.02013764737856734,False,False,True,True,True
1788618365.5761592,4.642027872162501,33.222598915649414,0.05517573609538389,False,False,True,True,True
1788618365.6765478,3.468363572449245,10.947126788934183,0.03704864762823666,False,False,True,True,True
1788618365.7726521,2.714890868309152,7.5478638565588225,0.01860581898104671,False,False,True,True,True
1788618365.8658268,1.756188517111976,10.56885756671939,0.010735589688070256,False,False,True,True,True
1788618365.9842892,0.7980737935373476,8.135214644461994,0.008553097092282018,False,False,True,True,True
1788618366.0776749,1.2329209877933343,4.7506567460450135,0.0023897716595639323,False,False,True,True,True
1788618366.1741278,0.9023033138303614,3.620076042241846,0.0021403284647111887,False,False,True,True,True
1788618366.2695189,1.709043023051912,8.424721942992372,0.003960813838355128,False,False,True,True,True
1788618366.3807702,0.7445071836974563,8.3758854945159,0.0044914632585341405,False,False,True,True,True
1788618366.4763918,1.7528409051041438,10.46723243138074,0.004092511478248447,False,False,True,True,True
1788618366.570611,0.7541678163264619,10.709226819716319,0.004281002163936397,False,False,True,True,True
1788618366.6718476,2.762612006411717,19.90219559707622,0.018580389312688482,False,False,True,True,True
1788618366.781881,0.7664800522158848,18.708454556558664,0.013899637728501816,False,False,True,True,True
1788618366.877503,0.47812263088819135,3.037927088517536,0.0013364592232222984,False,False,True,True,True
1788618366.9659212,1.5541520378259,12.251060321599148,0.00293368333730454,False,False,True,True,True
1788618367.0697694,0.8956434825635181,6.5305213213645645,0.002909465519774963,False,False,True,True,True
1788618367.1780746,2.4069152938408984,13.972346360906908,0.018273630778014992,False,False,True,True,True
1788618367.2777438,5.78925039408743,34.41394501008284,0.04754630170407919,False,False,True,True,True
1788618367.3710403,1.8480194808781,41.62872721383807,0.05060396891970316,False,False,True,True,True
1788618367.4856386,0.5908857535303461,10.928268107308503,0.007952664095609324,False,False,True,True,True
1788618367.5806692,1.1879736454946366,6.203925989301188,0.0028453297902419324,False,False,True,True,True
1788618367.680485,0.4146605163249178,7.81563339159373,0.0026558585827386972,False,False,True,True,True
1788618367.7731886,2.5306494355784874,22.845559548971252,0.01042913163332182,False,False,True,True,True
1788618367.8876812,1.2609784030913822,11.125302696854165,0.009565208993584758,False,False,True,True,True
1788618367.978688,1.2089528379509518,0.9001817365348572,0.007096962932802437,False,False,True,True,True
1788618368.071393,1.04029315194968,1.7477713309821217,0.005634902442657048,False,False,True,True,True
1788618368.1740046,2.1950919565340263,11.352702168149184,0.007839628752999941,False,False,True,True,True
1788618368.282558,0.8551159359521633,12.368321349750035,0.014728561575761747,False,False,True,True,True
1788618368.3746524,1.909945617145822,11.57904349811364,0.008249552018790351,False,True,True,True,True
1788618368.4756444,0.3858007986287182,15.007678677023444,0.0051175383393086355,False,False,True,True,True
1788618368.5730898,3.9149606824020573,36.14782655847573,0.028522666532777345,False,False,True,True,True
1788618368.681988,2.7279212397814847,10.997389406213173,0.02271362008057799,False,False,True,True,True
1788618368.7815661,1.8932404102493805,8.20650400076561,0.012661260197184884,False,False,True,True,True
1788618368.8753977,2.0614060596097112,1.8200545792639207,0.02021338784998546,False,False,True,True,True
1788618368.9732468,0.6394286906780455,14.722980716294478,0.009022149198131029,False,False,True,True,True
1788618369.087636,2.2517646626532324,14.098427272576183,0.011411221327224079,False,False,True,True,True
1788618369.1779473,0.6043501888859779,17.87333568927753,0.01440646950646153,False,False,True,True,True
1788618369.2761664,0.9567367028706688,3.5431911154574416,0.0025758160882131463,False,False,True,True,True
1788618369.3855188,0.6687534955429116,2.6446566016937383,0.003168144671625126,False,False,True,True,True
1788618369.4815936,0.6774430332553684,0.16744790983402122,0.0017820175492666227,False,False,True,True,True
1788618369.5808141,0.17478696790782666,5.036236718276788,0.0009728124580547944,False,False,True,True,True
1788618369.669925,3.1157648750499276,32.99533271552097,0.014491857070008643,False,True,True,True,True
1788618369.7873766,0.6355613275429304,20.7494667884733,0.012951062585462308,False,False,True,True,True
1788618369.8809068,3.7725502286128356,33.511532128568504,0.021626206720848456,False,False,True,True,True
1788618369.980983,3.3754284961161956,4.126905558615719,0.0228347736337618,False,False,True,True,True
1788618370.0771556,0.23687460793007065,32.71620693951857,0.021612613297912062,False,False,True,True,True
1788618370.188752,2.5080167372437603,20.365647207211378,0.014845952783423561,False,False,True,True,True
1788618370.2773473,1.28670233815633,13.866721400198422,0.023074693777794836,False,False,True,True,True
1788618370.372508,6.727866699386657,57.06333346769276,0.06684605594323874,False,False,True,True,True
1788618370.4686265,3.0753627221579545,39.018814329244364,0.06148448217017803,False,False,True,True,True
1788618370.5887258,0.2983903430446742,23.104439966547584,0.017457698661877526,False,False,True,True,True
1788618370.6858363,1.0436136872840802,7.707314192531078,0.0024828869647366895,False,False,True,True,True
1788618370.7832046,1.859982502043605,8.421452655561234,0.01096438274743126,False,False,True,True,True
1788618370.8804889,1.5141110714326151,3.5528602123045743,0.015132180777380367,False,False,True,True,True
1788618370.9889915,2.704636706829571,10.431079561289808,0.012046660904626232,False,False,True,True,True
1788618371.0805316,3.2731075242541157,6.185148142106919,0.04700233349456744,False,False,True,True,True
1788618371.1766157,3.5238810633808777,2.660205449947509,0.01890324069737009,False,False,True,True,True
1788618371.272111,6.326477532222875,30.071446580724253,0.05180274011574146,False,False,True,True,True
1788618371.3889413,2.9699698989148215,28.96255290947125,0.05303698754286798,False,False,True,True,True
1788618371.48452,2.7132792495688274,2.27367044400408,0.048106699446454466,False,False,True,True,True
1788618371.582952,0.7264481807984612,20.430187450622288,0.010549257745571148,False,False,True,True,True
1788618371.6926193,0.48079588337318313,2.22964903034436,0.0008886575524096184,False,False,True,True,True
1788618371.7848012,0.361855882652363,1.2943256489408683,0.0007854633279127231,False,False,True,True,True
1788618371.879414,0.15270079268284253,2.208049019915327,0.0002905689395301313,False,False,True,True,True
1788618371.9784355,0.7315166735072345,5.843795077675739,0.000958257340530809,False,False,True,True,True
1788618372.0930269,0.7715788810430234,0.3842623235340023,0.0031427564627728903,False,False,True,True,True
1788618372.192755,1.1008224781423837,3.330919537989609,0.001981895641695162,False,False,True,True,True
1788618372.2854707,0.34019106695553125,8.081187936917667,0.0022886320439274082,False,False,True,True,True
1788618372.3784475,0.9493351682148056,6.539326967702227,0.0017877625602636248,False,False,True,True,True
1788618372.4934218,2.3819776551776255,12.317666833433611,0.011242675006526275,False,False,True,True,True
1788618372.5876634,5.0054353832861445,27.790964755338383,0.03149558316946417,False,False,True,True,True
1788618372.685906,3.8313840354873197,12.223660752859864,0.0347454825561236,False,False,True,True,True
1788618372.78288,4.501082127421336,6.842803058118246,0.030936832034565202,False,False,True,True,True
1788618372.8921323,0.8583376940000456,33.02152044567799,0.02985277252356726,False,False,True,True,True
1788618372.9865134,5.297549226957758,47.10722427746727,0.05508574563573149,False,False,True,True,True
1788618373.0830853,2.1219964111437157,34.058969799072734,0.07356479132451042,False,False,True,True,True
1788618373.1788492,3.65393428330275,16.08566964939486,0.017402829110764125,False,False,True,True,True
1788618373.287801,0.7381594628182432,26.979619682063756,0.02526243345611583,False,False,True,True,True
1788618373.3868551,3.1571947414419137,24.39459121283216,0.021527048102181416,False,False,True,True,True
1788618373.4815211,0.6474990628579884,26.01357059252045,0.015859098180385275,False,False,True,True,True
1788618373.5821671,3.0172166154258986,23.39954960760166,0.019354258676963873,False,False,True,True,True
1788618373.69226,2.7639574971765444,2.1464596635074,0.01677239882529278,False,False,True,True,True
1788618373.7793343,0.7131405154388928,22.884469261590663,0.014676149668492003,False,False,True,True,True
1788618373.8826828,2.188992974249348,14.27698445699103,0.012085185812261734,False,False,True,True,True
1788618373.9941883,2.5177974272491186,2.980732341149855,0.012967219231686639,False,False,True,True,True
1788618374.087716,1.0259575664121554,16.06785569463825,0.01156203186633247,False,False,True,True,True
1788618374.186188,0.2528332508652338,7.7768329907276454,0.001995211040178504,False,False,True,True,True
1788618374.288625,4.299241267400816,39.51881962947619,0.03727430449878107,False,False,True,True,True
1788618374.4014764,2.0190340209574136,20.184437907068013,0.0274715315771569,False,False,True,True,True
1788618374.5025513,2.655654738088394,6.076514639025844,0.03349457370163765,False,False,True,True,True
1788618374.5986264,1.5380747847953953,11.633086694041793,0.02453308591015439,False,False,True,True,True
1788618374.6950552,1.9945033097256313,4.9712039777060415,0.005920447758276369,False,False,True,True,True
1788618374.8075895,0.46803728170920417,13.482128789786334,0.009190492243344225,False,False,True,True,True
1788618374.8944564,4.420022671224033,45.49291033722335,0.03200608642512387,False,False,True,True,True
1788618374.9953823,1.219341154264889,32.51706551659075,0.02280386184611672,False,False,True,True,True
1788618375.0914273,3.0392735626741483,18.958661970804222,0.024755695032002926,False,False,True,True,True
1788618375.2016528,0.5288890281691945,22.571232350108588,0.014217770268103103,False,False,True,True,True
1788618375.2963934,2.13858231349114,16.983479526075985,0.009834642708250891,False,False,True,True,True
1788618375.3882718,1.2286708727542826,10.002405803374684,0.006183733523574062,False,False,True,True,True
1788618375.4873772,0.34058438548376946,8.868699661403092,0.002328039747986556,False,False,True,True,True
1788618375.5920804,2.94236338430546,24.850634229860418,0.01824211590887322,False,False,True,True,True
1788618375.6874204,0.7225027881431955,23.677477825658823,0.015780849910047266,False,False,True,True,True
1788618375.782563,5.656718753201187,51.84859438886902,0.059685146173785175,False,False,True,True,True
1788618375.8775268,3.3344060503010344,24.675299563741895,0.04224005806693993,False,False,True,True,True
1788618375.9915922,0.26404977052406375,26.986285408382102,0.017392667646079354,False,False,True,True,True
1788618376.089874,1.4955993337790592,12.551028378371173,0.003956159907678701,False,False,True,True,True
1788618376.1912787,2.5485349545366147,10.361274439993087,0.009834768902020088,False,False,True,True,True
1788618376.5740473,0.37197297437528676,5.6701567966552755,0.009726379527920596,False,False,True,True,True
1788618376.6416686,0.48917423193177,1.6726488417124374,0.003510170465931585,False,False,True,True,True
1788618376.71402,2.128121666147888,22.628003650522295,0.0048658654898002555,False,False,True,True,True
1788618376.8020384,2.8274671272386476,8.350265159115905,0.022541217557531107,False,False,True,True,True
1788618376.8985143,0.6663831836464899,22.358401363714535,0.009788013082759095,False,False,True,True,True
1788618376.9938028,1.209134272042004,5.671641078140133,0.004514649099735202,False,False,True,True,True
1788618377.106855,0.8922974831292203,2.9375155708878027,0.005877637978259956,False,False,True,True,True
1788618377.2024956,1.2417189833836118,3.6878375359620894,0.00233845636609319,False,False,True,True,True
1788618377.2976182,3.267104018640365,21.230935790856613,0.026456992016865466,False,False,True,True,True
1788618377.3901658,3.1052882339052115,1.7866760598705387,0.01698293229279844,False,False,True,True,True
1788618377.4967139,3.9296279691441063,7.899213452584133,0.06660907942922857,False,False,True,True,True
1788618377.596831,2.562149008465566,13.894499143637416,0.06372778654114289,False,False,True,True,True
1788618377.6907115,0.9825273720505393,16.79497564496812,0.009909475068515621,False,False,True,True,True
1788618377.7888691,0.6505487158787191,3.375070044661351,0.002089866684842123,False,False,True,True,True
1788618377.9058192,1.7293522325070827,9.154045244581942,0.008475362188534279,False,False,True,True,True
1788618377.99966,0.9013096327803106,8.621305014337606,0.009713367291640448,False,False,True,True,True
1788618378.092368,4.710896473657472,41.189399053215105,0.03135683410934907,False,False,True,True,True
1788618378.1920173,0.985758391412897,36.64515403424889,0.030285209019411678,False,False,True,True,True
1788618378.3040292,2.0688613711753763,9.694960918911866,0.014298882657148963,False,False,True,True,True
1788618378.3998084,0.6270386185299992,15.224081983933678,0.009916903862780378,False,False,True,True,True
1788618378.495007,1.4517832379047446,8.728467566387595,0.0039029569093738128,False,False,True,True,True
1788618378.6089034,0.7620608214052506,6.164385992905414,0.00466474030076966,False,False,True,True,True
1788618378.6984181,1.5442130624758024,8.57872553608053,0.005411488145280832,False,False,True,True,True
1788618378.7967296,3.714131873425865,22.13691337505177,0.02413266887544835,False,False,True,True,True
1788618378.8949049,0.9107622399160787,28.607273475703547,0.02281907992236917,False,False,True,True,True
1788618379.0033016,2.3755825715388235,13.480758060071489,0.015895012807458954,False,False,True,True,True
1788618379.1002822,3.8661033228703,15.276517961897321,0.020590150203494126,False,False,True,True,True
1788618379.192162,3.1989194637192995,7.093090772021394,0.021545971040977347,False,False,True,True,True
1788618379.2891715,3.0293414677394876,1.7210649918445866,0.015999900894511195,False,False,True,True,True
1788618379.409151,1.0247258213935446,16.931138905939928,0.013048437106093408,False,False,True,True,True
1788618379.5006084,1.6816371505688028,7.356768907840149,0.003805458787562824,False,False,True,True,True
1788618379.5989897,1.4364691932588673,2.442935873683239,0.004363306315906376,False,False,True,True,True
1788618379.6904309,0.21683987407985722,13.266082872874918,0.003919948887584892,False,False,True,True,True
1788618379.8024213,2.79919923331445,23.03676498182056,0.018568833040974432,False,False,True,True,True
1788618379.9005768,3.273245442024742,4.826319702146344,0.01926191264451694,False,False,True,True,True
1788618379.998789,1.2956477276375853,19.63029239453297,0.01446340963946509,False,False,True,True,True
1788618380.0912607,1.5592302136754765,2.88907193527609,0.004043087687456037,False,False,True,True,True
1788618380.2059321,1.2955094260680369,2.3293693552904924,0.011065138799147937,False,False,True,True,True
1788618380.2978072,3.096344836991367,19.522968937892625,0.026422910149803608,False,False,True,True,True
1788618380.398746,4.02015738768658,8.817248170543857,0.024471669792185888,False,False,True,True,True
1788618380.49053,0.4580120543987531,37.96596708534546,0.030342539396961708,False,False,True,True,True
1788618380.600064,1.4601360435503918,9.214760384876891,0.005484434822500629,False,False,True,True,True
1788618380.7036335,0.5235621799617057,9.248848133319342,0.006261684990544335,False,False,True,True,True
1788618380.7993941,3.3970327651961325,29.950174548702744,0.018080322965159767,True,False,True,True,True
1788618380.9049182,0.8062215551887101,24.574724986030272,0.016792835222767435,True,False,True,True,True
1788618381.0087023,0.39614483612265217,3.876478700316734,0.0015061330628864055,True,False,True,True,True
1788618381.0975478,2.5351421871749915,24.07614195425519,0.010530709058004094,True,False,True,True,True
1788618381.2012005,0.8634619416440853,16.094307205240266,0.0073209491134207045,True,False,True,True,True
1788618381.309824,2.103465224793964,11.522255618022022,0.0078776667353595,True,False,True,True,True
1788618381.4038832,0.8729840113410587,12.871151621988647,0.00819040157372527,True,False,True,True,True
1788618381.5021348,0.7030205752918364,1.764010117033292,0.001293224779976683,False,True,True,True,True
1788618381.5984461,0.46041598887715335,2.7295989200734745,0.0011923447375184247,False,False,True,True,True
1788618381.7094529,6.396891179498751,53.424829260174334,0.0947280140582217,False,False,True,True,True
1788618381.8013453,3.789455027302625,29.424540310860653,0.07201892908206724,False,False,True,True,True
1788618381.9015763,0.5906890126863061,31.68263092950855,0.01970148151055838,False,False,True,True,True
1788618381.9926553,2.669109921027252,22.930881145621328,0.01031583517074746,False,False,True,True,True
1788618382.108627,1.7528216602929056,8.013235789036324,0.009721666097096624,False,False,True,True,True
1788618382.203657,1.6469619060925351,1.1391725992834505,0.006918489722401696,False,False,True,True,True
1788618382.2970505,0.35796824097898094,13.571799424455165,0.004983452837644221,False,False,True,True,True
1788618382.396616,1.0795218188410518,7.2711991718158515,0.0022186323316963205,False,False,True,True,True
1788618382.5111403,1.04958745749971,0.23038620306849186,0.0025475945586346106,False,False,True,True,True
1788618382.6044428,2.431922454101405,14.858237265580856,0.007406325759400646,False,False,True,True,True
1788618382.7011502,1.7876561465643233,6.673291751699948,0.008271701486142896,False,False,True,True,True
1788618382.7970042,4.780991304203566,31.112517796824573,0.05857787766935634,False,False,True,True,True
1788618382.9049323,1.1919305942342284,34.89063412714166,0.03440847439176232,False,False,True,True,True
1788618383.0016181,6.157805751679124,51.5263486811471,0.07943523736985,False,False,True,True,True
1788618383.102103,1.5441699920940064,44.861768815357976,0.05222734145349187,False,False,True,True,True
1788618383.212739,1.3803778083838008,1.6359439517944256,0.01280025785939656,False,False,True,True,True
1788618383.3035586,2.3330270298593514,10.511402236464312,0.006811001276910371,False,False,True,True,True
1788618383.3988938,0.6223676305056446,17.9326886425403,0.009496382973533106,False,False,True,True,True
1788618383.4971855,1.3604322677875622,7.49906885291979,0.004142404157442309,False,False,True,True,True
1788618383.6124594,1.7795367559520594,3.945010166638665,0.006958181792893048,False,False,True,True,True
1788618383.7019749,1.4977042035324217,3.1815844859151614,0.015965800899596917,False,False,True,True,True
1788618383.8022497,1.3114619629124866,2.123465798744625,0.0037172473066461715,False,False,True,True,True
1788618383.9027894,0.8305147647666187,4.774955603417074,0.006204601357771598,False,False,True,True,True
1788618384.0196083,4.485546000175254,31.316158091007676,0.04617221491578488,False,False,True,True,True
1788618384.1110783,1.4171857960159755,34.03276991277576,0.04765695579405148,False,False,True,True,True
1788618384.2095382,2.166952657807003,7.5658867126272416,0.013972521154605145,False,False,True,True,True
1788618384.3054519,1.176256069777455,10.269647170614784,0.0070912958516205675,False,False,True,True,True
1788618384.4159172,1.6089674928422326,3.853981496639293,0.0053705504079812946,False,False,True,True,True
1788618384.5092938,2.092781960173553,5.380476667318816,0.006731586461051236,False,False,True,True,True
1788618384.608883,1.4891235219093495,5.72380851797415,0.006359001923167048,False,False,True,True,True
1788618384.7095835,0.32996180588462876,11.494143728822515,0.004700204556215201,False,False,True,True,True
1788618384.8099751,1.0744375375756514,7.344586612877411,0.002659102866154236,False,False,True,True,True
1788618384.9104996,1.470162145359648,3.928404155225237,0.004040879416919952,False,False,True,True,True
1788618385.0035908,1.4440354455793074,0.3320257875930764,0.0037936600846647265,False,False,True,True,True
1788618385.1010935,1.6328683661934615,2.1325058915752555,0.004435679176634019,False,False,True,True,True
1788618385.215392,0.5819640427302375,9.144185004208328,0.007038671264657013,False,False,True,True,True
1788618385.312996,1.4651900163005536,9.035751668279962,0.003179638892802038,False,False,True,True,True
1788618385.4028246,1.4681574017938945,0.1450975621058408,0.003733083601657007,False,False,True,True,True
1788618385.5156024,2.150948125298077,6.018578744086389,0.00841509543463894,False,False,True,True,True
1788618385.6070936,0.8925493561756325,13.628609000144042,0.009473799925637221,False,False,True,True,True
1788618385.7103195,0.2570505591979674,6.165139539118212,0.001491203867233446,False,False,True,True,True
1788618385.8082776,1.575883244347286,13.459235477078698,0.004923448718169563,False,False,True,True,True
1788618385.9170685,2.6614718680587632,9.539771148346931,0.012291421271056391,False,False,True,True,True
1788618386.0077388,1.216464108039855,15.710833653826677,0.017620732759103887,False,False,True,True,True
1788618386.1035895,2.4611885767988375,12.993931743311014,0.012898514766418928,False,False,True,True,True
1788618386.203754,0.6627228467196185,17.220260670355227,0.00998306447726167,False,False,True,True,True
1788618386.3194163,0.38838183647699803,2.248968495632399,0.0017517169028017478,False,False,True,True,True
1788618386.4082408,0.7667209844459206,4.246718358425549,0.0011463243958960627,False,False,True,True,True
1788618386.508254,1.4766932252542597,7.13682922779757,0.006003043025214329,False,False,True,True,True
1788618386.605186,0.5492702808843271,9.637256023913793,0.0033529664840716957,False,False,True,True,True
1788618386.7167623,0.28632672400101217,2.4208182848842563,0.0008527996148155765,False,False,True,True,True
1788618386.811703,0.8511804263832885,5.932438068845464,0.0014876454761223725,False,False,True,True,True
1788618386.910422,0.3402935314689754,5.177145844049462,0.001183793187213318,False,False,True,True,True
1788618387.0053627,0.6042074543502227,2.72637191881694,0.0009030519845322427,False,False,True,True,True
1788618387.1123595,3.4676398003968045,26.747057304336558,0.028906881425923535,False,False,True,True,True
1788618387.2107613,1.769519133321881,17.360321862473292,0.020163095975790274,False,False,True,True,True
1788618387.3039505,0.6025103725622125,12.539941908405257,0.006607433502759463,False,False,True,True,True
1788618387.3980744,0.5614898397041426,0.45270987234637355,0.0013812628381768641,False,False,True,True,True
1788618387.5122962,1.4840665701506013,8.177892304750225,0.004453237777351795,False,False,True,True,True
1788618387.608921,1.17878715923175,3.1693122954089974,0.004452129105855179,False,False,True,True,True
1788618387.7101674,0.24957353368498045,9.17858509442597,0.0030504014150672105,False,False,True,True,True
1788618387.8187006,0.409098382392463,1.454587245627752,0.0004156813960546704,False,False,True,True,True
1788618387.917628,0.48334681960926623,0.7585706559892363,0.0009222993977160089,False,False,True,True,True
1788618388.0153823,0.3984320197480544,0.8700314792061614,0.00048634605849224823,False,False,True,True,True
1788618388.1099157,2.198126124930776,19.02784397274778,0.008192068408652655,False,False,True,True,True
1788618388.2219827,3.1471469607324982,8.232851451644004,0.017986057319870494,False,False,True,True,True
1788618388.3167694,1.0392878000673655,22.49313490088038,0.02072679991151822,False,False,True,True,True
1788618388.4091132,0.8271648969863573,2.089958914690289,0.00300608256787219,False,False,True,True,True
1788618388.510544,1.963204590594441,11.077431821602742,0.007183599721512264,False,False,True,True,True
1788618388.6131127,3.09134131466257,10.973452560545669,0.014591070946521748,False,False,True,True,True
1788618388.7088976,1.1374623943479887,20.104824213613195,0.022732647159485888,False,False,True,True,True
1788618388.8123224,0.22468388347928328,8.823934430929333,0.002138123359434923,False,False,True,True,True
1788618388.9169383,4.238083251085107,38.34285396004719,0.03776732457125318,False,False,True,True,True
1788618389.0140352,2.691149197232042,15.942282972095324,0.029702565202721236,False,False,True,True,True
1788618389.1295977,2.3406652987396757,2.944000630282554,0.03359882012455316,False,False,True,True,True
1788618389.212393,0.5717932203785547,21.374509805718528,0.01615613723500955,False,False,True,True,True
1788618389.3039296,0.7042082879972915,1.4023106479430625,0.0008596232753659788,False,False,True,True,True
1788618389.422384,0.7552702950487876,0.3549816434311632,0.0027619885105643555,False,False,True,True,True
1788618389.5152805,0.5342377716370598,2.3954670317366276,0.0021826174723617,False,False,True,True,True
1788618389.6111255,2.124626167544427,16.5946920872236,0.006418645964417402,False,False,True,True,True
1788618389.7083056,0.5081534333438253,16.578775505867952,0.009682074951057412,False,False,True,True,True
1788618389.8251278,3.7865701277045805,27.979207580854847,0.03162869499859261,False,False,True,True,True
1788618389.9141486,0.5792502063627692,35.99591278948776,0.03931261519874468,False,False,True,True,True
1788618390.0142715,0.343717269780283,2.2497296394937383,0.0005479114519100539,False,False,True,True,True
1788618390.1210191,0.5077751036374635,1.547652645574505,0.0006482869979576086,False,False,True,True,True
1788618390.2193213,1.8897712182555704,13.99271497176163,0.00684661797176557,False,False,True,True,True
1788618390.309737,1.1786214281834229,7.705410097650888,0.008045788836745886,False,False,True,True,True
1788618390.4057121,0.8331396922900457,3.4488334941469,0.002639798161351308,False,False,True,True,True
1788618390.5156806,1.1723654628087636,3.1741780838731835,0.005838874869787049,False,False,True,True,True
1788618390.6119404,2.1349092423803935,9.775486957612113,0.0065597525158958316,False,False,True,True,True
1788618390.708681,0.670054247207357,15.0281582352705,0.008233861384909108,False,False,True,True,True
1788618390.8051474,1.70672158394073,10.868893469886231,0.005441348000324341,False,False,True,True,True
1788618390.917914,1.6841770259578017,0.3530911321064922,0.00615652258267566,False,False,True,True,True
1788618391.0214412,1.5436994156735382,1.3774644605748578,0.00614807757465046,False,False,True,True,True
1788618391.1131108,1.2869525538617748,2.638919985639345,0.010543341809832834,False,False,True,True,True
1788618391.2134435,1.444372599572383,1.6138522373317814,0.00965416019640507,False,False,True,True,True
1788618391.3224702,5.036416754555525,33.091239037593674,0.04631980492558795,False,False,True,True,True
1788618391.422541,0.7902358350563249,42.56714845088168,0.053022017814093915,False,False,True,True,True
1788618391.5168178,2.104954476762985,13.887342957883703,0.00688123113808547,False,False,True,True,True
1788618391.6126246,1.1510207511697474,10.530447932932923,0.0063454270668971205,False,False,True,True,True
1788618391.7239082,3.5160672868572207,21.095169145510745,0.036421032960365966,False,False,True,True,True
1788618391.8176334,1.400624104382135,22.295063798259406,0.021310140963495507,False,False,True,True,True
1788618391.9136038,0.1472751063944088,13.082804096905226,0.0033552473413711336,False,False,True,True,True
1788618392.0116634,2.745331680697157,26.504209349718764,0.012802112195063949,False,False,True,True,True
1788618392.121623,0.7147200311535409,18.392980399426015,0.010627478516273705,False,False,True,True,True
1788618392.2186248,0.7788037748144498,0.6815621129309382,0.0012140374773016993,False,False,True,True,True
1788618392.3202176,0.29426064125671836,4.772222077663038,0.0008425337960260329,False,False,True,True,True
1788618392.4249933,1.7812751210564979,14.185621975502208,0.007351039892931337,False,False,True,True,True
1788618392.5223973,0.9128132577809427,8.891270129944065,0.009135296322593786,False,False,True,True,True
1788618392.620447,0.16518102217083291,7.668030030891983,0.0014333442104876549,False,False,True,True,True
1788618392.7176142,0.28356328027957217,1.230162725113378,0.00020682007144456045,False,False,True,True,True
1788618392.8242826,2.8304096039830293,23.977639850453418,0.016566710149367024,False,False,True,True,True
1788618392.9250104,2.227554928085654,6.062886258603964,0.015590354908438792,False,False,True,True,True
1788618393.0202441,1.6274178043213117,6.237191411236319,0.010323498876217379,False,False,True,True,True
1788618393.117874,0.6995806976023478,9.537255903161418,0.0035240552488553477,False,False,True,True,True
1788618393.2269409,0.7701159446493381,0.5976406374095005,0.002407417989144488,False,False,True,True,True
1788618393.3225052,1.10448965044264,3.517529787079422,0.0023818461392357522,False,False,True,True,True
1788618393.4231083,3.0490495786354783,19.338241351195265,0.01624532190677422,False,False,True,True,True
1788618393.518257,0.3868636082020737,27.92210981289686,0.01840288757421313,False,False,True,True,True
1788618393.630165,0.8895240367037367,4.489085349181095,0.0022050677748120416,False,False,True,True,True
1788618393.7239037,0.6304503591711257,2.8455597041558582,0.001851612728397703,False,False,True,True,True
1788618393.8215845,1.0429378074986864,4.032223288221355,0.002215282249587506,False,False,True,True,True
1788618393.918146,0.45973393892835457,6.001378865413506,0.0021404413364531235,False,False,True,True,True
1788618394.0310397,0.8025915517535935,3.1084732113766544,0.0022001177178605905,False,False,True,True,True
1788618394.1289449,1.4017847582871805,6.121454381313338,0.00583973794927103,False,False,True,True,True
1788618394.21248,2.2861032873814837,10.589129406702693,0.00574422201359241,False,False,True,True,True
1788618394.3227413,1.0224225830467528,11.245300484945734,0.0056231111472045785,False,False,True,True,True
1788618394.4299955,4.122180161377747,28.76416752701373,0.02970085268087951,False,False,True,True,True
1788618394.5242405,3.4604341608149145,8.204879119457333,0.031075819160894098,False,False,True,True,True
1788618394.6222787,5.436090848115299,20.276723194232858,0.03989257985698173,False,False,True,True,True
1788618394.7329566,1.691519408619372,32.76355409996919,0.040286856867884725,False,False,True,True,True
1788618394.831697,2.0672316007958167,4.204256635788674,0.008063195503016325,False,False,True,True,True
1788618394.9249868,1.152732277327966,9.661765744688086,0.0068837442497704585,False,False,True,True,True
1788618395.0241656,2.5803681820300444,14.45265250085459,0.01963588073927778,False,False,True,True,True
1788618395.1307328,1.9989794179320794,5.9642391605515535,0.011333304243419417,False,False,True,True,True
1788618395.2315397,1.4980706637885675,5.013513466005729,0.007827541535930226,False,False,True,True,True
1788618395.3261428,1.7200246596008475,2.541802832822349,0.013347411281290833,False,False,True,True,True
1788618395.4224799,0.9345223438082658,7.890827983765505,0.008937248864428225,False,False,True,True,True
1788618395.5305824,0.3587931612518157,5.365896525325918,0.001272519567309268,False,False,True,True,True
1788618395.6255603,0.4809769667323621,1.285161316245649,0.000949545326663699,False,False,True,True,True
1788618395.7225008,1.81210896000077,13.57638136592072,0.006837320532628832,False,False,True,True,True
1788618395.819578,0.8159832697142618,10.297227263884839,0.005118540269639627,False,False,True,True,True
1788618395.9308345,0.8858051095476149,0.6358736751111709,0.0029550146018193515,False,False,True,True,True
1788618396.0286343,3.427096132836189,25.924963461050027,0.017800987313054527,False,False,True,True,True
1788618396.1187465,0.8283114905249344,29.137088103788425,0.01778273769595678,False,False,True,True,True
1788618396.2214127,2.815573688568647,19.506807864612373,0.020125698752663814,False,False,True,True,True
1788618396.3346677,1.4044575027985622,12.348508028146735,0.015096106140872565,False,False,True,True,True
1788618396.427809,2.783417299814758,14.108828576929978,0.012671839388705955,False,False,True,True,True
1788618396.528332,5.965600986873674,32.734381682523896,0.05324419761288456,True,False,True,True,True
1788618396.6228065,1.1861676517301634,49.430669697172796,0.05673143074560929,False,False,True,True,True
1788618396.7325668,5.302717623567844,37.53258287401419,0.07840235415899317,False,False,True,True,True
1788618396.8289325,2.2074431686079787,33.33919417011709,0.052411068571037445,False,False,True,True,True
1788618396.9197443,2.4240656776716376,2.5125945987534446,0.025191307407368132,False,False,True,True,True
1788618397.0326016,2.1152110830694033,2.5578197237014604,0.011304327917617213,False,False,True,True,True
1788618397.1336255,0.8118668572021315,13.095600262220184,0.011935748294089969,False,False,True,True,True
1788618397.233045,1.90286756466637,10.884778817591027,0.007181018621633593,False,False,True,True,True
1788618397.3226547,1.5947284366530543,3.4954029054321856,0.014485943529889874,False,False,True,True,True
1788618397.432996,2.5956976169096597,9.07880652115932,0.011808669766375776,False,False,True,True,True
1788618397.5295658,2.405902080900581,2.0733731361414858,0.014764029024567787,False,False,True,True,True
1788618397.6298516,0.44244927756668206,19.568501528617453,0.011809319102177938,False,False,True,True,True
1788618397.7221098,1.1838390158760936,8.094715448978851,0.001876562028782233,False,False,True,True,True
1788618397.8346336,0.7227933831389649,4.310047714910754,0.002682826347064952,False,False,True,True,True
1788618397.9276228,0.5841105613428321,1.5094805646083285,0.0018322675547056916,False,False,True,True,True
1788618398.029254,2.3930416581859624,17.906665772837407,0.00984593946766373,False,False,True,True,True
1788618398.1254632,3.1680070838532943,8.414687946678344,0.015817366513726616,False,False,True,True,True
1788618398.2359383,0.46255122569680274,24.6950292942222,0.01629640900652376,False,False,True,True,True
1788618398.3312333,1.8796169015962245,14.866047986534252,0.006424264339621313,False,False,True,True,True
1788618398.4263713,0.460472196251767,14.99434807886236,0.00589730799852394,False,False,True,True,True
1788618398.5267785,1.629517981612475,11.647221915828114,0.005467695270302396,False,False,True,True,True
1788618398.6332903,0.32460043681128903,12.154565829067593,0.004913565356358202,False,False,True,True,True
1788618398.7308269,0.8410414385331634,5.28076989357704,0.0015883357595491603,False,False,True,True,True
1788618398.831011,0.7903119092573068,0.5673712832556232,0.001737243358147946,False,False,True,True,True
1788618398.9205537,1.5368071358307254,8.3043681610348,0.0029198782823085193,False,False,True,True,True
1788618399.037475,1.2768170968086616,2.0039109003148137,0.010734515535231593,False,False,True,True,True
1788618399.1346908,1.0356644396805286,2.942748719620761,0.006423970932521944,False,False,True,True,True
1788618399.2280595,6.633514207091477,60.134707088140445,0.066146295355631,False,False,True,True,True
1788618399.3384984,5.850685926392983,6.159901940653838,0.07549615887837352,False,False,True,True,True
1788618399.4392548,2.8806139775623767,29.77346918822074,0.06132002844365778,False,False,True,True,True
1788618399.5329976,3.057520993628285,1.8329473729268317,0.042525684071463746,False,False,True,True,True
1788618399.629354,0.21875649908789194,29.56211041710015,0.01579957460169959,False,False,True,True,True
1788618399.7401683,0.4829562474977514,2.4030732107751733,0.0005199407114656186,False,False,True,True,True
1788618399.8357558,4.03795020890035,37.27528901109287,0.028694008426476552,False,False,True,True,True
1788618399.9316664,0.5437067881673642,36.13433214252505,0.027046225273079556,False,False,True,True,True
1788618400.02821,1.569004402019416,10.438599198435805,0.004206846466870506,False,False,True,True,True
1788618400.1387272,3.4896238097171333,17.365350579135075,0.02188489486756424,False,False,True,True,True
1788618400.2388039,0.8189044010461011,26.574130349409746,0.0245858460413039,False,False,True,True,True
1788618400.33154,3.5019957652403617,29.125275207168443,0.02481001618151926,False,False,True,True,True
1788618400.426824,2.056742965975321,16.107108166656705,0.019447354810056723,False,False,True,True,True
1788618400.5369089,0.39161795455038967,15.288816198787346,0.007013338540952899,False,False,True,True,True
1788618400.63653,6.1059973490862145,57.35327790580105,0.06491072780132219,False,False,True,True,True
1788618400.7343383,1.8555999705368764,42.925045367641914,0.05823073435328663,False,False,True,True,True
1788618400.8276877,5.2208978994598105,36.05652313709957,0.06225491357208673,False,False,True,True,True
1788618400.943463,0.6106205148266501,40.305139593564625,0.039736386926111054,False,False,True,True,True
1788618401.0282555,2.8859181578132866,26.847432173879834,0.014614118908763794,False,False,True,True,True
1788618401.1351697,0.9893350605723402,17.639094771464958,0.008839859071779253,False,False,True,True,True
1788618401.2260416,0.4720241365113299,5.718176431747133,0.0016137792064449515,False,False,True,True,True
1788618401.3368328,0.5551615655166566,0.7566849060290041,0.0006352529223858178,False,False,True,True,True
1788618401.4324157,1.8347835619507262,13.254251991813156,0.00801230211952393,False,False,True,True,True
1788618401.5231943,1.1631115293152052,7.4333731995256915,0.004652933547605131,False,False,True,True,True
1788618401.6473615,2.006469805595693,6.829754594565931,0.017178464892588917,False,False,True,True,True
1788618401.7366662,2.5697285272557537,6.683908862038514,0.028733180736754405,False,False,True,True,True
1788618401.8356042,0.5737757414973402,20.29381026736329,0.008347459914662037,False,False,True,True,True
1788618401.930739,6.831209398683005,65.67453405754326,0.08212829567239673,False,False,True,True,True
1788618402.046742,1.9328481549233076,42.31455927631202,0.061242185829725515,False,False,True,True,True
1788618402.1411815,0.8296244068811053,11.066736630099983,0.008781217687140233,False,False,True,True,True
1788618402.235883,6.140361730438853,56.10783282925783,0.06083964028817596,False,False,True,True,True
1788618402.3337924,0.5864828449827078,55.9692863743464,0.0601151480981181,False,False,True,True,True
1788618402.4432733,1.05558397026531,4.281268551290106,0.002500312523242571,False,False,True,True,True
1788618402.5442588,2.6060544940857326,15.42406780234048,0.010170200197286382,False,False,True,True,True
1788618402.635377,2.8628678229436626,3.115091659027126,0.03528869401274002,False,False,True,True,True
1788618402.7277486,0.754765908764177,22.771886326572613,0.016529038715606025,False,False,True,True,True
1788618402.8429477,1.6573393783713273,7.782069677272737,0.006093443183389116,False,False,True,True,True
1788618402.943758,3.308968391566524,16.215121073272694,0.037700029040028504,False,False,True,True,True
1788618403.038224,5.606613311172305,24.21551013491763,0.04139218720054858,False,False,True,True,True
1788618403.1353528,0.7612734971863959,48.98380458806729,0.05024573488303158,False,False,True,True,True
1788618403.2453508,0.4961403222616685,2.5613780974418106,0.0015230467425371614,False,False,True,True,True
1788618403.3422036,1.5619312605374531,11.00059855320377,0.004401900539516208,False,False,True,True,True
1788618403.4377382,1.7712761033954973,2.3329406836478026,0.006068206970844105,False,False,True,True,True
1788618403.5332515,1.5672866308679347,2.0694560675630673,0.004907306711419577,False,False,True,True,True
1788618403.646198,1.5793708677514433,0.3632281935061747,0.013387123767495873,False,False,True,True,True
1788618403.7373042,1.339964860737466,3.079436070551773,0.00515251895545657,False,False,True,True,True
1788618403.832914,5.048940188800929,38.74717398249018,0.054763837169419766,False,False,True,True,True
1788618403.9461288,3.7637922345128008,11.187491650309425,0.03927479697931117,False,False,True,True,True
1788618404.0436573,1.4974449560164336,23.176003664378477,0.026538086076286903,False,False,True,True,True
1788618404.1403654,1.1759778896088353,3.3214151002321937,0.003645100714864172,False,False,True,True,True
1788618404.2378833,1.8147847435526214,6.5460652438748665,0.004841743795405927,False,False,True,True,True
1788618404.3499823,1.243974845468456,4.993206496046354,0.0050768368669553265,False,False,True,True,True
1788618404.4421358,1.167465899645197,0.835764095384986,0.008325394635279051,False,False,True,True,True
1788618404.5381567,1.3250866071816083,1.6673549928616107,0.002843836864547458,False,False,True,True,True
1788618404.6379526,2.9356139007251576,15.99469594049298,0.024758163325872974,False,False,True,True,True
1788618404.747255,4.777134267695121,17.05863814231776,0.0399055017684707,False,False,True,True,True
1788618404.8454957,0.6801332294543105,41.10330814479403,0.045689365053460745,False,False,True,True,True
1788618404.9407012,1.5513494114681536,9.02767716182859,0.005889405614685462,False,False,True,True,True
1788618405.040561,2.8261619138218173,12.743829300324963,0.024266921602789395,False,False,True,True,True
1788618405.1440027,2.2825828177863037,5.223991920157722,0.013880403401784269,False,False,True,True,True
1788618405.2405586,3.4772074126527897,12.359934963455412,0.017783197881911465,False,False,True,True,True
1788618405.3388877,1.3880669037774533,21.33335327692153,0.0167384215094897,False,False,True,True,True
1788618405.4331663,0.46085785727964956,9.852224134871692,0.003978644712839545,False,False,True,True,True
1788618405.5482495,2.322070510195899,16.22394320806902,0.014921044999847427,False,False,True,True,True
1788618405.6524394,1.4781174202035028,8.206404422851595,0.011158652318117367,False,False,True,True,True
1788618405.741018,1.4067592996725875,0.8010441545794222,0.009232103081795008,False,False,True,True,True
1788618405.8519487,0.2682443484745823,10.301125277645808,0.0024926271716997485,False,False,True,True,True
1788618405.9475236,1.3009202392552315,10.77404028398566,0.0028071657926712554,False,False,True,True,True
1788618406.0407884,2.5158289816368797,13.12747232795257,0.007891256636897399,False,False,True,True,True
1788618406.1392844,1.2734242716774669,11.86331595708938,0.014514180026291172,False,False,True,True,True
1788618406.2499273,0.8039016974362638,4.2642095801678455,0.0036349898721454257,False,False,True,True,True
1788618406.3478236,1.0030228083627442,1.8088721951468,0.004514513201293372,False,False,True,True,True
1788618406.4443345,5.096881193408296,42.271034950877905,0.03901327823617889,False,False,True,True,True
1788618406.5387669,4.2644365310535655,8.893276621128095,0.0382270040254295,False,False,True,True,True
1788618406.649541,1.6009990501175428,22.413074765878143,0.023512936775116292,False,False,True,True,True
1788618406.7486055,0.6644118250563535,9.403211264501243,0.007303093124020275,False,False,True,True,True
1788618406.8410573,1.5834374589440188,9.887700635343696,0.004383870097917453,False,False,True,True,True
1788618406.9441016,1.0148151755899042,5.843881331495275,0.0036019661620588055,False,False,True,True,True
1788618407.0530713,0.35085630773641047,6.15541774613874,0.0018450743655352604,False,False,True,True,True
1788618407.1419206,2.7277545619056736,26.81263306230113,0.012093439043172182,False,False,True,True,True
1788618407.2417636,3.153171085579554,4.365462316394736,0.01629543366117466,False,False,True,True,True
1788618407.3404377,0.9787084743654559,21.988976071031946,0.01668220715238941,False,False,True,True,True
1788618407.4537294,1.3376227883994176,3.0427533513472027,0.007116412515670897,False,False,True,True,True
1788618407.5483701,0.39886173029560207,9.787960136484633,0.004630786887373768,False,False,True,True,True
1788618407.6437685,1.1231773655360402,7.597908226014394,0.0022992263450766345,False,False,True,True,True
1788618407.739674,0.4869699542975394,6.54029619891843,0.0017502311085868072,False,False,True,True,True
1788618407.8460817,0.45092061011362905,0.3557210415057009,0.0006460379094192155,False,False,True,True,True
1788618407.9471757,0.17802088028506632,2.732581661439176,0.000616775977743997,False,False,True,True,True
1788618408.0424125,1.1660048744502964,10.364094794709157,0.002163873232741988,False,False,True,True,True
1788618408.1557002,2.6493454311067453,13.017053756836932,0.023591484533574382,False,False,True,True,True
1788618408.253762,1.9116590176345387,7.380758719074815,0.01313587629863782,False,False,True,True,True
1788618408.3493514,1.1011275129536349,8.39878308096486,0.005169045171178028,False,False,True,True,True
1788618408.4399621,1.0988490346401425,0.07161166179493998,0.002488121498702066,False,False,True,True,True
1788618408.5549333,1.0334975672349758,0.7859518137522419,0.0027009102646476536,False,False,True,True,True
1788618408.6514668,0.39261902865686293,6.636373780251652,0.003263076845643128,False,False,True,True,True
1788618408.752195,2.7558322701192863,23.47150490067089,0.012794776436584552,False,False,True,True,True
1788618408.8434112,5.272733664613975,27.45475353483182,0.03303626910006863,False,False,True,True,True
1788618408.9553952,1.8749584131915327,30.440075294060012,0.034640045611218154,False,False,True,True,True
1788618409.052062,1.0552901681085292,8.439508378487542,0.009895738490860985,False,False,True,True,True
1788618409.1460688,1.9834085272361877,9.87150681657903,0.009673538510008132,False,False,True,True,True
1788618409.2419114,3.8730025745387935,19.738423257278242,0.019048131013857987,False,False,True,True,True
1788618409.3527284,0.7346634072139412,28.048476393152395,0.021139925209739015,False,False,True,True,True
1788618409.4521716,2.7571142568794107,20.391902083146665,0.01180805940442686,False,False,True,True,True
1788618409.5494044,6.463027146799083,37.177852472335616,0.05419530782371099,False,False,True,True,True
1788618409.6436336,4.476713631675683,20.583349765994825,0.055930566841749484,False,False,True,True,True
1788618409.7583923,2.453654144214011,17.072486505565294,0.02531057877728002,False,False,True,True,True
1788618409.8495424,1.72223691366994,8.040451159199325,0.011188634610765342,False,False,True,True,True
1788618409.9468598,1.2358370430611891,5.164855158599261,0.009994164983021631,False,False,True,True,True
1788618410.0475085,1.2202782867845656,0.08709479675154272,0.00769477235031012,False,False,True,True,True
1788618410.1569436,3.2457046254410344,18.54918726458428,0.018172411584014853,False,False,True,True,True
1788618410.256371,0.5693051864870419,26.54043186365241,0.020916533997119596,False,False,True,True,True
1788618410.3477182,0.701937333895112,1.3348308640655335,0.0009824599199542265,False,False,True,True,True
1788618410.4549115,4.723249761819906,37.468780122320865,0.046605673133100926,False,False,True,True,True
1788618410.55158,6.118813146296041,15.298866088399638,0.0562940040002417,False,False,True,True,True
1788618410.647301,0.8473964249619238,55.76452143611281,0.06270631578783384,False,False,True,True,True
1788618410.7442002,0.620337418621894,2.2947269031022506,0.0010225508346537965,False,False,True,True,True
1788618410.8570192,0.16077345960865563,4.054376073005191,0.0006459195987967191,False,False,True,True,True
1788618410.9521928,0.8956708097514641,7.712463668194438,0.0016251361663217338,False,False,True,True,True
1788618411.053344,1.0438449578065019,1.4500689736371226,0.004446884719364515,False,False,True,True,True
1788618411.151167,1.2629334829275192,2.353708019610658,0.0038206135874034918,False,False,True,True,True
1788618411.2631068,1.3520709404239653,0.8964132597196869,0.006801749779698339,False,False,True,True,True
1788618411.3589303,2.46562028571264,11.576750637708397,0.019272754921340365,False,False,True,True,True
1788618411.4612916,3.5175381051664636,10.214844491090263,0.01890605861353153,False,False,True,True,True
1788618411.5491211,2.6171050527117727,10.368515555122885,0.018938540982702236,False,False,True,True,True
1788618411.660304,3.5693865425059625,8.155543031352218,0.022159937009102532,False,False,True,True,True
1788618411.7615473,3.0927115403952072,4.643031553405019,0.026225205030427003,False,False,True,True,True
1788618411.8566022,2.3533098075881838,7.673286728133448,0.01483805952178018,False,False,True,True,True
1788618411.9429367,0.3262217565895124,23.758484403422486,0.008632063972372544,False,False,True,True,True
1788618412.0599396,2.9951847629872814,22.81777042662591,0.02202474847919309,False,False,True,True,True
1788618412.1638417,4.745473344483052,17.42070936358306,0.036451264422635646,False,False,True,True,True
1788618412.2614162,0.8890275862891606,39.96243067210669,0.05240967087190449,False,False,True,True,True
1788618412.3589654,0.4130998609183063,4.764078864604557,0.0013799773706521066,False,False,True,True,True
1788618412.4592257,3.751234381196281,33.339225529458936,0.028930344052303925,False,False,True,True,True
1788618412.5577104,1.9098176430317273,18.5865837754124,0.020832163709452796,False,False,True,True,True
1788618412.6566958,0.6385816917656475,12.95970958154135,0.007005732551246416,False,False,True,True,True
1788618412.772686,0.7159194911810044,0.621055531977535,0.0013874607231476486,False,False,True,True,True
1788618412.877661,1.2935085554831045,5.629800398012339,0.006474179315410313,False,False,True,True,True
1788618412.9683871,2.304103679944101,10.965750760259697,0.006608627521865194,False,False,True,True,True
1788618413.0731509,1.3387883641847402,9.047916258499711,0.006714648912482805,False,False,True,True,True
1788618413.1988268,1.2890388903718093,0.6116011810526878,0.010618848305237686,False,False,True,True,True
1788618413.293301,0.6321699697568851,6.922534157952221,0.005176429840050456,False,False,True,True,True
1788618413.3838367,1.2776044337918064,7.098981884710605,0.0023536958383906918,False,False,True,True,True
1788618413.4808528,0.25433491885409765,10.572877483675159,0.0021418674143836285,False,False,True,True,True
1788618413.5836601,2.4472109806265543,21.330030165444207,0.01265618913503054,False,False,True,True,True
1788618413.6842794,1.071784154224406,13.465799300890682,0.009837073221212736,False,False,True,True,True
1788618413.7786417,4.5329050900582715,36.669181976974194,0.04048866411584569,False,False,True,True,True
1788618413.8722906,5.144221160025552,5.351376471421394,0.03920618974268887,False,False,True,True,True
1788618413.999012,0.8893154932122599,34.251457159281266,0.0359069921179628,False,False,True,True,True
1788618414.0935683,2.0951635726289197,13.064426602448076,0.012455595759863804,False,False,True,True,True
1788618414.1762035,1.1751627659979633,10.688181027492472,0.011157865615624825,False,False,True,True,True
1788618414.2846308,0.5886449254378734,5.217593871660755,0.002067681522839315,False,False,True,True,True
1788618414.3787382,2.032705120970489,15.195553609319171,0.00749513306969031,False,False,True,True,True
1788618414.4802356,1.4930725024651696,5.270636667216524,0.00679588057551837,False,False,True,True,True
1788618414.5757349,0.6961587421803397,8.521228763936005,0.003534321129465832,False,False,True,True,True
1788618414.6653385,3.723607154530587,33.76494470965323,0.017891601915877534,False,False,True,True,True
1788618414.773196,1.3399333569557321,21.803747303940032,0.032742939230510894,False,False,True,True,True
1788618414.8708398,0.6179200544888591,7.299781007921111,0.003350779190191382,False,False,True,True,True
1788618414.9681447,2.7024823903676065,21.568413151580863,0.01645595521879694,False,False,True,True,True
1788618415.0900779,0.41919599718212863,18.516015215126927,0.013207566372425587,False,False,True,True,True
1788618415.1774836,2.943525852905952,28.71291145637011,0.012646754976568614,False,False,True,True,True
1788618415.276536,0.7085823008682866,22.714342684156776,0.01611179225455014,False,False,True,True,True
1788618415.3673747,2.7602754003920924,22.540481468954404,0.009453921527281388,False,False,True,True,True
1788618415.4855607,2.27826882378763,3.9954327490347703,0.013073590153246448,False,False,True,True,True
1788618415.5890281,2.0186144970854176,2.339813082845766,0.011543781598456608,False,False,True,True,True
1788618415.6723003,2.942979547671532,10.351340597549994,0.02637760160430723,False,False,True,True,True
1788618415.7702792,4.5456897276832535,16.030456287797257,0.02797513106169887,False,False,True,True,True
1788618415.8763275,3.946768120011996,5.053406983761367,0.0354889358630827,False,False,True,True,True
1788618415.9733963,1.2145929970175524,28.268735783492065,0.025859132246008262,False,False,True,True,True
1788618416.074857,1.3811996925540406,1.7357403185655564,0.0042777991959125185,False,False,True,True,True
1788618416.1727867,0.5233666285244851,8.6127205488803,0.0036252817950051318,False,False,True,True,True
1788618416.287932,1.2512204614202522,6.350443826102876,0.005117586560145066,False,False,True,True,True
1788618416.384848,0.1407181370395606,11.48929920526771,0.003625070143483818,False,False,True,True,True
1788618416.493115,1.9137095969912479,16.321662358340618,0.00804517117360231,False,False,True,True,True
1788618416.5890605,0.5873101693838361,13.523898397723947,0.009432745799092762,False,False,True,True,True
1788618416.7084694,1.5403959554934465,7.98683604012039,0.00516461928959302,False,False,True,True,True
1788618416.8013594,0.4908358342136727,11.259375273894449,0.00543123491191285,False,False,True,True,True
1788618416.8850703,2.359996709153558,22.45262032695547,0.006098338330089544,False,False,True,True,True
1788618416.9755712,1.2696325699805842,12.234207709916568,0.005929469415952035,False,False,True,True,True
1788618417.098927,0.4437485975609369,6.550186576212302,0.002217341005917922,False,False,True,True,True
1788618417.1905658,0.9327885415587306,5.2497103742371,0.0019997164397893945,False,False,True,True,True
1788618417.2760694,1.174954499700378,3.0343234967253387,0.002936364667247299,False,False,True,True,True
1788618417.3905516,0.6260476374077913,4.8060541979553735,0.001646892467929411,False,False,True,True,True
1788618417.5334835,1.3016030462481698,4.657884295352283,0.005351423526643931,False,False,True,True,True
1788618417.7506166,1.4399214760207402,0.5596668344185644,0.014149113023477941,False,True,True,True,True
1788618417.8937182,2.7732131548949006,9.572835075397574,0.02450467633781223,False,False,True,True,True
1788618417.9874191,0.6573639438327972,23.10298126684402,0.03113678346926097,False,False,True,True,True
1788618418.0844953,3.215908245965839,26.257862058861605,0.01758689136196888,False,False,True,True,True
1788618418.2084079,2.3533340230181308,6.662447656400019,0.048474593689023286,False,False,True,True,True
1788618418.29027,3.4814319192189807,14.863419672088314,0.016892983821127406,False,False,True,True,True
1788618418.381263,1.0876422244006885,26.87989610919758,0.01467026866182116,False,False,True,True,True
1788618418.4757957,0.1264198241731276,10.161103131784154,0.0017554437375198171,False,False,True,True,True
1788618418.582306,0.5297672045025225,3.7785773390022954,0.000715577317097279,False,False,True,True,True
1788618418.6810272,0.7209347097479517,1.8974819758870578,0.0017284419218746923,False,False,True,True,True
1788618418.7740443,0.3825133433346115,3.6813488321202894,0.0010120082268023384,False,False,True,True,True
1788618418.8680587,1.6186633265957846,13.190859466337871,0.004136073410201787,False,False,True,True,True
1788618418.981727,1.4354463262674155,1.5356384821453373,0.0047431668556919505,False,False,True,True,True
1788618419.0830052,5.511032296210857,39.52129879898826,0.0445815877322738,False,False,True,True,True
1788618419.184718,1.4221130135466595,39.605162932591256,0.05875982406609487,False,False,True,True,True
1788618419.2890773,4.867371219756765,33.527056492657174,0.04848087265220245,False,False,True,True,True
1788618419.3826826,0.9149848827734475,43.35297023270524,0.05028355194124937,False,False,True,True,True
1788618419.4770877,1.6133791661001038,7.432222015237849,0.005752116724359736,False,True,True,True,True
1788618419.5726264,0.9315233166934364,6.741376469021367,0.005159680998446642,False,False,True,True,True
1788618419.685775,1.1811101851465269,2.312598239539665,0.004109104775498214,False,False,True,True,True
1788618419.7744777,1.2796993562375587,1.004065182273798,0.004542970384415072,False,False,True,True,True
1788618419.8774512,2.4675966274439087,11.400893718129261,0.016043467067627187,False,False,True,True,True
1788618419.975172,2.6147779356784437,1.701621432313062,0.01236664164795573,False,False,True,True,True
1788618420.0839531,0.43633658843945794,20.261417739433394,0.013107590623601957,False,False,True,True,True
1788618420.169254,0.39467753767905644,0.5230029353184759,0.0005830361327641615,False,False,True,True,True
1788618420.2764137,2.487082744848246,19.61471512487952,0.012404445113770354,False,False,True,True,True
1788618420.3679407,1.6872762059558304,8.43305698047494,0.019916480855970843,False,False,True,True,True
1788618420.486272,0.3499812639620456,11.337145988772484,0.004557699373515043,False,False,True,True,True
1788618420.5753376,3.4487082459109755,34.76592594571936,0.019492423725499506,False,False,True,True,True
1788618420.6753857,2.2276621465309234,11.996376719375304,0.03596644468025637,False,False,True,True,True
1788618420.7680044,3.135908907854632,10.325886064444113,0.014232863304048755,False,False,True,True,True
1788618420.878449,0.17994982348348665,26.815171227256617,0.016119585777555994,False,False,True,True,True
1788618420.9786696,0.748900709287199,5.67350477738925,0.0011915144632169627,False,False,True,True,True
1788618421.0686162,0.5057681347661297,2.6499337705503496,0.0012415080806000961,False,False,True,True,True
1788618421.1669614,0.6235327020234147,1.2109848387055087,0.0008735759508475282,False,False,True,True,True
1788618421.2692804,1.1331481557451473,4.905847887209828,0.0021537206959434865,False,False,True,True,True
1788618421.37393,1.8400352230998644,6.574116037818084,0.006943037614189908,False,False,True,True,True
1788618421.4613898,2.9930623308783955,13.500155307405576,0.025239042719629283,False,False,True,True,True
1788618421.5663826,0.6100374062481104,22.540432723587358,0.012416443412244984,False,False,True,True,True
1788618421.676365,1.7039541942380598,9.927847199305127,0.006805920736929192,False,False,True,True,True
1788618421.768956,1.4975353749885916,2.947219949988755,0.014115279529050628,False,False,True,True,True
1788618421.8672216,0.4397011462300495,10.637817407492905,0.00332879413646257,False,False,True,True,True
1788618421.9764562,0.5289101890554847,0.922450198737387,0.0009588572807890351,False,False,True,True,True
1788618422.0726526,1.8249656036537611,13.579463887799669,0.007228958273916746,True,False,True,True,True
1788618422.1684923,1.977588720164817,1.6257438841963288,0.01858165601082334,False,False,True,True,True
1788618422.2608979,4.357752283150318,25.57266770755153,0.025920076150610583,False,False,True,True,True
1788618422.3817575,2.719980383282874,13.664274895297234,0.02811339113096702,False,False,True,True,True
1788618422.4753127,3.761359268789585,10.956261489209671,0.02389322196129051,False,False,True,True,True
1788618422.571704,6.102840019395939,24.845277128945654,0.052002473428374024,False,False,True,True,True
1788618422.6669796,1.7911263142867826,47.122773902024505,0.08222139726882294,False,False,True,False,False
1788618422.7792325,1.5051164653637068,2.75691978251505,0.013325902494859062,False,False,True,True,True
1788618422.9033988,1.6382207487582352,1.0344167246006175,0.00836294799349066,False,False,True,True,True
1788618422.971332,1.109480038782299,7.4145917217197095,0.010659916920126942,False,False,True,True,True
1788618423.0683224,5.2213680985599655,42.68394549193976,0.05671528291182624,False,False,True,True,True
1788618423.1799862,5.023882772530238,1.2445202126580703,0.1653570776179209,False,False,True,True,True
1788618423.2751837,1.1774893382802467,38.50179174174299,0.06353830445973843,False,False,True,True,True
1788618423.3677683,2.3901931359521558,13.034314472633419,0.013886799851726282,True,False,True,True,True
1788618423.4699583,1.4852211058403333,8.978413501702544,0.009778871603691026,True,False,True,True,True
1788618423.579699,4.018496490568317,23.115561977024573,0.05664254860806069,True,False,True,True,True
1788618423.674817,3.638080894500548,4.652440286602563,0.03759526952392779,True,False,True,True,True
1788618423.7740397,1.7653962704402446,19.79244133583032,0.037916035081081545,True,False,True,True,True
1788618423.869201,3.150995541915,14.32012611309144,0.020941612213679867,False,False,True,True,True
1788618423.9816055,2.8234956542289726,2.864143435517906,0.02126809422839263,True,False,True,True,True
1788618424.0789082,1.3059701226018037,15.610704229410004,0.027990698539446916,True,False,True,True,True
1788618424.1711824,3.182870958110912,20.14166652041083,0.022799432282304972,False,False,True,True,True
1788618424.2828574,1.9968948133423317,10.549071770511132,0.03486028750428856,False,False,True,True,True
1788618424.3797352,0.8404992195366942,12.052574544745143,0.012808158960483124,True,False,True,True,True
1788618424.4759922,1.9309587398090748,11.311746498928215,0.005286353713886224,False,False,True,True,True
1788618424.5710888,0.8260961964533625,11.47622826369645,0.007914263158964752,False,False,True,True,True
1788618424.6832995,1.3223921516229633,4.142737621953096,0.00461295104689627,True,False,True,True,True
1788618424.7766428,3.3646396279632036,21.41130689080397,0.027825470517236744,False,False,True,True,True
1788618424.8755677,1.4844880684820523,18.210457861174092,0.017254903569182568,True,False,True,True,True
1788618424.9719837,1.7727613348045939,2.9902967563978673,0.006140112591977703,False,False,True,True,True
1788618425.0840676,4.426373524443488,24.033732586127734,0.035979615519987754,False,False,True,True,True
1788618425.1818335,3.564714965446117,6.782930857013392,0.040589252604123764,False,False,True,True,True
1788618425.2761798,4.666707443530854,11.63769987268268,0.0338626080568204,False,False,True,True,True
1788618425.371971,2.241148456394307,24.388908253367376,0.029770930624230346,False,False,True,True,True
1788618425.4870229,4.829807354225271,23.34148186108578,0.05329174356150639,False,False,True,True,True
1788618425.5730724,2.7718446257282765,24.546346345737913,0.05172100145274022,False,False,True,True,True
1788618425.678552,2.856961542111408,1.3267698337748375,0.01757105220007847,False,False,True,True,True
1788618425.7765682,3.3385777523333764,4.802727216209573,0.022834617423412366,False,False,True,True,True
1788618425.8901398,5.346997502794496,17.875520421126875,0.058473665361339945,False,False,True,True,True
1788618425.9793746,5.641321486802413,4.031327391707706,0.0666904428821428,False,False,True,True,True
1788618426.0704913,1.6461314771776345,43.76445926192747,0.043374694398717994,False,False,True,True,True
1788618426.1674554,4.216304013048805,26.367648850676783,0.027589863119596943,False,False,True,True,True
1788618426.281142,3.1882044349654834,9.016848789478392,0.031891961308711136,False,False,True,True,True
1788618426.3732495,0.920774067890517,24.788730987053246,0.03405415527334981,False,False,True,True,True
1788618426.4773471,2.5393813039302198,15.483661388286004,0.01928155541088802,False,False,True,True,True
1788618426.5865602,3.265290163644508,6.979335337946567,0.06052292487634733,False,False,True,True,True
1788618426.6855507,2.2112318064405114,10.248209968063861,0.023114712165010216,False,False,True,True,True
1788618426.776353,4.453265755176108,24.71827984847063,0.06263584238678768,False,False,True,True,True
1788618426.8752775,2.586991212708769,18.630875107306572,0.028794035683620794,True,False,True,True,True
1788618426.9869003,2.096771528016752,4.349602649483169,0.013960582599177119,True,False,True,True,True
1788618427.0851479,1.3327587178077218,7.629531320609034,0.009783264265936521,False,False,True,True,True
1788618427.1765556,2.295364160778853,10.640091208406206,0.00813503330088543,False,False,True,True,True
1788618427.2752361,3.1947511485013376,9.16201715865944,0.017772569877933676,False,False,True,True,True
1788618427.3854923,2.3339573385821626,7.947666683739356,0.05287542685595454,False,False,True,True,True
1788618427.484812,6.0204493950430935,36.65342278069921,0.061968709252067225,False,False,True,True,True
1788618427.578368,2.4134436202028366,41.025808805716125,0.06640416333605267,False,False,True,True,True
1788618427.6749573,2.140733114005498,3.3463087565638894,0.013221906879274763,False,True,True,True,True
1788618427.78587,1.693262305970455,4.583484057074683,0.02290544906934608,False,False,True,True,True
1788618427.8817692,1.3295681903861334,3.7523441897936296,0.013669108334088461,False,False,True,True,True
1788618427.9779396,2.420386635632538,11.280622459253909,0.010770301717688585,False,False,True,True,True
1788618428.07493,0.7422558180625537,17.021768558547247,0.01220281808507168,False,False,True,True,True
1788618428.1883497,3.7246411760446008,26.33694667333029,0.03697254170810735,False,False,True,True,True
1788618428.2790532,1.2073892712110774,27.834224510693154,0.029490272614346964,False,False,True,True,True
1788618428.380425,4.05812500936877,28.19607972997173,0.028110925054402013,False,False,True,True,True
1788618428.4724388,10.113601943891744,65.48140849325308,0.28390510519448175,False,False,True,True,True
1788618428.5887187,2.321216973485338,67.66918843016505,0.23356094580052628,True,True,True,True,True
1788618428.680711,7.117801934371799,52.390121682895334,0.13015201402118654,False,False,True,False,False
1788618428.7773829,2.189553656116133,51.69261817841272,0.11387615553236624,False,False,True,False,False
1788618428.8886826,1.344834187830234,7.728450990770211,0.016552840628709105,False,False,True,False,False
1788618428.988104,0.9451869019892248,3.8409350558679263,0.008232141477078642,False,False,True,False,False
1788618429.0827427,1.3103541092541233,3.8628892294831108,0.005804065564877013,False,False,True,False,False
1788618429.183333,1.4857247479808524,1.6767202386622422,0.009756802384307345,False,False,True,False,False
1788618429.2926724,1.3411933585160771,1.4698457664186246,0.006898813168773758,False,False,True,False,False
1788618429.3856614,1.6722576063794212,3.387987537581359,0.008114953673707119,False,False,True,False,False
1788618429.4843073,1.7374394433395055,0.19933033743094622,0.012966119657501045,False,False,True,False,False
1788618429.582098,0.7637049928646705,10.165425988586584,0.006213616951951641,False,False,True,False,False
1788618429.6924732,0.9351638725929894,1.5597851168095704,0.0033060079914814878,False,False,True,False,False
1788618429.793372,2.736174221303901,17.83201927056042,0.016134653344961544,False,False,True,False,False
1788618429.8811815,3.2718859201328114,7.007164394784458,0.028516566449070874,False,False,True,False,False
1788618429.9786565,1.019884284556301,22.659939501604896,0.02047636051661358,False,False,True,False,False
1788618430.089029,3.217564478231484,19.94172013479905,0.028975192613116915,False,False,True,False,False
1788618430.1869173,4.682703729792984,14.985396234286654,0.04627082233126162,False,False,True,False,False
1788618430.2833943,4.443294048891879,2.012844273188584,0.04192998467559352,False,False,True,False,False
1788618430.3785458,1.5581211428870494,31.552927116563062,0.03648141112426906,False,False,True,False,False
1788618430.4929895,2.4073445541830796,7.538632880564774,0.019937420826152207,False,False,True,False,False
1788618430.5859778,2.0314584026492586,3.9403607903784668,0.015534107597551782,False,False,True,False,False
1788618430.6816614,3.307192453336256,13.526503100469622,0.0276333513773963,False,False,True,False,False
1788618430.779857,3.3178565960817163,0.4394036681561521,0.021436849183367728,False,False,True,False,False
1788618430.8878324,2.0966988472706043,11.29849564892618,0.01899759678841287,False,False,True,False,False
1788618430.9863458,1.9108918256748084,1.4202053949955566,0.013969284028209043,False,False,True,False,False
1788618431.0831444,4.496622935162516,26.382993506642055,0.05517207209719476,False,False,True,False,False
1788618431.1937404,2.317103543694621,18.88943885897916,0.03163131679591212,False,False,True,False,False
1788618431.2895436,5.10649387814648,28.96091084059702,0.05080522067605908,False,False,True,False,False
1788618431.3857687,8.58190270469942,34.24442318167007,0.14648159008657188,False,False,True,False,False
1788618431.485624,4.589773020331824,46.51575680272511,0.11113489016764373,False,False,True,False,False
1788618431.5990355,1.8775320739742811,24.29712015621979,0.038061782973262244,False,False,True,False,False
1788618431.695754,2.4868682885238265,5.488387106329119,0.019565582865727963,False,False,True,False,False
1788618431.7850666,8.897685098675355,71.93353337849837,0.13373246002022324,False,False,True,False,False
1788618431.8808417,2.7463451920815314,74.4657742387831,0.12985277036246615,False,False,True,False,False
1788618431.9942234,5.899031302321166,26.63446126770992,0.07690747839400627,False,False,True,False,False
1788618432.0917122,6.336491884858952,1.0215980480769826,0.1308957797725617,False,False,True,False,False
1788618432.1896996,6.876549190498287,2.7245773591338,0.161001894793069,False,False,True,False,False
1788618432.2826903,3.1936636850814057,39.23754391286157,0.056501164345100316,False,False,True,False,False
1788618432.3888354,10.359640243980797,65.37420954734783,0.16904572195180032,False,False,True,False,False
1788618432.4915423,10.156868761459949,9.76145141527676,0.14926110710789495,False,False,True,False,False
1788618432.5907588,4.680762445469671,59.495418442715184,0.17294603610523127,False,False,True,False,False
1788618432.68195,5.665322142236501,11.955032884941502,0.058604670496131765,False,False,True,False,False
1788618432.7977426,1.3900391993186982,37.34480694453381,0.02699552062419747,False,False,True,False,False
1788618432.894703,7.974432442648081,66.75350861498059,0.07239347537328533,False,False,True,False,False
1788618432.9904456,2.4306605482032704,59.97009599088539,0.05768653452091848,False,False,True,False,False
1788618433.0873716,2.828771861014872,3.571958221985773,0.01274551274081322,False,False,True,False,False
1788618433.1941319,3.2067176799366766,4.2718309138247745,0.025452519454444173,False,False,True,False,False
1788618433.2862365,1.308300949628434,20.689006467887445,0.014653067105510688,False,False,True,False,False
1788618433.390434,0.903592402579643,3.537293041440141,0.0023850542429251216,False,False,True,False,False
1788618433.4975722,1.6605102726072505,6.884718388011656,0.004962101233322602,False,False,True,False,False
1788618433.593063,2.1534916394545744,5.029418846346302,0.008583699719186634,False,False,True,False,False
1788618433.6939,1.6166114767502155,5.578187007398383,0.00913394629226534,False,False,True,False,False
1788618433.7806816,1.8720945362216552,2.6629772747066935,0.007321073179315202,False,False,True,True,True
1788618433.8987877,1.0315285734208548,7.040007412701094,0.003989757820119621,False,False,True,True,True
1788618433.999062,4.7003855448806515,36.36292547471197,0.027228398259490916,False,False,True,False,False
1788618434.0932822,3.8762606880884656,7.705887209025235,0.025095153596384794,False,False,True,False,False
1788618434.1914937,2.662743460307899,12.276221991872921,0.02337486928964018,False,False,True,True,True
1788618434.298518,2.60555192575531,0.43292095677224274,0.020261459855081487,False,True,True,True,True
1788618434.3974748,1.5291275138273053,10.998508024393821,0.010254716803945503,False,False,True,True,True
1788618434.4941528,2.9766070674907352,15.082018614746165,0.009840753270142619,False,False,True,True,True
1788618434.5887086,2.5912535898051074,3.77295500119373,0.02003597488860233,False,False,True,True,True
1788618434.7032044,1.0646980540813393,13.074849045603845,0.007396853950601251,False,False,True,True,True
1788618434.798962,0.6593339116057468,4.108495886222203,0.002585118106139976,False,False,True,True,True
1788618434.893592,1.2620954055587312,6.673621632507759,0.002102573124272199,False,False,True,True,True
1788618434.98956,1.427873596689944,1.6849907270889155,0.003566943170986964,False,False,True,True,True
1788618435.0925946,1.5334310706935557,1.1834583221703057,0.00507544358974002,False,False,True,True,True
1788618435.195385,2.598041224756415,10.313259197151556,0.009625110399137264,False,False,True,True,True
1788618435.2905476,1.1642467672963683,15.07989157385376,0.011147068869786406,False,False,True,True,True
1788618435.3849635,1.3819386505878657,2.416347605394947,0.004259638235878507,False,False,True,True,True
1788618435.5049267,0.8698725834167795,4.3383824611623885,0.0033070479684120624,False,False,True,True,True
1788618435.5986469,1.5905835265750325,7.957189403286007,0.004766815546655762,False,True,True,True,True
1788618435.6944013,1.1372975037659065,4.6453572003899275,0.0046470839678093975,False,False,True,True,True
1788618435.8034117,0.948373405470139,1.624751499378818,0.0032759082406441896,False,False,True,True,True
1788618435.900106,1.1104251732026538,1.5826250877446424,0.0035758030597383915,False,False,True,True,True
1788618435.9978683,2.9095094465371054,18.311033691783553,0.011465398088970888,False,False,True,True,True
1788618436.0904038,2.760524338520816,0.8416334963026839,0.009944564905207204,False,False,True,True,True
1788618436.2002583,2.307290255972016,3.8764673709095914,0.010172836226111983,False,False,True,True,True
1788618436.3017094,0.505173050524292,17.714499206851386,0.007831039432973617,False,False,True,True,True
1788618436.3980422,1.4314574280552423,9.646100028600966,0.002699778718231506,False,False,True,True,True
1788618436.4885242,0.5197033610289168,10.149017858043244,0.002815653871696296,False,False,True,True,True
1788618436.5993018,1.3597900739458468,7.46445159316054,0.0030481020695712394,False,False,True,True,True
1788618436.6938412,2.7379439518588895,14.38791568494622,0.012643620256808472,False,False,True,True,True
1788618436.8111155,1.7820146778814057,10.09769033914491,0.016973431578709217,False,False,True,True,True
1788618436.89943,1.245098985129665,5.958040203624318,0.007515342644022273,False,False,True,True,True
1788618437.0022972,2.3434123582322193,9.63603430910946,0.005750684082752429,False,True,True,True,True
1788618437.1030965,2.952238731724731,6.7213578666272165,0.018894016031556823,False,False,True,True,True
1788618437.201287,0.8731032058634184,21.047110895676894,0.010817398954652767,False,False,True,True,True
1788618437.2955518,0.6667726299711801,2.2111327186637544,0.0012148449630908918,False,False,True,True,True
1788618437.405851,1.9630985548398503,11.661637801769379,0.0053054356195389625,False,False,True,True,True
1788618437.5043457,1.275054253737136,6.137246653895702,0.005475474404327591,False,True,True,True,True
1788618437.5925632,3.049448177970832,20.99932061204799,0.011293485987529408,True,False,True,True,True
1788618437.7085562,2.221215129053801,5.503573099948909,0.021174715591617113,False,False,True,False,False
1788618437.8062003,0.9206241307713839,13.116326307670676,0.010442001763765672,False,False,True,False,False
1788618437.8965144,1.5910741122295307,7.749207051645153,0.004453428481092804,False,False,True,True,True
1788618437.9938872,0.5699622823908735,10.573786368579531,0.0027325218302801887,False,False,True,False,False
1788618438.1094663,0.49914031972982087,0.47102095442981984,0.0006854922808632362,False,False,True,False,False
1788618438.2022784,0.2893210645828537,2.232077880939732,0.0005359206126560358,False,False,True,False,False
1788618438.3029902,0.6942862765087319,4.050671449815903,0.0005159708765652523,False,False,True,False,False
1788618438.3959956,0.9955566581873,3.5705581910532382,0.0012449168459414367,False,False,True,False,False
1788618438.5095017,0.910342934308234,0.8311966984878179,0.0016356057720304067,False,False,True,False,False
1788618438.6016634,1.0105699270416881,1.0297500793365875,0.0031019923240344183,False,False,True,False,False
1788618438.7002094,0.9536621164130201,0.5720368946412485,0.0019187770453316304,False,False,True,True,True
1788618438.794043,0.4388795195334496,5.483557407327619,0.0015777083219946572,False,False,True,True,True
1788618438.908654,0.6537386079289899,1.8856569216795214,0.000743943743310861,False,False,True,True,True
1788618439.0020788,1.0050234800770055,3.746677927506842,0.0020353623449188545,False,False,True,True,True
1788618439.0986857,0.4186796741990645,6.03053148575635,0.0011009428360150776,False,False,True,False,False
1788618439.1962757,0.5664596637713872,1.5026013373069227,0.00039874438103848237,False,True,True,True,True
1788618439.300722,0.4044926481704776,1.5465139622492434,0.00040922515439656876,False,False,True,False,False
1788618439.4016168,0.693451339850948,2.855048735590246,0.0006830490033645396,False,False,True,True,True
1788618439.5015652,0.7598846416993235,0.7260239964706307,0.001396442022124995,False,False,True,False,False
1788618439.5956461,0.2581249507297124,5.295537326940875,0.0007979149744844409,False,False,True,False,False
1788618439.7102616,0.9740940786785797,6.294347830966758,0.001687435073561746,False,False,True,True,True
1788618439.8016505,1.565492311413229,6.356535503845517,0.003519577923530958,False,False,True,True,True
1788618439.8978198,0.5657495549015285,10.491853232158922,0.003615724024164354,False,False,True,True,True
1788618440.012845,0.6885801670569492,1.033142919059744,0.0012863064548295983,False,False,True,False,False
1788618440.1103296,1.032657430855229,3.496878694847749,0.0030396107968268834,False,False,True,False,False
1788618440.204529,1.959216533364889,9.931180025506599,0.003888269000593501,False,False,True,True,True
1788618440.3021276,0.7738536676743136,12.332954036343724,0.00422308616747011,False,False,True,True,True
1788618440.413762,0.3708251986534627,3.7405513438237152,0.0010787732092340221,False,False,True,True,True
1788618440.5056746,0.45687111006571873,0.8670610948987927,0.000534759196072046,False,False,True,False,False
1788618440.6065388,0.7686955899727991,3.1280724493438443,0.0008587382085889982,False,False,True,False,False
1788618440.6981418,0.5207919964046311,2.6710736246556306,0.0014015681666632081,False,False,True,False,False
1788618440.8136673,0.7447726302106726,1.978797334291341,0.0014127449822037455,False,False,True,False,False
1788618440.9089036,1.050280843347486,3.145805421828712,0.0024133452011671675,False,False,True,True,True
1788618441.0039814,0.21814417661584443,8.818706710715974,0.0012962285198601072,False,False,True,False,False
1788618441.0956235,0.7397984607666146,5.684816267089662,0.0006918563881922309,False,False,True,False,False
1788618441.2089229,0.9246952737175143,1.8733607153049292,0.001396674565224782,False,False,True,False,False
1788618441.3079147,1.181489305794029,2.1661105161204404,0.0029283691454934477,False,False,True,False,False
1788618441.4048193,3.593940614178648,24.467445628209667,0.015138265090500142,False,False,True,False,False
1788618441.5033872,1.5230083926148077,21.19082764001971,0.017689246579793462,False,True,True,True,True
1788618441.6113434,4.9732598173503835,31.264831144495542,0.04119114977508165,False,False,True,True,True
1788618441.710697,3.849680360084274,10.932327002063051,0.06024406002183093,False,False,True,True,True
1788618441.8055794,4.083730420531408,1.381778101689157,0.03297518564208969,False,False,True,True,True
1788618441.8990502,3.7073018125799626,3.207264769808828,0.030166947819353526,False,False,True,True,True
1788618442.011798,3.177441947060325,4.328915791716152,0.036490164503110656,False,False,True,True,True
1788618442.1030302,1.761957980781445,15.222212508950498,0.02224908623066047,False,False,True,True,True
1788618442.2040966,0.9314991120538144,7.6059665660822935,0.0036615191877145963,False,False,True,True,True
1788618442.3139334,0.8010492119650484,1.2278214987974243,0.0017561051680454172,False,False,True,True,True
1788618442.4106944,3.1368716683795483,24.11398306964807,0.010382630459441893,False,False,True,True,True
1788618442.5071423,2.3204886854807354,8.546535432127273,0.016404090456601263,False,False,True,True,True
1788618442.6005445,1.3768143447718315,9.665643532237029,0.006196960460668323,False,False,True,True,True
1788618442.7160373,1.1860745729405524,1.3345520928035763,0.005756671892598941,False,False,True,True,True
1788618442.8138552,2.9976738753282723,18.277942486363727,0.014646416985764266,False,False,True,True,True
1788618442.9075792,6.642243887830965,39.57562328689015,0.035709887331169456,False,False,True,True,True
1788618443.0058558,2.268686420049674,44.92874816661421,0.03590694407214329,False,False,True,True,True
1788618443.1156168,3.610121687377263,12.135689142905042,0.027025010498815744,False,False,True,True,True
1788618443.211261,3.774295589982514,1.7826157355373422,0.020583050046653978,False,False,True,True,True
1788618443.3030827,3.6615889768339676,1.3140099655283446,0.0172480657102022,False,False,True,True,True
1788618443.4043853,2.4992377313780874,10.37615892778079,0.013313167743581378,False,False,True,True,True
1788618443.5162394,2.8040965609502617,2.6490936977939437,0.01070521352614428,False,False,True,True,True
1788618443.6132932,2.992549152678407,2.337687663356885,0.01158848514065293,False,False,True,True,True
1788618443.7078657,2.3904468662143357,6.599820272079998,0.020805369013398,False,False,True,True,True
1788618443.8015513,2.478315462512916,0.9073633956374202,0.018010201929899827,False,False,True,True,True
1788618443.9175384,1.990137972983886,4.484861575608676,0.007385623527751844,False,False,True,True,True
1788618444.0126493,3.0615410729042734,11.445655044462091,0.02024059396303747,False,True,True,True,True
1788618444.106181,1.8961110768869724,12.879194202255546,0.008423692781455553,False,False,True,True,True
1788618444.2053576,1.9601436407762376,0.8313005774149554,0.008833500032714466,False,False,True,True,True
1788618444.3189604,1.3380264089524725,5.334286910933733,0.01016737439531528,False,False,True,True,True
1788618444.4112628,1.0403710952879104,3.24606018731156,0.005383587163747744,False,True,True,True,True
1788618444.5093071,3.4789833912824095,25.066863423686673,0.012164986519615006,True,False,True,True,True
1788618444.621924,2.8942856750236343,4.882799797354115,0.03946630949113753,False,False,True,False,False
1788618444.7120156,3.43792654750441,6.499424848347525,0.036070398631190805,True,False,True,True,True
1788618444.8147914,2.07304262718831,13.629867685940633,0.018649722564822772,True,False,True,True,True
1788618444.9075384,1.1048928845356925,9.735018053056875,0.006484435768081745,False,False,True,False,False
1788618445.0211382,1.3418372143606458,2.119086332265996,0.0058284543711084455,False,False,True,False,False
1788618445.1158252,1.492595732146843,1.7119523375155972,0.004580088395009825,False,False,True,False,False
1788618445.2146409,0.9041710305929368,6.039301874061416,0.002285412904533553,False,False,True,False,False
1788618445.3044448,2.9352047443834173,22.265597845172007,0.011268582090348157,False,False,True,False,False
1788618445.418889,1.7247634817963338,10.120688954230321,0.007536513677785336,False,False,True,False,False
1788618445.5167155,0.9126305351728788,8.027338644096707,0.006706776204473903,False,False,True,False,False
1788618445.6116421,0.5574478358911754,3.7360792072848046,0.0008161699589692757,False,False,True,False,False
1788618445.7061515,0.7611394412104374,2.149894708599663,0.0009626872797935344,False,False,True,False,False
1788618445.8211632,1.8113769979367644,9.072083691559643,0.00523269394266126,False,False,True,False,False
1788618445.9141037,1.1462631917623614,7.282210989006974,0.005999359667778856,False,False,True,False,False
1788618446.00983,1.3827707255308896,2.554605508522455,0.00251209446258361,False,False,True,False,False
1788618446.10918,1.7256303752080124,3.058894418796797,0.0046511373375530025,False,False,True,False,False
1788618446.2205987,1.452089907738563,2.366290186965338,0.0037815911452734187,False,False,True,False,False
1788618446.318337,2.0031110048797163,5.78880192686822,0.007695024173352606,False,False,True,False,False
1788618446.4123852,2.3347695005783193,3.2654217519988604,0.006307870633151903,False,False,True,False,False
1788618446.5089111,1.3479984031262384,10.109341274605013,0.004618707879569305,False,False,True,False,False
1788618446.616684,0.49993787106661924,8.13088247036151,0.002393487386079111,False,False,True,False,False
1788618446.7165227,2.64837529292744,21.394561542304295,0.009040894834818273,False,False,True,False,False
1788618446.8137803,1.0529414528514924,16.188047318721186,0.009081274066169525,False,False,True,False,False
1788618446.9241452,1.0608256807721972,0.0001904347917186898,0.002235505203142799,False,False,True,False,False
1788618447.0182104,0.4625627171762627,6.505929748758283,0.0020389525802857935,False,False,True,False,False
1788618447.1187985,1.4681579798837616,9.959768227525085,0.0030007040993006947,False,False,True,False,False
1788618447.2119193,2.881675086793456,14.705042935402535,0.008991402423377093,False,False,True,False,False
1788618447.3238711,1.074686948212557,16.318636497838515,0.006925176775310448,False,False,True,False,False
1788618447.4141877,0.8367531419717317,2.5618496953095686,0.002219516499233524,False,False,True,False,False
1788618447.514068,0.6948365297705538,1.4720596894284814,0.0009940054906402804,False,False,True,False,False
1788618447.6127217,2.0550193189167842,13.657260138649875,0.005121677532579128,False,False,True,False,False
1788618447.7244554,1.8388966608204786,2.415248785578607,0.006956260722251534,False,False,True,False,False
1788618447.821298,2.2362236069867936,4.152476818126766,0.005535580217692301,False,False,True,False,False
1788618447.918019,0.7134027668071552,15.701276496501507,0.004705378840254952,False,False,True,False,False
1788618448.0126424,1.2671320641547548,5.851435921618453,0.0028219427714676073,False,False,True,False,False
1788618448.1201837,1.8615303893542243,5.4486470198969865,0.006556212973417605,False,False,True,False,False
1788618448.2172132,1.5787346289313047,2.853534902551052,0.005092154571185102,False,False,True,False,False
1788618448.3167555,1.5014758779497501,0.8311026892476245,0.0027193463996664476,False,False,True,False,False
1788618448.4080558,0.7343091628856149,8.252561339528105,0.002956356039527818,False,False,True,False,False
1788618448.5217655,0.8340344440969947,0.9022790857894426,0.001408952571010986,False,False,True,False,False
1788618448.6223655,2.0141383361734686,11.732173259483629,0.0052642951646931875,False,False,True,False,False
1788618448.7161343,3.499541729126657,15.835015276199924,0.013587405283228243,False,False,True,False,False
1788618448.8111758,1.066053190947261,25.723610387293444,0.015233479693477112,False,False,True,False,False
1788618448.9259002,1.9035144876934411,7.445795988098296,0.004554796147507279,False,False,True,False,False
1788618449.0162437,1.0684544564973426,9.21481196797159,0.00816262045746007,False,False,True,False,False
1788618449.109161,2.121022732255269,11.343765156947715,0.006658249125314312,False,False,True,False,False
1788618449.2221713,3.214048281480742,10.022196820745842,0.013135126285694496,False,False,True,False,False
1788618449.3240817,1.25385372181648,18.515991296668812,0.019732131629968883,False,False,True,False,False
1788618449.4200754,2.466523068557711,12.607856756737654,0.009586707739699279,False,False,True,False,False
1788618449.507924,0.48974004187273484,22.331842632822113,0.005685628947264444,False,False,True,False,False
1788618449.6209779,1.2030489699756362,6.188777936211178,0.002778378619774884,False,False,True,False,False
1788618449.7185616,3.4028323313922666,22.495484093485555,0.016039237386966658,False,False,True,False,False
1788618449.8135355,4.382133785914266,10.96505269553838,0.016588278747514784,False,False,True,False,False
1788618449.91446,1.0272984591931749,35.762420341752026,0.01947132896772643,False,False,True,False,False
1788618450.0269048,0.5085893659288324,4.553151522875463,0.0014645543241347339,False,False,True,False,False
1788618450.1170015,0.9488877001628092,4.9081229330719625,0.0009423153313142516,False,False,True,False,False
1788618450.2212234,0.8984381918407515,0.344395530745669,0.002136517176906184,False,False,True,False,False
1788618450.3118985,0.39272938032975113,5.741172989193303,0.0010146761374402766,False,False,True,False,False
1788618450.4264278,2.047972270705792,14.435913563778605,0.00587913463164842,False,False,True,False,False
1788618450.5256977,0.4820570993817647,15.80762979664105,0.0061391925222432945,False,False,True,False,False
1788618450.6174774,1.1473107715310158,7.256594277367411,0.0013621639466232913,False,False,True,False,False
1788618450.7138336,3.5067443675116965,24.294101890160764,0.010618890983053266,False,False,True,False,False
1788618450.8253348,1.555748870921677,17.89434598500769,0.012784768146097806,False,False,True,False,False
1788618450.9240189,2.4518337596701683,8.994435848950468,0.010708099870917497,False,False,True,False,False
1788618451.0182383,8.950259624870215,68.19923717034642,0.06171716339469431,False,False,True,False,False
1788618451.1179967,4.708513906802013,41.97876021746058,0.056487440971900796,False,False,True,False,False
1788618451.226909,2.6810139156808694,18.86495089987845,0.03218484291495293,False,False,True,False,False
1788618451.3386567,2.32655432979902,2.988683955347849,0.02127285770064744,False,False,True,False,False
1788618451.4246051,3.8032885545391064,17.80174674314796,0.014997998920119002,False,False,True,False,False
1788618451.5344403,2.893427553967663,7.964298017391797,0.026017808140121675,False,False,True,True,True
1788618451.6295862,3.9000966925424683,7.851423174471641,0.020732291054264076,False,True,True,True,True
1788618451.7259088,2.3006991017470444,16.0413941263035,0.012276248533136365,False,False,True,False,False
1788618451.8195364,2.2154674819971563,1.7625298334342947,0.0061926874833527325,False,False,True,False,False
1788618451.9360778,0.7056754112339595,12.913078060374453,0.003843653721482746,False,False,True,False,False
1788618452.0247934,1.4149805122002657,8.033901364295076,0.0018162468168596408,False,False,True,True,True
1788618452.1187637,1.5622072659502597,1.371336855728351,0.003452923034602137,False,True,True,True,True
1788618452.2188292,2.1575524725349298,5.979728932820486,0.007350967087426093,False,False,True,True,True
1788618452.3272095,2.108016058415693,0.996477940214943,0.012972812531424575,False,False,True,True,True
1788618452.4270306,1.565561271534882,5.421874466162448,0.009697110353253121,False,False,True,False,False
1788618452.5204513,3.775657901696242,24.373749692083813,0.01060125271337263,False,False,True,True,True
1788618452.617441,5.431734237854417,14.660523954865484,0.04314804053091221,False,False,True,False,False
1788618452.7314808,4.813725151662454,3.7848219720542056,0.02977396045369413,False,False,True,False,False
1788618452.8202355,3.2738684218562635,14.932246284981755,0.026306174149279705,False,False,True,False,False
1788618452.9217799,6.875445060467712,35.60263330057066,0.06792351399557647,False,False,True,False,False
1788618453.020847,7.510252939707943,12.270796206975353,0.05906593761773299,False,False,True,False,False
1788618453.1335762,2.7716206071278866,41.23289465761929,0.08952455601405643,False,False,True,False,False
1788618453.2266402,2.216680531845495,5.6938946363349485,0.021046506439373794,False,False,True,False,False
1788618453.3230774,0.7371312900780478,14.801091453892225,0.005530681859448946,False,False,True,True,True
1788618453.417734,0.7078002362629283,0.15582419023485825,0.0013754526685420601,False,False,True,True,True
1788618453.535871,0.9371276362977146,1.9934528098724462,0.0017466144227974783,False,False,True,True,True
1788618453.6340568,0.3911280673027694,5.554830827041412,0.0017411599507374399,False,False,True,True,True
1788618453.729751,0.5315871353628474,1.4914749908552238,0.000643826189978452,False,False,True,True,True
1788618453.8325107,1.5641014971055804,10.020151099054162,0.0038087171595056523,False,False,True,True,True
1788618453.9314904,1.7480020313048847,2.055492677626461,0.007029034945170264,False,True,True,True,True
1788618454.023875,1.1654482096809868,6.373633570786685,0.006799161801684727,False,False,True,True,True
1788618454.1207247,2.1759034185120467,10.051835673892455,0.008886486279214883,False,False,True,True,True
1788618454.230019,2.0439684771801883,2.437367737487454,0.01180738738038057,False,False,True,True,True
1788618454.328684,3.1674722802974937,10.559951463454288,0.01426862280881553,False,False,True,False,False
1788618454.4296823,1.323915351897288,18.14041397452722,0.015501423874973462,False,False,True,False,False
1788618454.5211456,3.456371492110279,22.987569730670874,0.009239353912689256,False,False,True,False,False
1788618454.6365452,0.9752273211198861,21.41878514729456,0.013476080409350388,False,False,True,True,True
1788618454.7343,1.1916859840461815,1.919653226911515,0.002131827694696925,False,False,True,False,False
1788618454.8274117,4.107024683258527,32.18065750282646,0.01921430376846061,False,False,True,True,True
1788618454.9267251,2.7711331048067125,13.461151931215735,0.01759239120829086,False,False,True,True,True
1788618455.0355814,0.8045472086849603,18.22232521915931,0.009990949036933715,False,False,True,True,True
1788618455.1285732,2.0210582961815633,12.869223234115706,0.0031416842870575544,False,False,True,True,True
1788618455.2273057,1.8972422193179017,0.6937953955197815,0.006101166194508929,False,False,True,True,True
1788618455.3216906,5.196974554695687,33.42647427675671,0.01832103257307692,False,False,True,True,True
1788618455.438543,3.2774960995908162,16.55940181610693,0.02111669660825412,False,False,True,True,True
1788618455.5295348,1.981186338679541,14.82657017565681,0.011479979497977038,False,False,True,False,False
1788618455.6309776,2.297276134210963,3.154033787250828,0.004884652146503696,False,False,True,False,False
1788618455.723973,2.9403822941316466,4.9980665284611385,0.0074327217156562285,False,False,True,True,True
1788618455.8317258,1.3154390547961996,14.355813022567306,0.006104532840213684,False,False,True,True,True
1788618455.9325612,1.6360585200168254,2.323661288623515,0.00342291458873577,False,False,True,True,True
1788618456.0273144,0.5173970298506441,11.476001858728274,0.0023175466324064356,False,False,True,True,True
1788618456.1398294,1.9456202877880546,12.391493458943556,0.0036118874832104866,False,False,True,True,True
1788618456.2372236,1.228293786501601,7.452953765381328,0.006793921193757406,False,False,True,True,True
1788618456.3307788,0.7477666384130099,5.046326655331021,0.0020683546388427644,False,False,True,True,True
1788618456.4292288,1.2777078194626241,5.271170528882002,0.0010739923705132886,False,False,True,True,True
1788618456.5389733,0.5006323108052679,7.060089752484025,0.001301846944293092,False,False,True,True,True
1788618456.636518,2.2414397783371065,17.674643573096244,0.0034362555475709465,False,False,True,True,True
1788618456.732384,2.3906485524177827,1.8470384798588821,0.010946096698783018,False,True,True,True,True
1788618456.8294137,6.057494666569454,35.39174128319103,0.02038834794508911,False,False,True,True,True
1788618456.9362926,3.678204399814963,20.839469342650098,0.05051674776834601,False,False,True,True,True
1788618457.0386293,1.4100266386223899,21.012028681065825,0.010004037547954791,False,False,True,True,True
1788618457.1326141,1.1504475120169932,2.4475280841937934,0.0028312600403343838,False,False,True,True,True
1788618457.225419,1.9103813239310745,7.998922303026626,0.002586259614485678,False,False,True,True,True
1788618457.3374674,1.4292429816793792,4.5402028672496595,0.002908204517401709,False,False,True,True,True
1788618457.437559,0.871801188055681,4.922230312330559,0.0018767984126719197,False,False,True,True,True
1788618457.5296192,3.176714323909707,25.025886269500486,0.008619122850193122,False,False,True,True,True
1788618457.63114,2.505201255185164,6.476820518908006,0.00663788443594143,False,False,True,True,True
1788618457.7425368,2.0480273635930777,5.083526287744654,0.0050353357365432155,False,False,True,True,True
1788618457.8306808,1.4662260485848098,6.888368835697025,0.006115003901500611,False,False,True,True,True
1788618457.928334,2.1308712176445765,6.875438423304913,0.003592393106221262,False,False,True,True,True
1788618458.0252438,2.9831917384971596,8.456104286148292,0.005443354847519822,False,False,True,True,True
1788618458.1378064,1.0366278527678539,17.31464654038065,0.005060774635811806,False,False,True,True,True
1788618458.2315457,0.49979346548716014,5.766273054577455,0.0010465726832217545,False,False,True,True,True
1788618458.330529,0.8923150349174265,3.8839688290117467,0.0006906211811611453,False,False,True,True,True
1788618458.4439387,0.9687285677613622,0.8185270574314228,0.0013048673248451635,False,False,True,True,True
1788618458.539012,2.0620938672054754,11.489906079258226,0.00386452694364549,False,False,True,True,True
1788618458.6301234,4.986105569576253,31.831582872319785,0.015879435085335302,False,False,True,True,True
1788618458.7282846,7.351015768936148,25.209642413042886,0.05349827146204217,False,False,True,False,False
1788618458.8457031,4.120842240747105,26.49302823599378,0.03326865219515393,False,False,True,True,True
1788618458.9370394,1.805821739735752,24.98284396750836,0.023997978275432943,False,False,True,True,True
1788618459.0335145,1.6448759022823831,1.8084780518715362,0.005045137835994155,False,False,True,True,True
1788618459.1303785,2.8137368016656783,11.651590853933175,0.010771361985850318,False,False,True,True,True
1788618459.241116,2.9865021264620784,1.062276256543717,0.011736985346587464,False,False,True,True,True
1788618459.3423285,2.772691640142467,2.270790225284741,0.007440307256279858,False,False,True,True,True
1788618459.4303257,0.8032991552604755,23.20328168948387,0.005426049942047035,False,False,True,True,True
1788618459.5332453,1.7937441817665962,9.635811792344514,0.002406825112220429,False,False,True,True,True
1788618459.636834,1.9176481747555991,1.2837220825725382,0.0038673341894572477,False,False,True,True,True
1788618459.7387836,1.4103272892953476,4.484053245486437,0.0028392250007426138,False,False,True,True,True
1788618459.8356614,0.2736331715065144,11.718912875427524,0.0014484100912301608,False,False,True,True,True
1788618459.9295933,0.7276082388323193,4.848472763716542,0.0003416501353575124,False,False,True,True,True
1788618460.0418153,1.1716046031389344,3.7488718351994184,0.0015846135488864828,False,False,True,True,True
1788618460.1422064,0.9199069828293821,2.4600522842278822,0.0017669835005059739,False,False,True,True,True
1788618460.2392757,1.871111316393219,9.542549320237198,0.0038396893779473347,False,False,True,True,True
1788618460.3341494,1.017291026610285,8.524837084650459,0.002584966586996111,False,False,True,True,True
1788618460.444489,2.1155286733276415,9.7037459674968,0.0047538963557529545,False,False,True,True,True
1788618460.542085,0.720946487937202,13.97103579329709,0.00392193616543907,False,False,True,True,True
1788618460.6389842,1.5699059718587478,8.756883285421196,0.0016962227370224611,False,False,True,True,True
1788618460.7482793,1.1813601278868358,3.317520468312568,0.00350558944129761,False,False,True,True,True
1788618460.8476956,0.8446828429007518,3.1862376367816543,0.0010637280279739386,False,False,True,True,True
1788618460.9461572,0.5212212352000869,3.2055667612372107,0.0009313441711635682,False,False,True,True,True
1788618461.0315669,2.184103860724588,19.42871214853226,0.003351683813071129,False,False,True,True,True
1788618461.148097,0.8511693000303187,11.413998665092267,0.002578098610529052,False,False,True,True,True
1788618461.2420807,0.6753275755748451,1.7558928080305145,0.0009459463981566783,False,False,True,True,True
1788618461.341892,0.42368031749631757,2.5532757748664054,0.0005214650283104811,False,False,True,True,True
1788618461.4365733,3.124916405211678,28.42008687516406,0.006052215764891064,False,False,True,True,True
1788618461.5519543,2.209328616432208,7.9038911295611545,0.006461786050232489,False,False,True,True,True
1788618461.642147,0.8434547848101921,14.811844765852847,0.004769708817989958,False,False,True,True,True
1788618461.7430482,1.3984158033121947,5.490982718837903,0.0020397505895033818,False,False,True,True,True
1788618461.838187,3.74034188248316,24.626433287340035,0.008844669685941086,False,False,True,True,True
1788618461.9500659,0.8684353594822896,27.041147912712372,0.00974455038176231,False,True,True,True,True
1788618462.0430863,1.9935348149028023,12.34004826204756,0.003150374548058935,False,False,True,True,True
1788618462.140523,1.4565479452465102,5.300183902930965,0.0027071283619367376,False,False,True,True,True
1788618462.2322528,0.7919242647184289,7.4146129124318225,0.0014369292590395188,False,False,True,True,True
1788618462.3436444,1.552388020802935,6.797946765258083,0.0018240792925804808,False,False,True,True,True
1788618462.4408555,1.055585936368711,5.46731250504588,0.002118752099432249,False,False,True,True,True
1788618462.5411756,1.4818152095558752,4.336022858036795,0.0013975326851247683,False,False,True,True,True
1788618462.6395743,0.9914984489773802,5.213711367616127,0.0018596601764931308,False,False,True,True,True
1788618462.7465663,1.187885295436392,1.846518587909063,0.0017246283498988095,False,False,True,True,True
1788618462.8415942,0.9491494421299543,2.177394758022541,0.0017093386238771703,False,False,True,True,True
1788618462.9360907,0.5223905471863056,4.560071668772205,0.0008313095350431841,False,False,True,True,True
1788618463.0529523,1.3786523649409732,7.116430127402781,0.0021532647001112452,False,False,True,True,True
1788618463.1438332,1.493438226001926,1.3840909432393809,0.0020175030742601006,False,False,True,True,True
1788618463.2481606,0.8425024468585658,5.87430242667367,0.0014576528763725856,False,False,True,True,True
1788618463.339536,0.7147803167445757,1.260867245378757,0.001089425986814477,False,False,True,True,True
1788618463.4526107,1.0587610299639552,3.0869109549716405,0.0009640895605335299,False,False,True,True,True
1788618463.5454571,0.5895816169414814,5.0349333210332246,0.0015797606049265248,False,False,True,True,True
1788618463.640716,0.35988323118131466,2.401856416359188,0.00027485958421384713,False,False,True,True,True
1788618463.7349517,1.5765423140012145,12.723537205904277,0.0016624324716170609,False,False,True,True,True
1788618463.8533304,1.689688031012296,0.9913862707187433,0.002848635531350552,False,False,True,True,True
1788618463.9464607,0.7270459694193725,10.705090491610205,0.0033989244206358397,False,False,True,True,True
1788618464.044234,0.8764124830375858,1.6192814522659293,0.0008315630771590979,False,False,True,True,True
1788618464.1396987,1.198892742546453,3.360272211576736,0.0010692943224355647,False,False,True,True,True
1788618464.2505722,0.7497518712993237,4.200759335161827,0.0012623556026773776,False,False,True,True,True
1788618464.3450875,2.4996763678806593,18.536515155781593,0.0050895929600002785,False,False,True,True,True
1788618464.4394593,2.68197598908089,2.0819691800498785,0.004256794411710482,False,False,True,True,True
1788618464.5361922,2.529084466254435,1.9361898171372056,0.004676111257930084,False,False,True,True,True
1788618464.6487336,3.3281692983839823,7.221416599133964,0.01918065763697756,False,False,True,True,True
1788618464.7482316,2.7226717232802375,5.271478265000286,0.010233198803131487,False,False,True,True,True
1788618464.8455284,2.7959102730175682,0.609970637372102,0.011451196589902604,False,False,True,True,True
1788618464.9427938,0.8006468843769842,20.638759643693742,0.00684551463608955,False,False,True,True,True
1788618465.0524397,1.2910557776292597,4.47122542821135,0.002414573032353247,False,False,True,True,True
1788618465.1470945,1.119207500463076,2.006474717034249,0.0014741804729676276,False,False,True,True,True
1788618465.2408297,3.6182005588248303,26.8084087734981,0.006667266579528463,False,False,True,True,True
1788618465.3497286,1.4847848500004284,19.320572078599177,0.006284331907538148,False,False,True,True,True
1788618465.4524386,0.5501876475844075,9.235599375118149,0.002499089048628475,False,False,True,True,True
1788618465.5474486,1.6012305955994706,11.016393972772164,0.0023157861919874657,False,False,True,True,True
1788618465.639917,2.830305571808623,13.497236351614243,0.003692463813925462,False,False,True,True,True
1788618465.7531803,0.7227497460482883,18.313825560924585,0.0042489970693291666,False,False,True,True,True
1788618465.8482938,1.6877994536156637,10.211327258932261,0.0016156850833526461,False,False,True,True,True
1788618465.9504402,1.8507950293994917,1.4013113744552195,0.0025245897108521665,False,False,True,True,True
1788618466.0437014,3.895123772623108,21.55465072985254,0.014898102724214544,False,False,True,True,True
1788618466.154723,2.479146227100098,14.271945512357235,0.01904572151073633,False,False,True,True,True
1788618466.2496026,3.491331785512621,10.902146000606713,0.006667886183471785,False,True,True,True,True
1788618466.3448436,2.934628285982578,4.916444062393584,0.01828871288165343,False,False,True,True,True
1788618466.440979,5.192149982544153,23.64212780404174,0.014834012748712705,False,False,True,False,False
1788618466.5594032,3.915545114251685,9.959767744494101,0.016499625385219544,False,False,True,True,True
1788618466.6548562,4.100658720863562,0.2628368880532826,0.02118624009022483,False,False,True,True,True
1788618466.7460172,0.0,0.0,0.0,False,False,False,True,False
1788618466.845926,6.429396510121269,16.11426012732178,0.10317900459155482,False,False,True,True,True
1788618467.1017888,2.2885977638891433,16.42345984672555,0.10426993158092848,False,False,True,True,True
1788618467.150679,6.6021960129968,87.46063113397464,0.04265979457293051,False,False,True,True,True
1788618467.2496755,3.769187494557091,33.6623243751238,0.02846872769418504,False,False,True,True,True
1788618467.35373,1.2156439075105687,25.768018366041527,0.014534477965517708,False,False,True,True,True
1788618467.4515543,2.2782643217291745,10.491010344505877,0.00541197653141402,False,False,True,True,True
1788618467.5488913,1.1158621761441483,11.791522171684273,0.004446178487615456,False,False,True,True,True
1788618467.6692843,1.1422916984295224,0.018997676167851238,0.0015352904587631428,False,False,True,True,True
1788618467.7613285,2.033025532311761,9.507359793672999,0.004967281310969511,False,False,True,True,True
1788618467.8583863,4.867793856789846,28.432231546610804,0.021260151113148502,False,False,True,False,False
1788618467.9516141,2.605429031379406,25.579136046236496,0.02036592142193978,False,False,True,True,True
1788618468.0673563,3.6742709226512167,10.04635598984643,0.016076202771841967,False,False,True,True,True
1788618468.1572602,3.7865485910866514,2.498495555940464,0.027990997811958348,False,False,True,True,True
1788618468.2580912,0.9585121337145055,27.189436476431645,0.010159554566345754,False,False,True,True,True
1788618468.3600929,3.323304069930214,23.342590268539766,0.01041527839552561,False,False,True,True,True
1788618468.4697149,1.2198797909281145,19.54706378757757,0.006920294466319911,False,False,True,True,True
1788618468.568204,0.7618911136655302,4.3325925093746,0.0015855899947416442,False,False,True,True,True
1788618468.659509,2.522838512355545,19.571343574612865,0.005048320125157104,False,False,True,True,True
1788618468.7582192,1.0936160669986956,15.574962030890843,0.003568332987837588,False,False,True,True,True
1788618468.8654766,1.085854324091166,0.14217563086958265,0.002348841005844081,False,False,True,True,True
1788618468.961565,0.6960150709261658,4.125446520958387,0.0010840415323908603,False,False,True,True,True
1788618469.0566502,1.780089226297385,11.334826185199663,0.0018233136727132018,False,False,True,True,True
1788618469.149454,3.2842138703285184,15.533511436525746,0.01126596094187788,False,False,True,True,True
1788618469.250713,1.142961763518732,21.580029995420485,0.0056201801698302625,False,False,True,True,True
1788618469.3565054,1.7938217965259664,6.052378563939953,0.002273324456626392,False,False,True,True,True
1788618469.4526825,3.5710167155683434,18.773689840688096,0.0075643589644141425,False,False,True,True,True
1788618469.547397,3.724763535870456,0.9806222049134546,0.014845844873864054,False,False,True,True,True
1788618469.6565964,8.174859309518917,42.66223658718232,0.061794594899439594,False,False,True,False,False
1788618469.7489328,3.2883955768511965,53.282208663142185,0.04640197052841674,False,False,True,False,False
1788618469.8518946,4.591678015340605,11.634834253293564,0.032130263619294275,False,False,True,False,False
1788618469.9628172,0.6683126164433938,35.145690435840905,0.015184617272167803,False,False,True,False,False
1788618470.0563328,1.0019092970036747,3.555159003279963,0.0008081485625257903,False,False,True,False,False
1788618470.150701,0.9138999018990934,0.9088943096472014,0.0010911619619742713,False,False,True,False,False
1788618470.249561,1.1162681027510646,2.1349653665783226,0.0010062619346703965,False,False,True,False,False
1788618470.364694,1.4686491742529133,3.2142745065551916,0.002493532490629412,False,False,True,False,False
1788618470.4566045,0.6567419415024724,9.034907311334209,0.0020416608848737162,False,False,True,False,False
1788618470.5487936,0.6498304059511757,0.08715718769836131,0.0005632092324071269,False,False,True,False,False
1788618470.6505284,1.6965743335490917,10.245184902313433,0.002588247186779896,False,False,True,False,False
1788618470.7646806,0.6135720765338941,9.370662896255155,0.0029972100654701867,False,False,True,False,False
1788618470.8603868,1.2176093948440931,6.215914631488102,0.0007486236397644545,False,False,True,False,False
1788618470.9543855,1.3564951836059485,1.5993450893827093,0.0021645322584754063,False,False,True,False,False
1788618471.0509288,1.44355609131614,0.3703182443990193,0.0014138567093262366,False,False,True,False,False
1788618471.164799,1.2614646595821533,1.2710573446629858,0.0016094505034815396,False,False,True,False,False
1788618471.2569268,1.1128830458437629,1.5310520052598924,0.0012686302068404757,False,False,True,False,False
1788618471.351537,1.2845532226522798,1.8883461952813623,0.0025156384004201096,False,False,True,False,False
1788618471.4511852,0.6086631298332172,6.791570621315428,0.0009658882985593665,False,False,True,False,False
1788618471.5633705,1.3169795018482708,6.289080955438369,0.0018883273431211523,False,False,True,False,False
1788618471.6589177,0.29485454301636493,10.736587575814722,0.0016026292044633173,False,False,True,False,False
1788618471.7557194,0.6342235810474274,3.4490242745534525,0.0002961352665968736,False,False,True,False,False
1788618471.8664155,0.8340473673328501,1.719042143349104,0.000851257914951922,False,False,True,False,False
1788618471.9656072,1.0524592781147548,1.9651707147381674,0.0014297466246511955,False,False,True,False,False
1788618472.061315,0.4645552961849428,6.2441435463328,0.0011087764849784958,False,False,True,False,False
1788618472.1534889,1.3464125231405335,9.665782200121585,0.0011350628660076346,False,False,True,False,False
1788618472.267105,4.095194073886477,24.919806692919007,0.016118103458269528,False,True,True,True,True
1788618472.3642802,4.588464008472992,3.1560273970961297,0.03770239612807002,False,False,True,True,True
1788618472.460425,1.5610874294299961,30.742974349049266,0.013588041164085062,False,False,True,True,True
1788618472.5579722,0.567903074624654,10.60625316106466,0.0019099357622555247,False,False,True,True,True
1788618472.6669421,0.7138256076166625,1.176241508563094,0.0008188561267623629,False,False,True,True,True
1788618472.761444,5.524570928642181,51.368527012718765,0.020395865786394327,False,False,True,True,True
1788618472.857731,1.698347271106991,40.90558083812127,0.021091420955409137,False,False,True,False,False
1788618472.9548037,2.6570751557873655,10.061275145495912,0.00709099965309802,False,True,True,False,False
1788618473.0680752,2.541212454089907,2.69862930214797,0.007154499194674751,False,False,True,False,False
1788618473.1596074,2.8605678070886698,2.7624190109541202,0.010924263973829933,False,True,True,False,False
1788618473.2550452,1.8371571622094827,9.530479886722476,0.003856731802204215,False,False,True,False,False
1788618473.3484693,4.018138646462616,22.584134820958372,0.008972461326994838,False,False,True,False,False
1788618473.4713724,3.0700955321210794,7.2750273691680265,0.025570501222208726,False,False,True,True,True
1788618473.564521,2.0035017858310398,11.760751565260293,0.014856642975403947,False,False,True,True,True
1788618473.660892,1.3402096591983281,6.5325823909058816,0.002244941414088734,False,False,True,True,True
1788618473.7586603,3.070915297937905,17.090915936922283,0.0057633562702729315,False,False,True,False,False
1788618473.8657885,1.8550093290383727,11.57267034332314,0.005282008100151016,False,False,True,True,True
1788618473.9645169,2.769415513770674,10.028126552450598,0.007063801982378799,False,False,True,True,True
1788618474.0606647,1.0758444305646548,16.933812348933664,0.006703502847022333,False,False,True,True,True
1788618474.1703594,0.357261041704237,6.510768047385559,0.0008515014823568595,False,False,True,True,True
1788618474.2655606,3.480226080178343,32.948321872327426,0.007587511941925143,False,False,True,True,True
1788618474.3632736,1.4358671003138248,20.049510067649653,0.006913827326348387,False,False,True,True,True
1788618474.4603152,3.601271983659265,21.82765497524569,0.009197444206327116,False,False,True,True,True
1788618474.5741968,0.9376012674075631,24.022174851132895,0.008691602549416791,False,False,True,True,True
1788618474.6714895,4.089259778797935,32.13567119871756,0.009830744012792169,False,False,True,True,True
1788618474.7644222,1.3474467833849666,30.525632539039016,0.009141419530949242,False,False,True,True,True
1788618474.860622,4.719120040575567,35.24531468898925,0.01209962682234433,False,False,True,True,True
1788618474.9750683,1.1186542453643977,31.57809067765748,0.010963466597622568,False,False,True,True,True
1788618475.0667925,0.8349518456700656,3.0810459570473197,0.0014491459786011192,False,False,True,True,True
1788618475.1627362,1.4269527197077885,6.341837443424668,0.001654020391976115,False,False,True,True,True
1788618475.2575307,2.5255263944372977,10.278938711025813,0.0046097018216024535,False,False,True,True,True
1788618475.372944,10.385116610214398,67.82434458038922,0.08245308046851636,False,False,True,False,False
1788618475.4664996,12.744341243637434,27.704978817778144,0.08480050701768481,False,False,True,False,False
1788618475.5601673,4.278728605666238,82.69751086634207,0.07257110978526972,False,False,True,True,True
1788618475.6621647,1.6498305773184347,25.689662745715193,0.009589602705496867,False,False,True,False,False
1788618475.771817,2.7422933498283104,10.021772145403782,0.008614878740990754,False,False,True,False,False
1788618475.8689284,2.3944736713065184,3.5888912266593094,0.005862907618812811,False,False,True,True,True
1788618475.963325,1.2372291651582807,11.62434862352607,0.005684629501919816,False,False,True,True,True
1788618476.0577126,2.031037398778392,8.48005568120536,0.0034557051812600594,False,False,True,True,True
1788618476.1731424,0.7382648909950069,10.600156378773784,0.0022392091692296323,False,False,True,True,True
1788618476.2680495,2.4306185026041445,17.74135335358075,0.004635840876365705,False,False,True,True,True
1788618476.3622696,0.8325478510138103,17.685656363773287,0.0039315172813784265,False,False,True,True,True
1788618476.4752228,0.5444762106407481,2.706909797570577,0.0007945241609206327,False,False,True,True,True
1788618476.57587,1.4858702704209754,9.119971674365141,0.0018096672195757298,False,False,True,True,True
1788618476.663942,0.925864024434057,6.254266085852403,0.0014782298026308912,False,False,True,False,False
1788618476.7652664,3.056774103463664,21.28095967345185,0.007367626176730256,False,False,True,True,True
1788618476.879095,1.6837901991604796,12.175869311508492,0.005267049264873495,False,False,True,True,True
1788618476.97077,2.029951057036568,3.980403845904959,0.005907208509634044,False,False,True,True,True
1788618477.0679226,1.7598148941368223,2.578796387021554,0.0046408378458538775,False,False,True,True,True
1788618477.163988,1.8630096214564227,0.9471344397899966,0.0026373991883028467,False,False,True,True,True
1788618477.2741222,2.894068138566169,8.583713604193527,0.008830128489882452,False,False,True,False,False
1788618477.3641338,3.665116336605448,8.453024887108453,0.015625570872407624,False,False,True,False,False
1788618477.4673588,3.953110658622901,2.4791751783186204,0.018372194914546402,False,False,True,False,False
1788618477.565808,3.54590491108479,4.4648951594389255,0.011305549023859482,False,False,True,False,False
1788618477.6741853,6.025632885707403,27.241328666818053,0.0241218589195321,False,False,True,False,False
1788618477.7718754,7.896353815351233,8.837149023082668,0.03581451219228476,False,False,True,False,False
1788618477.866827,3.272561725967333,49.21834720376042,0.03453750171289731,False,False,True,False,False
1788618477.9614053,5.714813419078477,28.365315419062618,0.023254355361312352,False,False,True,False,False
1788618478.0722637,2.0087115834902116,34.99054908164575,0.016473940732956754,False,False,True,False,False
1788618478.1742077,2.4760461690592246,6.309160530132881,0.004425615014569844,False,False,True,False,False
1788618478.2670763,1.5443690777799934,10.666612602648895,0.004138058028730007,False,False,True,False,False
1788618478.3626254,1.6844551712073161,1.5300711457732479,0.0022649551154629135,False,False,True,False,False
1788618478.4773777,6.021289483239238,39.01316245697313,0.04189714949909993,False,False,True,False,False
1788618478.5734026,2.076774638547016,42.04488966146404,0.029533608631147092,False,False,True,False,False
1788618478.6701825,2.4953259836795096,4.539915622556656,0.009695179852636498,False,False,True,False,False
1788618478.7846222,1.7400462531235101,6.774254721964653,0.00923697664660112,False,False,True,False,False
1788618478.8769557,1.8577113493834787,0.893472421260493,0.0065724379552724,False,False,True,False,False
1788618478.9764392,1.4340170810101143,4.656445137581973,0.0052197061844471634,False,False,True,False,False
1788618479.0711927,5.379744455504259,41.88143317688883,0.018729236931230537,False,False,True,False,False
1788618479.1886873,1.7972824739185813,32.84972908485097,0.01806993600014908,False,False,True,False,False
1788618479.2782054,6.0233160683764035,46.717196507566484,0.027015415074798488,False,False,True,False,False
1788618479.375635,3.0014010148728634,31.759978754290778,0.015323768584897887,False,False,True,False,False
1788618479.4662073,3.740955874431122,8.594404532387744,0.017332293123456393,False,False,True,False,False
1788618479.580501,2.945384336813064,6.53991889553695,0.011545198696051967,False,False,True,False,False
1788618479.6741805,2.3011271264083923,6.705680478063192,0.01017041362544021,False,False,True,False,False
1788618479.7682905,6.673214223790756,46.24161748069797,0.021588162346708413,False,False,True,False,False
1788618479.8679595,5.962857400167338,8.142733504741189,0.07127958385821548,False,True,True,True,True
1788618479.979968,3.5359368455362024,23.110154086497797,0.04550526191824065,False,False,True,True,True
1788618480.0693867,5.963684109807666,30.257633353870396,0.016890979001384542,False,True,True,True,True
1788618480.1638954,4.9559650045312,12.349513331495507,0.03352252837929693,False,False,True,True,True
1788618480.2651467,6.794627143818099,18.695622701671983,0.055205713825916956,False,False,True,True,True
1788618480.3833861,6.004800846600696,6.869540997392918,0.08802989588541864,False,False,True,True,True
1788618480.4755597,13.573995106001803,83.50845199254356,0.19443867267174375,False,False,True,True,True
1788618480.5685852,13.366738941504117,3.219073189400094,0.12307324029015193,False,False,True,True,True
1788618480.6731174,13.844139589401825,6.459402017234354,0.37226955348148344,False,False,True,True,True
1788618480.7811024,2.720925765510332,111.03983013684685,0.17995841898287085,False,False,True,True,True
1788618480.8756268,1.4758628862980014,12.796681551185664,0.005664438995066976,False,False,True,True,True
1788618480.9715536,2.2878630808151983,7.98616668870097,0.005117107861177097,False,False,True,True,True
1788618481.079695,1.6176645368883829,6.656243291655055,0.003521937915194541,False,False,True,True,True
1788618481.178782,2.706016144961201,11.813815275535879,0.007083671777515039,False,True,True,True,True
1788618481.2756512,1.3646818700313306,13.931370845646462,0.004906896014619384,False,False,True,True,True
1788618481.3704958,1.7714487725629826,4.592526476971106,0.001978318222451325,False,False,True,True,True
1788618481.4815562,2.3176814459056008,4.910166606481038,0.00780158249843666,False,False,True,True,True
1788618481.5774083,3.70298559934971,14.065130357789663,0.007895050514640992,False,False,True,True,True
1788618481.6744108,1.3415375527675228,25.434707509802806,0.008207347452787086,False,False,True,True,True
1788618481.7719147,1.0729258131829713,2.4248427711804856,0.0014524226364285402,False,True,True,True,True
1788618481.8823142,1.8106374308801736,6.7797037752992715,0.0035788406334720407,False,False,True,True,True
1788618481.9761374,1.6991145868420712,1.1925879536309412,0.005182043242156056,False,False,True,True,True
1788618482.0741525,1.656968098742921,0.37405431145105456,0.00469361581487147,False,False,True,True,True
1788618482.1796925,0.7748151541071768,8.23279776198637,0.002772941999810098,False,False,True,True,True
1788618482.2844915,4.150168839779351,31.499330191409307,0.011130936923491737,False,False,True,True,True
1788618482.3815174,5.406835492805044,17.763319887342874,0.016040779796444027,True,False,True,True,True
1788618482.4773028,2.2686530602777792,37.10967392244062,0.016943798825032712,True,False,True,True,True
1788618482.5744915,1.8927932638320342,3.576591295568911,0.004411812210636927,True,False,True,True,True
1788618482.6859548,2.5678306493881973,5.880530563972029,0.00984617085973478,False,False,True,True,True
1788618482.7798517,1.6027803419108224,9.89037715749988,0.007773311479302138,False,False,True,True,True
1788618482.875316,2.1751062307232267,6.154053129978566,0.005153700637211777,False,False,True,True,True
1788618482.9776165,1.6693303124416998,5.051990695198467,0.0064690630644688935,False,False,True,True,True
1788618483.0813966,3.8599905661631153,20.583436312317463,0.00843293300141051,False,False,True,True,True
1788618483.1794324,1.4989117550963489,22.915682802112308,0.011949358623576907,False,False,True,True,True
1788618483.27641,3.383976918075046,18.628194177210432,0.007904842935130028,False,False,True,True,True
1788618483.392411,1.7749861238156541,11.59575262557901,0.005809929527581574,False,False,True,True,True
1788618483.4813173,4.135724729131066,25.839396301842857,0.011099057702023837,False,False,True,True,True
1788618483.5814965,2.885883721630964,12.629965168077755,0.008316416960851171,False,False,True,True,True
1788618483.6728024,1.9956787778511311,9.483095588264936,0.004740300195361489,False,False,True,True,True
1788618483.7849202,1.9362986186995106,0.2835845676692073,0.002831440047037059,False,False,True,True,True
1788618483.884312,2.448381885299119,4.122665524711823,0.0058242353862930024,False,False,True,False,False
1788618483.9803941,6.145937035470886,38.52483849620097,0.019388558467020058,True,False,True,True,True
1788618484.0761447,2.123357701867924,44.02146158775199,0.022047980779337673,False,False,True,False,False
1788618484.1801727,4.673874069306192,25.77417006108983,0.01644458127252605,False,False,True,False,False
1788618484.2816164,2.1919753926758347,27.21417068944726,0.013585462614089397,False,False,True,False,False
1788618484.3834534,2.447817671587766,3.7421080240169493,0.00778055390142221,False,False,True,False,False
1788618484.4756873,6.320861381166386,41.68896188382732,0.033937914953830105,False,False,True,False,False
1788618484.598556,6.396706052529673,2.9576076984819735,0.032379498860276384,False,False,True,False,False
1788618484.680521,6.983390432115619,9.945735621413053,0.08322613119781941,False,False,True,False,False
1788618484.7811654,10.308915484136067,32.67065300777035,0.05123433903352295,False,False,True,False,False
1788618484.874497,7.330563858181427,33.174502566197866,0.05306684532826033,False,False,True,False,False
1788618484.9956894,4.5875895468052175,23.831135182385086,0.06963654309855558,False,False,True,True,True
1788618485.0889845,3.3568895070900817,12.48274257389164,0.014828182854067368,False,False,True,True,True
1788618485.1772907,2.0803496950951454,13.905746122277648,0.005606903314451675,True,False,True,True,True
1788618485.2740843,3.011354080620363,9.954150406833838,0.009509222022346895,True,False,True,True,True
1788618485.3897228,2.0649871764067877,7.9592787283473285,0.005262894316688948,False,False,True,False,False
1788618485.4836898,5.357598601020659,33.32733003418436,0.023521854098484826,False,False,True,False,False
1788618485.5720596,6.198781769504382,10.469078859856205,0.019971962338228233,False,False,True,False,False
1788618485.6945958,2.7273526823493075,26.32223044159573,0.015650042635111616,False,False,True,False,False
1788618485.7862175,2.95784797136324,2.919957864678695,0.009784751232680196,False,False,True,False,False
1788618485.8880816,4.036660455820161,10.026269551396597,0.01952980964141889,True,True,True,True,True
1788618485.9762444,4.403204627450642,3.696834623780938,0.012143638399452476,False,False,True,True,True
1788618486.090106,0.9852875004142886,28.690009756851406,0.00987293433743028,False,False,True,True,True
1788618486.184004,9.253958416751342,86.12808365033646,0.03740836893699766,False,True,True,True,True
1788618486.2838552,4.413263939348421,44.22644488491569,0.03485764356129517,False,False,True,True,True
1788618486.3807213,3.274577572714642,10.040643350125166,0.011092437196315199,False,False,True,True,True
1788618486.4905553,2.9756045599345944,0.934982569900089,0.010672992486031591,False,False,True,True,True
1788618486.5878227,7.413306622703024,46.121006996263596,0.03140732827048887,False,False,True,True,True
1788618486.6792088,6.7684065850180755,3.5167796973447847,0.029704723942376648,False,False,True,True,True
1788618486.7807949,1.8412695026848338,47.253567416575194,0.021589833434740583,False,False,True,True,True
1788618486.8860624,1.5049565171868975,2.6330507233150633,0.002509289809321265,False,False,True,True,True
1788618486.9843285,0.3564434712833707,11.617879355736235,0.0020609559323759644,False,False,True,True,True
1788618487.0785174,1.7036926516214705,14.325057719133353,0.0016710341437404688,False,False,True,True,True
1788618487.1802244,1.8709152745570494,1.711848240480028,0.0036013683906789815,False,False,True,True,True
1788618487.2978942,1.0140833889874106,7.731338302361637,0.0023517283562640655,False,False,True,True,True
1788618487.3863282,5.433643295610084,50.26599454099493,0.015015621487402925,False,False,True,True,True
1788618487.4844537,5.6128730394993,0.6748772095506338,0.02089441462207878,False,False,True,True,True
1788618487.5825424,0.9571354664674614,46.487530404215285,0.020422042603638207,False,False,True,True,True
1788618487.6910272,3.1711061957051934,20.457802335226756,0.009519068545900868,False,False,True,True,True
1788618487.7889402,1.0581959601391528,22.5155411842452,0.008155104773625578,False,False,True,True,True
1788618487.8813372,2.6071004610754414,16.469785587637,0.005590786142913536,False,False,True,True,True
1788618487.9963048,1.4728959921520843,9.77700666586576,0.007368108038424999,False,False,True,True,True
1788618488.0897067,1.5771132916099537,1.5170479416550422,0.0034659587733951573,False,False,True,True,True
1788618488.1835904,1.3967949096683054,2.7208030964925944,0.0016364047092664671,False,False,True,True,True
1788618488.2774353,2.45791904104177,11.457520841626962,0.003830421817945558,False,False,True,True,True
1788618488.397868,4.267967612096047,15.188605843243389,0.013594383038050535,False,False,True,True,True
1788618488.4879673,2.184092197648975,22.08867902990715,0.019414322958595267,False,False,True,True,True
1788618488.5877151,8.133897221652004,60.03077641643683,0.05070838352712433,False,False,True,True,True
1788618488.6812274,10.285201807246688,18.430850682783294,0.05849901747423362,False,False,True,True,True
1788618488.7934785,1.9218332311441197,75.2093878385817,0.05723510751581717,False,False,True,True,True
1788618488.8919067,5.402379452421679,35.623134660728866,0.026542337010642413,False,False,True,True,True
1788618488.9853911,2.6903160576008944,28.96127260338138,0.017354423448779955,False,False,True,True,True
1788618489.0847735,3.519522500573219,8.292794847193974,0.015141577109045404,False,False,True,True,True
1788618489.195777,1.9281494024348398,14.684192921769164,0.009056389230031823,False,False,True,True,True
1788618489.2870703,5.2774180739008125,36.660985057229354,0.023757726149475588,False,False,True,True,True
1788618489.385334,1.479208381690939,40.405916305075074,0.013494245100431495,False,False,True,True,True
1788618489.482335,2.946960640668077,15.423817961728185,0.00444650658445095,False,False,True,True,True
1788618489.600307,5.551810313873439,21.533922106004358,0.02115509371545914,False,False,True,True,True
1788618489.684111,3.9694693782936508,15.575549022752616,0.025704375270247288,False,False,True,True,True
1788618489.7831542,1.9028243981909896,21.329381157562253,0.006918108918959121,False,False,True,True,True
1788618489.8845918,1.615914916138901,2.609333097272853,0.004015078455537437,False,False,True,True,True
1788618489.9954174,0.2994609791277991,11.877465580645515,0.001846925773393039,False,False,True,True,True
1788618490.0879805,3.4339992186779544,33.85378541111656,0.006745742046008867,False,False,True,True,True
1788618490.190058,2.6097848329438125,9.286357759827002,0.00693687605812348,False,False,True,True,True
1788618490.2952855,3.123876942918464,5.150736856692118,0.01599256137584189,False,False,True,True,True
1788618490.3965688,0.7771044237089781,22.45999275960968,0.006177590122014169,False,False,True,True,True
1788618490.494768,0.8070124741313821,0.18337469519512112,0.0007315483935021749,False,False,True,True,True
1788618490.5866296,3.354671728963299,27.82515457765626,0.005637228691752662,False,False,True,True,True
1788618490.6968167,0.7243110976993707,23.68243457352326,0.005743569340504912,False,False,True,True,True
1788618490.7957318,1.566813084353605,8.61135717793752,0.0020145280283471855,False,False,True,True,True
1788618490.890883,2.116697935177944,5.125857736995551,0.004545956910453212,True,False,True,True,True
1788618490.9824378,0.995937356219802,12.29226883518979,0.0023886587712015576,False,False,True,True,True
1788618491.101354,1.7147372150697162,5.92190309825527,0.002832584374984517,False,False,True,True,True
1788618491.1951425,1.2547991374407166,4.9921491282723505,0.002718752895697856,False,False,True,True,True
1788618491.289536,5.4584747238379565,44.956929738989814,0.016220045855103254,False,False,True,True,True
1788618491.3905141,5.975795765960939,4.888915342407203,0.021990973582307064,False,False,True,True,True
1788618491.5044544,3.9677240977675226,18.61307730363945,0.05032397064133333,False,False,True,True,True
1788618491.5926743,4.378378541239803,4.745401887963685,0.014825933062189111,False,False,True,True,True
1788618491.692866,1.0791057933445782,32.9756255551436,0.00804137879576249,False,False,True,True,True
1788618491.79046,2.067652907901472,10.281184310680061,0.004639821455122174,False,False,True,True,True
1788618491.8964765,4.53020556888809,23.07060898609326,0.012046362721635881,False,False,True,False,False
1788618491.9961197,2.9495211339934313,15.653811519039996,0.011940013889171626,False,False,True,False,False
1788618492.090585,2.7447528732860613,1.3887885524555283,0.005604790987572296,False,False,True,False,False
1788618492.1870193,3.4297114480448063,7.550358998621419,0.017214282769510834,False,False,True,False,False
1788618492.3006635,3.555080900235001,0.6326312787491569,0.012482462778585742,False,False,True,False,False
1788618492.394514,2.519012291785281,12.300897359358032,0.013725417504276133,False,False,True,False,False
1788618492.497361,3.727387170607366,11.746685236658347,0.009352528891015496,False,False,True,False,False
1788618492.5996397,2.087055625349406,15.779036026179817,0.009510100861464638,False,False,True,False,False
1788618492.7030823,1.2939549959839391,7.577558078869734,0.002844944713911521,False,False,True,False,False
1788618492.8011336,1.356565996547765,0.6215243289585546,0.0022929398363697936,False,False,True,False,False
1788618492.8896716,3.6642722089039106,26.09548150284946,0.005507783923092313,False,False,True,True,True
1788618493.0041986,2.0336369385647437,14.40923961286599,0.006614772784897099,False,False,True,True,True
1788618493.1010728,2.3461901095880964,3.21921599496675,0.005069194568357153,False,False,True,True,True
1788618493.1971197,2.2756944469798546,1.4660401791442623,0.008627973220939724,False,False,True,True,True
1788618493.2933931,0.5594645941232791,17.67342843848432,0.0032666201721459434,False,False,True,True,True
1788618493.405844,2.21854747648575,14.75731574826321,0.004187172780230705,False,False,True,True,True
1788618493.4977057,2.8063612033646677,7.074306147483677,0.011606790631059813,False,False,True,True,True
1788618493.5931647,4.699524933430947,19.073987748372105,0.01088933575058043,False,False,True,True,True
1788618493.6862352,1.3999138732870113,35.47191626929735,0.012230654836256075,False,False,True,True,True
1788618493.8004062,3.7450372069789264,20.268576353594007,0.013311926953738314,False,False,True,True,True
1788618493.903916,3.2521438622745706,4.38247149339564,0.012686434209423881,False,False,True,True,True
1788618493.9937887,8.516613400378048,56.65523587751561,0.027742450666085636,False,False,True,True,True
1788618494.0952497,2.483077553457546,55.60518753107853,0.03154008510653241,False,False,True,True,True
1788618494.204622,2.104531747079043,3.341419223352915,0.006105525343876854,False,False,True,True,True
1788618494.3018868,2.622113419048547,5.188407684567556,0.008509030277639648,False,False,True,True,True
1788618494.3979921,2.602181262198984,0.1002092644069185,0.004880110696171266,False,False,True,True,True
1788618494.4919975,0.9504198138002689,16.52217457785463,0.004094125930916764,False,False,True,True,True
1788618494.6058166,4.2832756335401205,29.13207984052027,0.01656636673362613,False,False,True,True,True
1788618494.7021399,1.2593015557316325,30.373338753182548,0.014546525916914545,False,False,True,True,True
1788618494.801749,6.2265615544111785,50.15970419826469,0.02649712613470893,False,False,True,True,True
1788618494.9093504,8.754660216243286,22.701424343895408,0.048124997629583686,False,False,True,True,True
1788618495.006162,1.2826607469717588,77.14255767559754,0.06054625209174199,False,False,True,True,True
1788618495.0937715,2.3714829080724833,12.161526622975538,0.0026861170186278996,False,False,True,False,False
1788618495.1927767,2.752537274955613,3.7924033339976386,0.00774498651942846,False,False,True,False,False
1788618495.3080773,1.4518667274188137,11.254347390535484,0.005048443596595875,False,False,True,False,False
1788618495.4052398,2.252583438507776,7.935677421549343,0.005368983939170177,False,False,True,False,False
1788618495.502153,5.114401312924271,29.383992858657653,0.015801391484365355,False,False,True,False,False
1788618495.5945587,3.3377031843379252,18.540527276474815,0.014548557184646552,False,False,True,False,False
1788618495.7078323,3.885033835650383,2.200428479143756,0.021932734107166677,True,False,True,True,True
1788618495.8043914,1.9437377656675652,18.22722890594898,0.013535178196101292,False,False,True,True,True
1788618495.9018295,4.139510692180904,22.055022162023775,0.008388202299088102,False,False,True,True,True
1788618495.9975772,4.08515085094135,1.2323570799002834,0.0120713167702585,False,False,True,True,True
1788618496.1112652,1.411909594769288,24.480157774241214,0.011817721590248447,False,False,True,True,True
1788618496.206401,2.402609916851507,9.619650013581465,0.00432782837586668,False,False,True,True,True
1788618496.3023424,2.917542372201812,6.9477952621881975,0.006100209071452939,False,False,True,True,True
1788618496.4014764,2.4631834760937923,4.575862299400103,0.005394379874168054,False,False,True,True,True
1788618496.5139675,3.70631988663706,11.404121365670115,0.009258823121170497,False,False,True,True,True
1788618496.603004,5.625890959018759,20.57906531471354,0.01746822109733719,True,False,True,True,True
1788618496.7024662,1.6545015989419132,37.66776611016469,0.015152039418709871,False,False,True,True,True
1788618496.8029132,2.0991431081271563,4.9381982741161545,0.006144522994237983,False,False,True,True,True
1788618496.9097693,2.1460183974097533,0.23430705787056694,0.00693259881715981,False,False,True,True,True
1788618497.004746,1.242897503568175,9.110387172179257,0.002896972964227972,False,False,True,True,True
1788618497.0985358,2.332271530417718,11.660046770314578,0.005150353481031481,False,False,True,False,False
1788618497.2150981,1.8579309341421435,4.713306236044161,0.0052892053596053056,False,False,True,False,False
1788618497.3140168,2.7170804849766665,9.69464154259626,0.007168247776583574,False,False,True,False,False
1788618497.4094863,2.566373317880387,2.790257917613912,0.005014295642310717,False,False,True,False,False
1788618497.5034547,2.9096904338148537,4.417361046031453,0.011139335700321338,False,False,True,False,False
1788618497.6100643,3.2388687091472246,1.3879103424829689,0.01405154606858216,True,False,True,True,True
1788618497.70529,3.931793928826505,6.692555479050797,0.020633610456625717,False,False,True,False,False
1788618497.7974002,3.7561009977187023,1.2580904657614926,0.011134617600976265,False,False,True,True,True
1788618497.897975,5.173745172813325,16.704939833112878,0.03216199461989837,False,False,True,True,True
1788618498.0135376,2.6286053702722403,24.53529463501328,0.029549771092244645,False,False,True,True,True
1788618498.1067276,4.591534005420463,21.00228833413211,0.02244717286254558,False,False,True,True,True
1788618498.1994278,3.8170272752319554,10.17626424991922,0.011498763912160174,False,True,True,True,True
1788618498.3004293,2.4621891815139714,12.385311823408744,0.011102713876602865,False,False,True,True,True
1788618498.4145672,3.3873051186159517,7.712720635842554,0.0102223824241551,False,False,True,True,True
1788618498.5094175,3.9347818399641543,6.61131067118605,0.01184242689782668,False,False,True,True,True
1788618498.5995588,1.864622306212917,22.507799187580243,0.01289415203886532,True,False,True,True,True
1788618498.6963341,5.966481608212428,41.117950808804544,0.018142344622291744,False,False,True,True,True
1788618498.8068855,3.2336283203668437,23.378275012247027,0.03204877762652286,False,False,True,True,True
1788618498.9102798,10.354034125264558,66.56970642355971,0.08578927644688183,False,False,True,True,True
1788618499.018513,4.322603612253231,54.62065142987841,0.053047131659533064,False,False,True,True,True
1788618499.107134,5.691087802960471,13.931623261853124,0.01583421075878586,False,False,True,True,True
1788618499.2208662,7.350510565401541,14.81464764215067,0.03586561180770654,False,False,True,True,True
1788618499.318588,9.055300900857192,17.212450265130634,0.12013766242598518,False,False,True,True,True
1788618499.4131174,4.3468234948235915,49.490535775932784,0.04391614471896138,False,False,True,True,True
1788618499.5172176,8.057144172382333,30.95545176942698,0.037375509448962764,False,False,True,False,False
1788618499.617305,5.3026362230159,34.69013784175368,0.07182574420536159,False,False,True,True,True
1788618499.7122345,19.227410182357833,151.243898673257,0.21089545098506712,False,False,True,False,False
1788618499.8100803,11.017596418315668,62.19916387953667,0.2861802329245927,False,False,True,False,False
1788618499.9218156,8.187173727877688,25.661833395533275,0.07998292239478734,False,False,True,False,False
1788618500.0142395,17.792951275430806,103.44587239940206,0.17945217106789613,False,False,True,False,False
1788618500.107579,0.0,0.0,0.0,False,False,False,False,False
1788618500.2029316,0.0,0.0,0.0,False,False,False,False,False
1788618500.31501,7.1053689903627815,12.220294119138233,1.2670424720272835,False,False,True,False,False
1788618500.4147527,6.388660760432148,12.906916927793894,1.5622577629614913,False,False,True,False,False
1788618500.5067341,6.249102725684673,0.8581875598374041,0.10686356969976817,False,False,True,False,False
1788618500.6009152,6.45480989924541,2.888767959690123,0.14402389528276213,False,False,True,False,False
1788618500.7162995,3.2087921117332954,28.164368393523233,0.14805122352931996,False,False,True,False,False
1788618500.8239188,5.8939133463198035,23.52417329620564,0.09012580091205623,False,False,True,False,False
1788618500.9086099,0.0,0.0,0.0,False,False,False,False,False
1788618501.00693,71.97711173440793,146.54357462649034,7.861950275942044,False,False,True,False,False
1788618501.1280417,0.0,0.0,0.0,False,False,False,False,False
1788618501.209862,17.025928215098656,76.50966042779892,2.7794122324135877,False,False,True,False,False
1788618501.305483,1.279433839038172,163.39928864603513,0.9469657694414998,False,False,True,False,False
1788618501.4046202,1.5214771543877292,2.2388543936595653,0.002569513626870335,False,False,True,False,False
1788618501.5125778,1.402802643795348,1.4876190634354718,0.00309996833053687,False,False,True,False,False
1788618501.609418,9.31666328651724,80.9881738844643,0.05362116270789092,False,False,True,False,False
1788618501.7054029,1.5221622380732427,82.928608250193,0.06902784676822565,False,False,True,False,False
1788618501.821929,1.5874005357094996,0.648602868632044,0.005231505568856576,False,False,True,False,False
1788618501.909206,1.8731511057946013,3.408459260372765,0.006239259319280281,False,False,True,False,False
1788618502.0110812,0.0,0.0,0.0,False,False,False,False,False
1788618502.111706,3.7471748490267447,12.63099228888456,0.06380596483007524,False,False,True,False,False
1788618502.224181,1.7048477392633323,18.934065541092583,0.07012473501522486,False,False,True,False,False
1788618502.3361623,2.5015237492777227,7.837531902224254,0.016153740725806283,False,False,True,False,False
1788618502.4222112,3.1998513779802455,7.51041267199346,0.022204681311723286,False,False,True,True,True
1788618502.5107794,8.569522503340162,58.5800934143435,0.09188071258429267,False,False,True,True,True
1788618502.6302288,3.306740571203277,48.43490574551311,0.11057808685924395,False,True,True,True,True
1788618502.7272441,1.2770191388025793,20.723801933623918,0.021764471198378127,False,False,True,True,True
1788618502.8228261,1.5348372034199136,2.1991212335412884,0.00533616101569041,False,False,True,True,True
1788618502.902336,2.320919254884347,9.846203597149843,0.007782330274071679,False,False,True,True,True
1788618503.015309,1.0523567711955673,11.05644107562009,0.003605668262326732,False,False,True,True,True
1788618503.1278033,1.8173895861702403,6.7266652591052924,0.0033770399206325655,False,False,True,True,True
1788618503.2143023,1.7465143685562092,0.7766342864543033,0.00838574206097173,False,False,True,True,True
1788618503.3088367,3.6518510040686536,20.815616397692793,0.018884521030857936,False,False,True,True,True
1788618503.4205732,1.6107182357022496,17.685313801435512,0.010183260461963627,False,False,True,True,True
1788618503.514741,4.15681257168164,26.94926831893402,0.02541042192308629,False,False,True,True,True
1788618503.6161444,2.72141468468245,14.368951681933396,0.016031839246888592,False,False,True,True,True
1788618503.7232223,1.0829390184804712,15.57574476819704,0.01191337613213445,False,False,True,True,True
1788618503.8247154,2.854738953813531,17.566933814777542,0.007305735183322079,False,False,True,True,True
1788618503.9175694,1.3992452275055733,16.310151065796855,0.007251463392963824,False,False,True,True,True
1788618504.0136838,5.5698695960133096,43.327278015144046,0.0365179236379918,False,False,True,True,True
1788618504.1266856,3.0870831011399233,22.9292099323784,0.05735390090485234,False,False,True,True,True
1788618504.2226205,1.4565837130480006,17.62981095769053,0.01165333358817529,False,False,True,True,True
1788618504.3163123,6.392026547683759,51.56823135336138,0.029369138476658115,False,False,True,True,True
1788618504.4116173,5.74033216125187,6.0397120596313565,0.08520031762542786,False,False,True,True,True
1788618504.5263665,6.72478187429146,9.547418366983823,0.11939091470774044,False,False,True,True,True
1788618504.6120877,2.6131980497100895,40.88552248086563,0.06721649080219856,False,False,True,True,True
1788618504.7120514,2.6544524450853455,0.8898251146436025,0.01629932126191179,False,False,True,True,True
1788618504.8082106,6.286080991043387,38.81046994565838,0.05973635764036479,False,False,True,False,False
1788618504.9203835,4.800966853141221,11.534055052599038,0.04315976139052583,False,False,True,True,True
1788618505.0189269,12.385677184096249,81.9799686447227,0.28080753666858105,True,False,True,True,True
1788618505.121728,3.733579021513663,74.52358462675778,0.24638032286074907,True,False,True,True,True
1788618505.2110424,4.659640171449225,11.914533371309194,0.06410236287976968,True,False,True,True,True
1788618505.3219268,1.0490386040279966,31.895226450961744,0.01954547324520835,True,False,True,True,True
1788618505.4226582,7.0833527016115765,60.03798507161592,0.08669874211585442,False,False,True,True,True
1788618505.5195937,3.2068188512097167,37.57020826020694,0.116488757770252,False,False,True,True,True
1788618505.614857,9.176121292744101,63.20482366331811,0.169332671203754,False,False,True,True,True
1788618505.7242875,3.2519077464022503,54.72654573813325,0.18221411307701416,False,False,True,True,True
1788618505.8191044,7.437337142687856,43.89198614382818,0.1307457213719726,False,False,True,True,True
1788618505.9177432,2.6560263692744637,47.43023756610924,0.11005927826405822,False,False,True,True,True
1788618506.023262,2.35164627509224,1.9477590866405552,0.011002802567302105,False,False,True,True,True
1788618506.1211853,1.3167066434027914,10.14766239704822,0.016713459157098202,False,False,True,True,True
1788618506.2232528,4.757688525827462,34.57212603523027,0.05224196043981805,False,False,True,True,True
1788618506.3190622,1.0127874198962628,35.96392072924923,0.04167461020500765,False,False,True,True,True
1788618506.4282146,1.7439025141340994,6.962543999822595,0.009563598027718419,False,False,True,True,True
1788618506.526386,4.529959879804276,29.314521467530422,0.06037064759957509,False,False,True,True,True
1788618506.6221302,1.1001681926562032,35.1035792394327,0.0357073858277776,False,False,True,True,True
1788618506.7152314,0.7714166913571808,3.488896352524689,0.0019805115745065082,False,False,True,True,True
1788618506.828636,0.5372382360343679,1.9943494598850608,0.0014431682560775343,False,False,True,True,True
1788618506.922699,2.097464257933836,16.605913288761553,0.009536536031847027,False,False,True,True,True
1788618507.02199,0.8689908977131362,12.104644171142935,0.0079151409339324,False,False,True,True,True
1788618507.1150572,0.6252358854046356,2.7837549926022565,0.002309889874613094,False,False,True,True,True
1788618507.230513,0.4468627841765551,1.5308269022384624,0.0013610296385965146,False,False,True,True,True
1788618507.322598,2.7777096484906107,25.336817723008274,0.013565653033551658,False,False,True,True,True
1788618507.4239063,3.3138134633395304,5.766106536200086,0.0540996360002248,False,False,True,True,True
1788618507.5187936,1.5838319311473754,18.428326398651212,0.01954140352501049,False,False,True,True,True
1788618507.6263473,2.698302761819547,10.364640721707408,0.03034351742157562,False,False,True,True,True
1788618507.7253537,0.7856198774421197,19.171972725827974,0.02266800226377222,False,False,True,True,True
1788618507.8217263,0.917609356092814,1.4128626302099856,0.0035942882937019483,False,False,True,True,True
1788618507.9216897,6.803993560185666,58.87818246505834,0.09225866539714005,False,False,True,True,True
1788618508.02401,5.022340851705077,16.612345869026807,0.08247493949296335,False,False,True,True,True
1788618508.1225734,0.5454072478256872,45.13235060378942,0.05807631401596869,False,False,True,True,True
1788618508.2182045,2.1367136405297,16.7016051385495,0.009898730019950851,False,False,True,True,True
1788618508.333626,3.658123419416404,13.600067291544615,0.03061081145416704,False,False,True,True,True
1788618508.4295697,2.1991716826622,15.112194141731619,0.06728087292375014,False,False,True,True,True
1788618508.526386,0.578915229631875,16.703289681649935,0.008952437847929111,False,False,True,True,True
1788618508.6140132,0.9765277576379325,4.497707779595954,0.0021197763795692843,False,False,True,True,True
1788618508.7275956,2.8756198089310776,16.697108684872603,0.023128061334418495,False,False,True,True,True
1788618508.8281398,1.587088699361721,12.899949703633235,0.040409947942630926,False,False,True,True,True
1788618508.9215178,4.29779889596739,28.92451859477486,0.05491732277376074,False,False,True,True,True
1788618509.021424,3.062388641492024,12.82925731759214,0.0822892058571973,False,False,True,True,True
1788618509.133959,2.457238934746974,5.210538953400243,0.021834401066412837,False,False,True,True,True
1788618509.2265546,6.1453948202309165,39.68222422239262,0.05522747782399044,False,False,True,True,True
1788618509.3274465,11.649518130784028,57.012151637021105,0.24560721593739662,False,False,True,True,True
1788618509.4208546,3.488017115109591,87.84906714310958,0.42075180915437704,False,False,True,True,True
1788618509.5335011,2.0091794827079816,13.15912416881603,0.01915421016299246,False,False,True,True,True
1788618509.6303952,3.20386823804324,11.29529934707971,0.04720123516137197,False,False,True,True,True
1788618509.7276566,4.455054334626334,11.826249398895426,0.08870481605770283,False,False,True,True,True
1788618509.8212445,4.6161549589730875,1.0912230485352956,0.11608736258237871,False,False,True,True,True
1788618509.9293058,3.3645653055495717,12.532032579153261,0.0971265879212923,False,False,True,True,True
1788618510.0304618,0.935858777668775,23.727131844248895,0.0255501420141511,False,False,True,True,True
1788618510.119608,0.7588542194310056,1.920741741605697,0.0030640291951145866,False,False,True,True,True
1788618510.221944,2.163486687700509,13.724300664966245,0.01323021503691575,False,False,True,True,True
1788618510.3270538,0.5240107169038342,15.512652116969564,0.008277215095561091,False,False,True,True,True
1788618510.4285207,0.23194377769203378,2.8654422004318625,0.0005808245378262154,False,False,True,True,True
1788618510.5231113,1.890847040911382,17.54598930185508,0.0071182223434530555,True,False,True,True,True
1788618510.6370373,2.848152339664897,8.650021256403605,0.016789383896651935,True,False,True,True,True
1788618510.7261186,5.792749280937977,33.35829933958745,0.04390098339153108,True,False,True,True,True
1788618510.825959,0.7374335446111816,50.76144177839818,0.0511292328423239,True,False,True,True,True
1788618510.918,0.5792761060474886,1.8421634753388774,0.0023571861891092346,True,False,True,True,True
1788618511.0325072,1.366611593025342,6.873903795713781,0.006603211268059828,True,False,True,True,True
1788618511.1320941,2.3471640408792385,9.84166798988788,0.009913014059427456,True,False,True,True,True
1788618511.2251084,1.4341725878991174,10.007921578218207,0.009780535250967707,True,False,True,True,True
1788618511.3254285,2.400253534954894,9.64385101567787,0.021365216382346154,True,False,True,True,True
1788618511.4299355,1.7812892982033957,5.862578623078465,0.010303454065041882,True,False,True,True,True
1788618511.5346558,0.5068604358270331,12.072894990037668,0.00932191997564775,True,False,True,True,True
1788618511.6247692,1.1946398371890041,7.629043659811483,0.003989473492016665,True,False,True,True,True
1788618511.7252083,0.2742352140207839,9.18101989336406,0.00240663206359828,True,False,True,True,True
1788618511.8332772,2.171632402561768,17.573465389482195,0.011374009215530402,True,False,True,True,True
1788618511.9345322,1.4748454328965468,7.086449177814407,0.009774562205830041,True,False,True,True,True
1788618512.0297625,1.1946972684615742,3.0965427477083134,0.009855542677193229,False,False,True,True,True
1788618512.1274924,0.9182791446420938,2.854014885631368,0.0036918981704320477,False,False,True,True,True
1788618512.228712,2.6974853628362383,17.58509807470217,0.016190427714058164,False,False,True,True,True
1788618512.3333445,1.158471669138734,14.786078215159192,0.012389735288453252,False,False,True,True,True
1788618512.4270191,1.0506972821135143,1.2545561832522645,0.002973328567636928,False,False,True,True,True
1788618512.5215964,1.3220647940051276,2.8871764628573944,0.0028018422588248592,True,False,True,True,True
1788618512.6338387,1.1491068391921933,1.4798263748929557,0.009345572977701116,True,False,True,True,True
1788618512.731457,2.8893634473990457,17.82477917358448,0.014554903391429749,True,False,True,True,True
1788618512.8225136,0.897930884386701,21.95561592542203,0.01328781209088428,True,False,True,True,True
1788618512.941994,2.013370371801088,9.385684409366723,0.01697165927471941,True,False,True,True,True
1788618513.0370026,3.408161173889997,14.635028145409652,0.0193743095569186,True,False,True,True,True
1788618513.1306436,1.1367690079255828,24.204202929238477,0.016856289194604242,True,False,True,True,True
1788618513.2290628,3.631555871182511,25.362042490267047,0.0359568250425725,True,False,True,True,True
1788618513.343448,4.691114140498404,10.076779123442853,0.12359378982993069,True,False,True,True,True
1788618513.4350524,1.061368643442797,39.479771654168594,0.057286395226910695,True,False,True,True,True
1788618513.533456,0.8452708320861744,2.1235361767914744,0.0032408138469898883,True,False,True,True,True
1788618513.629732,1.4511287550971468,6.369884526040677,0.007684885308717532,False,False,True,True,True
1788618513.7420902,2.773628604444021,11.924641497574072,0.033196122351254284,False,False,True,True,True
1788618513.8340762,5.29742120232778,27.50886710942832,0.09944525761061984,False,False,True,True,True
1788618513.9313323,1.4062417745614015,40.25519725971274,0.05053435918221167,False,False,True,True,True
1788618514.0245833,0.4740499966829164,9.97122812518511,0.005273633723893592,False,False,True,True,True
1788618514.1360505,2.936377212617622,22.06454857298483,0.021275200913731813,False,False,True,True,True
1788618514.2320087,3.616561801679224,7.1941786895194495,0.026107460718518126,False,False,True,True,True
1788618514.3336341,1.6943988363098226,18.826469222457238,0.042759199180065155,True,False,True,True,True
1788618514.4304917,0.394523748787934,13.252470993636027,0.007234249254337289,True,False,True,True,True
1788618514.5434475,2.703478667613159,20.478373237079076,0.021249058850808696,True,False,True,True,True
1788618514.635707,0.9581770475002548,18.971311781592433,0.016629338109093474,False,False,True,True,True
1788618514.7259784,4.300723258723214,36.99020074106666,0.04181054839215215,False,False,True,True,True
1788618514.8284085,1.23997939972827,30.485465310741155,0.047291421769094455,False,False,True,True,True
1788618514.9416356,0.5616662163591825,6.0039899652050135,0.002788185410617032,False,False,True,True,True
1788618515.0310965,4.621526683355448,45.383691536466166,0.04316849678899759,False,False,True,True,True
1788618515.1307414,3.132123697275824,14.914073193795735,0.030154303842442127,False,False,True,True,True
1788618515.2463799,0.3628141038344901,23.84892429593195,0.020359767832059367,False,False,True,True,True
1788618515.3438206,0.9661244850454257,6.206644079618514,0.0017818373197451979,False,False,True,True,True
1788618515.4381943,0.6016689478404106,3.824759985214606,0.0019630872227374314,False,False,True,True,True
1788618515.5244963,1.2759061410713115,7.906329680149585,0.0036726808897797887,False,False,True,True,True
1788618515.6427321,1.0888901486713136,1.6363388342329357,0.008273805951733677,False,False,True,True,True
1788618515.7376158,3.1868626398332762,21.98147802863256,0.015505247627717314,False,False,True,True,True
1788618515.8404949,0.33018023196279345,27.85908189220505,0.018057988080273597,False,False,True,True,True
1788618515.9435291,3.4817636975006616,30.599447315322102,0.030801460225953876,False,False,True,True,True
1788618516.0450056,0.6859570963052194,27.849285620303213,0.024273648502801483,False,False,True,True,True
1788618516.1391053,1.5583942949476086,9.278203830262862,0.007740109753347381,False,False,True,True,True
1788618516.2418318,1.5208752489424382,0.45286439414307533,0.014831253804785272,False,False,True,True,True
1788618516.3310204,1.9434143488515494,4.813442293489533,0.006103728166917757,False,False,True,True,True
1788618516.4411514,1.0048042218887148,8.444093516326639,0.005162708707325895,False,False,True,True,True
1788618516.535317,2.1202010676406853,11.914119201446606,0.0067499502167042355,False,False,True,True,True
1788618516.6372533,1.455934813146556,6.441900475914733,0.01996222816864862,False,False,True,True,True
1788618516.7344198,0.7743357887875124,7.080610338921221,0.003851436352721782,False,False,True,True,True
1788618516.8431027,3.82408245263373,28.016101661672508,0.04423018657298165,False,False,True,True,True
1788618516.938787,1.0109021350346192,29.335256134438502,0.03120754746137509,False,False,True,True,True
1788618517.0357492,0.4203448540605288,6.081133792400822,0.0024019608060872133,False,False,True,True,True
1788618517.1320648,1.7801160434170449,14.243477939393976,0.00794385503414374,False,False,True,True,True
1788618517.2446306,3.3933810123086108,14.303627782545181,0.05303975264185193,False,False,True,True,True
1788618517.3451135,3.834011752588112,5.516607510344709,0.09411638136742193,False,False,True,True,True
1788618517.4340632,0.9024343213834433,33.75674744053848,0.03271938774271204,False,False,True,True,True
1788618517.546633,0.8910483410682771,0.1123480476099231,0.0025092890978806264,False,False,True,True,True
1788618517.6443124,1.8507722286975643,9.772216972540848,0.006633603014481628,False,False,True,True,True
1788618517.743541,0.6537430447463997,12.48052722911442,0.007061998546000008,True,False,True,True,True
1788618517.8393362,1.7323244348072186,11.09999264551609,0.005796290869710357,True,False,True,True,True
1788618517.9404144,0.7594162324746837,9.446933625930486,0.005834405271134807,True,False,True,True,True
1788618518.0447798,0.3733231545954158,3.648095568704265,0.002054448045009388,True,False,True,True,True
1788618518.1410456,0.44206841097760946,0.6936286372341557,0.0006901439373532885,True,False,True,True,True
1788618518.2330616,0.16087299321641793,3.0634311888124994,0.00039095903038796165,True,False,True,True,True
1788618518.3487885,0.6527361040142009,4.243902289693702,0.0012292771454221385,False,False,True,True,True
1788618518.441459,0.7760169007660225,1.3285386698126995,0.0013844266735841308,False,False,True,True,True
1788618518.5460975,0.40835072123569144,3.5131883375716053,0.0019252224918511539,False,False,True,True,True
1788618518.6355147,0.7068631994857835,3.3307419325138596,0.0008887844877386657,False,False,True,True,True
1788618518.7445915,1.655644179629171,8.72145753861016,0.00996381454429513,False,False,True,True,True
1788618518.841112,0.43397289146407014,12.540605043302062,0.0059459424587397745,False,False,True,True,True
1788618518.9368234,0.29673287281736954,1.4242466165367296,0.00080354538886187,False,False,True,True,True
1788618519.0381715,0.2416236025143364,0.529378507576283,0.00030706775879676496,True,False,True,True,True
1788618519.147282,0.24868693758031582,0.07077483818973035,0.0003677861239954911,True,False,True,True,True
1788618519.2418566,0.9970929140271043,7.933226972035527,0.001692176073509743,True,False,True,True,True
1788618519.3443847,1.7799217385338335,7.688428221166758,0.013070432907433843,True,False,True,True,True
1788618519.4401393,0.9093015182734002,9.274652797458346,0.006250601434648741,True,False,True,True,True
1788618519.549078,0.2120322432967658,6.436063014745575,0.0017564558527784853,True,False,True,True,True
1788618519.6371374,0.19927668518594766,0.1386763911837083,0.00017533050433288618,True,False,True,True,True
1788618519.7412658,0.8219940755283264,5.976340150783738,0.001597677073170022,True,False,True,True,True
1788618519.8519437,3.156121409449552,21.06144979739181,0.02212146426805925,False,False,True,True,True
1788618519.9462779,3.2747173510949357,1.267711538740017,0.024638004363361,False,False,True,True,True
1788618520.0389466,1.248255441224008,21.935586003296592,0.01678382608732053,False,False,True,True,True
1788618520.1379519,0.6467804495932963,6.058942297822909,0.002713841124495586,True,False,True,True,True
1788618520.2474842,1.6977731738876667,9.606265413079862,0.006106326053301908,True,False,True,True,True
1788618520.3480325,3.680309103956568,19.805309208500407,0.02289847895704546,True,False,True,True,True
1788618520.4425719,0.548919493822526,33.09877359047207,0.02721014948284042,True,False,True,True,True
1788618520.5396252,0.5427799436831181,0.0873859758975357,0.0015159799302265533,True,False,True,True,True
1788618520.6525352,1.1207354526648656,5.102526721707729,0.005270572851464885,True,False,True,True,True
1788618520.7501855,0.4244388594644298,7.0823312530316,0.003731769659810911,True,False,True,True,True
1788618520.8450875,0.5216226625695337,1.0398164371991963,0.0010476337969981355,True,False,True,True,True
1788618520.9401548,2.072115079803012,16.320320275292943,0.007925995756943255,True,False,True,True,True
1788618521.045588,0.8182118995680209,12.044230690555757,0.007575488727177432,True,False,True,True,True
1788618521.1485267,0.37193412010633026,4.314297696243581,0.0024300824243973598,False,False,True,True,True
1788618521.2384214,1.1708803399999763,8.891166291369846,0.003504880194335401,False,False,True,True,True
1788618521.3379161,0.35033501877102907,8.271356441982613,0.0034320998549168106,False,False,True,True,True
1788618521.450877,0.5887538792438347,2.108094189963347,0.0016330781502986338,False,False,True,True,True
1788618521.5473862,0.6352899536613045,0.5105511706505703,0.002565361580409541,False,False,True,True,True
1788618521.6459177,0.8765452943729802,2.4820804461567536,0.0015001832395127538,False,False,True,True,True
1788618521.7409759,1.6560590528995291,8.223517419248187,0.009888309970014733,False,False,True,True,True
1788618521.8527741,0.294419581090068,12.235356608423908,0.005011371661480597,False,False,True,True,True
1788618521.946299,1.245357869341189,10.167224572736119,0.003804716872180101,False,False,True,True,True
1788618522.046578,0.4869790521989976,7.612578401670495,0.0026764316042598513,False,False,True,True,True
1788618522.1527386,0.9848793917038793,4.698327803139411,0.0037823187080237544,False,False,True,True,True
1788618522.2507906,0.746878811722894,2.41986412154538,0.00239214977469819,False,False,True,True,True
1788618522.341569,0.20785037359911948,5.917701688077092,0.0015599084094610046,False,False,True,True,True
1788618522.4405878,0.3691088511170391,1.6086590955563944,0.00042131190925277524,False,False,True,True,True
1788618522.5543244,0.9810572854218581,5.35859649261244,0.003777372257008073,False,False,True,True,True
1788618522.6526387,0.2200055878426821,7.758503661758638,0.0032193936051838614,False,False,True,True,True
1788618522.7494085,1.9393578737215074,17.7737933258109,0.008575041772157755,False,False,True,True,True
1788618522.842487,1.6982775298774206,2.512090106073015,0.006871474968756606,False,False,True,True,True
1788618522.956041,0.5177075229230372,10.432554419444646,0.004296145951295724,False,False,True,True,True
1788618523.05327,1.7462180904126297,12.639977022410227,0.004955867200731168,False,False,True,True,True
1788618523.1448507,0.8891605701550346,9.404784751926625,0.006322045648540954,False,False,True,True,True
1788618523.246831,0.33892080564579674,5.377619414414434,0.0014099571619840135,False,False,True,True,True
1788618523.3567,0.2860443260844533,0.4758729942532132,0.0004631971817273134,False,True,True,True,True
1788618523.4515996,0.6662045733937897,4.0087929176111095,0.0011798097924160876,False,False,True,True,True
1788618523.549773,0.7835754095662549,1.2122642025335342,0.0013727735987698166,False,False,True,True,True
1788618523.643989,1.1267397048200498,3.6739553187799023,0.002690934390127125,False,False,True,True,True
1788618523.7554138,0.7963308998410539,2.9392397451921153,0.004078401511624541,False,False,True,True,True
1788618523.8521194,8.255924083834376,77.06405950998963,0.1398631897878371,False,False,True,True,True
1788618523.9531593,6.173289121669087,19.292514320490167,0.13324765803824898,False,False,True,True,True
1788618524.0424187,1.2216419696985106,54.94435619892417,0.08381598997986489,False,False,True,True,True
1788618524.1611829,1.544301792747069,2.753318227847601,0.014267098935279679,False,False,True,True,True
1788618524.2575197,4.355347479999684,29.158169847611735,0.04929705497404945,False,False,True,True,True
1788618524.3449776,5.139459970643539,9.340845514234195,0.04372460540197534,False,False,True,True,True
1788618524.4586568,0.8852367822314181,36.861265132656506,0.055488967429240525,False,False,True,True,True
1788618524.5554647,2.4481062335774926,16.14421840976303,0.012143529299410424,False,False,True,True,True
1788618524.6529658,0.6268640136808575,18.605608017982476,0.012001503780437775,False,False,True,True,True
1788618524.74977,2.6784390245278837,21.216115071217803,0.018632864265745158,False,False,True,True,True
1788618524.8592014,2.8885163837800913,1.8743756202005286,0.022237496694866847,False,False,True,True,True
1788618524.954485,0.5578733414470124,24.545613662184643,0.021643352346290154,False,True,True,True,True
1788618525.046778,3.1023402086750145,27.56087949486945,0.021331358767013957,False,False,True,True,True
1788618525.1451118,2.2659941066668945,8.609767424568355,0.016689272993907826,False,False,True,True,True
1788618525.2591221,1.7455637131173571,5.030754987008419,0.011096919316434578,False,False,True,True,True
1788618525.3593967,2.898673079975455,11.505941833333203,0.017166867348100946,False,False,True,True,True
1788618525.455065,0.8780844979826306,20.71941904075587,0.01593487728300967,False,False,True,True,True
1788618525.551123,0.8513809109823384,0.23042276659307587,0.002123351610444699,False,False,True,True,True
1788618525.6629605,1.1527273339443762,2.820763828644972,0.006073331521248684,False,False,True,True,True
1788618525.7525046,1.1058241964407207,0.10980764738343007,0.007262850359792151,False,False,True,True,True
1788618525.8531313,2.171393258018283,10.604289760530868,0.0158329746962075,False,False,True,True,True
1788618525.9454336,4.596711778072018,26.110938316505788,0.03482989495254733,False,False,True,True,True
1788618526.0591035,1.9328710750231184,23.87604454597607,0.07642182599256615,False,False,True,True,True
1788618526.157678,1.0965535288388182,9.204001768416617,0.010519556350968177,False,False,True,True,True
1788618526.252026,1.2633720438087221,1.777026296689136,0.0039011258214672446,False,True,True,False,False
1788618526.3468525,0.4781892094477505,8.170059046836176,0.002650697301961148,False,False,True,False,False
1788618526.4535959,0.5613574518941367,0.7661843899660611,0.0018196614037307075,False,False,True,False,False
1788618526.556422,0.805305058011431,2.4202896846552404,0.0014300069737048684,False,False,True,False,False
1788618526.6516063,1.4060792527591057,6.117524716526475,0.0035923082054820712,False,False,True,False,False
1788618526.7676108,1.0952269078394048,2.61950789990187,0.009645975353649397,False,False,True,False,False
1788618526.8591616,1.014289833377772,0.8314588413710743,0.005182471695621672,False,False,True,False,False
1788618526.9548173,0.5728051182380656,4.573302161221694,0.0017312256281120156,False,False,True,False,False
1788618527.0546103,1.4884908003917956,9.272807110745951,0.007554579863030725,False,False,True,False,False
1788618527.1687615,1.0264481176989124,4.02354000647416,0.006966549167645396,False,False,True,False,False
1788618527.2641895,1.633467373447315,6.363106324436956,0.009288424723164922,False,False,True,False,False
1788618527.3588817,1.8266302655791489,1.9623057019417187,0.018127337975549333,False,False,True,False,False
1788618527.4552777,0.48890026387610924,13.87332442879785,0.005957361917140545,False,False,True,True,True
1788618527.567189,1.0367680679534377,4.885311752925191,0.004824777698499402,False,False,True,False,False
1788618527.6677964,2.60887707896066,15.869796447577944,0.025127328315342673,False,False,True,True,True
1788618527.757356,14.05380888168127,126.86600677198922,0.3098611825487047,False,False,True,True,True
1788618527.8489647,3.813404475103646,114.35416532077622,0.3051949328852472,False,False,True,True,True
1788618527.965625,3.636316295737568,1.9660008348393094,0.09616633398102957,False,False,True,True,True
1788618528.0627592,0.895553515365664,28.666703594458962,0.04908419864277763,False,True,True,True,True
1788618528.159784,1.3016331501546126,4.114192078471291,0.003221368971054418,False,False,True,True,True
1788618528.2553713,0.5336977255819071,8.093925894500694,0.004281094037225467,False,False,True,True,True
1788618528.3669825,1.0646422493209984,4.717937550413183,0.0036065154015823848,False,False,True,True,True
1788618528.4547725,0.28693911993267185,8.850543967593856,0.002732632406808012,False,False,True,True,True
1788618528.557606,2.3216677759832804,19.801372937427786,0.013661172824732552,False,False,True,True,True
1788618528.652941,0.37495416824263916,20.3144938047494,0.011040773491873442,False,False,True,True,True
1788618528.7644205,0.7928839712755229,3.759703538008602,0.0024724860149025235,False,False,True,True,True
1788618528.8649755,0.43627592109191315,3.471823075436654,0.002660525123559278,False,False,True,True,True
1788618528.9588392,1.21292738237829,8.303004228426163,0.003941376270503195,False,False,True,True,True
1788618529.070362,1.1094672545048028,0.8574772124916559,0.009118566815110894,False,True,True,True,True
1788618529.167541,1.443182114342231,3.5552449825345493,0.011557918618266346,False,False,True,True,True
1788618529.258325,0.3812262290376998,11.541915997369507,0.004794115759259432,False,False,True,True,True
1788618529.354175,3.5790964927728246,33.371761640760596,0.027372917731573892,False,False,True,True,True
1788618529.4691246,1.7761584670873802,15.761609786993494,0.02135960390903202,False,False,True,True,True
1788618529.5656996,1.506352458682955,3.1057617572695744,0.02104916910805188,False,False,True,True,True
1788618529.6587126,2.758699524048239,13.36506194781925,0.011975718182291933,False,True,True,True,True
1788618529.7521951,0.9309289619268778,19.67127775027415,0.014246257138133996,False,False,True,True,True
1788618529.8639407,0.761529257496347,1.5469570864441438,0.0034717471593454048,False,False,True,True,True
1788618529.972672,1.0176899487153914,2.3231533116815664,0.005340852948968408,False,False,True,True,True
1788618530.0692406,1.1545208870277297,1.3938437862349713,0.0076276878310358965,False,False,True,True,True
1788618530.1645765,2.3571231525174285,12.490931009143104,0.008658495295995309,False,False,True,True,True
1788618530.2758114,0.6045897971391924,15.615144136157364,0.01403120432066696,False,False,True,True,True
1788618530.3615584,0.8251301492478069,2.587696065431804,0.0016420225256385049,False,False,True,True,True
1788618530.4592485,0.2041099000743307,6.342072362543467,0.0010089244000593563,False,False,True,True,True
1788618530.5506613,0.45813954176796756,2.8065294039297517,0.00045606389256978174,False,True,True,True,True
1788618530.6681743,1.7039651224999008,10.600816865149456,0.007990602572301109,False,False,True,True,True
1788618530.7617233,2.0261800429574572,3.421176906722512,0.008545248244775212,False,False,True,True,True
1788618530.857846,0.0838835044259499,20.22565756299989,0.007808933630055063,False,False,True,True,True
1788618530.9561136,1.0222452961193351,9.548568876845437,0.002396775562085919,False,False,True,True,True
1788618531.068272,0.2967324186027671,6.454272491122992,0.001801544837977101,False,False,True,True,True
1788618531.1680565,0.9616724514430274,6.668665096840184,0.0025487257402291735,False,False,True,True,True
1788618531.2618423,1.053290322170617,0.986480925960184,0.0021749484832526153,False,False,True,True,True
1788618531.3765903,1.1632396375550023,1.000905272697702,0.0039009961851201825,False,False,True,True,True
1788618531.471599,1.2626560134368694,1.0550591790492385,0.0036954451537514347,False,False,True,True,True
1788618531.5636575,3.3442010387091425,22.56138642548043,0.016639628193569293,False,False,True,True,True
1788618531.662698,4.053918793307063,7.119327413999771,0.032569339573265445,False,False,True,True,True
1788618531.770713,2.2723364432691775,16.688684323901104,0.027892173407655565,False,False,True,True,True
1788618531.8658466,2.6033409772520266,3.510850820716927,0.013773336849730103,False,False,True,True,True
1788618531.9567125,1.5393099725093289,11.257250805237064,0.011222182809632967,False,False,True,True,True
1788618532.0579307,1.192455713687768,3.234715532405314,0.009982452420706571,False,False,True,True,True
1788618532.17204,0.607616606498527,5.124269899213773,0.0044132016774457265,False,False,True,True,True
1788618532.2628717,2.2203792618983695,17.76691931265757,0.010874342795867084,False,False,True,True,True
1788618532.3630848,1.4558673599093412,7.594896518173287,0.008024253747185666,False,False,True,True,True
1788618532.46424,3.0924733975306937,16.384458961902183,0.03510737035631248,False,False,True,True,True
1788618532.5703378,4.39585775471075,12.221277937729432,0.039758003815576155,False,False,True,True,True
1788618532.6675491,0.7610567240795295,37.6344289292625,0.04471286880282201,False,False,True,True,True
1788618532.7632413,0.2372139469093794,5.484801101300848,0.001720995848983912,False,False,True,True,True
1788618532.8584285,1.503251130515184,13.289535786011848,0.0054959988888798016,False,True,True,True,True
1788618532.975546,0.9153355992982101,5.0411948619573375,0.004242949558239325,False,False,True,True,True
1788618533.06729,0.763109431822442,1.6399293605755858,0.003526089580476153,False,False,True,True,True
1788618533.1622837,3.066221145092341,24.15322135372638,0.02268621992028508,False,False,True,True,True
1788618533.252301,0.9893018447921177,23.19359702713392,0.019180455864473953,False,False,True,True,True
1788618533.3725362,0.25091450394731646,6.186710003647628,0.0024285519577676848,False,False,True,True,True
1788618533.4675226,0.7016219253625543,4.73725114546758,0.001425361221554855,False,False,True,True,True
1788618533.5595517,0.24137658689236385,5.039274649392864,0.0012935535235343162,False,False,True,True,True
1788618533.6743846,1.0705993562441762,7.241137915753202,0.0039183499129769464,False,False,True,True,True
1788618533.7740257,0.4762847126883124,5.873349088496053,0.0028734361170321934,False,False,True,True,True
1788618533.8686454,1.467375420148276,10.524887390760194,0.004003065162081323,False,False,True,True,True
1788618533.9674137,4.464258741326407,30.42649131875365,0.03609055336760988,False,False,True,True,True
1788618534.0836995,0.82087546260358,31.479479495954266,0.037954406528823856,False,False,True,True,True
1788618534.1726334,0.8317033700871382,0.13046918232298815,0.0049448016378545005,False,False,True,True,True
1788618534.2718794,0.6517359399116188,1.7843925634598057,0.0019493202330389528,False,False,True,True,True
1788618534.3710458,0.24582679620376774,4.082345650777969,0.0008550241908606449,False,False,True,True,True
1788618534.476328,2.7249311028094665,23.5477149183897,0.018197838740883744,False,True,True,True,True
1788618534.575135,6.500549864057229,38.131592990492784,0.07262828008579578,False,False,True,True,True
1788618534.670224,1.2442994126486857,55.17531176630451,0.0812350142191419,False,False,True,True,True
1788618534.7643032,1.6631936208474951,4.4848106831397825,0.013239456203184233,False,False,True,True,True
1788618534.8753347,0.3853914891588361,11.506378139035071,0.005339106178776271,False,False,True,True,True
1788618534.968813,0.20489096056047681,1.9234089362149533,0.0006171016885839919,False,False,True,True,True
1788618535.0654597,2.9425892690961986,28.328748528907596,0.01931403177304225,False,False,True,True,True
1788618535.1600842,3.721140175220944,8.243604946035147,0.02484492118237798,False,False,True,True,True
1788618535.2782547,0.9032567070141087,23.69619923947567,0.03717742621801447,False,False,True,True,True
1788618535.3709052,1.1717264541797334,2.9331783330639287,0.003277876233246699,False,False,True,True,True
1788618535.4659462,1.109920338399145,0.6786754985572478,0.007929696183455504,False,False,True,True,True
1788618535.5631876,0.36230119474047956,7.654601367945046,0.0035610242081644625,False,False,True,True,True
1788618535.677021,0.5189776624820187,1.3726502032548218,0.0009317836985003503,False,False,True,True,True
1788618535.7856832,1.5249744134956167,9.236868073424862,0.005566818012096165,False,False,True,True,True
1788618535.8769834,0.8256630194917469,7.784994347250745,0.005697968643059065,False,False,True,True,True
1788618535.973949,1.7660996054306084,9.677866724780513,0.00899272338217151,False,True,True,True,True
1788618536.072742,0.2413952078955252,15.443931793729345,0.006367910066943732,False,False,True,True,True
1788618536.1724637,0.37832114970558284,1.3812509802427642,0.0004911634995056061,False,False,True,True,True
1788618536.2701478,0.2701788518993078,1.0955917854028567,0.0005908507577072928,False,False,True,True,True
1788618536.383161,0.5091170047509459,2.134321266112554,0.0011998173931088555,False,False,True,True,True
1788618536.473067,0.9275482837041849,4.68068506844896,0.001510994510259249,False,False,True,True,True
1788618536.5690017,0.9441553261602069,0.289079174463881,0.0024185432294024875,False,False,True,True,True
1788618536.6692913,0.6186938919844922,3.192385480867971,0.0036989563025494063,False,False,True,True,True
1788618536.7793076,0.24027754625059436,3.4093458459608246,0.0013625013887384582,False,False,True,True,True
1788618536.8774257,1.6643388875407301,14.503983670995787,0.006531638079849802,False,False,True,True,True
1788618536.9738097,2.491397643419054,8.07553379169078,0.011578067604527264,False,False,True,True,True
1788618537.0743656,1.8750297850276036,6.226853312047235,0.011474362135984004,False,False,True,True,True
1788618537.18252,0.6047863932982739,11.75452800480386,0.011205157464667234,False,False,True,True,True
1788618537.277493,0.9928734822841494,4.0353752048166465,0.003069791702518671,False,False,True,True,True
1788618537.3721635,2.1337798454441397,12.054237355105354,0.007432066585023192,False,False,True,True,True
1788618537.4666626,1.0394132597271133,11.535671424264038,0.007142060184100346,False,False,True,True,True
1788618537.5816965,0.221329349450261,7.186072871349823,0.002214307179175478,False,False,True,True,True
1788618537.6742597,3.8303845405349732,38.96745175040967,0.029430433129245797,False,False,True,True,True
1788618537.773994,3.7030445840732304,1.3428610574129127,0.030415055159271183,False,False,True,True,True
1788618537.867462,1.7171618880276425,21.117456819782028,0.04979928733028801,False,False,True,True,True
1788618537.9789064,2.8705708368067144,10.255365129721909,0.017792262089607623,False,False,True,True,True
1788618538.0788732,0.3833249899773286,24.916363908531316,0.02130324958134002,False,False,True,True,True
1788618538.167521,1.9132936492508479,17.250599937429158,0.005488151565140882,False,False,True,True,True
1788618538.2896388,2.1137533834697533,1.632999074842715,0.012674555322625234,False,False,True,True,True
1788618538.383509,2.6383772008967608,5.566954437202981,0.014588777806115859,False,False,True,True,True
1788618538.4792714,1.6631389588807481,10.290383395276697,0.02823178135523852,False,False,True,True,True
1788618538.5805779,0.7702253933756602,8.799122761302998,0.004335119002979913,False,False,True,True,True
1788618538.711874,0.3091821216266243,3.5251628453913564,0.0019414585442639235,False,False,True,True,True
1788618538.7780561,0.20286848683895423,1.6084515096512724,0.0003082541985493643,False,False,True,True,True
1788618538.8724604,0.7108112932395382,5.371863460919794,0.0009086565660233832,False,False,True,True,True
1788618538.9753678,2.4095024016745388,16.535594147476907,0.012480102883238505,False,False,True,True,True
1788618539.088128,0.2951877935285664,18.740490610792058,0.012308931490703055,False,False,True,True,True
1788618539.1979625,0.2143874581324731,0.730475499922347,0.00028255296221554437,False,False,True,True,True
1788618539.2942185,0.4569351667115107,2.5180604181638455,0.00043416450790586397,False,False,True,True,True
1788618539.3951051,1.6614541956649893,11.928075713875005,0.005906604454590657,False,False,True,True,True
1788618539.5108058,0.9569977315427614,6.099111980643613,0.009613912463142107,False,False,True,True,True
1788618539.5931194,1.6376313718896205,8.194465168144843,0.003728634295450489,False,False,True,True,True
1788618539.6812315,0.23803729585822236,15.866447926290524,0.0041134727371892575,False,False,True,True,True
1788618539.8006191,0.6359798011639237,3.3307968494921254,0.0011094579402563312,False,False,True,True,True
1788618539.8965588,3.7240234540924537,32.24436141187034,0.02457284862497299,False,False,True,True,True
1788618539.993237,2.3097960214517763,14.322334801078417,0.022227809645790342,False,False,True,True,True
1788618540.1077886,1.1812107826765275,9.874235750088904,0.021936144308136302,False,False,True,True,True
1788618540.2110362,0.38001873741910436,7.782138671684207,0.003642716677126236,False,False,True,True,True
1788618540.3074548,2.3508247414511834,20.460556188023105,0.013442033352410947,False,False,True,True,True
1788618540.3982806,1.0979480589302253,13.643776707171153,0.01870864892829138,False,False,True,True,True
1788618540.493217,0.3972200954976733,7.429785158897455,0.0018420151466225182,False,False,True,True,True
1788618540.6055555,3.373689548572827,26.456271369268627,0.035525439090655496,False,False,True,True,True
1788618540.7027302,1.1724639025215708,22.67984943002041,0.03793973428186501,False,False,True,True,True
1788618540.8010852,0.34617186988801263,8.386464588379226,0.0030254104164823925,False,False,True,True,True
1788618540.892996,2.3362461085864656,21.672744861103087,0.009746956082213173,False,False,True,True,True
1788618541.0044928,3.2205975334870076,8.098304404505045,0.05610533181883279,False,False,True,True,True
1788618541.099024,3.6493429334661696,4.3790715549527555,0.028401723637118462,False,False,True,True,True
1788618541.1904247,3.1153560811723957,5.702591412538855,0.023161114204974576,False,False,True,True,True
1788618541.3066,3.2252173404708633,0.9721026072809174,0.0265280547035736,False,False,True,True,True
1788618541.4104712,3.379771436035432,1.4211955252189048,0.03019461879447893,False,False,True,True,True
1788618541.5105271,3.786172598291477,3.8144575491365655,0.03105592413929532,False,False,True,True,True
1788618541.5996199,3.850601525399273,0.7055406937497218,0.029735330811744985,False,False,True,True,True
1788618541.702083,1.375422547433401,24.44464375942279,0.020689870850402095,False,False,True,True,True
1788618541.8058949,0.8148220580719641,5.357549433878863,0.008253430506104463,False,False,True,True,True
1788618541.900971,1.7830516808180377,10.167947014198448,0.011201626134115798,False,False,True,True,True
1788618541.9917815,1.1329759565963389,7.2158229038844475,0.012205692390372965,False,False,True,True,True
1788618542.0968783,2.081842318364188,9.037634494462125,0.008281930569155552,False,False,True,True,True
1788618542.2157516,0.15924896196836477,16.11625715549491,0.010467103798429344,False,False,True,True,True
1788618542.3080287,0.9668022167101851,8.753635481370196,0.001744291598962288,False,False,True,True,True
1788618542.393498,1.9228979881076986,11.274030381101534,0.004908017207634978,False,False,True,True,True
1788618542.5026493,1.5272519061444727,3.5880008133765458,0.016946994417502848,False,False,True,True,True
1788618542.6063414,0.42854096454884877,10.610344811881022,0.005644989614547883,False,False,True,True,True
1788618542.7068348,1.0948131481678705,6.64095056063701,0.0035886614537082202,False,False,True,True,True
1788618542.7920194,3.874119180544122,32.654223609488014,0.03126709083608079,False,False,True,True,True
1788618542.907659,3.14525071284501,6.319006584266699,0.03025012521515701,False,False,True,True,True
1788618543.0080626,0.9373115943139727,22.145277332228865,0.027515827669189998,False,False,True,True,True
1788618543.0988436,1.0006882010560971,0.7162946812329506,0.003857490057221745,False,False,True,True,True
1788618543.1920278,1.9817249554820124,10.571356055030975,0.006062346040595267,False,False,True,True,True
1788618543.3366635,0.4994229503318565,10.266629847728638,0.006070448482983216,False,False,True,True,True
1788618543.4018931,1.0352502501434957,8.209727251917435,0.0012313169667436748,False,False,True,True,True
1788618543.494775,1.202728655941384,1.8399094335671755,0.0024931004454139534,False,False,True,True,True
1788618543.5979562,1.1276475133109514,0.6508683620475493,0.0030767349306531615,False,False,True,True,True
1788618543.7033896,0.04608909867161074,10.261750881854386,0.003045333342531608,False,False,True,True,True
1788618543.8016434,1.31880063205521,12.951713568769854,0.0037678827392788458,False,False,True,True,True
1788618543.9276092,1.1046988728608236,1.8644027469957576,0.0043036894759561125,False,False,True,True,True
1788618543.997379,5.310830067672759,60.19194717384688,0.04556364877695062,False,False,True,True,True
1788618544.0969682,1.5521026466089616,37.212579652706914,0.023440889925290496,False,False,True,True,True
1788618544.19451,0.9571729250581726,6.12414037659477,0.0050671488824129305,False,False,True,True,True
1788618544.2952163,0.6330818813086985,3.225485423665859,0.00333517209196219,False,False,True,True,True
1788618544.3850555,2.466873498987114,20.404338612354515,0.012397820755811258,False,False,True,True,True
1788618544.507198,1.4699476874243889,8.153810165600065,0.010152925901931368,False,False,True,True,True
1788618544.59791,2.7234885873381813,13.864664573056935,0.0111964433887393,False,False,True,True,True
1788618544.6841564,3.624909861193033,10.623246865536581,0.019973675202458782,False,False,True,True,True
1788618544.8037732,0.4215303935188082,26.813501097888693,0.023897416076316683,False,False,True,True,True
1788618544.8893626,1.9468383394386537,17.830076153161777,0.0059304071334763,False,False,True,True,True
1788618544.988787,0.6340592292787627,13.168969635392568,0.008716291320826101,False,False,True,True,True
1788618545.082295,0.2826510703147802,3.754394100656137,0.0011656888244522801,False,False,True,True,True
1788618545.1978354,1.1152880995537828,7.2041190499006875,0.004530511432516585,False,False,True,True,True
1788618545.2972956,0.3857420021571755,7.333540888769202,0.0032161574538585383,False,False,True,True,True
1788618545.3891325,0.9250258565995102,5.864387859490286,0.0025865888814950153,False,False,True,True,True
1788618545.4871511,0.633663174467752,3.023863055110422,0.0015449818352211663,False,False,True,True,True
1788618545.5952623,0.2523680836910049,3.5187995957743583,0.001190685926568997,False,False,True,True,True
1788618545.6913521,1.0964245863595288,8.806498835741206,0.0027224106262529386,False,False,True,True,True
1788618545.7872283,0.9029422854176916,1.9705363807556155,0.0025586195087605114,False,False,True,True,True
1788618545.884164,1.2549316214337312,3.645948745051672,0.005423173959907918,False,False,True,True,True
1788618545.992939,0.3393924979278765,8.304515559479865,0.002989378655840852,False,True,True,True,True
1788618546.095714,2.3137076682443047,19.229712879147435,0.01481982603039171,False,False,True,True,True
1788618546.1931517,0.8153041843343644,15.617372143444202,0.01597224050725364,True,False,True,True,True
1788618546.283631,2.6237749923659637,19.895274629159555,0.015447626029511162,True,False,True,True,True
1788618546.3968687,2.9634757625142765,3.215188497352701,0.02900184763137733,True,False,True,True,True
1788618546.49273,2.7678023721291813,3.2518717880303565,0.03186749346999191,False,True,True,True,True
1788618546.5891411,3.8921981430625294,11.977968492617297,0.0402360786428047,True,False,True,True,True
1788618546.6876383,4.142195010432606,2.9356634306120815,0.05178217555203234,False,False,True,True,True
1788618546.7968657,1.191977210396572,28.082275543784924,0.03195848363565072,False,False,True,True,True
1788618546.8910437,10.356514268874827,96.76738892004255,0.18098020498162107,False,False,True,True,True
1788618546.990509,1.4095047845764388,86.74023684149131,0.20101524966445997,False,False,True,True,True
1788618547.097062,1.2577454005340098,0.503559661902849,0.011943219568895052,False,False,True,True,True
1788618547.1976538,7.937991250178987,66.6441738347605,0.15790550623465446,False,False,True,True,True
1788618547.2948852,0.886484940238413,73.4376651906118,0.14661444661562886,False,False,True,True,True
1788618547.39115,3.528944117338116,27.53838026821973,0.024720853566865278,False,False,True,True,True
1788618547.4992769,1.2864222589095637,20.941599538774675,0.041501755039927105,False,False,True,True,True
1788618547.5986364,3.971700830789697,26.721912478885496,0.030967261234428764,False,True,True,True,True
1788618547.6936028,1.0961033274550136,30.73370103491152,0.0482773645095293,False,False,True,True,True
1788618547.7882087,0.8866766003373292,2.1912259208577214,0.0022744703044874272,False,False,True,True,True
1788618547.9014323,1.9390212792591137,9.307595575772066,0.016621222250308043,False,False,True,True,True
1788618547.995135,2.9171919353203086,10.45127087627891,0.014676791498337578,False,False,True,True,True
1788618548.0951018,0.32771577096989224,25.728286383193225,0.016235931970760363,False,False,True,True,True
1788618548.1850686,2.47664078294451,23.90059308995639,0.012771400149245682,False,False,True,True,True
1788618548.2952166,1.325199281626019,10.468625862924657,0.009154502282338448,False,False,True,True,True
1788618548.396551,0.29456743602815166,10.215911658168634,0.004561595025783001,False,False,True,True,True
1788618548.4897392,0.9521933615944549,7.0467716994178975,0.0016818778684571396,False,False,True,True,True
1788618548.5811083,0.1873361339484479,8.433781077029781,0.0017901537605095122,False,False,True,True,True
1788618548.6991775,0.14952868751128673,0.32881996172522066,0.0001544043908981597,False,False,True,True,True
1788618548.7947295,0.1393698958070304,0.10553973935212736,0.00012176292970091164,False,False,True,True,True
1788618548.8907113,1.3063014068251824,12.154737536633629,0.0034790864365566517,False,False,True,True,True
1788618548.988405,4.354623800387967,31.325576161684303,0.03333853820577589,False,False,True,True,True
1788618549.0951827,1.7227757852121215,24.276416606028583,0.0317531718785679,False,False,True,True,True
1788618549.1961298,1.5057995683896848,2.0092189520010884,0.006912839695320556,False,False,True,True,True
1788618549.2941043,1.2155665901895418,2.873444179107171,0.004834304810296564,False,False,True,True,True
1788618549.4068198,0.6593384937764504,4.7875333339481845,0.002894935798603042,False,False,True,True,True
1788618549.4984727,0.8654856013249287,2.31177165068483,0.0035896525075219286,False,False,True,True,True
1788618549.592259,0.9962687482299746,1.4275713813515594,0.0038130379588058945,False,False,True,True,True
1788618549.6918552,3.139286893304507,21.55441951332002,0.02009004364355111,False,False,True,True,True
1788618549.8042927,0.26381948376160064,25.591680885269614,0.023393107318027753,False,False,True,True,True
1788618549.9020684,1.190885939663894,9.471719462324547,0.003420171066007445,False,False,True,True,True
1788618549.994303,0.49749930809721526,7.576344979738968,0.0027031002790383844,False,False,True,True,True
1788618550.090952,0.06458830142984477,4.48886672124858,0.0005065171841671668,False,False,True,True,True
1788618550.2015767,1.2668338754691073,10.866933980123626,0.004632147029067393,False,False,True,True,True
1788618550.2995024,2.1748338574618566,9.202271645272049,0.008505972923227663,False,False,True,True,True
1788618550.4000804,0.7182599666178104,14.690029779561922,0.009313308009574387,False,False,True,True,True
1788618550.4947674,2.892929340628847,22.937895945629922,0.021487351667928273,False,False,True,True,True
1788618550.6041517,0.9951411631877182,17.41788597669225,0.014483542908150506,False,False,True,True,True
1788618550.6994855,0.4585135216535435,5.763450538622209,0.0038114827376312067,False,True,True,True,True
1788618550.7942965,0.9376721816376726,5.008024066322323,0.0028208093941859474,False,False,True,True,True
1788618550.8879354,0.976746719722273,0.4395205460089021,0.001994593912760253,False,False,True,True,True
1788618551.000878,0.16381189555209102,7.168965701003266,0.0018775916559715684,False,False,True,True,True
1788618551.1016672,1.0565059284262148,8.857681894940907,0.002582793479463636,False,False,True,True,True
1788618551.1945102,2.107204240234722,11.28703049656635,0.01556707050039141,False,False,True,True,True
1788618551.293728,5.0865875226644715,30.047125039515105,0.04531899526298947,False,False,True,True,True
1788618551.4047625,0.7941449253439299,38.56954854998834,0.05020904569477845,False,False,True,True,True
1788618551.5006807,0.37918710192873084,4.300655842196239,0.0027910563485583715,False,False,True,True,True
1788618551.5970721,1.3769475499264705,10.397578544201002,0.003406855083159588,False,False,True,True,True
1788618551.70808,4.42007731546075,27.44541730787668,0.04614530507443352,False,False,True,True,True
1788618551.800906,1.7271655868655056,29.177240480331793,0.046732793728554496,False,False,True,True,True
1788618551.901662,0.386673640459623,13.318375751705995,0.006459875987665177,False,False,True,True,True
1788618551.9979172,0.637300496772267,2.618456003345167,0.001111290619842553,False,False,True,True,True
1788618552.1058109,1.7397165530432834,10.33320344392318,0.0070135278546667274,False,False,True,True,True
1788618552.2021875,3.0279659753157553,13.367439859065293,0.015935983493764874,False,False,True,True,True
1788618552.297213,0.3920150500410585,27.74885335299939,0.019566048601945173,True,False,True,True,True
1788618552.3896399,2.331047935434231,20.9154773340445,0.011368770989461981,True,False,True,True,True
1788618552.50688,1.0787790197913583,10.86009607864193,0.0203475061082487,True,False,True,True,True
1788618552.6047585,1.1968278179563456,1.163182115913778,0.004054741719489772,True,False,True,True,True
1788618552.7005062,1.8788366556467284,7.074128226583445,0.006734353222720058,True,False,True,True,True
1788618552.792756,2.6148282883421343,7.781933921937963,0.010965474016872336,True,False,True,True,True
1788618552.9055707,0.809858825462165,16.035342260560114,0.010289518609491708,True,False,True,True,True
1788618552.9998505,0.8317318854719495,0.23409513760275072,0.004714230956227248,True,False,True,True,True
1788618553.1015272,0.9319214363302429,0.9168234376020868,0.0018295399740001245,True,False,True,True,True
1788618553.1933982,1.4396657100823267,5.560513064966986,0.0036452132057377875,True,False,True,True,True
1788618553.3070502,0.9548477824977322,4.3060685319004826,0.003807888525141285,False,False,True,True,True
1788618553.404591,0.5777844973519263,3.8906638395234583,0.0043641229791567945,True,False,True,True,True
1788618553.497707,1.4663643579999972,9.548125310193637,0.0036759340517010654,True,False,True,True,True
1788618553.5965493,1.9511564029255972,4.914190255275819,0.006821443170741463,False,False,True,True,True
1788618553.7007103,0.3785881362362702,15.138914717029317,0.007477956274823759,False,False,True,True,True
1788618553.805597,0.6655709246427994,2.7435619949654884,0.002033767778748975,False,False,True,True,True
1788618553.9006386,1.5882034652140444,9.664930512578808,0.007378262539726272,False,False,True,True,True
1788618554.006457,0.6551800977927278,8.802032188165967,0.008258145336534281,True,False,True,True,True
1788618554.1064858,1.4337689097551665,7.847999605330582,0.007765995038548548,True,False,True,True,True
1788618554.2131693,1.2269566438912756,1.9438553863857218,0.004871624097303865,True,False,True,True,True
1788618554.3024964,3.652144623181366,27.09910945455507,0.03692053141180605,True,False,True,True,True
1788618554.418633,2.6027072371138664,9.02380760594689,0.022596948643385767,True,False,True,True,True
1788618554.5137343,1.1940532121356653,14.739493499794717,0.01638086007923732,True,False,True,True,True
1788618554.6112895,0.48548539245422384,7.180214557228555,0.004162439099212003,True,False,True,True,True
1788618554.706204,1.1714777396289313,7.232016836752754,0.003890395202190103,True,False,True,True,True
1788618554.812696,0.17434598280747302,9.357070534905215,0.002540741653418842,True,False,True,True,True
1788618554.9073482,2.9137351212464746,28.94138378002778,0.018517361846312558,False,False,True,True,True
1788618554.9995668,1.473942295302522,15.562710523786448,0.01366474986102264,False,False,True,True,True
1788618555.0925026,0.8640450311886771,6.5097135517101385,0.006564375869548377,False,False,True,True,True
1788618555.2086747,0.14969238761892034,6.13627354416129,0.0015448125829770581,False,False,True,True,True
1788618555.3064175,0.5063245945468909,3.64944059639077,0.0007516912633286472,False,False,True,True,True
1788618555.4022954,2.562233565347117,21.442135931771862,0.012355984211109996,False,False,True,True,True
1788618555.5029783,0.4331692833642291,21.270924241686576,0.012250551801323228,False,False,True,True,True
1788618555.6150033,0.24445774936735115,1.7058504685999225,0.0006792642440167223,False,False,True,True,True
1788618555.7046757,2.374928221976857,23.7602303051099,0.01021482319377346,False,False,True,True,True
1788618555.8033714,1.6973516476438255,6.768930649035955,0.008893355882421341,False,False,True,True,True
1788618555.9005563,4.153782867174211,25.277241417198365,0.031375287891018795,False,False,True,True,True
1788618556.0100014,1.4408581633260702,24.570268060884093,0.029240302144881578,False,False,True,True,True
1788618556.1041985,1.1028264453428134,3.6232473606667046,0.005466188917025127,False,False,True,True,True
1788618556.2002206,1.3917865785155983,3.0559339926920095,0.004664628806785406,False,False,True,True,True
1788618556.3139868,1.3850784675085699,0.00490396490376696,0.00511701996105174,False,False,True,True,True
1788618556.4071915,2.771506848392314,14.90641413756686,0.01206491880432318,False,False,True,True,True
1788618556.5082235,0.33455055986761384,23.731510917176767,0.015688363369609805,False,False,True,True,True
1788618556.6066666,1.3226073727338303,10.036907015552988,0.004244962442563983,False,False,True,True,True
1788618556.7188523,0.39919604743345694,8.309471112248852,0.003267818439912704,False,False,True,True,True
1788618556.8163419,2.259477190053067,19.081573244423822,0.014025361862427673,False,False,True,True,True
1788618556.9062293,0.17078166415877435,23.13569405134625,0.011575914507503561,False,False,True,True,True
1788618557.0082555,1.7072790953621315,15.060181334440669,0.0071742992002975445,False,False,True,True,True
1788618557.1193397,1.2082114677053803,4.495136388435822,0.006025373291491864,False,False,True,True,True
1788618557.2190585,1.3722572861899285,1.60450986005194,0.004683364826635664,False,False,True,True,True
1788618557.3043349,1.7546866287511595,4.176573720649606,0.0052232738314648645,False,False,True,True,True
1788618557.4000683,2.711526897597314,9.822876004234494,0.02749031397387317,False,False,True,True,True
1788618557.516568,0.27541567508533865,20.91240125032509,0.015149302179179142,False,False,True,True,True
1788618557.6121678,3.933629833618676,38.28030578857886,0.03309568914895123,False,False,True,True,True
1788618557.7119558,1.978423663332773,19.659528478354662,0.024519322166776734,False,False,True,True,True
1788618557.7984002,1.9461525139496851,0.4535169181009321,0.007924876749838251,False,False,True,True,True
1788618557.9168816,0.1423869299233437,15.231015995988468,0.006456262128907406,False,False,True,True,True
1788618558.0152133,5.360016382786412,53.05558586535108,0.06393350165661327,False,False,True,True,True
1788618558.1076987,0.6529962156803749,51.260341488116445,0.07135318825129017,False,False,True,True,True
1788618558.2082903,3.3095187194293527,26.3493193955435,0.021391361319297596,False,False,True,True,True
1788618558.3245537,0.9877329479706256,20.184446608773822,0.020849740578360254,False,False,True,True,True
1788618558.4209719,2.651473170336606,17.327668664892432,0.011597099855113206,False,False,True,True,True
1788618558.5168786,3.3611452064488048,7.592037701692781,0.019957139215085285,False,False,True,True,True
1788618558.622755,4.395037890366698,9.837379894653717,0.0387341265554395,False,False,True,True,True
1788618558.718946,2.267215939839948,22.28447455459588,0.03794510760885136,False,False,True,True,True
1788618558.8155148,0.6846703874423098,16.0977635248983,0.008688339169929131,False,False,True,True,True
1788618558.9136872,1.2385210896053613,5.682567637492489,0.003113482492480595,False,False,True,True,True
1788618559.0254595,1.8821865033465088,5.833697558852584,0.0176582052779171,False,False,True,True,True
1788618559.1140542,4.334829561360963,27.700630291936335,0.027225920029763834,False,False,True,True,True
1788618559.2075014,2.2416636520609727,22.5742313768028,0.025982290899209573,False,False,True,True,True
1788618559.3070424,1.214058469198717,10.290715287646234,0.01930784584663918,False,False,True,True,True
1788618559.416834,1.0182567538043503,1.7126692513543647,0.0034171944308238685,False,False,True,True,True
1788618559.516833,0.9626466093711605,0.5344524644834344,0.006978192077933711,False,False,True,True,True
1788618559.614253,0.33529178998596953,6.3770712988208205,0.002145646909392566,False,False,True,True,True
1788618559.7107012,2.4865622846499225,22.30401343255246,0.013247180675857404,False,False,True,True,True
1788618559.8196554,0.6282812453460094,17.34553841675955,0.011125158387369195,False,False,True,True,True
1788618559.9141667,2.8211281815709714,23.18472317142559,0.02151909676647356,False,False,True,True,True
1788618560.0129015,1.947696272790122,8.708604514639454,0.013351946562326212,False,False,True,True,True
1788618560.1062095,0.42073847411235077,16.473795561118038,0.01018916942360602,False,False,True,True,True
1788618560.220729,0.686682625504679,2.252790229597781,0.0013679327257865674,False,False,True,True,True
1788618560.3150458,4.405213529814069,39.33584132011583,0.04335490263920829,False,False,True,True,True
1788618560.4097319,2.419985017239276,20.552047162260205,0.02961331962468947,False,False,True,True,True
1788618560.5032332,0.675806319669797,18.430455591927387,0.014902032647338137,False,False,True,True,True
1788618560.625307,0.9955698339616843,2.6581432092463726,0.0033148311427592977,False,False,True,True,True
1788618560.7149699,1.1099029923692822,1.3196202483286537,0.003341140267301736,False,False,True,True,True
1788618560.8131897,3.2261062880916915,21.551204002404518,0.0314448256216199,False,False,True,True,True
1788618560.93262,0.43218574450523606,23.577432067359492,0.021685095820237907,False,False,True,True,True
1788618561.0276074,0.8301361918696192,4.249562254092905,0.0027768711900567284,False,False,True,True,True
1788618561.1230137,1.631189052925894,8.393838461088748,0.009116315024006214,False,False,True,True,True
1788618561.2208512,1.4937908880329327,1.36615443775634,0.01567833610627621,False,False,True,True,True
1788618561.3359265,3.509568517211972,17.581204425141507,0.03007212396841229,False,False,True,True,True
1788618561.4254854,2.9473158660942036,6.080738488808019,0.029521743978673257,False,False,True,True,True
1788618561.5266957,1.1415670921118066,17.59631334389807,0.026435447235373867,False,False,True,True,True
1788618561.6243107,2.9863095966146216,18.89989087289973,0.01542623251701812,False,False,True,True,True
1788618561.7272375,2.5776336970968026,4.1953469763576585,0.019025226004146634,False,False,True,True,True
1788618561.83009,0.7898071836489396,17.565929059964752,0.013600465228299094,False,False,True,True,True
1788618561.9259963,1.667147492932341,9.128865394008916,0.010472024067980994,False,False,True,True,True
1788618562.01612,1.2077541203608007,5.3811530781654175,0.010517041710887898,False,False,True,True,True
1788618562.1189616,4.469214399810505,31.642221719600954,0.04107101997966566,False,False,True,True,True
1788618562.221722,0.6373920842780779,37.670807638317584,0.04593761930650061,False,False,True,True,True
1788618562.318211,1.280850422528233,6.661326098595748,0.004281385121413348,False,False,True,True,True
1788618562.4191391,3.059135015158744,17.61941521424812,0.01890545902232742,False,False,True,True,True
1788618562.5308187,0.3703386582806939,24.21563985175457,0.023514023368700978,False,False,True,True,True
1788618562.6207838,0.31162062122904405,0.6237106632216691,0.000530507009081859,False,False,True,True,True
1788618562.7216132,0.7009344703801774,3.8747829256255564,0.0015796686049982169,False,False,True,True,True
1788618562.8140075,0.4679485374410984,2.526577700456105,0.0012621774622643032,False,False,True,True,True
1788618562.9290287,2.4012318853263825,16.79761764315244,0.016950340308327164,False,False,True,True,True
1788618563.0242312,5.99165960764839,37.80229682418812,0.055530441992159715,False,False,True,True,True
1788618563.120752,4.838348033302558,11.194409397589107,0.06278281309935146,False,False,True,True,True
1788618563.225305,1.8614545207733264,28.29414146294254,0.03827489765058461,False,False,True,True,True
1788618563.3229444,0.24254852302044438,16.565225852402225,0.00934115020853726,False,False,True,True,True
1788618563.4182622,1.531710632208214,13.534854569585443,0.004616105025084384,False,False,True,True,True
1788618563.5154161,1.1976355453021712,3.4841921601005814,0.004271254582041861,False,False,True,True,True
1788618563.628211,0.5520614494167172,5.8040442532736565,0.0024568325447861424,False,False,True,True,True
1788618563.722115,1.6010118212846165,11.149433407809108,0.004109623163760678,False,False,True,True,True
1788618563.818878,3.4002138309492738,18.61495720724572,0.040846821019574056,False,False,True,True,True
1788618563.916512,1.3395179697492456,21.224259259473488,0.020550417760923655,False,False,True,True,True
1788618564.0311477,1.797847914484441,4.001716061994567,0.018608223691927356,False,False,True,True,True
1788618564.1458712,0.18592675641253165,13.978987027060658,0.009294409168147439,False,False,True,True,True
1788618564.2213092,4.917529534901652,62.74684445843636,0.03273734759994964,False,False,True,True,True
1788618564.3189468,0.8463855067088493,41.205424153019564,0.027241977930916445,False,False,True,True,True
1788618564.4263473,2.823051982098545,18.48934718902767,0.028474351407660754,False,False,True,True,True
1788618564.528382,0.23587214756872615,25.28459842925585,0.023347605716669603,False,False,True,True,True
1788618564.6126816,1.7482896178710177,17.928910629557258,0.0059439343543372224,False,False,True,True,True
1788618564.7130785,0.3347644586350051,14.134115846394092,0.005164909333330299,False,False,True,True,True
1788618564.826708,0.9333310915473934,5.229765650789558,0.0025166865586818154,False,False,True,True,True
1788618564.9534929,1.4370548718230265,3.9926185334314392,0.006321398157718677,False,False,True,True,True
1788618565.016992,1.4207111399445893,0.09712982452418847,0.012831568191862751,False,False,True,True,True
1788618565.1153667,1.0139875012685424,4.139847800732909,0.006199427334947017,False,False,True,True,True
1788618565.2270868,1.7666759304321897,6.698980325814773,0.006943286420012757,False,False,True,True,True
1788618565.3300288,0.13951570159450077,15.779244960838556,0.008884476714053175,False,False,True,True,True
1788618565.4186268,1.3772871907041737,13.977303681409671,0.0036480623336410216,False,False,True,True,True
1788618565.5280507,2.0443385725152545,6.05589169419071,0.009032337874183375,False,False,True,True,True
1788618565.6478217,0.17648099894925057,15.670194829873624,0.011426610535142798,False,False,True,True,True
1788618565.7240942,1.1850927629177743,13.203692302250468,0.001927548012506355,False,False,True,True,True
1788618565.8252697,0.437657703896169,7.387384554585248,0.002315490550428186,False,False,True,True,True
1788618565.9336662,3.519410707594503,28.47922453429533,0.03560765417934651,False,False,True,True,True
1788618566.0201864,0.8041623600440313,31.693734036832165,0.032032813030027724,False,False,True,True,True
1788618566.1242652,3.463857502470118,25.50235584639672,0.033689244805471356,False,False,True,True,True
1788618566.2168746,1.361386605614935,22.556336624590713,0.024282949447449836,False,False,True,True,True
1788618566.3339195,1.4047549403968258,0.38686407324041444,0.013927825231626983,False,False,True,True,True
1788618566.4293613,4.53175807257162,32.79566722890683,0.03351938552118691,False,False,True,True,True
1788618566.525419,3.581311764741311,9.933564333090644,0.03726981408845322,False,False,True,True,True
1788618566.6119661,2.0538779290965348,18.22737928383871,0.047418796730268414,False,False,True,True,True
1788618566.7238708,2.7992636585820243,6.608065432176025,0.01765106219560551,False,False,True,True,True
1788618566.8307729,0.2798234219789363,23.370288029248453,0.020657187468400465,False,False,True,True,True
1788618566.925073,1.382835307915288,11.721031313422722,0.004893543669285884,False,False,True,True,True
1788618567.0174124,0.9933425131391213,4.095446630100594,0.008422864292121232,False,False,True,True,True
1788618567.1290834,1.6020209091384612,5.660963793538931,0.012660258662278262,False,False,True,True,True
1788618567.2336853,1.6026452223324357,0.015104224722527766,0.021363186413346568,False,False,True,True,True
1788618567.323246,0.7187738808473215,10.079514493354752,0.005478859220552817,False,False,True,True,True
1788618567.4193072,1.7332646610660227,10.49500716490367,0.009885672958077333,False,False,True,True,True
1788618567.5344589,1.0324136765921252,6.104902113440531,0.014200152210395082,False,False,True,True,True
1788618567.6323426,0.29053322747571414,7.503939945373625,0.003651093100782945,False,False,True,True,True
1788618567.7264552,1.0882561847189252,8.490971928989522,0.0023478823973334386,False,False,True,True,True
1788618567.8418078,2.726488142001202,14.243367431972208,0.019098979801855855,False,False,True,True,True
1788618567.9284043,1.2224110875454424,17.703033841855582,0.03371397045782365,False,False,True,True,True
1788618568.0333831,6.388267614526834,49.101581573289906,0.09202648475564268,False,False,True,True,True
1788618568.1220038,1.628883149693663,53.975129324883866,0.08933690484542481,False,False,True,True,True
1788618568.2401628,1.3160280363000925,2.7779309088199136,0.0060593862147081765,False,False,True,True,True
1788618568.3328145,3.6583090551374107,25.279393927743218,0.02004479232259291,False,False,True,True,True
1788618568.4325848,0.5700158127521633,30.88132293921387,0.03008988287491325,False,False,True,True,True
1788618568.5251539,0.5304878326766165,0.4372228594546624,0.0012179169949643343,False,False,True,True,True
1788618568.6362996,0.8966339982876165,3.3003474639466552,0.0017644191304548168,False,False,True,True,True
1788618568.7271264,2.3972679966234183,16.456345308641282,0.009282723419152086,False,False,True,True,True
1788618568.832853,1.6215788168699943,7.300905965643115,0.025872282810320175,False,False,True,True,True
1788618568.92587,2.4610789011738863,9.035791435248012,0.010057658729236111,False,True,True,True,True
1788618569.038234,1.4706779529895344,8.791838992961516,0.009669130601421633,False,False,True,True,True
1788618569.1374142,3.1498304650993285,16.98930600772775,0.01699032368213146,False,False,True,True,True
1788618569.2289023,0.6455894313022192,27.200038158894316,0.01922960379930536,False,False,True,True,True
1788618569.3253155,0.7851979499693253,1.4651136548119326,0.002333635459339605,False,False,True,True,True
1788618569.4323428,0.6256845961277897,1.481567097420016,0.0018369164935936157,False,False,True,True,True
1788618569.533473,2.627353795870616,19.772772507154432,0.021304353359144334,False,False,True,True,True
1788618569.6262715,1.336741578347029,13.926334951284767,0.013339615112103086,False,False,True,True,True
1788618569.7221193,5.187533676947877,40.11906769746478,0.07099678137964309,False,False,True,True,True
1788618569.8366733,2.4880368035155365,23.48315468198311,0.04685753507257836,False,False,True,True,True
1788618569.9324052,2.9080237682207133,4.674849848821234,0.020952573570608975,False,False,True,True,True
1788618570.026037,1.575120867630873,13.93391083786479,0.014135043267315532,False,False,True,True,True
1788618570.138354,1.4194059230628178,1.363089474052028,0.01649823119597438,False,False,True,True,True
1788618570.2390258,6.896274117398394,54.4789275079203,0.09463257146070755,False,False,True,True,True
1788618570.3378344,5.861438854735206,11.017370329349637,0.09928344349681899,False,False,True,True,True
1788618570.4363472,1.0563470819233605,48.92271634807438,0.06915097918098767,False,False,True,True,True
1788618570.5502906,2.9426339862769155,16.50340828972535,0.02252188613311288,False,False,True,True,True
1788618570.6451554,0.7458775731596373,23.229215339576744,0.022416862581282608,False,False,True,True,True
1788618570.7368667,0.5092587548132543,2.583639619031647,0.0021398745815962134,False,False,True,True,True
1788618570.8292315,1.6583015900192177,12.445926675045488,0.007299544477062138,False,False,True,True,True
1788618570.940597,0.25842461984941734,12.586168534272774,0.005686001242898739,False,False,True,True,True
1788618571.0405552,2.7475125477129545,24.897439005757082,0.017113136149404636,False,False,True,True,True
1788618571.1345973,2.706017970411462,0.3745822353040222,0.01666373203539697,False,False,True,True,True
1788618571.2286527,2.3720846765221912,3.4477648759793786,0.014109051185749575,False,False,True,True,True
1788618571.344245,1.021717498928939,11.658926312274065,0.020460955600129695,False,False,True,True,True
1788618571.4276614,0.32146098845530524,8.39778983616871,0.0029854960844573177,False,False,True,True,True
1788618571.5302675,2.6666476907129115,22.853582955822432,0.018482709129413123,False,False,True,True,True
1788618571.6313531,2.606642413885167,1.1664414326396788,0.01812415996990569,False,False,True,True,True
1788618571.7387996,1.4510138759787756,10.810490912840786,0.029554970265461247,False,False,True,True,True
1788618571.8329008,0.7681016618379048,7.206659562788004,0.0068277794679051235,False,False,True,True,True
1788618571.9292648,4.33868002634148,37.08386812295348,0.04155724847500469,False,False,True,True,True
1788618572.0261388,3.2427278275153593,11.225325133399057,0.09327816868043198,False,False,True,True,True
1788618572.1406782,1.4122709109201053,16.08156901302002,0.01737406123342003,False,False,True,True,True
1788618572.235679,0.7868271182525972,6.585078206935472,0.005513604398010176,False,False,True,True,True
1788618572.3306885,3.5033543516200365,28.591619845056513,0.02254652702805349,False,False,True,True,True
1788618572.4451377,0.8983124595977402,22.741619585548065,0.021393564519952415,False,False,True,True,True
1788618572.5394886,2.956082028879001,21.783876791412194,0.014805073920416594,False,False,True,True,True
1788618572.6380258,1.4202146861021459,15.556227542668717,0.013787182878596569,False,False,True,True,True
1788618572.7348452,1.89801597718674,4.913762416542967,0.017398341234048306,False,False,True,True,True
1788618572.844099,4.431338391074309,23.298368968486216,0.08194707575237087,False,False,True,True,True
1788618572.9415915,3.67484117760416,8.09091274789012,0.04600494413474186,False,False,True,True,True
1788618573.0348337,5.166236010904881,15.846040623377268,0.11768841186867504,False,False,True,True,True
1788618573.1295412,1.2808461363615913,41.11004765125626,0.04464366939795368,False,False,True,True,True
1788618573.2410727,0.687353185731309,5.329977590993361,0.006429801880196804,False,False,True,True,True
1788618573.333931,0.3967500157302425,3.2003599692340075,0.0020920893828513926,False,False,True,True,True
1788618573.4341693,1.002636471603676,6.050484618602932,0.0023775708301667317,False,False,True,True,True
1788618573.5299325,1.1048695462543345,1.1606976307599772,0.006193126221156157,False,False,True,True,True
1788618573.6473932,2.582514920331517,12.585104830862209,0.029463401963726717,False,False,True,True,True
1788618573.742172,1.798315256816454,8.364587371242555,0.016455362386666006,False,False,True,True,True
1788618573.834553,0.25472404926864645,16.69296956558687,0.006357179874995248,False,False,True,True,True
1788618573.934908,1.7170960089639755,14.573662305616443,0.006237009115676115,False,False,True,True,True
1788618574.0471861,0.31739041006225727,12.503146739500714,0.006552006538675401,False,False,True,True,True
1788618574.140511,0.3974540984803147,0.855301366633047,0.0004073352082785878,False,False,True,True,True
1788618574.2405899,1.4958707260396924,10.970128418527326,0.005404780695343151,False,False,True,True,True
1788618574.352175,1.9078478485545427,3.6500721154702593,0.00829147475089234,False,False,True,True,True
1788618574.4432387,0.6013222237233348,14.446904441479559,0.010888617934256233,False,False,True,True,True
1788618574.5388553,1.204070352004985,6.2992970584053944,0.0029456139588896796,False,False,True,True,True
1788618574.6387575,0.8159465491423972,3.843923393893979,0.0025494886154445746,False,False,True,True,True
1788618574.7509668,1.6461635137810076,7.404313804398489,0.012559833856979565,False,False,True,True,True
1788618574.8443425,0.48213515810223845,12.533083717843391,0.006674329835533149,False,False,True,True,True
1788618574.9380567,1.5458477543846483,11.365605006246973,0.004235116009763454,False,False,True,True,True
1788618575.0391004,1.099176094279736,4.322493266398595,0.004030841374239558,False,False,True,True,True
1788618575.149518,1.908039747154325,7.372901089190696,0.007786566865746644,False,False,True,True,True
1788618575.2471023,3.0049092925240024,11.217923301129856,0.01591529378856805,False,False,True,True,True
1788618575.3412013,2.7617425984651636,2.574222090505698,0.05089217977607531,False,False,True,True,True
1788618575.4357526,0.6599373188326931,21.775745027392812,0.013492386735924006,False,False,True,True,True
1788618575.5446377,2.2707287385328163,14.858931523922923,0.01701520844282756,False,False,True,True,True
1788618575.6482182,1.753555712494354,4.882654626977646,0.029822260047775734,False,False,True,True,True
1788618575.7393024,0.40133440633839945,14.93797532199402,0.006754606274181332,False,False,True,True,True
1788618575.8365362,3.0169106663520404,26.900097623898546,0.022763621830655376,False,False,True,True,True
1788618575.9472833,0.5835936729255952,21.959172748259018,0.024140944585728557,False,False,True,True,True
1788618576.0423267,0.8609127614296521,2.9689316543432436,0.0018082749465930313,False,False,True,True,True
1788618576.1417253,0.5697849024552513,2.8391909577360277,0.002828386182024127,False,False,True,True,True
1788618576.2364924,3.941339307353298,35.59222223163244,0.036860014137815984,False,False,True,True,True
1788618576.347348,2.916823024580757,9.33128899981006,0.03041262250917669,False,False,True,True,True
1788618576.444118,0.16512113990537264,28.49820040272113,0.0251989826113872,False,True,True,True,True
1788618576.5428784,0.5436134921031264,3.81397929019402,0.0007828200247919238,False,False,True,True,True
1788618576.653053,0.9353613666846394,3.567969181717097,0.003735727883361732,False,False,True,True,True
1788618576.7478564,1.0077523709446916,0.8409188692524621,0.0047836542324604945,False,False,True,True,True
1788618576.8409436,1.5599354303505775,5.958650533850825,0.0044376388315310565,False,False,True,True,True
1788618576.938316,0.8479049424008679,7.38080658926958,0.008357512774721167,False,False,True,True,True
1788618577.0540075,0.46580340554758515,3.304568491622766,0.002787201851407601,False,False,True,True,True
1788618577.1492944,0.8878093939044641,4.359309179025567,0.002906579927475494,False,False,True,True,True
1788618577.2466507,0.13723064895256123,7.759724166420138,0.0017443040338366634,False,False,True,True,True
1788618577.3360772,0.7105527802309094,6.411977365294375,0.0009703561528849814,False,False,True,True,True
1788618577.4526095,0.6510477170916017,0.5342325585437129,0.002941758849950151,False,False,True,True,True
1788618577.5472994,3.4113117920195193,29.123683371125093,0.02071515381341651,False,False,True,True,True
1788618577.6435363,0.7056620565157283,28.08429839610002,0.022705482065606873,False,False,True,True,True
1788618577.738167,0.38646575494000035,3.3798406046894374,0.0014266702695191534,False,False,True,True,True
1788618577.8505847,1.6491832545991696,11.216710086341607,0.009330401229718652,False,False,True,True,True
1788618577.9457543,2.474768832492474,8.401288847829772,0.010875915019010363,False,False,True,True,True
1788618578.040673,1.31762344104714,12.349020991884617,0.02202860147275507,False,False,True,True,True
1788618578.1380682,2.0927277100275345,8.051410896171806,0.0075830637985282705,False,False,True,True,True
1788618578.2433784,0.2529278965025751,17.299910840246277,0.008693075656410252,False,False,True,True,True
1788618578.3500574,0.924008713490793,6.307175934380547,0.0020567988769721623,False,False,True,True,True
1788618578.4404626,0.35741744536603476,6.189347194435405,0.0022156486900279286,False,False,True,True,True
1788618578.5425134,3.4076378041269892,29.879470606523917,0.02743286704963668,False,False,True,True,True
1788618578.655834,3.676757969688753,2.376138448796707,0.03474826896053711,False,False,True,True,True
1788618578.7474744,0.2961100013720877,36.961083917450466,0.03846258169068706,False,False,True,True,True
1788618578.8457336,0.20246390172988343,0.9647947785849139,0.00022629796609451887,False,False,True,True,True
1788618578.955364,0.8689647292238013,6.079537380265018,0.0025131404329185184,False,False,True,True,True
1788618579.0519464,3.5692657158033088,27.97791335671806,0.022780806689905293,False,False,True,True,True
1788618579.148121,6.599679523986212,31.44348689204761,0.07008289219647255,False,False,True,True,True
1788618579.2412212,3.585356929878503,32.34888954532007,0.07090754404261015,False,False,True,True,True
1788618579.3533185,1.1055032362183896,22.172089413844372,0.03639469766709861,False,False,True,True,True
1788618579.4525294,1.9521978677965368,8.541836600292699,0.007813350734777968,False,False,True,True,True
1788618579.549501,1.6583732251513557,3.0143967595138847,0.007948289352591583,False,False,True,True,True
1788618579.6451766,0.17548689298365455,15.474344882999862,0.006152792426602807,False,False,True,True,True
1788618579.7588894,1.1404360969291623,8.50895754729067,0.004122506927631591,False,False,True,True,True
1788618579.8536956,0.34002153338533164,8.35096510613676,0.004149700076822581,False,False,True,True,True
1788618579.9477913,0.24563754118720774,1.0086419612893132,0.0002434936599824792,False,False,True,True,True
1788618580.0471747,2.7407231192301706,25.074469472027744,0.018016354469580127,False,False,True,True,True
1788618580.1546102,2.1081245093811853,6.214574651265392,0.01523780969139569,False,False,True,True,True
1788618580.2526011,2.608117573221229,5.088670713956559,0.013826285777332324,False,False,True,True,True
1788618580.3453698,2.048309925537991,6.017154049820379,0.012308786422731552,False,False,True,True,True
1788618580.4406996,1.3060475598184387,7.798345863744517,0.006701697182736232,False,False,True,True,True
1788618580.5515342,1.454251290233255,1.287503582907803,0.005048842854363087,False,False,True,True,True
1788618580.649747,0.5754807738135622,8.988151237095659,0.0054635774712992495,False,False,True,True,True
1788618580.7484806,1.3465350155323197,7.761826965583326,0.0031306271638398644,False,False,True,True,True
1788618580.844367,2.8226801157810812,15.389697824091956,0.013186729739380598,False,False,True,True,True
1788618580.9531481,0.5008617036518638,21.03871720176753,0.015456450864185615,False,False,True,True,True
1788618581.0532866,0.8699963443824417,3.708635312806468,0.002467656820055387,False,False,True,True,True
1788618581.1461692,2.274961743298738,15.146748476567868,0.015734229459081542,False,False,True,True,True
1788618581.265441,3.4349546483511455,9.95816063484775,0.029740290233214912,False,False,True,True,True
1788618581.359984,0.706631769130336,28.78178128584571,0.03487553515242274,False,False,True,True,True
1788618581.4495358,2.285709059521101,17.594839302404328,0.013313636537829729,False,False,True,True,True
1788618581.5511854,3.776317857615828,14.610710026043181,0.02614869630478102,False,False,True,True,True
1788618581.659973,0.716291558487326,27.983292923263402,0.02871937664618682,False,False,True,True,True
1788618581.7582903,2.7534889094628703,20.74799584100635,0.023259640713205663,False,False,True,True,True
1788618581.8522942,2.3395647925818857,4.447678933164483,0.014697459658239553,False,False,True,True,True
1788618581.9470851,3.1383957816299053,8.397332512178291,0.017039926860532788,False,False,True,True,True
1788618582.0605485,1.7377750594758532,12.543109841811102,0.041998695600630145,False,False,True,True,True
1788618582.1581821,0.4432438948732028,13.381948162354837,0.008281297862624288,False,False,True,True,True
1788618582.253349,0.3070726360290435,1.436898460522024,0.0007979445388355444,False,False,True,True,True
1788618582.3424566,2.2245536919065447,21.50484094686885,0.010221212354753,False,False,True,True,True
1788618582.4556956,0.38769002575091327,16.258621461278018,0.010264864779836099,False,False,True,True,True
1788618582.5557742,2.38991272979588,19.93822397272499,0.014700189737534055,False,False,True,True,True
1788618582.656367,2.057554874599217,3.761278505332935,0.013799980298340037,False,False,True,True,True
1788618582.75328,1.2042242360860669,8.780215346179402,0.007188987883261016,False,False,True,True,True
1788618582.8580782,0.43845546720618717,7.190730994104126,0.0043352694958639386,False,False,True,True,True
1788618582.9593475,3.8024852415007393,33.28516258807873,0.032200796930785695,False,False,True,True,True
1788618583.057653,2.3799334901863425,14.079500058549863,0.026768265302850355,True,False,True,True,True
1788618583.152666,0.30231972741956126,21.92353408712141,0.012085466175247158,True,False,True,True,True
1788618583.2654145,0.4179165940646737,1.0244355928394773,0.0008804964029651781,True,False,True,True,True
1788618583.3655665,2.1960948051994023,17.745812357188765,0.011081146718095455,True,False,True,True,True
1788618583.4594398,1.7028387804226692,5.191693993833791,0.00927729844745672,True,False,True,True,True
1788618583.5727441,0.7721420398147014,8.094786356220315,0.008928009391577195,True,False,True,True,True
1788618583.6570222,0.3935390648871103,4.499857113391112,0.002088687891595974,True,False,True,True,True
1788618583.7485812,2.337521508172623,21.23726058321375,0.01165713812167964,True,False,True,True,True
1788618583.847986,4.527028476756871,22.151147577620197,0.03574354605229079,True,False,True,True,True
1788618583.9632046,0.818577829589193,31.99033711911528,0.0567039125703348,False,False,True,True,True
1788618584.0628943,2.915857140968795,21.060837297631686,0.01641650527419207,False,False,True,True,True
1788618584.1522677,0.610223511426283,25.875341555365836,0.022783500542980863,False,False,True,True,True
1788618584.2537444,0.41591642612547985,1.9285912574309227,0.0007154307621647032,True,False,True,True,True
1788618584.3614442,1.7236833944224046,12.142411242966654,0.010153983699780877,True,False,True,True,True
1788618584.4594164,1.2171150117642824,5.201585827132523,0.015702453157809278,True,False,True,True,True
1788618584.5539818,4.1387343542856,30.92652789950495,0.028777672184093,True,False,True,True,True
1788618584.6498442,3.7750674711864685,3.857459226067186,0.03336047460155655,True,False,True,True,True
1788618584.7609437,1.2217894533463505,23.305888173985796,0.02410467989089764,True,False,True,True,True
1788618584.8537254,0.5761343392898112,7.01742764438103,0.004407275066863193,True,False,True,True,True
1788618584.9470332,3.0631640705482384,26.638545565644254,0.01886628832865451,True,False,True,True,True
1788618585.0440173,0.5645773606512945,25.75198759078453,0.019231989143152,True,False,True,True,True
1788618585.1665165,0.555331290295664,0.013954864894452454,0.002108011946355164,True,False,True,True,True
1788618585.2659113,1.8418176789817644,12.979932569288511,0.009679044972199768,True,False,True,True,True
1788618585.3549933,1.0941595632473342,8.2409461560544,0.01397003537562366,False,False,True,True,True
1788618585.4474397,0.4685842191175165,6.715856987771023,0.0018455614009324692,False,False,True,True,True
1788618585.5619783,3.1954403891592245,23.809672647609183,0.03526312369644521,False,False,True,True,True
1788618585.6629446,3.924348608786106,7.398904280306941,0.036023059137638584,False,False,True,True,True
1788618585.7576413,0.9372398582344914,32.581027009811535,0.044301722225373506,False,False,True,True,True
1788618585.870648,1.1745284010028418,2.1040661288269176,0.004434397546083555,False,False,True,True,True
1788618585.9652493,5.804579802670976,48.929234131201675,0.08944388938743575,False,False,True,True,True
1788618586.058906,0.7449182319061345,54.2560037411339,0.06389235648750408,False,False,True,True,True
1788618586.1572807,5.06086539269487,43.92161099277644,0.06575732872646899,False,False,True,True,True
1788618586.2713096,0.6819383383361848,38.200140005522,0.05029753404961113,False,False,True,True,True
1788618586.368478,0.15269087125890432,5.468137494703042,0.0013665841657099814,False,False,True,True,True
1788618586.4570873,3.731458174645551,40.3905391704754,0.025397015156422502,False,False,True,True,True
1788618586.556495,0.4920824007193327,32.3595262586942,0.0229349601218898,False,False,True,True,True
1788618586.667565,3.8760594997323548,30.50102860177988,0.04879382459847756,False,False,True,True,True
1788618586.7629979,1.0847838677762607,28.908094810389393,0.03684651786390891,False,False,True,True,True
1788618586.8596683,1.1345523319464939,0.512742497182916,0.004438080378433117,False,False,True,True,True
1788618586.9514196,3.546009657947947,26.256174637548725,0.020786239928639594,False,False,True,True,True
1788618587.0639195,0.909411094905528,23.549922710561628,0.021561927789260454,False,False,True,True,True
1788618587.1661265,0.6238007169569728,2.807552927875999,0.002007053455107519,False,False,True,True,True
1788618587.263044,0.26140573155177876,3.732768815808924,0.0010927609196422778,False,False,True,True,True
1788618587.3553298,4.671377244302069,47.7593669667143,0.04486109534795428,False,False,True,True,True
1788618587.468115,0.5053405841698542,37.16565910210463,0.04703178593798696,False,False,True,True,True
1788618587.5617971,3.1723263017003984,28.42832814616891,0.019517144179019504,False,True,True,True,True
1788618587.6590085,3.007086575860325,1.797191201628037,0.02052136657178681,False,False,True,True,True
1788618587.7550943,5.381910493692139,24.298283749161367,0.046501503894996306,False,False,True,True,True
1788618587.869135,1.4181930297138605,34.99198479112413,0.049091972006368674,False,False,True,True,True
1788618587.9594367,2.791612275574969,15.143832801910083,0.011484752202267454,False,False,True,True,True
1788618588.0573914,5.1640894359537,24.221304684787572,0.04360030339040756,False,False,True,True,True
1788618588.1712177,3.550064279426666,14.198527419271617,0.04908576110497818,False,False,True,True,True
1788618588.261552,0.7404529589320098,30.9527171740399,0.03212334312509285,False,False,True,True,True
1788618588.361063,0.7639789982296076,0.2709528574566126,0.0015994020672473286,False,False,True,True,True
1788618588.462032,1.1425909252313924,3.748414230625375,0.0024705526924201507,False,False,True,True,True
1788618588.589501,0.39964035305046436,5.826102754514858,0.003640877431495684,False,False,True,True,True
1788618588.6727128,0.8291910808443442,5.18654717521235,0.001111180559984341,False,False,True,True,True
1788618588.7628243,1.579980171770383,8.431992526069092,0.0071196143107167716,False,False,True,True,True
1788618588.8679004,2.298480616103649,7.054132878183282,0.010887955361086814,False,False,True,True,True
1788618588.9743128,1.9770651391342433,2.8446157683835165,0.03577165030269175,False,False,True,True,True
1788618589.0652099,2.0649842474487143,1.3287116469522406,0.010036010274555132,False,False,True,True,True
1788618589.1668441,0.38298888975398365,16.19784510683867,0.008341584785950073,False,False,True,True,True
1788618589.2581744,0.8411409769405015,5.0097967159340016,0.002001361915291858,False,False,True,True,True
1788618589.3804421,1.0974453835051428,2.0864179504714104,0.0035403224360871905,False,False,True,True,True
1788618589.4697032,2.207352817666821,12.379074533363728,0.007690505638493299,False,False,True,True,True
1788618589.5629373,1.5267753058958304,8.16527556767375,0.01851784686210952,False,False,True,True,True
1788618589.666505,2.9431544143692694,13.454151360593007,0.01982364267422935,False,False,True,True,True
1788618589.7777257,0.7323358822984755,19.766196582459287,0.02655171940260938,False,False,True,True,True
1788618589.8693836,2.515718893337712,19.488296587050034,0.010653117727513583,False,False,True,True,True
1788618589.9624279,0.7607746435691164,18.825133083498454,0.014775089210283494,False,False,True,True,True
1788618590.0639577,0.2657162547277826,4.882237649882647,0.0015653184635822874,False,False,True,True,True
1788618590.1717174,2.3642182596600114,19.479042387767507,0.015381146448064473,False,False,True,True,True
1788618590.2761002,1.35047619747081,9.84704427828969,0.011635690705334961,False,False,True,True,True
1788618590.3752844,2.0718582430664205,7.364999967729984,0.0211855638823861,False,False,True,True,True
1788618590.475293,3.844431068131338,18.135838168215763,0.0268653735563521,False,False,True,True,True
1788618590.5689623,3.270002311366579,6.1480356503279445,0.030555773913691346,False,False,True,True,True
1788618590.67716,2.0347745390148995,11.522650127832254,0.01801621895107242,False,False,True,True,True
1788618590.7708967,0.8659945778740366,12.437961723596803,0.009744621034254636,False,False,True,True,True
1788618590.8847442,0.9895041169904804,1.0705766264102703,0.0026550592539831474,False,False,True,True,True
1788618590.9716172,2.1110640293751652,12.884252869320422,0.014561210248188234,False,False,True,True,True
1788618591.0740237,2.0179578433488,0.9759466068641515,0.009261759963186223,False,False,True,True,True
1788618591.1674337,1.6684086644321854,3.705679636469153,0.02324794036931148,False,False,True,True,True
1788618591.2779489,0.46901712457751316,10.819081567343497,0.004612597616721604,False,False,True,True,True
1788618591.3675027,0.4099083616192373,0.610147007802527,0.0012771690759090454,False,False,True,True,True
1788618591.4691105,0.25426046747612446,1.5078906817767759,0.0006266212661334684,False,False,True,True,True
1788618591.563013,1.543878954173793,13.782764595279527,0.004749290975893123,False,False,True,True,True
1788618591.6734934,1.0639790980145865,4.31787422697456,0.012305821508819278,False,False,True,True,True
1788618591.7661088,0.38176786716412103,7.5527874538970385,0.0035175615274947694,False,False,True,True,True
1788618591.8655643,2.6894245786124618,23.11160997110504,0.01779993740508111,False,False,True,True,True
1788618591.9639795,0.9865115643942345,17.197094023228075,0.015131900558027999,False,False,True,True,True
1788618592.0808785,0.6427389053876559,2.9221345946399744,0.004684675176419643,False,False,True,True,True
1788618592.1698813,1.5617587697007926,10.300489121874737,0.0035916319470190783,False,False,True,True,True
1788618592.268001,2.774046339400757,12.332083753816585,0.03044338490847489,False,False,True,True,True
1788618592.3608327,2.2290670276053763,5.857671387227401,0.014823231520532179,False,False,True,True,True
1788618592.4798021,0.3436354695253126,15.927758802569578,0.012131697939056616,False,False,True,True,True
1788618592.572362,0.2961050956119718,0.5295636550561511,0.0005535406679951546,False,False,True,True,True
1788618592.6674619,2.561301354104962,23.763996966461953,0.014339887777726372,False,False,True,True,True
1788618592.7848706,2.8936466305871766,2.7208075591377834,0.022354013699531994,False,False,True,True,True
1788618592.8728933,1.8086940548078094,12.246936548364781,0.04249909009266779,False,False,True,True,True
1788618592.9686017,0.5640938880327756,12.98507883426181,0.004770929901963056,False,False,True,True,True
1788618593.0672486,0.27572159846671657,2.908755098899078,0.0009996965459044538,False,False,True,True,True
1788618593.1836238,0.9159233589482552,5.528960104550419,0.0024798747908348897,False,False,True,True,True
1788618593.2748156,2.651121564933854,19.23845654176355,0.012221757767910488,False,False,True,True,True
1788618593.376246,0.3844519720312746,22.122420073346383,0.012343055774212524,False,False,True,True,True
1788618593.4726162,0.6265036131865104,2.520038970539236,0.0008171603430697442,False,False,True,True,True
1788618593.5844083,0.9325946116991758,2.7353805359074626,0.0023343998031836056,False,False,True,True,True
1788618593.6771805,0.705257302483073,2.4882054422289674,0.002086718668944727,False,False,True,True,True
1788618593.7738733,0.4741510317751972,2.475656328851013,0.0013007947757370504,False,False,True,True,True
1788618593.8683045,0.303701957087273,1.8218900589291185,0.0007662118471442791,False,False,True,True,True
1788618593.9810286,0.23789084292790788,0.5911736447497477,0.0003629797803781993,False,False,True,True,True
1788618594.0811818,1.1823660408259415,9.422580167606826,0.002829290644976879,False,False,True,True,True
1788618594.168648,2.2297484409182124,11.985569482892666,0.006867927629613649,False,False,True,True,True
1788618594.2660816,2.3718540162314645,1.3182569765333156,0.010979962503721857,False,False,True,True,True
1788618594.3764746,0.8242868004783682,14.036370721234233,0.009610101229042548,False,False,True,True,True
1788618594.4749014,1.7093378548145415,8.930523205821043,0.005311390576629229,False,False,True,True,True
1788618594.568193,0.8655159522799998,8.986610133179246,0.008763604993467572,False,False,True,True,True
1788618594.6696987,0.8414066303533668,0.23661246532456806,0.0023980939035540983,False,False,True,True,True
1788618594.7816133,1.2410388285254657,3.5797902343479335,0.00883091014135317,False,False,True,True,True
1788618594.8723571,1.9344002923061285,7.639344579825533,0.017218134056195294,False,False,True,True,True
1788618594.969396,0.7532135411449375,12.161852914570556,0.009518697633058421,False,False,True,True,True
1788618595.0840528,0.77754446532503,0.18092484448835178,0.0019682211921072334,False,False,True,True,True
1788618595.1786232,1.184833457931775,4.274953306172335,0.003918356332886555,False,False,True,True,True
1788618595.2732224,1.5144171395988675,3.5044673638975894,0.004356081799118291,False,False,True,True,True
1788618595.3687935,1.4487809827143885,0.659534860234305,0.012952402315880832,False,False,True,True,True
1788618595.4848409,1.4464376390190952,0.05835059841304118,0.01630056757311121,False,False,True,True,True
1788618595.579134,1.6806482824878928,2.6536175645813533,0.018347898974955208,False,False,True,True,True
1788618595.6763806,2.6515477228945374,10.075055898028516,0.012847523430661109,False,False,True,True,True
1788618595.7718365,5.823442200271379,33.36351086611759,0.12331754825961717,False,False,True,True,True
1788618595.8824396,1.6928680273651524,37.3170307485535,0.05753342995325805,False,False,True,True,True
1788618595.9748995,0.7057315929329996,10.836777396035785,0.012180318685376843,False,False,True,True,True
1788618596.075114,1.0484069126088462,3.340825157430965,0.0022895266259133533,False,False,True,True,True
1788618596.1685486,2.341277961766961,13.73937399444494,0.008707627755599804,False,False,True,True,True
1788618596.283548,2.7314746138812076,3.298393289001149,0.048807837129024735,False,False,True,True,True
1788618596.381197,0.917990325283373,18.794006703585243,0.02366553170395308,False,False,True,True,True
1788618596.4783552,0.8631116699741298,0.4771673600474216,0.0035984217002870884,False,False,True,True,True
1788618596.5723763,0.8640562560026867,0.010581659536745116,0.003985018766563703,False,False,True,True,True
1788618596.6856818,1.499299348746126,5.640809479358577,0.01006900091630597,False,False,True,True,True
1788618596.780163,0.5342354657953772,10.343600630188774,0.008821902501103887,False,False,True,True,True
1788618596.877502,5.776040193321378,53.81975052068675,0.06854561294174229,False,False,True,True,True
1788618596.972411,1.1847002684020427,48.401189995330924,0.06161152406574283,False,False,True,True,True
1788618597.0841072,3.5271712500538754,21.0145541283535,0.04851021219904022,False,False,True,True,True
1788618597.1766436,2.6952350796319315,9.085269977781264,0.027672917577407946,False,False,True,True,True
1788618597.2746186,2.5954534631623076,0.8866314658082974,0.015142849941957718,False,False,True,True,True
1788618597.3853834,3.427857747380237,7.415012975028429,0.026365100513862386,False,False,True,True,True
1788618597.4843576,3.090375585896513,3.3051774295953904,0.028473584486535246,False,False,True,True,True
1788618597.5771902,0.28518565616019953,30.004304597119866,0.020240104909529218,False,False,True,True,True
1788618597.6758249,0.354613492745792,0.731448401496241,0.0006326883423899628,False,False,True,True,True
1788618597.791168,1.8759039357357343,13.246064142797676,0.010726997133558144,False,False,True,True,True
1788618597.8821578,2.6311079736018548,8.619726198378006,0.013103135566195233,False,False,True,True,True
1788618597.9802964,2.8235543664504954,2.089973558998982,0.017587242837956967,False,False,True,True,True
1788618598.0785675,0.6376467750077286,22.440241117531766,0.016303756640626756,False,False,True,True,True
1788618598.1896527,0.9036779601578169,2.3812536836515914,0.004585786968738248,False,False,True,True,True
1788618598.2851126,0.8789332758179559,0.2552538047576497,0.006060685178157034,False,False,True,True,True
1788618598.3796384,1.8805395284358135,10.684503275139715,0.005804965728827636,False,False,True,True,True
1788618598.4786289,0.313103255072527,15.765111925557596,0.008413074192536878,False,False,True,True,True
1788618598.5847874,2.118582399403712,16.99882233731331,0.01170420234326258,False,False,True,True,True
1788618598.6791477,1.7797048078906699,3.945296447843642,0.02823817772727659,False,False,True,True,True
1788618598.7786987,0.33813175169095117,14.602786872753093,0.00807960358032494,False,False,True,True,True
1788618598.8741207,1.11297196291941,8.09149168927754,0.002156888663923149,False,False,True,True,True
1788618598.988066,1.2751904387958122,1.3381362704964928,0.010961157611756405,False,False,True,True,True
1788618599.0808263,0.4680697845804627,8.655797881871559,0.006413139108108949,False,False,True,True,True
1788618599.1832242,2.3898542875410445,18.787903004943985,0.012840581463395302,False,False,True,True,True
1788618599.2757628,2.4539634142004267,0.847285380172649,0.013408681063585911,False,False,True,True,True
1788618599.386763,1.8544686881530432,5.087932380818825,0.011493277271311522,False,False,True,True,True
1788618599.4863696,2.591434164158504,7.481772371602925,0.013811168843724018,False,False,True,True,True
1788618599.5836618,0.6231099121082074,20.334549920979644,0.019969353679527388,False,False,True,True,True
1788618599.6901667,2.239656847054468,15.165864689616404,0.011781050709820325,False,False,True,True,True
1788618599.786286,0.6753582483240135,16.338155147762688,0.011492430288248564,False,False,True,True,True
1788618599.8804517,2.9483895937795075,24.1165149591248,0.023097730094708464,False,False,True,True,True
1788618599.9790819,2.3463089217346416,6.306903807822794,0.016085598040083488,False,False,True,True,True
1788618600.0913453,0.2118384029713614,18.99210322840754,0.012055190863865337,False,False,True,True,True
1788618600.1861804,1.3029422804088397,11.506568440430543,0.0032808023957018495,False,False,True,True,True
1788618600.283354,1.1284275486346325,1.7769527977344397,0.0036445849836762227,False,False,True,True,True
1788618600.3787544,0.9717804353987195,1.6630258555605268,0.0025335644282266615,False,False,True,True,True
1788618600.489573,0.3869981467026573,5.330206251326374,0.0016465257778518893,False,False,True,True,True
1788618600.5863645,1.0676358132865502,7.031656354071854,0.0038515746931841316,False,False,True,True,True
1788618600.6866302,1.6746603984250688,6.064242967007943,0.005261473980085004,False,False,True,True,True
1788618600.7799478,2.9097520554814778,13.156127012470106,0.01511047742847619,False,False,True,True,True
1788618600.8918834,0.3631746001641942,22.808846338226353,0.015508170140762634,False,False,True,True,True
1788618600.9865618,0.1852493260165695,1.888548997436788,0.0005452816753550357,False,False,True,True,True
1788618601.0822806,1.1861960829086213,10.460477957811191,0.0029413981072142596,False,False,True,True,True
1788618601.1832125,0.5237187822028175,6.632095303081122,0.0033270106007639503,False,False,True,True,True
1788618601.2943902,2.6593434964215756,19.22169618666815,0.02313596581011224,False,False,True,True,True
1788618601.3823595,2.3569346754504026,3.254723382098023,0.016231603643565448,False,False,True,True,True
1788618601.4844375,1.4782776979844743,8.354136624099812,0.008273029514762565,False,False,True,True,True
1788618601.5787568,0.46411354303906754,10.644344428808509,0.00481939753948704,False,False,True,True,True
1788618601.6862864,2.0032518124652214,14.347900168248316,0.01260993343066138,False,False,True,True,True
1788618601.783052,1.7589669415119975,2.334125319954343,0.009496778396955613,False,False,True,True,True
1788618601.881929,1.350944997815232,4.059499270597083,0.006270487748872741,False,False,True,True,True
1788618601.9950335,1.064321303314131,2.519861843814912,0.00483972789128102,False,False,True,True,True
1788618602.0866575,0.4851960683061539,6.2727981778143596,0.0030259551026685957,False,False,True,True,True
1788618602.1897469,2.5792012086739353,20.322741178373526,0.01983188583748823,False,False,True,True,True
1788618602.283684,2.922707688994731,3.343566431213207,0.018345042722756028,False,False,True,True,True
1788618602.3962603,1.443422609894793,13.18572763475293,0.03403830001439729,False,False,True,True,True
1788618602.4895391,1.4752304030563466,0.3166722495716378,0.005888514976330202,False,False,True,True,True
1788618602.5865715,0.8162024098317425,6.842073511730808,0.0037306846084502873,False,False,True,True,True
1788618602.6844335,0.6196848947352797,2.02917606743592,0.0024858120932843885,False,False,True,True,True
1788618602.7905686,0.7384055618374361,1.0330661628676183,0.001349314120640021,False,False,True,True,True
1788618602.890042,0.20109204697686092,5.377554620012991,0.0014145167751519689,False,False,True,True,True
1788618602.9883907,1.6721764101699035,14.972483429901402,0.006271362645230584,False,False,True,True,True
1788618603.0878844,0.4872146617564664,12.020259969068933,0.007437707955856241,False,False,True,True,True
1788618603.1950724,0.46741293654673643,0.222582953508029,0.0007424077188796985,False,False,True,True,True
1788618603.2938879,1.5088437943612432,10.527358412965972,0.006133829140791153,False,False,True,True,True
1788618603.3888266,0.7736792759574661,7.9747312025055415,0.008281225579067662,False,False,True,True,True
1788618603.4855063,1.7725780218153122,10.349740859206726,0.010726952706735056,False,False,True,True,True
1788618603.5949929,3.852782103619978,19.08809408279476,0.03211929238938247,False,False,True,True,True
1788618603.6901658,0.696414967951253,32.99154420024451,0.039058491609897376,False,False,True,True,True
1788618603.7903388,0.727219540534167,0.304203091663128,0.0018667178971789177,False,False,True,True,True
1788618603.8817034,1.1720027377828586,4.8915895067592645,0.0048527306586246,False,False,True,True,True
1788618603.9934561,1.172509096401271,0.021495071266718156,0.004006790668535662,False,True,True,True,True
1788618604.0914662,1.390942008104908,2.238376641931038,0.004614101924930615,False,False,True,True,True
1788618604.1800492,3.3641643087832214,22.283052528725996,0.016864189008463606,False,False,True,True,True
1788618604.296028,0.5346968935312922,24.584341367528197,0.017979124469530365,False,False,True,True,True
1788618604.3963165,2.109776472132368,15.712581800823806,0.014313031590781162,False,False,True,True,True
1788618604.4892495,2.739713554486635,6.690156547429693,0.03587641852008279,False,False,True,True,True
1788618604.5916042,0.24716178350678197,24.612176692614433,0.015378492811511558,False,False,True,True,True
1788618604.700196,0.8750311102039098,5.784494647133639,0.002413031550370436,False,False,True,True,True
1788618604.7919657,2.5642822598731665,18.4536124714074,0.018580463178743935,False,False,True,True,True
1788618604.8920963,0.6826036691715913,18.500609467340777,0.01700866966324949,False,False,True,True,True
1788618604.9909124,0.3725022839325209,3.1082967679532625,0.0009799928612917214,False,False,True,True,True
1788618605.1000335,0.8905348630721083,4.733157303101609,0.003029863583422573,False,False,True,True,True
1788618605.1922684,1.5073690866602643,6.632146206165152,0.004627973258347073,False,False,True,True,True
1788618605.289513,0.4440095409060464,11.12745451579799,0.004341709672143538,False,False,True,True,True
1788618605.3899336,1.091142197898576,6.420814580409292,0.003699134233098422,False,False,True,True,True
1788618605.4929745,1.4904329728441335,3.7349601413372215,0.009556759452307806,False,True,True,True,True
1788618605.5946164,0.8726313624413612,6.296279191830288,0.008715094423016314,False,False,True,True,True
1788618605.6905324,0.46032276807447514,4.435261363132337,0.002562040832949045,False,False,True,True,True
1788618605.7863686,0.47314892800475744,0.14372580294776047,0.0007246310128282903,False,False,True,True,True
1788618605.8999486,0.2957342548040512,1.5516719093606663,0.0009565905355836023,False,False,True,True,True
1788618605.9953175,0.8817538515854946,6.142028745609473,0.0014740245851947561,False,False,True,True,True
1788618606.092417,1.7225613733883476,8.670347832916823,0.004738019331056973,False,False,True,True,True
1788618606.1888704,0.776706729546756,9.794534248449647,0.010229615673412374,False,False,True,True,True
1788618606.3042636,0.9323156956016485,1.3516807291104072,0.002119821373878794,False,False,True,True,True
1788618606.3929458,0.4375887223589479,5.614352677844005,0.0022408715186349164,False,False,True,True,True
1788618606.4906235,2.8900213817011466,25.13145709346986,0.01939739311914906,False,False,True,True,True
1788618606.6041994,1.308188969405224,13.715446785772865,0.015492383694838576,True,False,True,True,True
1788618606.6966083,0.38124220872099585,9.922269642053951,0.005415274963372191,True,False,True,True,True
1788618606.796341,2.414847297235594,20.440717750989535,0.015202204723568886,True,False,True,True,True
1788618606.887489,0.39116081906064354,21.83074511790533,0.01238957796550004,True,False,True,True,True
1788618607.0057786,1.7194695354722338,11.274551123308372,0.011081487537915435,True,False,True,True,True
1788618607.1037471,0.29817219312080906,14.451318543665176,0.008722655363350686,True,False,True,True,True
1788618607.1993334,0.4642616779107648,1.7420129009834147,0.0009667034381244733,False,False,True,True,True
1788618607.2903473,0.7016647640113857,2.5921233208869623,0.0009504486611382252,False,False,True,True,True
1788618607.405991,0.6321860421484383,0.6272393794236607,0.0014075180103290444,False,False,True,True,True
1788618607.4986784,0.5947661381307779,0.42043173151533253,0.002721880547254867,False,False,True,True,True
1788618607.5965734,0.987598347143095,3.9933920043687543,0.0021812665033515075,False,False,True,True,True
1788618607.6929095,1.466515794524164,4.878733039966574,0.003915779517774515,False,False,True,True,True
1788618607.8058884,2.5207123411007593,9.251361809888325,0.014340836553240779,False,False,True,True,True
1788618607.9034016,0.4610317697651008,21.30070453155256,0.016801459962922594,False,False,True,True,True
1788618607.9963896,0.2997936129319937,1.7750697949213967,0.0005919887843525457,False,False,True,True,True
1788618608.0901299,0.7517771261965595,4.824314494031472,0.0010662594168412262,False,False,True,True,True
1788618608.1996078,2.139154762394709,12.683621131918374,0.016957535491791405,False,False,True,True,True
1788618608.300543,2.862453022303226,7.268960994236934,0.016622480733219442,False,False,True,True,True
1788618608.3968606,1.7194357760039825,12.025011307163366,0.01557299802626349,False,False,True,True,True
1788618608.5076363,0.6123801461748096,10.09653569106679,0.005554458725207164,False,False,True,True,True
1788618608.606328,0.467176677705133,1.5192261030532246,0.0018175376000434844,False,False,True,True,True
1788618608.7016175,0.40094696053136114,0.7056804530793117,0.0005405253590152355,False,False,True,True,True
1788618608.7995093,2.745625986759145,23.946789621780553,0.017773385504694397,False,False,True,True,True
1788618608.9075785,0.6572047217783072,19.68165579760383,0.01739006764998556,False,False,True,True,True
1788618609.0066853,0.813209127492904,1.5730353269738364,0.002355402165922706,False,False,True,True,True
1788618609.0985532,1.9646605779854365,12.554439423909647,0.005533244631994563,False,False,True,True,True
1788618609.2007365,0.3961012102243722,15.025571188254654,0.007641657664307199,False,False,True,True,True
1788618609.3079977,0.36279325362666753,0.29915341072755763,0.0007940942385079202,False,False,True,True,True
1788618609.4044337,0.7348167571118784,3.8393620552376095,0.0009242381929989591,False,False,True,True,True
1788618609.501822,0.83808210265263,1.0799452917452772,0.0013921580098896012,False,False,True,True,True
1788618609.5891247,0.5482431761907265,3.210034775024142,0.0017314695590468596,False,False,True,True,True
1788618609.711574,0.6688093107056572,1.089492223356103,0.0015923958351787895,False,False,True,True,True
1788618609.8031406,0.9072304552095863,2.636011636708044,0.0021750853804942166,False,False,True,True,True
1788618609.8975596,0.6212353496583646,3.07979877415921,0.0021214706452555502,False,False,True,True,True
1788618609.995384,2.315515701185879,17.276666376827514,0.011633090464620872,False,False,True,True,True
1788618610.1061578,2.1838037148839553,1.335392865830561,0.013339046493427606,False,True,True,True,True
1788618610.2053657,1.2660247557920559,9.326085975445677,0.02198553765148355,False,False,True,True,True
1788618610.305096,0.5358635395762971,7.438030495249676,0.0037152883677395673,False,False,True,True,True
1788618610.39355,0.8999880982884393,4.008758785375205,0.002093574970878041,False,False,True,True,True
1788618610.5105155,1.0874259064064826,1.5079304308013513,0.004712919584131455,False,False,True,True,True
1788618610.6012032,0.44542946750122847,7.082225706255081,0.004174249782754987,False,False,True,True,True
1788618610.6992712,0.9653891518406802,5.319693019905727,0.003049721093176887,False,False,True,True,True
1788618610.8145823,1.4128834107723613,3.870321972000323,0.010970156801780337,False,False,True,True,True
1788618610.9106095,0.4677380225816743,9.78005388188697,0.00492302515170596,False,False,True,True,True
1788618611.0032098,1.8194375630689708,14.6177475734966,0.008206116773659055,False,False,True,True,True
1788618611.0974674,1.4270152358415447,4.137547341455105,0.014529323047015943,False,False,True,True,True
1788618611.2141433,2.4218941934427325,8.549124910345888,0.01400366359617705,False,False,True,True,True
1788618611.3067858,5.254972867495929,30.64096628815986,0.04054711753349965,False,False,True,True,True
1788618611.4044943,1.0476808776141762,42.97115224717435,0.04519028465935092,False,False,True,True,True
1788618611.5009222,0.5246234882421226,5.455130218598849,0.002959381955247886,False,False,True,True,True
1788618611.615884,2.2325588883155447,14.872904230319953,0.016252452504443803,False,True,True,True,True
1788618611.705371,2.2120040042491875,0.10598922836322915,0.012332352300044883,False,False,True,True,True
1788618611.800172,1.2381545178075681,10.22821642650862,0.007987883041071914,False,False,True,True,True
1788618611.8988826,0.6828008139746156,5.626936903353985,0.002551617830671363,False,False,True,True,True
1788618612.015626,0.27048651473689855,3.497847977080134,0.001079244643864364,False,False,True,True,True
1788618612.1080842,2.121855136439686,20.040645566372135,0.00795781081064934,False,False,True,True,True
1788618612.2014134,1.427348618795975,7.520067694632833,0.008051184669021853,False,False,True,True,True
1788618612.2928493,1.3390805567159565,1.0247208644345343,0.010477310457224,False,False,True,True,True
1788618612.409854,0.40368083320609466,8.220656377362571,0.003710232952450532,False,False,True,True,True
1788618612.507677,0.6575494783884628,2.5727794505843313,0.0017982748440464283,False,False,True,True,True
1788618612.6036468,3.1277772408032596,25.72357854434262,0.018811438105265515,False,False,True,True,True
1788618612.6969151,0.5552605735120422,27.56703521961647,0.01763941225581017,False,False,True,True,True
1788618612.8100667,0.4384402083999608,1.0488439094038176,0.0007269455100009987,False,False,True,True,True
1788618612.9083073,1.8384181718064594,14.288401299196343,0.00724594508736484,False,False,True,True,True
1788618613.0024276,0.847253158281714,10.451385428341208,0.005803612612585782,False,False,True,True,True
1788618613.1163805,1.0497272080388307,1.7795341243181582,0.006218216864441404,False,False,True,True,True
1788618613.209562,5.4419741518756375,47.138475563258,0.04824193117625883,False,False,True,True,True
1788618613.3062422,4.175819953504922,13.380744925827948,0.0488741266778743,False,False,True,True,True
1788618613.403252,1.0966777379552726,31.7279332161228,0.030853950273917925,False,False,True,True,True
1788618613.514759,1.824268908775799,6.602872985854966,0.0075994807070935795,False,False,True,True,True
1788618613.6134026,1.135439548660495,6.906347361422084,0.007967328516189717,False,False,True,True,True
1788618613.7093701,0.46830599296045783,6.892051420122834,0.0024486753609084155,False,False,True,True,True
1788618613.806857,1.2609156407164221,8.12783590918455,0.0031255182253004206,False,False,True,True,True
1788618613.9192033,0.7703375195891533,4.372992671768033,0.0062526802842207425,False,False,True,True,True
1788618614.01487,2.466250491561548,17.764418279475343,0.018075061965207896,False,False,True,True,True
1788618614.1085732,1.5333823799475013,9.9547409253955,0.01071989049323668,False,False,True,True,True
1788618614.2115276,0.4462512916250791,10.805726261912643,0.004897697995654256,False,False,True,True,True
1788618614.3169308,0.48640699721022534,0.34435753587225953,0.0013482386618516998,False,False,True,True,True
1788618614.4128356,0.42161401093966316,0.6758005478857999,0.0006113486000753324,False,False,True,True,True
1788618614.5101917,0.6732576200255793,2.567701706492011,0.0013650788575849783,False,False,True,True,True
1788618614.6011887,1.3336939644386605,7.282704870872364,0.00467842189762217,False,False,True,True,True
1788618614.716085,1.5739727348002117,2.277660607754425,0.006250468650380345,False,False,True,True,True
1788618614.814225,1.7183851652790505,1.6313178527736976,0.02040797506967794,False,False,True,True,True
1788618614.9097645,1.0931232250227445,6.5363999038154885,0.007434342486466295,False,False,True,True,True
1788618615.0034359,0.5728961379873879,5.256081492976249,0.0026000271244313007,False,False,True,True,True
1788618615.1176388,1.0814551551257865,4.44019466152765,0.004938729690930876,False,False,True,True,True
1788618615.2119284,2.7202067777694685,17.315427401456446,0.013373447444966241,False,False,True,True,True
1788618615.3111627,2.2170338266473104,5.351583806273329,0.01530080810801651,False,False,True,True,True
1788618615.419016,0.6675122956725018,14.378888680370293,0.011990024526045378,False,False,True,True,True
1788618615.5139513,0.6760837760885867,0.0932572497123296,0.002866882145955612,False,False,True,True,True
1788618615.6111035,0.2798675442616881,4.041117783646758,0.0008363379750165083,False,False,True,True,True
1788618615.7093205,1.5526771928655443,12.950076026785968,0.005990494957248333,False,False,True,True,True
1788618615.821955,0.20352587505802922,11.973779279427653,0.004964575053846885,False,False,True,True,True
1788618615.9112146,5.5361963968349155,59.74791682525251,0.05885890603593244,False,False,True,True,True
1788618616.010442,2.4957141214601246,30.527972201085035,0.04570923243965883,False,False,True,True,True
1788618616.1065176,0.720817655467325,18.3629361043582,0.012008778016232485,False,False,True,True,True
1788618616.2208192,0.6968083970564427,0.21775737071030482,0.0025667312940879754,False,False,True,True,True
1788618616.3162787,1.4343752110896542,7.738638574568356,0.004639094636030658,False,False,True,True,True
1788618616.4036555,3.114747543318356,19.109074734442697,0.01309274720493012,False,False,True,True,True
1788618616.510563,0.5170283490854596,24.287562902292557,0.01921516491933722,False,False,True,True,True
1788618616.6240015,0.8605229438535605,3.0700546364284245,0.0033628063963999514,False,False,True,True,True
1788618616.7134173,0.25678059321777547,6.736960701310375,0.0020242981792359584,False,False,True,True,True
1788618616.8095355,5.224836383787444,51.69353588626697,0.061642203546603686,False,False,True,True,True
1788618616.9095173,6.131034874075886,8.719338059384606,0.07638817399215102,False,False,True,True,True
1788618617.0250463,0.8384301713362681,45.8837589997675,0.07664185621003038,False,False,True,True,True
1788618617.1156476,0.31856879094258184,5.7529665531486796,0.0028718538200683138,False,False,True,True,True
1788618617.212421,0.6124491221629,3.0184296418581846,0.001341618448763304,False,False,True,True,True
1788618617.3105018,0.8024881666974579,1.9342812759491437,0.002743830718262112,False,False,True,True,True
1788618617.417176,0.5204408918615772,2.6370958540720544,0.0011480163720452346,False,False,True,True,True
1788618617.5156882,2.6714998610319864,21.826003071084205,0.013746891641773378,False,False,True,True,True
1788618617.6080728,2.3570641216170882,3.4835300828950606,0.01378956667385257,False,False,True,True,True
1788618617.7210906,3.0738123156441652,6.279951837235404,0.021537063670256193,False,False,True,True,True
1788618617.8175886,2.2213516422400987,8.785515980823103,0.022138916838338123,False,False,True,True,True
1788618617.9165492,0.7325949676035596,14.814677135160448,0.014385359822363391,False,False,True,True,True
1788618618.012741,0.1694679238370461,5.813730598866902,0.0011292919716250473,False,False,True,True,True
1788618618.1256285,1.1491316220060612,8.686437955830971,0.003713620203195876,False,False,True,True,True
1788618618.2257526,0.36332673456639303,7.884871712507253,0.004001950783796644,False,False,True,True,True
1788618618.3136675,0.39848029113821615,0.37532656924919555,0.0005251867059854567,False,False,True,True,True
1788618618.411739,0.5515590232615512,1.5450916349350263,0.0006014838394345519,False,False,True,True,True
1788618618.5258486,1.554012060816997,8.758706224041187,0.009504811021185989,False,False,True,True,True
1788618618.6216273,0.2975354440199378,13.093628944221171,0.006355269213544686,False,False,True,True,True
1788618618.7172987,0.30683148282401396,0.10381908882257779,0.00023991333971507282,False,False,True,True,True
1788618618.8163533,0.7547351862025148,4.528510993467197,0.0010821302234241235,False,False,True,True,True
1788618618.920536,0.8122494427978524,0.5243218807769868,0.003607546888699952,False,False,True,True,True
1788618619.0222673,1.0242152778498805,2.061626433777527,0.00223456202865759,False,False,True,True,True
1788618619.115488,0.9076930967444985,1.2653416124010504,0.006135797949419567,False,False,True,True,True
1788618619.2079606,2.67547544366834,19.123987307445827,0.011050524453029528,False,False,True,True,True
1788618619.3263907,1.5292519514644642,9.729250708024422,0.011442627622282271,False,False,True,True,True
1788618619.417664,0.912159741452327,6.78787768845858,0.012510002450051001,False,False,True,True,True
1788618619.5154026,0.3994946137845114,5.214478333752818,0.0012979351649923634,False,False,True,True,True
1788618619.6154351,0.25496541209142926,1.4468583698125317,0.0004231831072746806,False,False,True,True,True
1788618619.7271261,0.6197385437204256,3.26699436406567,0.0011444730478281004,False,False,True,True,True
1788618619.8202324,1.78722165984504,12.534232414157303,0.009165508842435858,False,False,True,True,True
1788618619.9143176,3.195443287326904,14.941130535442637,0.015755611691780202,False,False,True,True,True
1788618620.026074,2.317066137680458,7.736477688749632,0.018584503476801184,False,False,True,True,True
1788618620.122665,1.133117477428344,12.035203392646943,0.012169786393962224,False,False,True,True,True
1788618620.2175906,2.8883279797952337,18.529666104119165,0.014077239100266904,False,False,True,True,True
1788618620.3101056,2.1139392516349282,7.94316761915979,0.014687637449962205,False,False,True,True,True
1788618620.4264278,0.3923653640588149,14.790861111627418,0.007963334975138315,False,False,True,True,True
1788618620.5270345,0.6022044272938863,2.059875478735282,0.001021197068537281,False,False,True,True,True
1788618620.6211672,1.6123903458749171,10.759586684425123,0.006027631731171374,False,False,True,True,True
1788618620.7120137,0.3521083463430111,13.838960898444238,0.004864980889095302,False,False,True,True,True
1788618620.8294704,0.45176750744835376,0.8715910338453092,0.0010260372603554091,False,False,True,True,True
1788618620.9228745,0.4976164844735245,0.5041844316769507,0.0013752418822428481,False,False,True,True,True
1788618621.0224345,4.504783387703654,40.246000618278714,0.04481164553876346,False,False,True,True,True
1788618621.1141148,0.9576684392843172,38.828155471898334,0.044978935174936376,False,False,True,True,True
1788618621.226536,3.6304870917336194,23.750740717329357,0.04588374854058306,False,False,True,True,True
1788618621.321003,2.2486806565853317,14.923004615217499,0.03074972819721359,False,False,True,True,True
1788618621.418955,0.6347573217733284,16.539472091412193,0.014532905298171991,False,False,True,True,True
1788618621.5155978,1.2228692807165469,6.051633871101923,0.005531871452750361,False,False,True,True,True
1788618621.6304018,0.6524241758620961,4.99204556238871,0.006056543835834005,False,False,True,True,True
1788618621.7271554,0.6997426023291281,0.4628273818828462,0.0014464662254157253,False,False,True,True,True
1788618621.8261735,1.5322846205594667,8.383316918148337,0.004363485934395511,False,False,True,True,True
1788618621.914838,5.418645024891997,43.81403996020465,0.04322341418555879,False,False,True,True,True
1788618622.0248315,0.5542749780840243,44.31223872118001,0.0487839693495712,False,False,True,True,True
1788618622.1251323,0.7995692965130613,2.5011101631548804,0.0014243731438996167,False,False,True,True,True
1788618622.2188349,1.414078691409762,6.54461249469296,0.006805217862221746,False,False,True,True,True
1788618622.3288321,1.540860156961637,1.0918652997721432,0.005941400156795872,False,False,True,True,True
1788618622.4254327,2.4845247586961565,9.752923736418609,0.028708465183420153,False,False,True,True,True
1788618622.522431,0.5613229258464496,19.871888069402956,0.012048804604209321,False,False,True,True,True
1788618622.6210637,0.4160571096126381,1.5031750197424043,0.0008238200351776925,False,False,True,True,True
1788618622.7377398,1.275724513182981,7.369196676976086,0.005241772086022755,False,False,True,True,True
1788618622.8345025,3.3610543192662052,21.556052661103312,0.018884788524884212,False,False,True,True,True
1788618622.932178,1.2685344842777961,21.166372111911105,0.018964236471249136,False,False,True,True,True
1788618623.0268776,2.515914034637068,13.255661154467294,0.023610710961185485,False,False,True,True,True
1788618623.1336138,2.3361472141730104,1.4871822456531631,0.014368692579054267,False,False,True,True,True
1788618623.2201443,1.7555368704289191,6.55307618476196,0.011503941342877884,False,False,True,True,True
1788618623.319824,0.2818364095785233,14.753834801332657,0.004771664303220303,False,False,True,True,True
1788618623.417907,1.5273013752103892,12.687201179716356,0.005091253289865706,False,False,True,True,True
1788618623.531801,2.6527998838158893,9.810605796260083,0.017941848583262147,False,False,True,True,True
1788618623.624766,3.879675374436704,13.244674952837851,0.02888216174675952,False,False,True,True,True
1788618623.7208114,0.6646472062026567,32.88275181271611,0.02651390367456375,False,False,True,True,True
1788618623.8205163,0.9446305648205029,2.810142637365293,0.004242281370217591,False,False,True,True,True
1788618623.9327645,0.39350839451091124,4.898303359294621,0.0022773389409090827,False,False,True,True,True
1788618624.0256352,0.706894903366189,3.384596595536258,0.0013857214023155304,False,False,True,True,True
1788618624.1253724,1.0219114091654664,3.14465139272447,0.0022128312451431794,False,False,True,True,True
1788618624.2242692,0.7340757338106532,2.965545962793913,0.004547013581429575,False,False,True,True,True
1788618624.3325014,1.3108077796571567,5.349376210510542,0.0045813981585500745,False,False,True,True,True
1788618624.4250667,1.4516473230711648,1.7301021670553003,0.012994318818862543,False,False,True,True,True
1788618624.5226896,3.2448678139794227,18.381636395733114,0.019315242607825543,False,False,True,True,True
1788618624.6355162,0.4151940647805451,25.224626026554954,0.023591528726463765,False,False,True,True,True
1788618624.7333958,0.6500667254970623,2.4017441977076692,0.0015758259473405908,False,False,True,True,True
1788618624.8273165,4.101908770585107,36.744136974225796,0.03198003808731779,False,False,True,True,True
1788618624.9245245,2.7322244644942293,14.57555248964743,0.028828381549770604,False,False,True,True,True
1788618625.0283837,1.908527417120699,8.103042817026166,0.013927157052031286,False,False,True,True,True
1788618625.1261632,3.6106353836469895,17.424853700820677,0.0226624258216318,False,False,True,True,True
1788618625.2201405,3.7562284320315142,1.6943472602158471,0.029706555828767894,False,False,True,True,True
1788618625.317001,1.8924925297922417,19.237536475432712,0.02263431562139938,False,False,True,True,True
1788618625.4327872,0.30294587195839545,13.736753993680487,0.007183525184520642,False,False,True,True,True
1788618625.5335808,0.3833559061508356,0.7975645062064938,0.0004793082230453338,False,False,True,True,True
1788618625.6287348,0.8721786128063953,5.072908029152641,0.0018550107727185194,False,False,True,True,True
1788618625.7225106,1.6646820855377975,8.34808760996556,0.0048004976507083725,False,False,True,True,True
1788618625.835184,1.3720335113777848,2.6119806451297993,0.005857299798516102,False,False,True,True,True
1788618625.9279873,2.6787355917121736,14.031685196483773,0.011292446586220452,False,False,True,True,True
1788618626.0238667,1.560320533198332,11.676826106749091,0.01121649423606804,False,False,True,True,True
1788618626.1206656,0.32345153321254433,12.759990552449393,0.0059406164224517916,False,False,True,True,True
1788618626.2329323,0.3287602664133902,0.05302756762969693,0.00041047352049171175,False,False,True,True,True
1788618626.324967,1.0119390417696845,7.443059851847806,0.002893127053175775,False,False,True,True,True
1788618626.4269848,1.7258441845500725,7.081552099724289,0.0055654353625925294,False,False,True,True,True
1788618626.525822,0.7935661844077744,9.476283330622268,0.005642106364858606,False,False,True,True,True
1788618626.6336813,1.4874936587493839,6.434050821345768,0.004993228151905212,False,False,True,True,True
1788618626.732556,1.1834897417985903,3.1750081855965386,0.005136141366823911,False,False,True,True,True
1788618626.82609,2.392701782477392,12.951369134913078,0.00940929978822212,False,False,True,True,True
1788618626.9388845,1.3517253771250957,9.10292058363057,0.00982887439086392,False,False,True,True,True
1788618627.0379562,0.46821627556657625,8.62473038113829,0.005281355741780845,False,False,True,True,True
1788618627.1293166,4.570489893301821,44.898833325725036,0.041190036220146886,False,False,True,True,True
1788618627.2240925,1.4997873448847865,32.64390923420521,0.03339088645579677,False,False,True,True,True
1788618627.338653,1.9450926273095654,3.7646388199348984,0.022902682882877647,False,False,True,True,True
1788618627.4351177,1.180071067963802,7.815032115056548,0.02016225810832178,False,False,True,True,True
1788618627.5324798,2.0175595305833762,8.576976857913188,0.007236438596010461,False,False,True,True,True
1788618627.6266346,0.5841797125635894,15.105353081768289,0.011903630200964252,False,False,True,True,True
1788618627.736613,0.7408312090281161,1.4495277396184136,0.0017217290651642804,False,False,True,True,True
1788618627.8336706,0.9235619569192249,1.8872286403246914,0.0031975738832043907,False,False,True,True,True
1788618627.937163,2.44560171188472,14.74460970397619,0.013149929960341759,False,False,True,True,True
1788618628.0347297,0.4354316471764758,20.24905556670736,0.0160679161741876,False,False,True,True,True
1788618628.1468217,2.230884325049086,16.003954270135207,0.015214301275929439,False,False,True,True,True
1788618628.2345443,0.3331099167459096,21.84055970551536,0.015491763956110354,False,False,True,True,True
1788618628.3365183,0.8521271447849307,5.067288448654332,0.0017079595714470587,False,False,True,True,True
1788618628.433425,2.133228307970167,13.105745498861399,0.013456227238943578,False,False,True,True,True
1788618628.5366986,0.7899083313254358,13.031711444772704,0.008538593957142179,False,False,True,True,True
1788618628.6348712,3.361784160588231,26.153427664695464,0.021394483783440273,False,False,True,True,True
1788618628.7355068,1.2518789645820785,20.94655450822863,0.01980053759643407,False,False,True,True,True
1788618628.8316486,2.676432379211448,14.776842256208184,0.026455608390528473,False,False,True,True,True
1788618628.9515376,0.7123668524001325,16.63760590553193,0.020245964721330438,False,False,True,True,True
1788618629.040845,0.34259845577664855,4.202050024678077,0.0018747137547063283,False,False,True,True,True
1788618629.1341312,0.9767379777804143,6.789320939964747,0.0024413371273536767,False,False,True,True,True
1788618629.25116,0.5177664144096288,3.909124412426848,0.0018134220782420525,False,False,True,True,True
1788618629.3527071,0.19128286713880316,3.1933137405492222,0.0010901281899736474,False,False,True,True,True
1788618629.4418893,1.1733774936976158,11.018591679594271,0.0027954041934746287,False,False,True,True,True
1788618629.5346906,0.4234377823780408,7.853030040232406,0.00304933313665192,False,False,True,True,True
1788618629.656564,0.4764722985726775,0.4934128343006404,0.0013344376996232226,False,False,True,True,True
1788618629.7460246,0.23894577870036743,2.63167841704143,0.0010526780068165782,False,False,True,True,True
1788618629.841715,3.198108297242056,30.936049281642806,0.0235167628849865,False,False,True,True,True
1788618629.9365532,4.097175803933808,9.143566957743445,0.0314200903561252,False,False,True,True,True
1788618630.044277,2.735433541079136,12.87406403980689,0.08421666926518802,False,False,True,True,True
1788618630.1392455,4.331042341480398,16.712072197820543,0.03228197219812695,False,False,True,True,True
1788618630.237639,0.31981173756660974,41.320062726484664,0.04099219956746541,False,False,True,True,True
1788618630.341863,1.2457074438335132,8.883520102506713,0.004235369854193804,False,False,True,True,True
1788618630.454485,0.5434287422258557,6.115365464342673,0.0032600815141719873,False,False,True,True,True
1788618630.5519104,0.21957448785389155,3.3360851746340408,0.0008676981679843639,False,False,True,True,True
1788618630.6476312,1.8540677134147157,17.056133091550556,0.007627957875126851,False,False,True,True,True
1788618630.742948,0.3689611687570424,15.626861427851678,0.007932115822935381,False,False,True,True,True
1788618630.850108,2.9384902628718397,23.959987536732886,0.022869215878408084,False,False,True,True,True
1788618630.942113,1.6792448519659515,13.859087490455599,0.018869497537155402,False,False,True,True,True
1788618631.0410035,1.6365096900961453,0.40225956052320905,0.016017988851556537,False,False,True,True,True
1788618631.1389213,3.591143473375771,20.27903788415813,0.02246055427141733,False,False,True,True,True
1788618631.2440214,0.8007979319574408,26.39916735323084,0.024091829267892516,False,False,True,True,True
1788618631.3479023,0.5592328906582283,2.35350910368307,0.0016321884025545777,False,False,True,True,True
1788618631.4278603,1.99288326310153,17.930522044860364,0.005538631158059285,False,False,True,True,True
1788618631.5488174,0.5431742429861058,12.055909458093447,0.008367529957780376,False,False,True,True,True
1788618631.642855,1.0848806960041986,5.789157537883233,0.002718932766509877,False,False,True,True,True
1788618631.7409935,2.0975859475676923,10.288851241655298,0.007970626224934158,False,False,True,True,True
1788618631.8355043,1.516991553691734,6.136090824742028,0.0080019955697761,False,False,True,True,True
1788618631.9456813,2.2438025255266356,6.646210720115431,0.027078865402257367,False,False,True,True,True
1788618632.044491,0.17963084480249217,20.90354564593724,0.014482888516696027,False,False,True,True,True
1788618632.1408143,2.6615121616812694,25.763881235634187,0.015885974815282054,False,False,True,True,True
1788618632.2367065,0.5076406650688589,22.52560563623436,0.017763553299792383,False,False,True,True,True
1788618632.3596492,0.5941120507993475,0.6983523864332846,0.0024337383206420723,False,False,True,True,True
1788618632.4459944,1.3520569649619438,8.774897142952533,0.002607648354732798,False,False,True,True,True
1788618632.5466678,1.2483391030946236,1.1040796616774446,0.0042927811323709986,False,False,True,True,True
1788618632.6440117,0.29387818314223074,9.866873255682222,0.0038948525527789635,False,False,True,True,True
1788618632.7487645,1.16107160629676,8.282332852576532,0.004096655908449827,False,False,True,True,True
1788618632.852688,2.268913207315028,10.775921635949626,0.010371603895387093,False,False,True,True,True
1788618632.946711,3.0469707317849113,8.239707829424502,0.04760087293886163,False,False,True,True,True
1788618633.0380664,0.9726902177577126,22.943485867786553,0.015549255713673486,False,False,True,True,True
1788618633.1539345,1.2835244722524441,2.6874759082749526,0.00978634490219154,False,False,True,True,True
1788618633.2531478,0.3971579577821368,8.890051216167953,0.006056186533206451,False,False,True,True,True
1788618633.3427052,1.4525940062520322,11.8107084466699,0.003735967401772732,False,False,True,True,True
1788618633.437551,4.988757346365771,37.31714526492106,0.045058597442069255,False,False,True,True,True
1788618633.5565379,0.694710684255796,35.47128643354944,0.045612166630900085,False,False,True,True,True
1788618633.64697,3.5590157267326936,31.718668008186413,0.03215086183870308,False,False,True,True,True
1788618633.7356014,0.7946220842605478,31.746629729857453,0.02997077058142892,False,False,True,True,True
1788618633.8528018,0.5296021588236105,2.316804014297461,0.0023556988803252418,False,False,True,True,True
1788618633.948715,3.3271938810439243,29.155186659759458,0.021562048808935315,False,False,True,True,True
1788618634.0457797,1.0685615670268795,23.43457194058779,0.019265272144262234,False,False,True,True,True
1788618634.1412885,1.0527732630109807,0.16796877147218223,0.0028825898457768605,False,False,True,True,True
1788618634.2579594,2.2714562857202805,10.456344006249964,0.013011213769506971,False,False,True,True,True
1788618634.3492963,2.415305141001902,1.566565594862057,0.014403413247757046,False,False,True,True,True
1788618634.4487689,0.9689059922522628,14.65225129943364,0.009189915253008756,False,False,True,True,True
1788618634.5488799,1.48155633162874,5.024809828264419,0.009971374569527564,False,False,True,True,True
1788618634.6570024,1.536191164188174,0.47212102253383664,0.015794547725508135,False,False,True,True,True
1788618634.7513437,4.755180246582098,34.03583525433199,0.03722461680077827,False,False,True,True,True
1788618634.8380067,0.8941795068552288,44.45400293732402,0.03989616759450098,False,False,True,True,True
1788618634.9425902,0.9735011629386119,0.7641726106391564,0.002023088149611826,False,False,True,True,True
1788618635.0546312,3.1674024724797025,19.690827172345234,0.023589355767768994,False,False,True,True,True
1788618635.1525707,0.22240920388506621,29.80123602339425,0.02891266715076414,False,False,True,True,True
1788618635.2422166,1.8033480601652212,17.653931556810885,0.006451155845279561,False,False,True,True,True
1788618635.3426328,0.277253905745403,15.215309757782553,0.006473124258724949,False,False,True,True,True
1788618635.4512186,1.4742522770768072,11.02847205473582,0.006109942085048895,False,False,True,True,True
1788618635.5499034,0.4050677559850327,10.842936892272796,0.005094833013039888,False,False,True,True,True
1788618635.639363,4.7274209958006805,48.31827766132974,0.04671818173312179,False,False,True,True,True
1788618635.741835,3.746205414545095,10.06766669748713,0.04063371553034885,False,False,True,True,True
1788618635.8522246,1.5269922306684087,20.34897492476083,0.030762701642318965,False,False,True,True,True
1788618635.952383,1.4647288479658536,0.7002424924652676,0.011331143009853478,False,False,True,True,True
1788618636.0409057,0.46413949902795754,11.428425593426011,0.004858104924280086,False,False,True,True,True
1788618636.1567075,2.2248602770303814,15.17438193305783,0.017432426976967168,False,False,True,True,True
1788618636.255531,2.3903336049684034,1.7235375567239275,0.014155892978174883,False,False,True,True,True
1788618636.3528116,0.49887963283309467,19.430947243038993,0.011081199498199997,False,False,True,True,True
1788618636.4473958,0.24374898262646738,2.696525102897595,0.0006916964853370806,False,False,True,True,True
1788618636.555927,0.3994272928233492,1.4429693864862698,0.0004915113658842123,False,False,True,True,True
1788618636.6532152,3.3624552108239993,30.42971099789655,0.021850810502219015,False,False,True,True,True
1788618636.7542696,4.621448211259656,12.429594694637697,0.03960668155117192,False,False,True,True,True
1788618636.8410792,5.308572943470807,8.098642501226713,0.049392752560576875,False,False,True,True,True
1788618636.9575844,2.037108793044063,27.728937779769314,0.03719725480685564,False,False,True,True,True
1788618637.054005,0.18857496092573414,18.918019101110307,0.012994932932732099,False,False,True,True,True
1788618637.1470299,0.44350444001418016,2.7736091643678096,0.0005699243295882717,False,False,True,True,True
1788618637.2464135,0.8792579268207178,4.461911195009386,0.0028221604639210606,False,False,True,True,True
1788618637.3609164,1.584054282698883,6.1514517834804,0.0064163763495725225,False,False,True,True,True
1788618637.4525013,3.3731305848616584,19.43990344042072,0.018206376230728898,False,False,True,True,True
1788618637.5510306,3.169720565446695,2.0651524482775447,0.02361637104320846,False,False,True,True,True
1788618637.64555,0.9973972168342853,23.320747142512452,0.032087863506444506,False,False,True,True,True
1788618637.7578526,1.8857046352641538,7.914425649339929,0.008536855531267746,False,False,True,True,True
1788618637.852918,1.8503566013225394,0.25133359974126623,0.009949752854252014,False,False,True,True,True
1788618637.948538,0.9268665056108657,9.160839238337356,0.006525189089946045,False,False,True,True,True
1788618638.0492141,1.8553876228208424,9.227911089839587,0.007674039475341712,False,False,True,True,True
1788618638.162958,0.9603000903626735,8.141569873364785,0.009064020038850786,False,False,True,True,True
1788618638.246486,0.6698976807558285,3.5287613443541876,0.0026314815429456465,False,False,True,True,True
1788618638.350968,1.079402687007532,3.8238771178607114,0.004750319747396737,False,False,True,True,True
1788618638.4576879,0.17745752468657286,8.491122832593344,0.0029171200249670935,False,False,True,True,True
1788618638.559919,3.483756315184963,32.34538644991833,0.03138882697630032,False,False,True,True,True
1788618638.6545188,2.110852771582737,14.152582984401059,0.024229764025931085,False,False,True,True,True
1788618638.752376,1.790531577581963,3.2300407822001347,0.020897053787534894,False,False,True,True,True
1788618638.8610766,0.28966599125937187,14.016838594437678,0.007511497374953934,False,False,True,True,True
1788618638.957642,1.4274821668706972,11.779760772653066,0.004166599134375943,False,False,True,True,True
1788618639.0528872,0.13940110956313406,13.572218641738129,0.004549679527635279,False,False,True,True,True
1788618639.149633,3.1989824634516264,31.61897045690271,0.02253147248545365,False,False,True,True,True
1788618639.2646134,0.5105735364713033,23.325409857213835,0.022666765382118405,False,False,True,True,True
1788618639.3607478,1.3965431246776507,9.24982936330264,0.005915681798146989,False,False,True,True,True
1788618639.457108,1.1285251758014299,2.7757908516404743,0.003880781441649973,False,False,True,True,True
1788618639.5443084,1.22091046791568,0.8774780408031608,0.002997758622822428,False,False,True,True,True
1788618639.6511896,2.7245356605768625,14.020059340066059,0.015679479932797693,False,False,True,True,True
1788618639.7544878,2.557774591334277,1.6488424247344065,0.01828861196250032,False,False,True,True,True
1788618639.8504767,2.0242976754368187,5.5871681948089025,0.013503057974896522,False,False,True,True,True
1788618639.947606,2.085158323166032,0.6683040518481627,0.00943001997817999,False,False,True,True,True
1788618640.0627213,1.927806336020575,1.3261623690034874,0.03133729425890032,False,False,True,True,True
1788618640.156805,2.095098350554286,1.7062031346217958,0.010599867308285268,False,False,True,True,True
1788618640.2488608,0.8281240519475972,13.765256034917865,0.007476360052356359,False,False,True,True,True
1788618640.35315,0.7698812861289798,0.5735214260791323,0.0035869680308600843,False,False,True,True,True
1788618640.467542,0.24953044242569855,4.579737453137036,0.001228177365933916,False,False,True,True,True
1788618640.555667,0.6482245439728439,4.516997793775947,0.0012078800139862936,False,True,True,True,True
1788618640.659918,1.4815846900640028,7.997477696762016,0.008097985199140918,False,False,True,True,True
1788618640.7757144,0.22910940744691555,10.757385002825211,0.005327256956736152,False,False,True,True,True
1788618640.8732507,3.098643435067775,29.434145068257397,0.021860918403939188,False,False,True,True,True
1788618640.9556065,0.7460652562560791,28.60698886381061,0.01900593075884068,False,False,True,True,True
1788618641.0613477,0.8066561011760041,0.5829275637512945,0.0024436007265613824,False,False,True,True,True
1788618641.171759,1.0380203608779273,2.0920484482294137,0.0030071595953852083,False,False,True,True,True
1788618641.2628255,1.8446658889015444,8.92448312241714,0.013540585814050363,False,False,True,True,True
1788618641.3678365,0.3145548835471176,14.354739954435383,0.006091437992064507,False,False,True,True,True
1788618641.459667,2.3257857182860913,21.95849758494503,0.01061827630678922,False,False,True,True,True
1788618641.5766842,1.3717329821715036,7.912944233166403,0.010275453447433839,False,False,True,True,True
1788618641.6631894,0.9745289886130937,4.414358017965347,0.009585038105810607,False,False,True,True,True
1788618641.761963,4.281928303985022,33.503443320535936,0.05252355849606039,False,False,True,True,True
1788618641.8619947,0.7353275918497013,35.99609371659009,0.04006609961647501,False,False,True,True,True
1788618641.9693224,2.2070148926544406,13.623412688698513,0.0182677567911171,False,False,True,True,True
1788618642.0605016,2.934320180589298,7.969711580689008,0.015773676782719168,False,False,True,True,True
1788618642.1584568,0.5177655198975695,25.05621733701368,0.015681553963698955,False,False,True,True,True
1788618642.2562404,0.4115210182837088,1.0836574793565708,0.0013872384830313257,False,True,True,True,True
1788618642.364852,0.46210530374730363,0.44602580405612374,0.0012570821359248123,False,False,True,True,True
1788618642.460426,3.843177081458885,35.34499269506751,0.03574114445850755,False,False,True,True,True
1788618642.5542958,2.1153580477205045,18.310751197186626,0.025990851814728908,False,False,True,True,True
1788618642.6687365,0.25029108981050985,16.200142193936248,0.008452729700352294,False,False,True,True,True
1788618642.768086,1.231339805139148,9.888605516291,0.0037200480863935556,False,False,True,True,True
1788618642.8643663,0.8145787582286038,4.292587210869768,0.005944346175201112,False,False,True,True,True
1788618642.957985,2.514343679765461,18.155880790884787,0.011612124416262599,False,False,True,True,True
1788618643.0687642,2.569740849439123,0.5260198483926183,0.016724375024256142,False,False,True,True,True
1788618643.1612308,4.305872672829518,18.622906213802146,0.03027865346536265,False,False,True,True,True
1788618643.2601535,0.6206662169895523,37.495728185018855,0.033247793364650405,False,False,True,True,True
1788618643.3524547,0.3795708733562736,2.662240493627572,0.0016184549393096425,False,False,True,True,True
1788618643.4674084,0.5260937026773973,1.3020387208783233,0.0013387420126696526,False,False,True,True,True
1788618643.5641973,0.7325973172588657,2.2246919658276143,0.0013981512481702298,False,False,True,True,True
1788618643.6569226,1.666007915252192,10.14568766243184,0.0049514302133091635,False,False,True,True,True
1788618643.7574337,0.4816331282556486,11.461299362224329,0.005774373513381612,False,False,True,True,True
1788618643.8717985,1.5981614683318282,9.76629529681597,0.008622447845724744,False,False,True,True,True
1788618643.9649544,0.6216425993907225,10.66526672476919,0.010778048623727932,False,False,True,True,True
1788618644.0584738,4.839306349295456,45.009491882457134,0.04542469720038015,False,False,True,True,True
1788618644.1546786,0.8692336918353256,41.47237949264308,0.04384861980680559,False,False,True,True,True
1788618644.2630084,0.1764254959561858,6.419421072625797,0.0020316295676124996,False,False,True,True,True
1788618644.3610642,3.217716267266189,30.99642043284395,0.02447232618804058,False,False,True,True,True
1788618644.4548352,1.80407962492468,15.19497076943822,0.01875234786322169,False,False,True,True,True
1788618644.5564964,0.24722593190818082,15.247111637848386,0.006609792505700767,False,False,True,True,True
1788618644.661835,1.362126227954743,10.584184444754344,0.004950959019029048,False,False,True,True,True
1788618644.763406,0.1838290709756365,11.529770229019102,0.004913941542241972,False,False,True,True,True
1788618644.8540869,1.8742177323045879,18.63871390957635,0.007012181428663479,False,False,True,True,True
1788618644.9731836,0.3620824078407731,12.925605965890444,0.007187272930575795,False,False,True,True,True
1788618645.0614364,1.3326728920425155,11.011053367895563,0.0036457602650880167,False,False,True,True,True
1788618645.1691544,0.19867565718120694,10.410319718648966,0.003356727320348854,False,False,True,True,True
1788618645.2579799,0.42272893593915795,2.5205183354090557,0.00045976383808582163,False,False,True,True,True
1788618645.3708138,2.493214064603249,18.33942392951047,0.02049404198588074,False,False,True,True,True
1788618645.4677496,4.44397086875336,19.987710509511864,0.0344358076683931,False,False,True,True,True
1788618645.5696461,3.0429707132234545,13.917075642971305,0.035484837751971046,False,False,True,True,True
1788618645.6634543,3.1957584298022597,1.553184106417117,0.06492878145938825,False,False,True,True,True
1788618645.7725868,5.1226715401951335,17.71545712354941,0.05570063468115498,False,False,True,True,True
1788618645.871154,2.358974231492336,27.962440537621205,0.055922779450507595,False,False,True,True,True
1788618645.968471,2.4092978837668166,0.5988408664648998,0.03844371471684366,False,False,True,True,True
1788618646.0554025,0.6479570395834602,20.192554616575485,0.012257189301779412,False,False,True,True,True
1788618646.1730747,2.408991336464015,14.952048657357318,0.02061524889668127,False,False,True,True,True
1788618646.2676601,2.8698918901244084,4.8046104541631305,0.018490772685025754,False,False,True,True,True
1788618646.3621402,2.6684063252300163,2.1313046178991257,0.01772573345514889,False,False,True,True,True
1788618646.4590435,1.0214739787320282,17.06504160947821,0.014731835480031197,False,False,True,True,True
1788618646.5744004,1.1548201069818875,1.1180059608896777,0.007709568393580702,False,False,True,True,True
1788618646.6692293,1.4744676695828978,3.449061058169991,0.004590729692940878,False,False,True,True,True
1788618646.7641654,0.642520673799495,8.630044880108633,0.0073287078783169255,False,False,True,True,True
1788618646.8602936,0.6139583112045992,0.2718876350329937,0.0022734613407808975,False,False,True,True,True
1788618646.97082,1.0930661636889119,4.347446338864737,0.0031625231230812973,False,False,True,True,True
1788618647.0688028,1.19040791947954,0.8748066888349912,0.009880656065262483,False,False,True,True,True
1788618647.1622798,1.1581796142614407,0.42700079218794224,0.0034259002939843425,False,False,True,True,True
1788618647.2715955,0.5862278902057256,5.23315420451549,0.002486933584021786,False,False,True,True,True
1788618647.3742115,0.44767332702586854,1.3521434807588137,0.0011229452465462155,False,False,True,True,True
1788618647.4757965,0.8354850231961815,3.82119863715363,0.0012964493483666923,False,False,True,True,True
1788618647.5641255,1.6941884722739071,9.718019952086989,0.004049358671392051,False,True,True,True,True
1788618647.682684,0.9084808411858548,6.598611108081937,0.00485967724970554,False,False,True,True,True
1788618647.767872,2.843924030997402,22.988366026666995,0.022062702847513566,False,False,True,True,True
1788618647.8765495,7.169338808947311,39.770922937033085,0.11751537805415764,False,False,True,True,True
1788618647.971063,2.5600998829755106,50.182116190683374,0.11977425214673836,False,False,True,True,True
1788618648.0802271,0.7140048856801698,17.453971608637147,0.01913127056739898,False,False,True,True,True
1788618648.1754632,4.580123770943369,40.53803325927513,0.05226321705597319,False,False,True,True,True
1788618648.2712948,0.6098317177485469,41.431547322554096,0.03923591977178261,False,False,True,True,True
1788618648.3700395,0.8389847098842498,2.3541530321551978,0.0016253231961003555,False,False,True,True,True
1788618648.4789126,3.561437012581401,25.003845305739425,0.03252745526587171,False,False,True,True,True
1788618648.5715454,2.247679615912155,14.079032603674651,0.026504713435953377,False,False,True,True,True
1788618648.6688938,0.7384845022346641,15.45833210368788,0.013366183154125738,False,False,True,True,True
1788618648.7646954,0.5507903207962385,1.9751789458467275,0.0015588040516079805,False,False,True,True,True
1788618648.8731363,0.8970221182394431,3.194470776087322,0.0017458140250887176,False,False,True,True,True
1788618648.976036,0.1687889351378262,7.065575325327459,0.0025824789512881724,False,False,True,True,True
1788618649.0717006,0.7860859758359978,6.453298767738836,0.001171056255007062,False,False,True,True,True
1788618649.1645007,0.31137111440206144,5.081510236535297,0.0016928819379672631,False,False,True,True,True
1788618649.2762225,0.6160687366496939,2.762431158269891,0.0012733392598689153,False,False,True,True,True
1788618649.3725755,1.4336469115435535,8.507796646650242,0.004213862577863123,False,False,True,True,True
1788618649.4685364,1.4728177874185733,0.37421302309962223,0.004859547050982516,False,False,True,True,True
1788618649.5832808,0.5982741903380184,7.535095046627833,0.00466031144664821,False,False,True,True,True
1788618649.6779585,1.4945936227494045,9.443314111366584,0.0045591684872474895,False,False,True,True,True
1788618649.7729337,1.7975864392958898,3.063549256129381,0.015267944615094021,False,False,True,True,True
1788618649.8686953,2.312776655560186,5.433281196801274,0.010792075856966728,False,False,True,True,True
1788618649.9776332,0.7834315105573355,13.905112185837913,0.009459501419484465,False,False,True,True,True
1788618650.0753422,0.5539984319496697,2.353538701715544,0.0019477963341283941,False,False,True,True,True
1788618650.1695182,0.3872900686547896,1.7672367845807702,0.0007098188085618538,False,False,True,True,True
1788618650.2688613,0.7190659660213218,3.358891585901044,0.0017234323265711104,False,False,True,True,True
1788618650.3774405,0.5554013115851031,1.4773880025378814,0.002675723675244949,False,False,True,True,True
1788618650.4720242,1.8365093256828964,13.567001407935907,0.005969070752624273,False,False,True,True,True
1788618650.566854,1.7021431314097748,1.6305872282034768,0.007188032458482203,False,True,True,True,True
1788618650.671808,0.25598185160849085,13.83900679294103,0.005808173136994513,False,False,True,True,True
1788618650.7828703,0.5213029025642099,2.3717589661452956,0.0009155213124460001,False,False,True,True,True
1788618650.8768282,0.35880372090068674,1.75477630638425,0.001215522567656332,False,False,True,True,True
1788618650.9718394,0.5455142425356198,1.9602169686919175,0.001086983652289693,False,False,True,True,True
1788618651.0678418,3.0326151564299435,25.88264507723862,0.02056583571854534,False,False,True,True,True
1788618651.1802459,2.798698786249551,2.109877732532529,0.021824673607077297,False,False,True,True,True
1788618651.2764823,0.8918844624419884,19.862050777790095,0.01900234516255614,False,False,True,True,True
1788618651.3678372,0.5850605174262788,3.383316606662378,0.0017382077857446448,False,False,True,True,True
1788618651.4685032,1.7365173625482924,11.440358017585417,0.006327106567132511,False,False,True,True,True
1788618651.5795305,0.21531261347779757,13.73056992738734,0.006910521533378394,False,False,True,True,True
1788618651.6770227,0.12886815823837394,0.8810811984301996,0.0001305761059722574,False,False,True,True,True
1788618651.7718353,0.15377629155901154,0.2680030004617285,0.00010226877905467039,False,False,True,True,True
1788618651.8849988,0.9203929595493394,6.776643976021894,0.0026090970529912307,False,False,True,True,True
1788618651.9775932,0.30388286193136127,6.667955700083169,0.0021534640654999626,False,False,True,True,True
1788618652.0746686,1.092679326219259,8.125765518491669,0.0033953757244338622,False,False,True,True,True
1788618652.1694007,1.0018484650960204,1.0163821130608033,0.0031002382407186715,False,False,True,True,True
1788618652.2857878,1.9281151426340066,8.024601153962486,0.00921157672824521,False,False,True,True,True
1788618652.3817024,2.4726496012530803,5.752227773934959,0.037056165643865505,False,False,True,True,True
1788618652.4779294,4.5002605022501605,21.2072201643218,0.03399361085702621,False,False,True,True,True
1788618652.5719469,2.6780897577851044,19.33974109585018,0.034088040644674085,False,False,True,True,True
1788618652.689259,0.8374647222222763,15.703522793613521,0.012379381090458177,False,False,True,True,True
1788618652.7809625,2.9203170384071666,22.732218904083968,0.024570899840096885,False,False,True,True,True
1788618652.875806,2.86192584568017,0.5687110166276688,0.017818260206191764,False,False,True,True,True
1788618652.9744678,0.5659953756150358,23.229697834673473,0.014821413681885009,False,False,True,True,True
1788618653.0876393,0.8588271666134049,2.565130157808364,0.002076812138964145,False,False,True,True,True
1788618653.1796641,4.986206013631585,44.77355490868616,0.042221420507807694,False,False,True,True,True
1788618653.2766645,5.735454140482138,7.670689966517604,0.062353618828908455,False,False,True,True,True
1788618653.3668787,1.3722257023853255,48.345519052186354,0.06108077962485524,False,False,True,True,True
1788618653.4843822,0.21002722022844827,9.862261947210953,0.00405100268735511,False,False,True,True,True
1788618653.5804222,1.7375037429354734,15.917379378405206,0.007378705782464962,False,False,True,True,True
1788618653.6865916,3.177246883117383,13.532477536838842,0.020627788898509115,False,False,True,True,True
1788618653.783783,1.8672958294666648,13.482226047221184,0.0222833158831908,False,False,True,True,True
1788618653.8877463,0.20545603733011336,15.865304579815492,0.007740123056939905,False,False,True,True,True
1788618653.9858258,0.8360659797507207,6.448810414270109,0.001841706508443579,False,False,True,True,True
1788618654.0748584,0.28163665019390033,6.1912565943536535,0.0016608432581267088,False,False,True,True,True
1788618654.1895618,2.4262832749819503,18.700480573004693,0.018515762608153057,False,False,True,True,True
1788618654.283744,2.5920316301174906,1.5339815123188214,0.01761382744678643,False,False,True,True,True
1788618654.3834207,1.3951943565691904,12.028020864940151,0.01094647211694426,False,False,True,True,True
1788618654.4891348,0.797075702183468,5.695429482669203,0.008079258706724055,False,False,True,True,True
1788618654.5813556,2.689654146170401,20.294595156970917,0.011536472681763424,False,False,True,True,True
1788618654.6796842,3.6145032439275613,9.157471183045129,0.0240215655482485,False,False,True,True,True
1788618654.785573,2.694349815155766,8.121129208339866,0.02460954816392286,False,False,True,True,True
1788618654.876586,0.423596956339976,24.748857532563765,0.02115610629532145,False,False,True,True,True
1788618654.988271,0.7513911544984603,2.938630731516561,0.0019036918050375875,False,False,True,True,True
1788618655.0814714,0.9503521716428633,2.113183874588661,0.002502653474100901,False,False,True,True,True
1788618655.1793773,3.6877603353449815,28.032595616556705,0.03277339911308868,False,False,True,True,True
1788618655.2779734,2.7358916163561164,9.514788912234742,0.02519832662515501,False,False,True,True,True
1788618655.3914487,2.2908606542179375,3.797983977861545,0.01809812601069523,False,False,True,True,True
1788618655.4809363,7.337334038357099,56.167431859057366,0.07899703340261849,False,False,True,True,True
1788618655.580388,1.6613306052857382,57.033912197217184,0.08426074854319737,False,False,True,True,True
1788618655.6801374,0.4302369287491458,12.179352322751077,0.007471937852003907,False,False,True,True,True
1788618655.7929447,1.4734832074538615,9.275892605695274,0.008232336103111111,False,False,True,True,True
1788618655.8805614,0.6665205878578045,9.211044970786077,0.009439903141536747,False,False,True,True,True
1788618655.9824173,0.9128349961812867,2.347407046025478,0.003458212713033388,False,False,True,True,True
1788618656.080914,1.6467118929875102,7.3259414000354655,0.004994112226805224,False,False,True,True,True
1788618656.1898093,2.0376903571766185,3.590024666065095,0.009925850069534715,False,False,True,True,True
1788618656.2865603,4.351959182199491,24.08214191602289,0.03175390838200264,False,False,True,True,True
1788618656.3863697,0.3885919154701594,38.9963631340688,0.03974338806935551,False,False,True,True,True
1788618656.4906952,3.136178580236255,26.38040409400195,0.028105492889682126,False,False,True,True,True
1788618656.587691,0.721820978294508,25.054077750019477,0.02243859343061351,False,False,True,True,True
1788618656.6854823,1.6986016700199247,9.845480443688878,0.005163620835227648,False,False,True,True,True
1788618656.7774558,4.004237784861478,24.840360758093695,0.02657631234381981,False,True,True,True,True
1788618656.8899837,0.6237529173204591,30.11310734829601,0.027514609705269994,False,False,True,True,True
1788618656.991993,2.952077914434806,22.814352241793966,0.02697494391776473,False,False,True,True,True
1788618657.0869927,2.5852741845630938,4.056480908962682,0.018664685148111194,False,False,True,True,True
1788618657.182147,1.9935036776849444,6.2072905074046005,0.03132456466154758,False,False,True,True,True
1788618657.2887943,1.4450684434818442,5.08955152119719,0.007786334663246461,False,False,True,True,True
1788618657.3896494,2.1583442380492097,7.103992793056733,0.024375406692783663,False,False,True,True,True
1788618657.483953,3.718787386832592,16.478679411254358,0.02254075323679325,False,False,True,True,True
1788618657.588532,0.8390839765704193,27.663213591484684,0.025391661688671966,False,False,True,True,True
1788618657.6933773,1.9472604435612642,10.565508799133351,0.014302414825793315,False,False,True,True,True
1788618657.7910411,0.3741519298349289,16.073167445653063,0.009072275365267335,False,False,True,True,True
1788618657.8907113,0.5302074068432254,1.551072383051863,0.001226087887439691,False,False,True,True,True
1788618657.9777648,1.042127467188946,5.825047349794123,0.002504100694819866,False,False,True,True,True
1788618658.097024,0.1054811205363929,7.8713259135881115,0.0017525820364575034,False,False,True,True,True
1788618658.1883383,0.5196905683653076,4.530250334088462,0.00047233199542133676,False,False,True,True,True
1788618658.2833312,2.0085723510160443,15.6782934493288,0.010692702737693455,False,False,True,True,True
1788618658.3842473,1.5808511384218507,4.014605745409823,0.007482162981475975,False,False,True,True,True
1788618658.490078,0.8176830126340972,6.906631624169684,0.008400545949532705,False,False,True,True,True
1788618658.589275,2.2603677975831444,14.568090165183731,0.012389948039095062,False,False,True,True,True
1788618658.6773772,2.0577429719335223,2.309466065570319,0.010545901128723929,False,False,True,True,True
1788618658.7930903,0.37171296844196383,14.700113276296412,0.007497529444840952,False,False,True,True,True
1788618658.8925767,0.40389522321054727,0.3121611196616043,0.0006521397883618232,False,False,True,True,True
1788618658.9924028,1.2126874325459682,8.082786081722833,0.003914767563759557,False,False,True,True,True
1788618659.0916765,2.9300100972472594,17.28675440308824,0.015078644014257759,False,False,True,True,True
1788618659.1948085,3.0644203956000085,1.227596499917053,0.021968422865967386,False,False,True,True,True
1788618659.29583,0.5528492474327109,25.226912747169727,0.021428032716988593,False,False,True,True,True
1788618659.3934066,1.8775060740716794,13.532422858524628,0.007099492709123558,False,False,True,True,True
1788618659.4929452,2.276673498125482,3.9894189570823504,0.010623311252791858,False,False,True,True,True
1788618659.6036947,3.6474753833781426,12.431182966192633,0.06540351444420585,False,False,True,True,True
1788618659.7005205,1.1646570730813632,25.37873061035957,0.02979590262420834,False,False,True,True,True
1788618659.7956278,2.0077675789245477,9.038431558494235,0.01624227739071332,False,False,True,True,True
1788618659.8937547,2.3046768894309873,3.083313227474451,0.030201703629470663,False,False,True,True,True
1788618659.9948022,1.8770699014809733,4.251870348800483,0.02981501986255001,False,False,True,True,True
1788618660.0875456,2.8759600584133285,10.922184472253488,0.013471434902396225,False,False,True,True,True
1788618660.191646,0.5171018887240979,22.514161297084183,0.0201239391432751,False,False,True,True,True
1788618660.2974615,2.5410403444540735,19.219204909716478,0.015051824700290026,False,False,True,True,True
1788618660.4094534,1.6270158642055021,8.14353389638764,0.015200291641070361,False,False,True,True,True
1788618660.4988432,1.511429770559099,1.3011322659968587,0.0150648356837445,False,False,True,True,True
1788618660.5956225,0.6185986088925739,9.243763068316055,0.00567955381520353,False,False,True,True,True
1788618660.6902106,5.507919230681253,51.64424636118002,0.06137604431623444,False,False,True,True,True
1788618660.7899666,3.972589481030118,15.487477738984591,0.05415413096893836,False,False,True,True,True
1788618660.8942606,1.1815753642899416,26.787681157468903,0.02981567390533959,False,False,True,True,True
1788618660.990619,2.204011324813755,10.613117715968247,0.008535513608681235,False,False,True,True,True
1788618661.1010458,0.6997083859722015,13.52221347796457,0.010133162065690478,False,True,True,True,True
1788618661.194239,1.5220901937359816,8.835416162031581,0.004531775864695074,False,False,True,True,True
1788618661.2945101,1.8303618539310131,3.050525805630161,0.019114136099940934,False,False,True,True,True
1788618661.3813946,5.811005706757379,45.77003875184199,0.047505108927546155,False,False,True,True,True
1788618661.501675,0.9079704768709285,40.89224433799085,0.05161751520013125,False,False,True,True,True
1788618661.5976558,2.958407492159501,21.359801488782484,0.01501750379188238,False,False,True,True,True
1788618661.6920435,4.164240802162095,12.498888136213248,0.03014885701145606,False,False,True,True,True
1788618661.7863085,2.7338137159650695,15.287076678587573,0.07552238430140751,False,False,True,True,True
1788618661.8994331,0.8560100992272965,16.73704396403988,0.012420276036943331,False,False,True,True,True
1788618661.9983072,1.7744289401666338,9.299946496978409,0.013206354324434524,False,False,True,True,True
1788618662.090279,0.6288139814326521,12.420634967687116,0.010017579867708829,False,False,True,True,True
1788618662.1892157,1.7278286813762755,11.095993727183611,0.005935344879527488,False,False,True,True,True
1788618662.2985015,0.2220096153737993,13.801566370809152,0.006278955929720269,False,False,True,True,True
1788618662.3943787,3.731726272554697,36.604231380997064,0.0315673047316804,False,False,True,True,True
1788618662.4879556,5.627009535175191,20.386444704040912,0.052358700715496996,False,False,True,True,True
1788618662.5856452,0.5297134149341506,51.53940075658185,0.06829441721658804,False,False,True,True,True
1788618662.7054844,2.4209838375059567,15.84453825565446,0.01877214561423833,False,False,True,True,True
1788618662.791838,0.9229942163444121,17.2451685918912,0.02261323086155585,False,False,True,True,True
1788618662.892832,1.3215661522713544,3.9393597283354556,0.00675979374018321,False,False,True,True,True
1788618662.989944,1.4386604697046752,1.069396292831966,0.011754812042409546,False,False,True,True,True
1788618663.101664,2.5413963834609024,9.808135711164502,0.014911205686911995,False,False,True,True,True
1788618663.1991942,1.4086557740556367,11.80332939450172,0.015769558065258826,False,False,True,True,True
1788618663.2913666,1.992865024330406,6.1321754124677,0.007025757218128494,False,False,True,True,True
1788618663.4075322,0.7281960256003752,10.921297354410331,0.012414721188315426,False,False,True,True,True
1788618663.502581,0.8177307315727733,0.9091877041344317,0.004046447818743471,False,False,True,True,True
1788618663.5964735,0.6834306658678402,1.4687644327281013,0.001491185847517396,False,False,True,True,True
1788618663.6923618,0.623986425448418,0.5776651250537438,0.0010843787149857585,False,False,True,True,True
1788618663.804686,0.26058152229683373,3.2121670620203795,0.0009123659231944215,False,False,True,True,True
1788618663.8999505,1.9383771561149925,17.657037432524024,0.00842663524032779,False,False,True,True,True
1788618663.9941885,0.35134348808226085,16.689711268064887,0.00702808028885303,False,False,True,True,True
1788618664.0895383,0.4175558306458257,0.6927722838662622,0.0009126279756953773,False,False,True,True,True
1788618664.2006407,0.876823278603824,4.1180356093986745,0.0032371335431442094,False,False,True,True,True
1788618664.3031583,0.662475739493292,2.1574383654725535,0.0022288296703584887,False,False,True,True,True
1788618664.3993325,1.405649625018996,7.716836879508631,0.006445247427568193,False,False,True,True,True
1788618664.4895515,0.7851591808027529,6.971221935903626,0.007451628560909707,False,False,True,True,True
1788618664.6025908,0.3415192956603221,3.915962418380311,0.001978177395679925,False,False,True,True,True
1788618664.7005572,0.3050573914826539,0.3229696294600892,0.00047666814056096366,False,False,True,True,True
1788618664.7942755,0.5988471456139511,3.1447229503053205,0.0011259832217694245,False,False,True,True,True
1788618664.8935266,0.23407501328413413,3.685927296079624,0.0011147788299928905,False,False,True,True,True
1788618665.0082176,1.6744411610956087,12.56038457207755,0.008177567768888887,False,False,True,True,True
1788618665.0978007,0.7605996252118974,10.256977143159244,0.012294124015437507,False,False,True,True,True
1788618665.192729,0.5682071808339336,2.019788835752168,0.0012728894275749044,False,False,True,True,True
1788618665.294848,1.5774744081751457,9.903514043705615,0.00869331163527007,False,False,True,True,True
1788618665.4069357,0.2744620297883092,11.585552272802458,0.0070715472908222145,False,False,True,True,True
1788618665.4919417,1.9500718938201473,19.74009794734957,0.006538981963530732,False,False,True,True,True
1788618665.597217,1.1691712052162533,7.420324247681312,0.00575186068123536,False,False,True,True,True
1788618665.7096329,2.4639123804761995,11.417078363186642,0.014458707988651641,False,False,True,True,True
1788618665.8004367,0.33258518118996033,23.511101058620117,0.018904070940314134,False,False,True,True,True
1788618665.9004846,0.4073241339469513,0.7827060852677036,0.000548940858015728,False,False,True,True,True
1788618665.997145,4.073640049727162,37.93581818295401,0.04102890354841746,False,False,True,True,True
1788618666.109839,2.4421463901263745,14.665899391353923,0.030084841127325714,False,False,True,True,True
1788618666.2058926,0.583953160963997,19.403391202572603,0.022362233211840832,False,False,True,True,True
1788618666.3001683,0.44095813851249177,1.5238857277685962,0.000666681400252353,False,False,True,True,True
1788618666.3972766,0.7141122848753197,2.8270778342622553,0.0015402588233847604,False,False,True,True,True
1788618666.5079122,1.242337028045371,4.742142438903853,0.005582716785225531,False,False,True,True,True
1788618666.599226,1.5983663149975043,3.828914064215821,0.012356157002427369,False,False,True,True,True
1788618666.698023,1.3959418827328463,2.1782942414148296,0.005560043750856707,False,False,True,True,True
1788618666.7979734,1.5588897158349573,1.486043888987182,0.005666546479833336,False,False,True,True,True
1788618666.9100428,3.8054271838115277,20.00682696354413,0.03316875092676729,False,False,True,True,True
1788618667.0043921,1.5956189190185446,23.49869250380546,0.03453781301771783,False,False,True,True,True
1788618667.1007009,1.2672579313651025,3.5036865401195003,0.0046624740786096784,False,False,True,True,True
1788618667.1967087,0.6962565454229623,5.891447665194709,0.0028729317965430117,False,False,True,True,True
1788618667.311493,0.708031879966056,0.17104956920716644,0.003660062057751406,False,False,True,True,True
1788618667.403071,1.5137197256553045,8.854827621478988,0.008029490223289847,False,False,True,True,True
1788618667.4992478,3.89591153725398,24.937189995627573,0.026075172997419075,False,False,True,True,True
1788618667.6002438,4.045483336211014,1.9044675323003186,0.037398843617623835,False,False,True,True,True
1788618667.7112727,0.8261066486161147,29.168194520223405,0.040364911435073716,False,False,True,True,True
1788618667.8017187,2.00354750485884,12.964041867618812,0.00877049909276537,False,False,True,True,True
1788618667.8968332,0.7547093245665277,13.479840540924885,0.006810787563772436,False,False,True,True,True
1788618668.015312,2.655836098534818,15.98393617912903,0.028712158212073707,False,False,True,True,True
1788618668.1057851,1.7851397411422618,9.687415204838745,0.019280209328436777,False,False,True,True,True
1788618668.198129,3.0194848183133343,13.307838560560437,0.013976112847561901,False,False,True,True,True
1788618668.2984078,0.6886996702501045,23.225690388954508,0.017982493528328907,False,False,True,True,True
1788618668.4093354,2.7006501200917494,18.155879861877494,0.024112716728191035,False,False,True,True,True
1788618668.5095403,2.148459017541599,5.396549298704145,0.01665003790657047,False,False,True,True,True
1788618668.6016476,3.8342315633278994,18.503319078159837,0.023026835613016664,False,False,True,True,True
1788618668.6984885,0.9380375733481989,29.87983217076091,0.024071090396552162,False,False,True,True,True
1788618668.8124363,1.1989586978875837,2.29777903816585,0.00881148619993713,False,False,True,True,True
1788618668.9072068,0.4056982146292128,8.437391686828864,0.0037368679025088815,False,False,True,True,True
1788618669.0047052,0.6445605372328216,2.461179892259945,0.0015635774287546,False,False,True,True,True
1788618669.0983253,2.1554267343118925,16.12439272785522,0.012445650803574546,False,False,True,True,True
1788618669.2132764,3.195272580107423,8.948802999972692,0.02406620855926701,False,False,True,True,True
1788618669.3056135,1.0926020673836232,22.753984006335305,0.041122459112893806,False,False,True,True,True
1788618669.403416,0.37799738935094107,7.2110756316161115,0.0019573136409583715,False,True,True,True,True
1788618669.503436,0.6557337392714504,2.7995157310511853,0.0015867896478294942,False,False,True,True,True
1788618669.6062489,1.0611561585076723,3.965250945716938,0.004829904075886461,False,False,True,True,True
1788618669.7074034,1.828565764766247,7.64329979216899,0.015474011210359382,False,False,True,True,True
1788618669.7999296,0.44153504485704576,14.934770869063719,0.007143650570407067,False,False,True,True,True
1788618669.8996444,5.048877023040264,46.18162645614852,0.06491475864147436,False,False,True,True,True
1788618670.0114195,0.5314852975129916,40.41392078344003,0.05604211065442094,False,False,True,True,True
1788618670.109638,4.699592833261463,42.38613193129637,0.05581059031215149,False,False,True,True,True
1788618670.2013028,0.5775728230376765,45.17743208655626,0.045687127832607144,False,False,True,True,True
1788618670.3194184,0.7818526957788259,1.7215683602257301,0.0037789045470205183,False,False,True,True,True
1788618670.408844,2.4602515273798136,18.765850119802643,0.017717524723802437,False,False,True,True,True
1788618670.506436,0.30602746786791035,22.166512613119753,0.010501733028265202,False,False,True,True,True
1788618670.6077724,0.5589186250433829,2.498338495747542,0.0010929698811641983,False,False,True,True,True
1788618670.7154775,0.7125896619401442,1.4497807879118139,0.0023770320027732307,False,False,True,True,True
1788618670.8091803,1.9748060701714258,13.49037625277195,0.011112456938500687,False,False,True,True,True
1788618670.9091754,1.301800999326223,6.24518539984249,0.007828822359260109,False,False,True,True,True
1788618671.000374,1.4180329947952304,1.298290716639469,0.004644720963204406,False,False,True,True,True
1788618671.1183462,0.3958783448738988,8.691333667405514,0.0033886560663935815,False,False,True,True,True
1788618671.2073345,1.3596527781924745,10.843423550966065,0.0030529865687172024,False,False,True,True,True
1788618671.3091872,1.8206843565281445,4.361759147516165,0.015467344395488554,False,False,True,True,True
1788618671.4056692,2.426273087952456,6.144036578719086,0.011878901707816783,False,False,True,True,True
1788618671.51478,2.5514085699288307,1.1161803755964483,0.0460084844576756,False,False,True,True,True
1788618671.6127057,2.3824514928001332,2.206824922022289,0.016341611048333964,False,False,True,True,True
1788618671.710709,3.3223580895043696,9.642525821760156,0.022066038061186566,False,False,True,True,True
1788618671.8081877,2.4412396169857584,8.729513309324158,0.020136768056124757,False,False,True,True,True
1788618671.9141097,1.6014325141513712,7.868551916312281,0.029647982070735913,False,False,True,True,True
1788618672.014896,3.0564692677870617,14.385691156731328,0.017079595974471107,False,False,True,True,True
1788618672.1117697,0.5013754142355301,26.44765930053485,0.01988207724651799,False,False,True,True,True
1788618672.20291,0.46216605004963784,0.421008419290838,0.0013767858886594819,False,False,True,True,True
1788618672.3094988,1.5368327009880909,10.101387067349991,0.00541198977823188,False,False,True,True,True
1788618672.4140215,0.2763037781482098,11.967097788140052,0.005596412150919541,False,False,True,True,True
1788618672.5114145,3.181775125140216,29.82123998779798,0.024633121075702032,False,False,True,True,True
1788618672.6189125,2.8382364799916893,3.2449511709935788,0.023390518178056843,False,False,True,True,True
1788618672.7143269,0.2713484630735007,26.881492164864266,0.0212636965337138,False,False,True,True,True
1788618672.8127663,0.9149968506863374,6.549070822515581,0.001969951012194892,False,False,True,True,True
1788618672.9107077,3.308992223878338,24.500137071199504,0.020333328022648867,False,False,True,True,True
1788618673.0218287,3.265757445059032,0.346022473943668,0.028862076729390843,False,False,True,True,True
1788618673.1143947,6.273110025246386,32.49648490286693,0.06231775594104597,False,False,True,True,True
1788618673.2127419,1.332566042969207,50.37013639588028,0.06718819722410142,False,False,True,True,True
1788618673.3080819,3.438407557072381,22.107261682174858,0.039963389829854916,False,False,True,True,True
1788618673.4195302,2.132571282551933,11.750242646325939,0.022063796161905742,False,False,True,True,True
1788618673.5168843,2.307209845237827,1.7641250947411624,0.013021150743101981,False,False,True,True,True
1788618673.6102176,0.7800960298043734,16.359143941025238,0.016343265535206243,False,False,True,True,True
1788618673.70713,1.8097744165585121,10.69799434726716,0.00568151338694184,False,False,True,True,True
1788618673.8201456,1.0883783736473829,6.438479811620903,0.013494870032376155,False,False,True,True,True
1788618673.916537,0.7813580228504022,3.3038613813155595,0.0030926412310817216,False,False,True,True,True
1788618674.0128202,0.4404407250546476,3.6692705964785435,0.002327220943599694,False,False,True,True,True
1788618674.10754,1.8176653413708992,14.546013987695208,0.008232133874394311,False,False,True,True,True
1788618674.2218258,0.2301882777160752,13.912847600357702,0.0073097051271163935,False,False,True,True,True
1788618674.3119915,1.913274908234328,18.66211250909489,0.007900768005339252,False,False,True,True,True
1788618674.4093783,1.9303695590041627,0.3414303458220499,0.008147393116144899,False,False,True,True,True
1788618674.5092592,2.995116809651266,10.794173610772342,0.04169756542919325,False,False,True,True,True
1788618674.6230183,2.97185744289672,0.19385690781204973,0.02527813587277028,False,False,True,True,True
1788618674.718468,2.252461500405788,6.984184186674793,0.02165133774522791,False,False,True,True,True
1788618674.8091483,1.4467966509985009,8.913634936255159,0.021602329372334646,False,False,True,True,True
1788618674.926998,0.9511160733882272,4.255509945962741,0.00922171858643333,False,False,True,True,True
1788618675.0130477,1.03877465104078,0.8738149724823617,0.002905245241759887,False,False,True,True,True
1788618675.119181,0.46822129790340294,5.475211280146058,0.001964673469176964,False,False,True,True,True
1788618675.2076476,2.762507443874871,25.930498914353404,0.015914809372908515,False,False,True,True,True
1788618675.3227375,0.48094813557625704,19.66254176092835,0.01740529544204723,False,False,True,True,True
1788618675.4193473,0.8595690793363296,3.9335395239679727,0.0017021821122179628,False,False,True,True,True
1788618675.5170612,1.624738911796131,7.783705294579909,0.01006959955773206,False,False,True,True,True
1788618675.611711,0.4126054194079702,12.84823480566229,0.006358952031368531,False,False,True,True,True
1788618675.72259,0.9845007748892144,5.135878959122699,0.002644849386631475,False,False,True,True,True
1788618675.8196182,0.21827724723370553,7.880427205464518,0.0028199140465606826,False,False,True,True,True
1788618675.916572,0.41872591220259214,2.0793079169572475,0.000340570028157628,False,False,True,True,True
1788618676.0102265,0.5522126006057554,1.4463216231832394,0.0012057079887200295,False,False,True,True,True
1788618676.1269906,0.6164072775811785,0.5411942260376071,0.001412895443539616,False,False,True,True,True
1788618676.2225287,0.7440891944404413,1.3047005679362345,0.0034934695790839175,False,False,True,True,True
1788618676.3139577,1.4093324276879564,7.224077602565911,0.00325483601946565,False,False,True,True,True
1788618676.411139,1.1333459905841574,3.0312806918096675,0.009690796498226177,False,False,True,True,True
1788618676.5245852,1.8959824997413108,6.720043198751612,0.018672505379294053,False,False,True,True,True
1788618676.6155903,1.916585237547436,0.24861227043020093,0.0092370852747042,False,False,True,True,True
1788618676.7175763,1.65948822230729,2.446813642425514,0.02055904026430498,False,False,True,True,True
1788618676.8313792,1.1525054925454774,4.539260572740889,0.005634593159258806,False,False,True,True,True
1788618676.9302263,1.618563037198929,4.7228696126220076,0.005930134038542828,False,False,True,True,True
1788618677.0193636,0.5607057923019743,11.926684411950326,0.005894085056885145,False,False,True,True,True
1788618677.1168215,3.029456825665845,25.366414294154072,0.02071749551821129,False,False,True,True,True
1788618677.2308877,3.2459950383271083,1.8931207731796869,0.02760977413247775,False,False,True,True,True
1788618677.3218322,0.596022156336424,29.014305889208124,0.028605928883555762,False,False,True,True,True
1788618677.425725,0.6561160251691699,0.5941323780148633,0.001499071194342234,False,False,True,True,True
1788618677.5175276,0.4054296740327625,2.7498463114710674,0.001908899123378562,False,False,True,True,True
1788618677.6314692,4.0542201352726375,32.01226865832266,0.047797124983824275,False,False,True,True,True
1788618677.7202349,4.5450523908400475,5.588540225212662,0.045198483247233065,False,False,True,True,True
1788618677.8207052,3.4910107321237405,10.664966262809926,0.03422636163123833,False,False,True,True,True
1788618677.9162722,1.4904674442576364,20.956829868647795,0.02599073580449701,False,False,True,True,True
1788618678.0286949,1.8124757737186397,2.833891825012736,0.017633252630877897,False,False,True,True,True
1788618678.1222873,1.647697855773369,1.8236687190490568,0.02252907601174666,False,False,True,True,True
1788618678.2151816,1.1302306276441394,5.5578417584234945,0.004932963589051355,False,False,True,True,True
1788618678.3175488,1.354332909676225,2.1846443965085243,0.004180865147460116,False,False,True,True,True
1788618678.4264054,0.5014077496576144,8.017532898864891,0.0041190685840336045,False,False,True,True,True
1788618678.5242686,3.0040575130605562,25.566848401004638,0.02336303405872167,False,False,True,True,True
1788618678.6209106,0.5492066618232033,25.2176130836455,0.017683185986142227,False,False,True,True,True
1788618678.7180448,0.34958832196398515,2.048155562221399,0.0009125553028918984,False,False,True,True,True
1788618678.8325408,0.24151051791355296,0.9608659060570897,0.0005979379847799727,False,False,True,True,True
1788618678.926597,0.4109661789260619,1.800836529122662,0.0005338961722874825,False,False,True,True,True
1788618679.0211856,0.23060566290333562,1.921459596171581,0.0005422962394789377,False,False,True,True,True
1788618679.126722,0.6674544869574017,4.14836951764988,0.0014463348414086167,False,False,True,True,True
1788618679.224316,1.2121840757139664,5.62251675011337,0.0024985058002756338,False,False,True,True,True
1788618679.3223376,1.4240028714554913,2.2074163107163507,0.010700438714294365,False,False,True,True,True
1788618679.4209216,0.23282752508158996,12.103206296592036,0.004358447182649432,False,False,True,True,True
1788618679.5301216,0.5813804151720137,3.199957150184374,0.0011637053123701182,False,False,True,True,True
1788618679.6272993,0.992311747650843,4.222940510696741,0.003907560144276714,False,True,True,True,True
1788618679.722189,0.9980166764830093,0.019591258545311952,0.0028586394913446872,False,False,True,True,True
1788618679.817896,0.3041158361869294,7.3587379779792315,0.0018736421598517052,False,False,True,True,True
1788618679.9318879,0.18159942199126994,1.0605352284599339,0.00026059908733558226,False,False,True,True,True
1788618680.029314,1.563293028744695,14.180825945583004,0.005621208566114451,False,False,True,True,True
1788618680.122741,1.3777569351105998,1.992022825648667,0.013287145234785833,False,False,True,True,True
1788618680.220626,0.4557611189801872,9.408064188588439,0.005143904116852247,False,False,True,True,True
1788618680.334054,0.3278895432838888,1.1242405918003255,0.00045192713396810167,False,False,True,True,True
1788618680.4313366,1.111620178796711,8.060707902523113,0.0035274361378774604,False,False,True,True,True
1788618680.5247006,3.7444743072464237,28.103202368285128,0.0223830629471571,False,False,True,True,True
1788618680.624494,0.833456374347576,29.285203574072753,0.02310608023900695,False,True,True,True,True
1788618680.7340534,1.4221937844946688,5.388461717448179,0.009877810688989108,False,False,True,True,True
1788618680.8277256,1.4995000450828744,0.7537487799448805,0.01230796030527352,False,False,True,True,True
1788618680.9271781,0.8245082054184405,6.8231818686047445,0.007730891791488929,False,False,True,True,True
1788618681.0173302,0.8554119295273263,0.2910452643322329,0.0033790618182527174,False,False,True,True,True
1788618681.129836,2.5847834674219676,15.32620764021833,0.017696710449066174,False,False,True,True,True
1788618681.22415,3.187252410234995,6.37366507315483,0.019751715992335574,False,False,True,True,True
1788618681.3249285,0.5805195957256704,25.888917746614638,0.023914776405605784,False,False,True,True,True
1788618681.4377406,1.9416251470570514,12.042233732798952,0.009019450379656787,False,False,True,True,True
1788618681.5323713,0.23507042166409764,18.004987297216985,0.009790526076765378,False,False,True,True,True
1788618681.6258423,1.3207732194143502,11.626893762034047,0.003107846575582521,False,False,True,True,True
1788618681.7210882,0.4641102112594829,8.805893313498666,0.003328451390708404,False,False,True,True,True
1788618681.8269536,0.6684181306687026,1.9863872073507784,0.0013666582504945715,False,False,True,True,True
1788618681.9320564,2.425622022887907,16.86838737008815,0.014370966406580395,False,False,True,True,True
1788618682.02649,1.3422502149264746,11.313856891331014,0.011748441480052135,False,False,True,True,True
1788618682.124403,0.8759733392658478,4.620731923193484,0.0031326659811015435,False,False,True,True,True
1788618682.2384555,0.5479022182325751,2.8805310954564898,0.0029100916132419213,False,False,True,True,True
1788618682.330891,2.4732298880964096,20.817820617573148,0.011368258835450727,False,False,True,True,True
1788618682.4260116,0.1816422306059009,24.02645773113638,0.012588894695443147,False,False,True,True,True
1788618682.5232549,2.4257782399284893,23.08006350824411,0.013207485743688116,False,False,True,True,True
1788618682.6394708,1.2327022086897115,10.334325350943072,0.010430573921151888,False,False,True,True,True
1788618682.7277071,0.45729749326798685,8.82509448929937,0.00559107078871651,False,False,True,True,True
1788618682.8260453,2.853754922363274,24.361590602922803,0.018835284231724776,False,False,True,True,True
1788618682.9258862,0.3738955768338091,24.91292219280041,0.019758282908553193,False,False,True,True,True
1788618683.036516,1.6228321901321698,11.283956545557707,0.007396611944382577,False,False,True,True,True
1788618683.133857,0.97996481267271,6.502561692980801,0.0063133693525104125,False,False,True,True,True
1788618683.2199523,2.676112076801987,19.797739794266796,0.010092349170611612,False,False,True,True,True
1788618683.32137,1.4250796289502445,12.212579644274015,0.010588496526463462,False,False,True,True,True
1788618683.433347,1.3138655228297478,0.9690680237803845,0.015037628881986079,False,False,True,True,True
1788618683.5277,0.49504170521567586,8.669290287874965,0.005017729259713266,False,False,True,True,True
1788618683.628822,0.6030409857440169,1.0689227963431098,0.0007898591313313715,False,False,True,True,True
1788618683.744312,4.436600008650424,33.165562781541865,0.06010237857055917,False,False,True,True,True
1788618683.838393,4.7649247472259075,3.718980643311441,0.056681973311362724,False,False,True,True,True
1788618683.935018,0.5656696114544236,44.166502623636056,0.04891582622372936,False,False,True,True,True
1788618684.0248668,3.17934808395242,29.022723480673797,0.020057589716171133,False,False,True,True,True
1788618684.1344187,1.1239705313190598,18.720538577375347,0.015320698358019127,False,False,True,True,True
1788618684.2330816,0.4582124650956533,6.5927996779405875,0.0031655891830485346,False,False,True,True,True
1788618684.3332596,0.3575791576938226,0.9868238130681193,0.0007318148360836676,False,False,True,True,True
1788618684.4394705,0.6424704962271928,2.657544592202423,0.0010795801904431824,False,False,True,True,True
1788618684.5423427,1.1297562094130538,4.687661237339432,0.002798137201174755,False,False,True,True,True
1788618684.64046,0.7558398962676894,3.8245427803475502,0.003244014382497637,False,False,True,True,True
1788618684.7328124,0.6407780128656965,1.2257749279602301,0.0014387617327116392,False,False,True,True,True
1788618684.8273215,0.5639888044771499,0.8245827103078959,0.0020442531819533398,False,False,True,True,True
1788618684.939726,1.657410829346394,9.673078397959348,0.010016603917613172,False,False,True,True,True
1788618685.036615,1.9362213335457032,2.810877417326256,0.0089281962422837,False,False,True,True,True
1788618685.1359107,0.9517046062109574,10.094109178805521,0.007187732675553839,False,True,True,True,True
1788618685.2329366,2.735769645275994,18.177100513234024,0.02222806879522393,False,False,True,True,True
1788618685.3444257,2.2054205322435707,5.091281575226073,0.015569081407828466,False,False,True,True,True
1788618685.4370265,4.740944399240815,27.437395959991758,0.08038560470861977,False,False,True,True,True
1788618685.531966,2.8111614444933766,19.517093014358565,0.03300667920509013,False,False,True,True,True
1788618685.6321967,1.9433175912098484,8.369193135210212,0.03630111858165017,False,False,True,True,True
1788618685.7457793,0.4316975076884685,13.248310655024033,0.011448678096311341,False,False,True,True,True
1788618685.8391523,0.8745022597205295,4.7496031121000755,0.0013331566916938273,False,False,True,True,True
1788618685.9248605,1.64586452536872,9.02400438365885,0.008555731044104608,False,False,True,True,True
1788618686.0455787,0.2179562391360217,11.771339708337448,0.004416883537262952,False,False,True,True,True
1788618686.13703,3.885058263439282,40.10414204835427,0.03056575060255929,False,False,True,True,True
1788618686.2334042,3.650997995164098,2.5375812317660187,0.029371489884501754,False,False,True,True,True
1788618686.3332984,0.2639092100818368,34.341883371611,0.030222865909814635,False,False,True,True,True
1788618686.4428198,0.9087905246195968,5.884288604910156,0.0021186407536580914,False,False,True,True,True
1788618686.539932,2.3470172312877424,14.817299242771155,0.017700340519820935,False,False,True,True,True
1788618686.635267,0.6689657243885435,17.52127505794987,0.016073580805884825,False,False,True,True,True
1788618686.7299187,0.12560305070738906,5.7505848794487795,0.0010219621547270506,False,False,True,True,True
1788618686.8486423,2.934249933907631,23.650768923051174,0.027713645598196553,False,False,True,True,True
1788618686.9367902,4.011371946402721,12.27840531289226,0.02863628524516785,False,True,True,True,True
1788618687.0389545,1.607533510399695,23.45120459755112,0.0478547182270652,False,False,True,True,True
1788618687.1343384,3.2811831373486715,17.553229611839214,0.017642616257797315,False,False,True,True,True
1788618687.2426805,1.1437128888231072,19.688925847821853,0.01726501675963302,False,False,True,True,True
1788618687.3378646,0.8853719180523059,2.747643591946816,0.0031225154365600513,False,False,True,True,True
1788618687.434831,2.086295696731183,12.390975889050994,0.01390838460875354,False,False,True,True,True
1788618687.5329256,0.1919815306506981,19.27915436874116,0.00986962693626478,False,False,True,True,True
1788618687.6448262,0.3285645862135546,1.2223435897130868,0.00033976397640306325,False,False,True,True,True
1788618687.7380586,1.5777101627152095,13.380896457298045,0.004615192388314542,False,False,True,True,True
1788618687.833174,0.9109956137426375,7.007785438771022,0.004215288048493724,False,False,True,True,True
1788618687.9340603,3.256027806505038,23.23218868831892,0.03043182381789018,False,False,True,True,True
1788618688.0430074,2.1910532868381,9.655512341933509,0.019951089593659124,False,False,True,True,True
1788618688.1424816,1.0119831687478085,11.745935200865437,0.020672647277260887,False,False,True,True,True
1788618688.2323453,0.2284703849698759,8.701646885069003,0.002635543689277894,False,False,True,True,True
1788618688.3486247,2.7432521794860043,21.62089878823096,0.023081012207249348,False,False,True,True,True
1788618688.4464126,1.914642403947863,8.583432662448123,0.01828528439656505,False,False,True,True,True
1788618688.5396116,1.3584072981338247,5.9684516014045945,0.016068495614280618,False,False,True,True,True
1788618688.6329703,1.176137945610637,1.8800368725142202,0.004573928753414643,False,True,True,True,True
1788618688.7488997,2.7373895854208268,13.498195852031236,0.018771256406832162,False,False,True,True,True
1788618688.841538,1.4614262943565637,13.898119950411397,0.019786505789915417,False,False,True,True,True
1788618688.9382994,2.2672426384175095,8.365410434455768,0.020266450408925187,False,False,True,True,True
1788618689.0319796,0.8592790333995641,14.832298525185998,0.009350300329407257,False,False,True,True,True
1788618689.1480236,1.3716269821895406,4.432495931818228,0.009859750157606456,False,False,True,True,True
1788618689.244485,0.3630019143786601,10.46153354352407,0.0060144518657703734,False,False,True,True,True
1788618689.3420713,1.6256146622602925,12.928075898465123,0.005691276522355556,False,False,True,True,True
1788618689.4401402,0.6894371638836913,9.576645538526861,0.004528874719914579,False,False,True,True,True
1788618689.547549,0.5092351956080295,1.7169785084027291,0.0015131867119947836,False,False,True,True,True
1788618689.6436608,0.9290707457648872,4.377632198590744,0.003537618243143141,False,False,True,True,True
1788618689.7441056,1.4239433434405373,4.9732022374501,0.003883006228923341,False,False,True,True,True
1788618689.8346434,0.7484017676737246,7.471159103478284,0.006154050800580523,False,False,True,True,True
1788618689.9450405,0.3105819669283143,3.979026481776017,0.0017149287541862927,False,False,True,True,True
1788618690.036867,0.30005488502873495,0.11400101534137194,0.000301210333292356,False,False,True,True,True
1788618690.135368,4.846808461922392,46.1457634027326,0.054632872987130425,False,False,True,True,True
1788618690.2383442,3.670529603684522,11.27148847289686,0.0440416510519238,False,False,True,True,True
1788618690.3402038,1.1748555452037186,24.61021819087918,0.04617624395171677,False,False,True,True,True
1788618690.4390588,0.8752010990476784,3.1037971275824847,0.003088354367647188,False,False,True,True,True
1788618690.5330665,0.9968332148438661,1.2296065014143558,0.005013927317978137,False,False,True,True,True
1788618690.6490273,2.29619573906221,11.17390237868908,0.012982509041184106,False,False,True,True,True
1788618690.7405882,0.3955587371697438,20.86481037028898,0.016604161322405532,False,False,True,True,True
1788618690.8359513,2.9563827554831583,26.859948410909308,0.018028549298321622,False,False,True,True,True
1788618690.9341753,2.2746744451417356,6.976603508626022,0.015394984042560289,False,False,True,True,True
1788618691.0490036,3.3908825474657127,9.485250263529897,0.027486766419354415,False,False,True,True,True
1788618691.1480134,2.392005114662924,9.97867868690367,0.026018541832116163,False,False,True,True,True
1788618691.2420979,0.274908980853924,22.50780882093239,0.011979030312351476,False,False,True,True,True
1788618691.3418324,0.7338070593889603,4.609774956539972,0.0015826413783559567,False,False,True,True,True
1788618691.4496703,2.5394675184420707,16.739850974647673,0.013712328018612954,False,False,True,True,True
1788618691.5469208,2.4135585285944336,1.3852457760596446,0.014948631854821662,False,False,True,True,True
1788618691.6398916,0.9070653826202646,16.223428974776624,0.01078350485350162,False,False,True,True,True
1788618691.7425263,1.201936298476643,2.8842663071588013,0.002832630128803439,False,False,True,True,True
1788618691.861796,2.543184330870735,11.263910449572084,0.03176465238622164,False,False,True,True,True
1788618691.9575112,3.538786717622003,10.498472335279532,0.023893109245678414,False,False,True,True,True
1788618692.0996952,0.9399031750691149,17.993979209255404,0.03885216199558588,False,False,True,True,True
1788618692.2084568,0.4407060244077509,4.569438359238608,0.004366470428129043,False,False,True,True,True
1788618692.3185992,2.2649294201637304,16.525498307543867,0.01360330931946589,False,False,True,True,True
1788618692.398955,6.655917268214562,54.29021022938124,0.048498288063334144,False,False,True,True,True
1788618692.483401,1.6595872717116058,59.502655951895534,0.08440075905400783,False,False,True,True,True
1788618692.5695758,1.0140082090165425,7.457727575416431,0.003471841995293703,False,False,True,True,True
1788618692.7007382,0.39318362290424314,4.724604235024054,0.003146205419482238,False,False,True,True,True
1788618692.8040442,0.6726352539719966,2.6942391219927377,0.0012533708177913502,False,False,True,True,True
1788618692.90017,2.9825093700902023,24.00910769857854,0.01620213415761229,False,False,True,True,True
1788618692.9807494,0.7403419124997868,27.754382440721155,0.016111011357031677,False,False,True,True,True
1788618693.081344,1.1752381924845627,4.283832957115511,0.0050085454050210415,False,False,True,True,True
1788618693.1776695,1.949834115103614,8.019287286701987,0.015783174573429284,False,False,True,True,True
1788618693.2648797,3.964603995755769,22.981994827788814,0.047744531223007466,False,False,True,True,True
1788618693.3647497,5.945130260909992,19.834276687927687,0.05910477704495341,False,False,True,True,True
1788618693.4611042,0.7483950393047362,53.60772956939866,0.07412716407949346,False,False,True,True,True
1788618693.5553348,0.8078941165201888,0.6166588641917297,0.00311596970431543,False,False,True,True,True
1788618693.644516,0.39142866364899925,4.7133792123836935,0.0015604296021889434,False,False,True,True,True
1788618693.7638192,0.7214913316661348,2.741434121008246,0.0024097298374204726,False,False,True,True,True
1788618693.8589315,1.5013847920696106,8.207377091023641,0.003432150380902627,False,False,True,True,True
1788618693.9567585,2.731447046472079,12.660230618960501,0.013395516563532063,False,False,True,True,True
1788618694.0523953,0.5006889772998857,22.81559318397476,0.015067693797760824,False,False,True,True,True
1788618694.1611502,1.5782760099217548,9.95273244550874,0.0073025951747041915,False,False,True,True,True
1788618694.2639763,3.9371328850693974,22.92125249271231,0.028105819589396626,False,False,True,True,True
1788618694.3566682,2.1380713819042687,19.384514357588483,0.0289866449068095,False,False,True,True,True
1788618694.4576476,0.4903226577879075,15.80625944285627,0.009489575075040006,False,False,True,True,True
1788618694.5691364,3.5109193868637387,27.114943306526246,0.03747885978257911,False,False,True,True,True
1788618694.681298,0.8944886206952557,23.646472690075683,0.029829968197866347,False,False,True,True,True
1788618694.7773855,0.46571235193484434,4.468959774597705,0.003544212713126762,False,False,True,True,True
1788618694.8668725,1.753425293506657,14.382868584070225,0.00769490622983746,False,False,True,True,True
1788618694.9963734,0.3382584969556579,11.08532620659281,0.005680531751766687,False,False,True,True,True
1788618695.080305,0.49992297267964,1.8734394107901982,0.0006978124068532318,False,False,True,True,True
1788618695.181406,0.3099845895799564,1.8880595051940285,0.00042806267394431013,False,False,True,True,True
1788618695.2834048,0.7078678037468984,3.9105868962176107,0.0018303915662972747,False,False,True,True,True
1788618695.3769972,0.929703763283809,2.3795329537531025,0.0018689027255516426,False,False,True,True,True
1788618695.470941,0.9309370626328992,0.004292774107439793,0.001996311947367668,False,False,True,True,True
1788618695.580171,0.9489342230288375,0.1796231810112234,0.0056751033893917635,False,False,True,True,True
1788618695.6704435,1.1730745000556861,2.4041518808917046,0.006213656117029389,False,False,True,True,True
1788618695.7750766,2.9596408101962193,16.991153486126283,0.018029757188244434,False,False,True,True,True
1788618695.879155,0.7732899875709918,21.000113206415417,0.017411793649503692,False,False,True,True,True
1788618695.9714746,1.9711163012130295,12.9779411657425,0.005895998018505369,False,False,True,True,True
1788618696.0816507,2.8584726270684095,8.0455288706795,0.017045555732767618,False,False,True,True,True
1788618696.1856997,3.2569731880105057,3.7612334637939964,0.02533633967967318,False,False,True,True,True
1788618696.2724235,7.26994667161203,46.31817355637312,0.06718523545370278,False,False,True,True,True
1788618696.361292,4.154206239309903,35.49745248352607,0.06750644447163003,False,False,True,True,True
1788618696.4798834,3.442822049321364,6.109713925785059,0.034188986822432633,False,False,True,True,True
1788618696.57401,2.4681677167835154,10.372528906078935,0.031389415595207776,False,False,True,True,True
1788618696.675381,0.8545616959847051,15.904632399532659,0.009886913659348387,False,False,True,True,True
1788618696.7727396,0.29126014412145695,5.769098162096684,0.0021257698934690834,False,False,True,True,True
1788618696.8857005,0.8525487605155829,4.965346388049874,0.0020275547760416858,False,False,True,True,True
1788618696.9784534,5.216412352956099,47.04372223436474,0.0533902211456907,False,False,True,True,True
1788618697.0739717,6.5380600469121415,14.482414991743969,0.0724288133453176,False,False,True,True,True
1788618697.1750998,5.114470829458428,13.938185895722478,0.07450744436021228,False,False,True,True,True
1788618697.2841027,2.691525617115954,22.05100033433288,0.04513043425475876,False,False,True,True,True
1788618697.3920355,0.6563661580118053,18.69806157332068,0.019464538706080572,False,False,True,True,True
1788618697.4638407,2.449262965414754,24.961103343263332,0.007686687659774033,False,False,True,True,True
1788618697.5701516,2.7549271492785388,2.6253570480888446,0.014866830370417463,False,False,True,True,True
1788618697.667903,2.404123412009471,3.7314499893565545,0.04666302451462251,False,False,True,True,True
1788618698.0017111,1.7011714832460323,2.090486708441133,0.05439440023129214,False,False,True,True,True
1788618698.2445297,0.8667981415629603,3.488793983241579,0.05789966508351046,False,False,True,True,True
1788618698.4162333,0.5458242870496042,1.9000802822493728,0.01235679232985649,False,False,True,True,True
1788618698.5890923,1.8552359037872361,7.584808155292859,0.019757048340778658,False,False,True,True,True
1788618698.721278,2.189975498925264,2.647932533966001,0.0226340554861415,False,False,True,True,True
1788618698.8215988,3.1472257349617414,9.872780688450998,0.020625965491014357,False,False,True,True,True
1788618698.922513,4.603570376627585,14.445721075451178,0.03933020696753165,False,False,True,True,True
1788618699.0278935,1.4083684825536604,30.079609748357733,0.038853632633649514,False,False,True,True,True
1788618699.1065042,1.5842642791551917,2.1934030124707338,0.004567364333899337,False,False,True,True,True
1788618699.1905777,0.37713645043859073,14.366784795089242,0.0028510105836678863,False,False,True,True,True
1788618699.2991872,0.926010320972717,5.047440985487147,0.0031051195353420527,False,False,True,True,True
1788618699.4284961,3.3245856960684534,18.482738258236708,0.04974666371693268,False,False,True,True,True
1788618699.5457344,6.294714632625694,25.309774140268527,0.09335984887999818,False,False,True,True,True
1788618699.6325865,0.4979325934757228,66.58914322344772,0.11479355653429446,False,False,True,True,True
1788618699.7286062,3.760484341430275,34.00495514808099,0.032920803604429866,False,False,True,True,True
1788618699.82277,0.39678276078846375,35.63140030914353,0.026957391460280682,False,False,True,True,True
1788618699.9082263,1.5496979361352128,13.479319283622258,0.005022349262196816,False,False,True,True,True
1788618699.997172,1.1511625574361397,4.4957089517891236,0.004247208429216027,False,False,True,True,True
1788618700.0592415,0.23465071599094833,14.71952478429649,0.0023333107756955632,False,False,True,True,True
1788618700.16176,0.3416304461780372,1.0300596478050241,0.00035270747943937563,False,False,True,True,True
1788618700.2703426,0.5972436261405697,2.3423610234082592,0.0014768412902011986,False,False,True,True,True
1788618700.3674448,0.5973349270948679,0.0045308996746905245,0.0021513651681351843,False,False,True,True,True
1788618700.4637578,1.91352206045207,13.667152058317399,0.006534983537641689,False,False,True,True,True
1788618700.5612607,0.21340539900048128,17.455343674306466,0.00824532694511326,False,False,True,True,True
1788618700.6836543,0.4980960007356399,2.3396633505602322,0.0007490587397932428,False,False,True,True,True
1788618700.7731676,1.1538130415384398,7.330280890996529,0.003869754282450197,False,False,True,True,True
1788618700.863452,0.4750081725293902,7.565805078378227,0.003014710291329132,False,False,True,True,True
1788618700.9529316,1.165378659492372,7.7691309421043835,0.003709490477958311,False,False,True,True,True
1788618701.0679262,2.848034659917673,14.64661356686053,0.02112485724095406,False,False,True,True,True
1788618701.18149,0.3551506367636847,21.89707399225944,0.024661762353093912,False,False,True,True,True
1788618701.2642198,0.494307386450152,1.7042662344194992,0.0009847880610216583,False,False,True,True,True
1788618701.3594186,0.6492918733505775,1.6483418759872315,0.0011978118525006502,False,False,True,True,True
1788618701.4692004,0.778247043393085,1.0482347268169805,0.002282917745882342,False,False,True,True,True
1788618701.5634582,0.5838224727615344,2.0771338207001717,0.0018202167056715144,False,False,True,True,True
1788618701.6612222,0.7954445203361032,2.2160739436931833,0.0026468961681320223,False,False,True,True,True
1788618701.7541387,2.06795350010734,13.71622950293727,0.0068206095741440475,False,False,True,True,True
1788618701.869549,1.6451093199367792,3.7710269501330234,0.024452399572194885,False,False,True,True,True
1788618701.9652903,4.37139960344272,28.44020362955032,0.030079908177679957,False,False,True,True,True
1788618702.0582185,1.1966658860054815,34.70128451220638,0.03483194506719082,False,False,True,True,True
1788618702.1754153,0.6301508339568356,4.768651053919212,0.0029367151355241387,False,False,True,True,True
1788618702.2610557,1.8243928038126678,13.961755104860572,0.006785734363382924,False,False,True,True,True
1788618702.3606753,0.38737517610997974,14.368723696809907,0.006186962183820425,False,False,True,True,True
1788618702.4589388,0.29223211579636055,0.9640473832803819,0.0006602367369451737,False,False,True,True,True
1788618702.5687242,1.9712106453521423,15.29235380887526,0.010973827198365706,False,False,True,True,True
1788618702.664143,0.5510447009859362,14.78995074798642,0.008778541179066315,False,False,True,True,True
1788618702.7680602,1.429649506956547,8.460312968390916,0.006889325820461936,False,False,True,True,True
1788618702.8633385,1.7863602097459894,3.8052665342928056,0.016932238556322414,False,False,True,True,True
1788618702.9756181,0.46654157753038616,11.370448392021684,0.006434662395365862,False,False,True,True,True
1788618703.064898,1.7482447998232273,14.331447295948694,0.006623251205585304,False,False,True,True,True
1788618703.1635826,1.4461077402183453,3.1235589509663932,0.011831375484698306,False,False,True,True,True
1788618703.258728,0.9568522923830214,5.210348795594256,0.004136012667221392,False,False,True,True,True
1788618703.368905,1.3827853348437322,3.842195425566633,0.004683765583085409,False,False,True,True,True
1788618703.464712,0.42889722828626203,9.919121414809888,0.006107384330080261,False,False,True,True,True
1788618703.5632741,3.2365845922408427,28.506325741242122,0.023263335258886225,False,False,True,True,True
1788618703.655152,1.1384726700258943,22.426267647330942,0.01949053006606855,False,False,True,True,True
1788618703.7719164,1.9895598955740361,7.3036119821094845,0.019410393068344186,False,False,True,True,True
1788618703.865678,1.7087796802617352,3.027937356169659,0.009974417171597052,False,False,True,True,True
1788618703.9662502,1.0524622949309095,6.533089183976763,0.005042045215740366,False,False,True,True,True
1788618704.0566702,1.5263251256174437,5.23852760046523,0.007193476178363134,False,False,True,True,True
1788618704.1725962,1.3473258121223026,1.5393949905424602,0.005822047949892451,False,False,True,True,True
1788618704.2648222,0.2004034610900508,12.356198326538141,0.005484880112659693,False,False,True,True,True
1788618704.3612614,1.5701437443713697,14.205770283624618,0.00543870244307067,False,False,True,True,True
1788618704.4751847,3.2409287140229535,14.660230683825857,0.024242203258637247,False,False,True,True,True
1788618704.573895,1.1770969046300894,20.682002566268853,0.04426190554540313,False,False,True,True,True
1788618704.6670969,4.045513520175956,30.791151216369023,0.026915852192229653,False,False,True,True,True
1788618704.7590938,0.5141311099894175,38.37508648246725,0.030144041745824246,False,False,True,True,True
1788618704.8752587,0.5382795646431574,0.22378422184117203,0.0010189688676391574,False,False,True,True,True
1788618704.968638,0.29425140201848293,2.6280786087342265,0.001185419571238899,False,False,True,True,True
1788618705.063025,1.8098925745331422,16.030336511595632,0.007437226898791844,False,False,True,True,True
1788618705.163741,3.7873126762994183,19.465837234024182,0.02572823474000702,False,False,True,True,True
1788618705.275159,2.8475125256082614,8.39549147099008,0.029084370406836986,False,False,True,True,True
1788618705.3683746,1.5114873266674196,14.5357145112842,0.01822486170325714,False,False,True,True,True
1788618705.4687874,2.7038391741971055,11.811501120852895,0.029936674732452224,False,False,True,True,True
1788618705.5608408,1.1148393624233843,17.219807670575744,0.014119057959946741,False,False,True,True,True
1788618705.6723301,1.6297971991364928,4.658848384702583,0.01261189278229112,False,False,True,True,True
1788618705.7743204,1.3626612078995681,2.6186167810532304,0.006956891661698966,False,False,True,True,True
1788618705.8604643,0.7332782147354969,7.259719201078027,0.0038868364480549866,False,False,True,True,True
1788618705.9680188,0.2678115603588153,4.2686447101485125,0.0008680089915269091,False,False,True,True,True
1788618706.074022,0.20331969179616471,0.602012215683438,0.00038626130109502564,False,True,True,True,True
1788618706.167855,0.32798163849419,1.3304865943609445,0.00039239742059483127,False,False,True,True,True
1788618706.2688138,0.44764866852086016,1.1884736850268975,0.0009076909445926566,False,False,True,True,True
1788618706.3587327,0.6215060177169018,1.9423439179380735,0.0006922145891998875,False,False,True,True,True
1788618706.4776764,1.1458488587657023,4.426258562304431,0.006412381150286831,False,False,True,True,True
1788618706.5723126,1.7186812781989114,6.060462608930655,0.005538197822690588,False,False,True,True,True
1788618706.6711235,0.2398964378012771,14.953418847330298,0.00623381975549206,False,False,True,True,True
1788618706.7765133,0.12850174840924328,1.054391365855325,0.00023496171104160702,False,False,True,True,True
1788618706.8730094,0.6891187815543222,5.819406014691772,0.0010723569637613344,False,False,True,True,True
1788618706.9722373,1.4153911425875478,7.357820348013091,0.007487688467861606,False,False,True,True,True
1788618707.062335,1.479227098419067,0.8668833400620133,0.005014727996099484,True,False,True,True,True
1788618707.180895,4.58134937803036,26.14540439135764,0.05958700777727933,True,False,True,True,True
1788618707.271131,4.440724666543731,2.0508393580143958,0.05806593244410546,True,False,True,True,True
1788618707.3708904,1.7572419541641868,28.221383612869854,0.061932560350783476,True,False,True,True,True
1788618707.464562,1.5756609425583912,2.2513182980709536,0.00745942659287514,False,False,True,True,True
1788618707.583164,1.7395703870516352,1.359379483935049,0.008397510048200883,False,False,True,True,True
1788618707.6768026,0.4924308967399499,13.306098916877573,0.008277025887245774,False,False,True,True,True
1788618707.771559,0.8784145577787557,4.0901965560347735,0.0012111887981924039,False,False,True,True,True
1788618707.8676775,0.6010843477989027,2.8683156045204363,0.00152178297397922,False,False,True,True,True
1788618707.9830225,2.1223960376462685,13.190969231886285,0.016798967589251968,False,False,True,True,True
1788618708.0739963,2.427378598019589,3.2593929129077197,0.012675554605026087,True,False,True,True,True
1788618708.17265,0.4949989570434265,19.621231591836516,0.013771259195126302,True,False,True,True,True
1788618708.2705262,0.5143875375474974,0.19390683326526453,0.0007792956265366467,True,False,True,True,True
1788618708.3765311,1.2767674926704027,7.201969261246507,0.0035560483834198853,True,False,True,True,True
1788618708.4764073,1.2660212378257214,0.14940764519498895,0.0040160570670816405,True,False,True,True,True
1788618708.57272,2.353859515983578,11.410070856903332,0.02165108733439478,True,False,True,True,True
1788618708.6665707,0.9576458520356758,14.799557306947106,0.018236566838817192,True,False,True,True,True
1788618708.7791715,0.4938628476621612,4.177833170199514,0.003399369551046221,True,False,True,True,True
1788618708.8753965,0.8622057671622936,3.8547864409027173,0.002817175859146497,True,False,True,True,True
1788618708.9740696,0.3199813809166687,5.492466499299294,0.0015009498165265904,True,False,True,True,True
1788618709.0772638,0.41271733884644163,0.9008345626744548,0.0007852713696219971,True,False,True,True,True
1788618709.1780107,0.7537836259011561,3.3393334273466437,0.0016111802966654247,True,False,True,True,True
1788618709.274033,3.6734218571541715,30.390980374356857,0.03453665402956007,False,False,True,True,True
1788618709.369505,0.8873575909114483,28.924901139253667,0.023675342581699708,False,False,True,True,True
1788618709.4832697,1.3827311245912768,4.370151167808228,0.00933763889957573,False,False,True,True,True
1788618709.5784137,0.7863875616716224,6.308548071132082,0.004854353644150293,False,False,True,True,True
1788618709.677946,0.9127832635008044,1.2752897985735416,0.002220179418888329,False,False,True,True,True
1788618709.7723913,0.6306410907622663,2.955592921816534,0.0015408626096876674,False,False,True,True,True
1788618709.8815308,1.395178022439419,7.054080035234146,0.00809965096401984,False,False,True,True,True
1788618709.9824889,2.3613682764300736,9.643326719290329,0.010688134888675937,True,False,True,True,True
1788618710.0766094,1.9595024861539183,4.203362864405501,0.03067864933595027,True,False,True,True,True
1788618710.1702993,3.3115585262637266,14.473838127708706,0.017342260794251864,True,False,True,True,True
1788618710.2837248,0.5827888607871895,23.97036584908188,0.027532282483991897,True,False,True,True,True
1788618710.3825576,0.3705684159140255,2.102249092166906,0.001516804151089078,True,False,True,True,True
1788618710.4715328,1.938290856848939,17.633504049614253,0.006814555689209471,False,False,True,True,True
1788618710.5720813,0.6115688792690616,13.188033822331592,0.009621392241871418,False,False,True,True,True
1788618710.6800036,1.48571146278295,8.078202827374215,0.004949545669793109,False,False,True,True,True
1788618710.7752862,0.6366435273128723,8.892437401415629,0.005218980442561892,False,False,True,True,True
1788618710.8825674,0.8684650390992844,2.131901112052187,0.002003114018930869,False,False,True,True,True
1788618710.9859915,0.5125477604480618,3.3942987502386384,0.0032722676629899534,False,False,True,True,True
1788618711.0872586,1.0454348389994406,5.271662025260939,0.002180723971168875,False,False,True,True,True
1788618711.1826825,2.1384038839100694,11.42303811197134,0.007477726216652509,False,False,True,True,True
1788618711.2843893,1.8672091242244655,2.6917650161416593,0.009317913702128621,False,False,True,True,True
1788618711.3913279,1.126585518157397,6.9316721960378205,0.006724990734086521,False,False,True,True,True
1788618711.4949567,0.34659404012538864,7.483656544539332,0.004414416497628105,False,False,True,True,True
1788618711.5941668,0.2135113403545927,1.3440959689936098,0.00046658289528063066,False,False,True,True,True
1788618711.6785054,0.14778256177974772,0.7766860598348687,0.00016677099083728223,False,False,True,True,True
1788618711.7903318,0.31262667691374446,1.4804912201921356,0.0003228116520539014,False,False,True,True,True
1788618711.8771825,1.0303680770890538,8.281502429664465,0.002750340100464873,False,False,True,True,True
1788618711.981979,1.6646650087152857,6.052676982086774,0.00554936921844002,False,False,True,True,True
1788618712.0741763,0.3978147012127193,13.713318488178704,0.007940451516013676,False,False,True,True,True
1788618712.1891892,0.7877275799986876,3.3537752938182557,0.0019169220972949234,False,False,True,True,True
1788618712.2820795,0.7606195953721967,0.3154050002950424,0.002351193198490066,False,False,True,True,True
1788618712.3762128,2.007056938480654,13.273039542238466,0.006846565043530029,False,False,True,True,True
1788618712.4778233,0.40695301100293596,15.564417763385023,0.007118442943423271,False,False,True,True,True
1788618712.5859652,0.7244380322497588,2.9481913926277468,0.002384466666997863,True,False,True,True,True
1788618712.6785138,1.9404921444065264,13.209201993316354,0.010436099157250724,True,False,True,True,True
1788618712.7770483,0.34807689102283074,15.95738869841883,0.008917693624608493,True,False,True,True,True
1788618712.8722222,0.46372984796511196,1.2238436772818104,0.0005487948877423244,True,False,True,True,True
1788618712.9865084,1.3061270882858944,7.38546672493952,0.007022923479443965,True,False,True,True,True
1788618713.0803905,1.4440649709850517,1.4571963966689585,0.005145034796451589,True,False,True,True,True
1788618713.1731343,0.2717188352953407,12.656110917669023,0.0042373298870818895,True,False,True,True,True
1788618713.2886882,1.7536655011205644,12.821406384018866,0.010711967626288472,True,False,True,True,True
1788618713.3898995,2.1173240824550588,3.4141344579999666,0.011138575461280446,True,False,True,True,True
1788618713.4854028,1.2697205109679355,9.31801129865847,0.009467719666191369,True,False,True,True,True
1788618713.5816307,0.4558761821996744,8.568627206360725,0.004687955483561815,True,False,True,True,True
1788618713.6902332,1.1816422707624992,6.617609693499401,0.005326310001630417,True,False,True,True,True
1788618713.7850986,2.2723495123151456,11.562690371418013,0.008756855236549736,True,False,True,True,True
1788618713.8800256,0.39932328095802766,19.619493972585893,0.009391671394665612,False,False,True,True,True
1788618713.9807885,2.54890229744454,21.295109794286233,0.013681453328885524,True,False,True,True,True
1788618714.0903552,0.5865734869199224,17.95949287601519,0.01309690939399086,True,False,True,True,True
1788618714.186604,6.657500438912186,63.02495635143677,0.08731132494770864,True,False,True,True,True
1788618714.288367,6.156809625801787,4.444855804201937,0.09391165912289974,True,False,True,True,True
1788618714.3795574,2.7883867255066024,37.057025871188905,0.14036775821904376,True,False,True,True,True
1788618714.4942386,0.6367313914107219,19.016050468549587,0.01279975658579598,True,False,True,True,True
1788618714.592337,0.7917689137230657,1.567476860988065,0.003064324623277788,True,False,True,True,True
1788618714.6897635,0.8862830616081968,0.9433915803239227,0.0018451060534147314,False,False,True,True,True
1788618714.7914164,0.940125844697104,0.5679487684532688,0.005126687709351714,False,False,True,True,True
1788618714.891056,0.45711471627285366,4.935849970131287,0.001927416092887865,False,False,True,True,True
1788618714.9874158,0.39125767226872793,0.7248521850333847,0.000646200888254589,False,False,True,True,True
1788618715.0856447,2.0609200074975496,16.96320037359318,0.010227894112605593,False,False,True,True,True
1788618715.1861436,2.8734506508352204,8.230239719814328,0.015927907211620906,False,False,True,True,True
1788618715.2923732,0.384144673616511,23.092923216333478,0.019891601448686146,False,False,True,True,True
1788618715.385925,0.6349327715045959,2.684802736740762,0.001158281342675607,False,False,True,True,True
1788618715.4863057,1.428570402540214,7.90796461522587,0.007335230298221654,True,False,True,True,True
1788618715.5983634,0.44909085295679513,8.695899649018832,0.006770364834669002,True,False,True,True,True
1788618715.697741,0.8573239882270793,4.116151269921344,0.0016467772574466637,True,False,True,True,True
1788618715.7939763,4.121974681880363,33.87113171865479,0.0398086875456963,True,False,True,True,True
1788618715.8864856,1.3444660018840617,29.935277278524037,0.029149491361595777,True,False,True,True,True
1788618715.9999907,0.6386985817450088,6.247030631657005,0.006718030888718951,True,False,True,True,True
1788618716.0936372,0.5074138496254558,1.3966453693599115,0.0014885140876188133,True,False,True,True,True
1788618716.1916022,0.7437654465182165,2.4323846729362555,0.0017326722513797599,True,False,True,True,True
1788618716.2845545,0.37770157264187254,3.975750498803378,0.0019979980136139866,False,False,True,True,True
1788618716.3927312,3.007599366871907,24.31994390329245,0.022299609439708205,False,False,True,True,True
1788618716.492119,3.4120729387800557,4.064245572060093,0.026344559928562186,False,False,True,True,True
1788618716.5859601,3.227857402874882,1.901013842949619,0.024191676240825407,False,False,True,True,True
1788618716.6861289,1.9249717002774014,12.969910004444019,0.017621262636789436,False,False,True,True,True
1788618716.7972078,1.7057308796700021,2.0537525783165305,0.023648055171686607,False,False,True,True,True
1788618716.8914537,4.499346722313274,29.732597167992427,0.03243891261813402,False,False,True,True,True
1788618716.9846163,1.6127965709420782,30.988278247171817,0.060610807068361916,False,False,True,True,True
1788618717.081437,1.6832409365648082,0.6795042482410004,0.006664779055322961,False,False,True,True,True
1788618717.1980312,2.0298360688747508,2.9866339785678386,0.01101857361856629,True,False,True,True,True
1788618717.2839403,0.8099873045277708,14.214889250071124,0.011614458537339846,True,False,True,True,True
1788618717.3834467,0.4315830550047527,3.9324768750641765,0.0018425471765558124,False,False,True,True,True
1788618717.4790678,0.4725687897306961,0.4118505195632315,0.0011895241064219814,True,False,True,True,True
1788618717.5951924,2.763090644566846,19.736927610093545,0.02642382925605388,True,False,True,True,True
1788618717.6902633,1.4218277784652078,14.04461330972103,0.036839551700793574,True,False,True,True,True
1788618717.7862346,1.6531652504986314,2.537373432592195,0.005291089311666114,True,False,True,True,True
1788618717.9025502,0.18830149696106188,12.538617708741242,0.006291257060488046,True,False,True,True,True
1788618717.99421,1.2691104380000868,11.792904052469927,0.0033773832009361114,False,False,True,True,True
1788618718.0906646,0.2126834574859582,11.010265311258209,0.003173399813282914,False,False,True,True,True
1788618718.1862323,0.35921938898529915,1.5384689364339816,0.0004217584779893264,False,False,True,True,True
1788618718.2993357,0.7676582797312757,3.6173772190087563,0.0017223958232870846,False,False,True,True,True
1788618718.3941982,0.5993756064270302,1.757364910549538,0.0026861848951301947,False,False,True,True,True
1788618718.493724,0.2410930807516875,3.58159940792364,0.0007466273538185252,False,False,True,True,True
1788618718.5887332,1.09588977329635,9.034622284524339,0.002806130244364467,False,False,True,True,True
1788618718.700924,0.3853027175319722,6.253521925075452,0.0033680634389224103,False,False,True,True,True
1788618718.797283,1.1134147856240952,7.555217701762393,0.003674572701000215,False,False,True,True,True
1788618718.8937604,0.370845970691099,7.717998089872892,0.0033335873150238237,False,False,True,True,True
1788618718.9889507,0.8254857886391292,4.782420010538548,0.0013396467894810288,False,False,True,True,True
1788618719.0997882,0.6768625869707354,1.4247789959536175,0.003992994529789845,False,False,True,True,True
1788618719.198972,2.6742804268703435,20.1101391280349,0.0214987264934968,False,False,True,True,True
1788618719.2941234,1.3033489612151894,14.532866078343389,0.012933993034500667,False,False,True,True,True
1788618719.3913789,0.4840845163012575,8.54446693863673,0.005252989515566139,False,False,True,True,True
1788618719.501313,1.3315414592402215,7.6135193814236155,0.006730767427546271,False,False,True,True,True
1788618719.5994606,1.2731927714642521,0.925754269311979,0.012135090535792993,False,False,True,True,True
1788618719.6929483,1.7303026939759725,4.7483357267624084,0.005284652710957812,False,False,True,True,True
1788618719.7879472,0.299341406775819,15.043739616097463,0.006463205555476972,False,False,True,True,True
1788618719.89955,0.4067184535165667,0.9826057610742368,0.0004447748300344179,False,False,True,True,True
1788618719.989177,0.7850717218391253,4.236838793551497,0.002139472391868744,False,False,True,True,True
1788618720.0945501,1.4135661212374981,5.945697982344486,0.0036582734982731685,False,False,True,True,True
1788618720.2049327,3.8108955659394432,21.724470574702757,0.05640793804187772,False,False,True,True,True
1788618720.3023257,1.9624631278613522,18.515274153054122,0.030401903016701048,False,False,True,True,True
1788618720.3946838,3.3730210753353513,15.288614348660039,0.03978305744822415,False,False,True,True,True
1788618720.49275,4.112915865849044,7.516308878512947,0.031474862297419436,False,False,True,True,True
1788618720.6099796,0.5354864161864706,30.42348594942071,0.03129144146938476,False,False,True,True,True
1788618720.7020054,0.3342867320260099,2.1423517047468144,0.001419421528634505,False,False,True,True,True
1788618720.8010547,0.5547204882996113,2.294100343365849,0.0008250684600211959,False,False,True,True,True
1788618720.8933978,0.3583012559520896,2.0550987121791087,0.001036841799515904,False,True,True,True,True
1788618721.0025682,1.4957491215167178,10.40895176727519,0.0059973835464571515,False,False,True,True,True
1788618721.103077,2.0680968976356184,5.731158467590862,0.023806000328508787,False,False,True,True,True
1788618721.1961234,1.8702043887614284,2.3692324317015725,0.008988432189342881,False,False,True,True,True
1788618721.2932963,1.0993241569484495,7.875738219660002,0.013196365798701055,False,False,True,True,True
1788618721.397562,0.8267429104003751,2.6764280280577806,0.002648005218268662,False,False,True,True,True
1788618721.5014746,0.6687971271935842,1.5295156113070272,0.0038131857140094386,False,False,True,True,True
1788618721.5953476,2.8803007152382114,23.573476308944016,0.014211295951930375,True,False,True,True,True
1788618721.6914668,2.3096026457906915,6.031534112070068,0.015170295644458487,True,False,True,True,True
1788618721.8005097,2.108351029987515,1.9620585999210396,0.011771641304898318,True,False,True,True,True
1788618721.903308,0.7322212045070715,13.405263074300944,0.00939235513663038,True,False,True,True,True
1788618721.9948893,1.3674911486103867,7.002507652254966,0.0027590768621943316,True,False,True,True,True
1788618722.091265,3.489494680890283,22.079525672695482,0.019959683656160635,True,False,True,True,True
1788618722.2030313,2.227050442406715,11.317296318036933,0.020895865519785756,True,False,True,True,True
1788618722.30042,3.277334146682225,10.766586177968446,0.019372140671244056,True,False,True,True,True
1788618722.396248,0.5202967902219127,28.775345651643182,0.02425537184433557,True,False,True,True,True
1788618722.5112302,2.496297093021594,17.222081666630643,0.018536900725626568,False,False,True,True,True
1788618722.6065342,0.33056185783113584,22.727206595262796,0.018341708396350662,False,False,True,True,True
1788618722.6989288,0.9758217155560903,6.96693807718681,0.001816427667210954,False,False,True,True,True
1788618722.7964902,1.4439584926678635,4.842850228387567,0.003576295305159393,False,False,True,True,True
1788618722.9085574,0.4006202816302321,9.359708351791964,0.006088757949426298,False,False,True,True,True
1788618723.001928,0.3234835410485915,0.7995129709037974,0.0005583387632435255,True,False,True,True,True
1788618723.0991836,0.9466054336200619,6.40151181356459,0.002084898112461431,True,False,True,True,True
1788618723.196266,1.1237750608828512,1.788609936702268,0.00246731172125172,True,False,True,True,True
1788618723.310547,0.647077854075128,4.151615616968539,0.0022109079161456275,True,False,True,True,True
1788618723.4013896,1.3567403696276423,7.8105421508712976,0.002668426984309,True,False,True,True,True
1788618723.4984431,0.6302090756108186,7.573852358545051,0.004820988284827491,True,False,True,True,True
1788618723.595798,1.536039172124418,9.291383118957718,0.0045928971798835354,True,False,True,True,True
1788618723.707822,0.6947394951512076,7.497578998531677,0.008155004199082399,True,False,True,True,True
1788618723.80078,1.8981430457164052,12.979039808233104,0.011328741582924797,True,False,True,True,True
1788618723.8983622,2.1222210849488,2.2932403205095877,0.008905251920361297,True,False,True,True,True
1788618723.9997282,1.2708482350335382,8.37977774066125,0.008070727705644506,True,False,True,True,True
1788618724.1018314,0.6886054248864611,5.53300093199726,0.005814040869975331,True,False,True,True,True
1788618724.202568,2.938133151666624,22.431991923905137,0.020269591235846332,True,False,True,True,True
1788618724.2989247,2.3204828907487633,6.405410090290843,0.016991340469378273,False,False,True,True,True
1788618724.3930383,2.3943112389987316,0.7220070122879271,0.012398171148385392,False,False,True,True,True
1788618724.5102882,2.4412566948648693,0.3912933789118849,0.016899601659986437,False,False,True,True,True
1788618724.6069727,2.608731457333364,1.6763111922729397,0.017488469506440167,False,False,True,True,True
1788618724.7046366,3.7632987686339794,11.763859691236783,0.026081851923896015,False,False,True,True,True
1788618724.810118,1.737295020179035,19.361381781908552,0.051879099285910966,False,False,True,True,True
1788618724.9076676,0.8441175887048536,9.260953971461834,0.0070222461392702995,False,False,True,True,True
1788618725.004143,0.9875708795981137,1.5201257180312842,0.004898629047470425,False,False,True,True,True
1788618725.0962799,3.373771766271301,25.85501563384616,0.029447700133023013,False,False,True,True,True
1788618725.2103393,0.5308669509966933,25.620588931455877,0.021798191049819098,False,False,True,True,True
1788618725.307773,1.955186109642355,14.606378910309182,0.009892739147460557,False,False,True,True,True
1788618725.401237,0.8707859247647058,11.654398258952048,0.006451337070330501,False,False,True,True,True
1788618725.493324,0.23252054223879146,6.982520950494846,0.0017578195495135248,False,False,True,True,True
1788618725.6156535,0.5625041499375099,2.7019085555688056,0.0010210508210328519,False,False,True,True,True
1788618725.7073765,1.2459379840773712,7.458473136413316,0.00251155505083547,False,True,True,True,True
1788618725.806993,1.7236475199423906,4.734919478806775,0.005681138141111492,False,False,True,True,True
1788618725.901806,0.4481145750153366,13.395912926817516,0.005406820962203817,False,False,True,True,True
1788618726.0115368,0.737984183904064,2.65503219210127,0.002568685891295768,False,False,True,True,True
1788618726.1031802,3.4617234388576144,29.74942151013409,0.028049361774567468,False,False,True,True,True
1788618726.2020593,0.44038799501914594,30.401785480329085,0.02026465302856407,False,False,True,True,True
1788618726.3022795,0.5487554800513084,1.0773844233433163,0.0006551997209272308,False,False,True,True,True
1788618726.4102764,3.189523133419695,24.452113619125253,0.023854897571333886,False,False,True,True,True
1788618726.5080442,1.7556531790043248,14.601290589415418,0.020433724269665617,False,False,True,True,True
1788618726.6005285,0.5006416391013961,13.557156352517133,0.008276727757299833,False,False,True,True,True
1788618726.7022078,1.6820134360439614,11.617640308773598,0.005923954019885827,False,False,True,True,True
1788618726.8058677,0.5549351371123743,10.994761601463086,0.0065040700623548026,False,False,True,True,True
1788618726.9107985,0.2323640284139006,3.0660774673937823,0.0009143243750661066,False,False,True,True,True
1788618727.0011184,0.7521767667404742,5.779349768002612,0.0013125323761159929,False,False,True,True,True
1788618727.124258,0.2273453534193644,4.2517139684727345,0.0009897489232399265,False,False,True,True,True
1788618727.211619,1.615882224230972,15.918012847878387,0.004227004063980032,False,False,True,True,True
1788618727.3069208,0.7388459256663497,9.189902641612317,0.003711033740888051,False,False,True,True,True
1788618727.4013598,0.22245729466718236,5.489631825424508,0.0009571581887617737,False,False,True,True,True
1788618727.5158098,0.8739786486762142,5.697078286795818,0.00212455081737629,False,False,True,True,True
1788618727.6097023,2.4898242995945945,17.265402103967034,0.009682514109589178,False,False,True,True,True
1788618727.7107067,2.1493538974023165,3.4062572782517866,0.0125156922950393,False,False,True,True,True
1788618727.807276,2.7976534784480283,6.819108429369549,0.014328249710069513,False,False,True,True,True
1788618727.914435,3.033746772776698,1.9687400834519289,0.02129930864150947,False,False,True,True,True
1788618728.010532,1.8403328149006533,12.360843787909301,0.018777633839902646,False,False,True,True,True
1788618728.1109614,0.1742102769251943,16.53790551500893,0.007090442387572341,False,False,True,True,True
1788618728.1989908,0.5296814922389423,4.032660345434479,0.000561708544346026,False,False,True,True,True
1788618728.3186536,0.48106155882144613,0.4147729082185767,0.0007902134145253848,False,False,True,True,True
1788618728.4132664,1.815381278134859,14.054319722876725,0.008878971550327543,False,False,True,True,True
1788618728.5114236,0.1346620469182215,17.13399721972032,0.006626114097006626,False,False,True,True,True
1788618728.6057827,2.1437590565930873,21.28954683423306,0.009278890232208641,False,False,True,True,True
1788618728.713982,1.6923174200074127,4.247531224025618,0.009016588028329976,False,False,True,True,True
1788618728.8118527,4.858861735878533,32.32415270020691,0.07804194122253841,False,False,True,True,True
1788618728.9062765,1.1824849682042216,39.12977223028212,0.044647538187627865,False,False,True,True,True
1788618729.00481,1.9780526220699357,8.068673705807596,0.015682874667222756,False,False,True,True,True
1788618729.1161594,1.3783917323223394,5.414623197227637,0.008088181562750265,False,False,True,True,True
1788618729.2103977,5.396365254323704,42.76757147439081,0.050544996359936055,False,False,True,True,True
1788618729.3086023,0.8363055602172167,46.06796378615257,0.05084054440073987,False,False,True,True,True
1788618729.4207766,0.3154520342459607,4.578330349706536,0.001479807421525803,False,False,True,True,True
1788618729.513621,1.4421771029284596,12.167764797835472,0.005299610497997208,False,False,True,True,True
1788618729.6116686,1.8886669417088564,4.4824280550092634,0.0064351942977208315,False,False,True,True,True
1788618729.7114742,1.2801612534191757,6.077813817296568,0.006324272593660752,False,False,True,True,True
1788618729.8205173,0.3953611941498188,8.218195424841397,0.0036347067154467567,False,False,True,True,True
1788618729.915567,0.6275922108578202,2.4217968099539275,0.001413289215241744,False,False,True,True,True
1788618730.0132072,2.409712847559762,18.208222367005806,0.014724328240955122,False,False,True,True,True
1788618730.1091273,1.0695036414648857,14.207981528078601,0.010775651051437405,False,False,True,True,True
1788618730.2198153,0.9371859552224832,1.2454429932560334,0.002605265166068762,False,False,True,True,True
1788618730.317259,0.4940123023465164,4.546265009651399,0.001891655894452813,False,False,True,True,True
1788618730.410282,0.5243398529883025,0.3695220466851906,0.0013762827946144588,False,False,True,True,True
1788618730.5064042,2.8985860901372456,24.714713133474657,0.020177185989262325,False,False,True,True,True
1788618730.6166506,0.4245562590682535,22.486639569579044,0.015356928398085884,False,False,True,True,True
1788618730.7144814,1.6083317698873334,12.099477657517939,0.007715525627524908,False,False,True,True,True
1788618730.8078668,0.8012691677790124,8.641145499558439,0.0061556534937095685,False,False,True,True,True
1788618730.9006736,0.8765524528309964,0.6359889691968572,0.0018556637700882814,False,False,True,True,True
1788618731.0200667,0.188757039661707,5.7529229444272225,0.001850198381508591,False,False,True,True,True
1788618731.114356,1.422308861065757,13.083687039037702,0.0035447579104226066,False,False,True,True,True
1788618731.2144375,0.8775243577859365,5.4097965208310494,0.003379381254188499,False,False,True,True,True
1788618731.3054738,0.7426939376451653,1.4462943799709063,0.001519115230116238,False,False,True,True,True
1788618731.4109185,2.6904136456030217,18.47516996860024,0.016176671122202096,False,False,True,True,True
1788618731.5086808,0.8537774435007474,18.50619399824736,0.014825362773269936,False,False,True,True,True
1788618731.6028962,2.7165153604457797,19.814165627378486,0.020510541636788258,False,True,True,True,True
1788618731.7176418,0.6198843185307249,17.926498150081137,0.012059550586537727,False,False,True,True,True
1788618731.8125038,0.8935583728475739,3.0092444552916273,0.003901642409794199,False,False,True,True,True
1788618731.9077303,0.46018890470683027,4.510856866301243,0.0023058586548805574,False,False,True,True,True
1788618732.0108695,1.9491027975856496,14.443935692182567,0.009508214028750652,False,False,True,True,True
1788618732.1269374,0.5236694585729628,12.303940671065115,0.012811889971392503,False,False,True,True,True
1788618732.222942,2.3489926903113774,18.922298357493542,0.015824597268067526,False,False,True,True,True
1788618732.3203392,2.2451968540162146,1.2817027875267777,0.012239036446805192,False,False,True,True,True
1788618732.4132733,3.4876957520180656,13.372840545853776,0.051269405327400604,False,False,True,True,True
1788618732.5293322,0.9088484562704838,22.041552355093433,0.019378624377610038,False,False,True,True,True
1788618732.6186686,2.898564780548973,22.27750242606586,0.02404936117928875,False,False,True,True,True
1788618732.7095346,0.7440556730359754,23.75745221328294,0.013019574828633775,False,False,True,True,True
1788618732.813558,0.37538084686074247,3.4953530040129306,0.0018198705006122501,False,False,True,True,True
1788618732.9214668,0.3399206820877319,0.25130876507322036,0.0007836375716020317,False,False,True,True,True
1788618733.022107,3.998138171670101,36.288135509181345,0.037561049688727595,False,False,True,True,True
1788618733.1121547,5.26024198821507,13.872439530295088,0.04595781082139432,False,False,True,True,True
1788618733.2134802,0.5721416324472077,46.225772693729986,0.050234655035516065,False,False,True,True,True
1788618733.3207328,3.371917894021838,26.116017929723455,0.02927937855509406,False,False,True,True,True
1788618733.4197397,5.022295394590909,17.063146226904497,0.046882509607682865,False,False,True,True,True
1788618733.517137,0.5957849815215841,45.44043869257696,0.06071545425869303,False,False,True,True,True
1788618733.6104481,2.217762303164723,17.336374281820518,0.010445483683514282,False,False,True,True,True
1788618733.7289188,0.762197070388865,12.297335715130565,0.009751872962026557,False,False,True,True,True
1788618733.8189597,0.33629597466018,4.728316258489824,0.002051515991352361,False,False,True,True,True
1788618733.9145303,1.4090455788964251,11.222069529538976,0.005335258345121241,False,False,True,True,True
1788618734.02585,1.3677880681515935,0.38929589209881377,0.005841297540711007,False,False,True,True,True
1788618734.1256638,2.4789072870288322,11.019986960822168,0.011379675526547057,False,False,True,True,True
1788618734.2240052,0.9304652635909827,15.970064219972885,0.011281976426894005,False,False,True,True,True
1788618734.3174474,3.7046260754508764,29.675435788296927,0.03658544163310809,False,False,True,True,True
1788618734.4290452,0.429013745247108,29.244763851058043,0.031361678832084565,False,False,True,True,True
1788618734.5264964,2.9160736943921766,25.548113280142026,0.016524521248152027,False,False,True,True,True
1788618734.617866,0.4318935073528722,27.297964261292602,0.017987243097767454,False,False,True,True,True
1788618734.7174604,0.3698751482432354,0.6081443011010152,0.0006166980608560321,False,False,True,True,True
1788618734.8290484,0.14683893499408157,2.0100913333615034,0.00031740316729689965,False,False,True,True,True
1788618734.9193542,0.3130043749405421,1.839306963384189,0.00032587330511037844,False,False,True,True,True
1788618735.018324,0.40994409610099836,0.9912756864557971,0.0005612479478321875,False,False,True,True,True
1788618735.1133726,0.26778831900657224,1.4520515228730897,0.00043321638787213686,False,False,True,True,True
1788618735.2260163,1.453739119147035,10.528694810109204,0.006119091183813846,False,False,True,True,True
1788618735.325142,3.878181197716183,24.423294539175025,0.02624405539535967,False,False,True,True,True
1788618735.4153662,0.4827755474199151,37.644431714313185,0.03204196872585625,False,False,True,True,True
1788618735.5153987,2.9919996643317113,25.089859991191407,0.023691570773958042,False,False,True,True,True
1788618735.63029,0.6442214216550385,20.524128621642095,0.017421789135516525,False,False,True,True,True
1788618735.720615,1.5429582522506757,9.997306376280429,0.007867789204233698,False,False,True,True,True
1788618735.8189647,0.6413855635594758,9.086929288690175,0.005195525152725107,False,False,True,True,True
1788618735.918548,0.23999396407576828,3.993875805893511,0.0011817352354779296,False,False,True,True,True
1788618736.0303316,1.598486688932194,12.16648189436012,0.007234439298151929,False,False,True,True,True
1788618736.1223876,1.4592659031318667,1.4052363753209187,0.017507654428703126,False,False,True,True,True
1788618736.220878,0.24030477177085885,12.383398169801131,0.004130830611942332,False,False,True,True,True
1788618736.3296337,0.3461868514639954,0.9526144795062848,0.000499174019448386,False,False,True,True,True
1788618736.4252357,0.41978311493633635,0.7200927669793842,0.0006064571933594632,False,False,True,True,True
1788618736.527946,0.560530869621418,1.320739274612017,0.001149055061250813,False,False,True,True,True
1788618736.6223595,4.026181110736702,36.610141324795094,0.031751022872422256,False,False,True,True,True
1788618736.7328572,0.27192442428560565,33.967419193033464,0.03383690967460564,False,False,True,True,True
1788618736.8263805,2.169576641856977,20.306221518667627,0.009367394221225024,False,False,True,True,True
1788618736.9262242,1.7583917570523921,4.015715605646492,0.009067750703280576,False,False,True,True,True
1788618737.023139,1.5342261868901166,2.2099940061592194,0.006261819127686978,False,False,True,True,True
1788618737.1335924,1.0914947140448323,4.053986375943048,0.009747948534828028,False,False,True,True,True
1788618737.2296095,0.760708903670996,3.4227121871383845,0.003584412317064213,False,False,True,True,True
1788618737.321828,2.63488550990109,20.407578041273595,0.01902140054664154,False,False,True,True,True
1788618737.418111,3.568707377180751,10.164989939790601,0.022574119309554094,False,False,True,True,True
1788618737.533883,0.8281635584779544,23.70005133386448,0.03750197046659067,False,False,True,True,True
1788618737.6299505,0.43031753681581675,4.246060481129974,0.002283932703118491,False,True,True,True,True
1788618737.718409,0.4883893915181341,0.5486223344449452,0.0010252111727466495,False,False,True,True,True
1788618737.8178868,1.0907360355802027,6.039265329858419,0.00336159110613303,False,False,True,True,True
1788618737.9291725,0.5490291715673035,4.926983912026352,0.005034531612427993,False,False,True,True,True
1788618738.0308287,1.792686502979059,12.216054032292693,0.00591907077973548,False,False,True,True,True
1788618738.1241612,0.906510964684963,9.483563327996333,0.006234024932378225,False,False,True,True,True
1788618738.219712,0.5298441174981062,3.90158962482809,0.002412409976239438,False,False,True,True,True
1788618738.329309,1.8645218191258615,12.210307089447523,0.011884085416192229,False,False,True,True,True
1788618738.4274414,1.703165472306523,1.4509544913078238,0.008230049796288308,False,False,True,True,True
1788618738.5220683,1.1064087318179598,6.22256398929248,0.012577813800851373,False,False,True,True,True
1788618738.6367352,2.3125840145134187,10.463206237325386,0.012656886462399985,False,False,True,True,True
1788618738.7344186,0.9137898672782832,14.241283335231731,0.013339936010304587,False,False,True,True,True
1788618738.8360944,1.3886533267383072,4.6096422645658555,0.009010345887835938,False,False,True,True,True
1788618738.9241369,0.18042461123140072,13.816805181366181,0.00466077093313263,False,False,True,True,True
1788618739.0365586,2.8433224840604523,23.688548714962362,0.023820248880833606,False,False,True,True,True
1788618739.1352017,3.4198679488284034,5.944625422481723,0.02524425914980246,False,False,True,True,True
1788618739.224278,0.5698664056492501,32.165839515371744,0.030193988846924983,False,False,True,True,True
1788618739.3272233,2.8628488132144065,22.256562668342102,0.017190612972834116,False,False,True,True,True
1788618739.4354215,0.8377162486185408,18.724737052740153,0.01625943215279321,False,False,True,True,True
1788618739.528967,0.930896204358601,1.0814659476718873,0.0019702903006324998,False,False,True,True,True
1788618739.6298099,0.8431069178125248,0.8187204681848206,0.0018896084504371599,False,False,True,True,True
1788618739.7239113,0.7072277872684111,1.424513612220795,0.003839374200871137,False,False,True,True,True
1788618739.834833,0.8907753261546859,1.6965149679918248,0.004538777838237257,False,False,True,True,True
1788618739.927283,2.0435786766755997,12.479144934235272,0.01364742844526339,False,False,True,True,True
1788618740.0273974,3.435691585318632,13.864730226998661,0.02132370338981339,False,False,True,True,True
1788618740.1231656,1.8465516892975982,16.64564997940861,0.02084317368414362,False,False,True,True,True
1788618740.2350767,0.3265000312965086,13.609025182269244,0.006789564882954509,False,False,True,True,True
1788618740.3295848,0.2666556889358163,0.6671818139144667,0.00033024141493844574,False,False,True,True,True
1788618740.4277918,0.928027484920108,6.711233681635472,0.0019159583934058536,False,False,True,True,True
1788618740.528541,0.7205272905881248,2.0452995218270824,0.004298867137794999,False,False,True,True,True
1788618740.635786,0.16281663219943554,5.191892798951045,0.0010730261095369836,False,False,True,True,True
1788618740.7282386,0.838261348389953,7.30599175938855,0.0017167138402904608,False,False,True,True,True
1788618740.8281107,1.305531281720327,4.656138443918852,0.0030388124940493376,False,False,True,True,True
1788618740.9412878,1.1038711672923853,1.8917071993183967,0.003907415392900351,False,False,True,True,True
1788618741.0380752,0.4813128549553456,6.480928510763735,0.0034043783313981945,False,False,True,True,True
1788618741.1339197,4.41795794843816,41.067898272859274,0.04369939478321956,False,False,True,True,True
1788618741.2282977,5.158208840660386,7.907942296104209,0.04750841994913005,False,False,True,True,True
1788618741.3388433,2.0124274129186244,28.287207327196196,0.04052605204259893,False,False,True,True,True
1788618741.4337163,1.3208810540558735,6.9893192122982635,0.008892804183108772,False,False,True,True,True
1788618741.5280154,2.457454158932777,12.192857980965838,0.009643425686285375,False,False,True,True,True
1788618741.6269972,2.3816270237803363,0.5692221042637166,0.01350329440869004,False,False,True,True,True
1788618741.7423692,0.3459872571484467,17.743995921944762,0.01155807653939838,False,False,True,True,True
1788618741.8284447,0.5009399097260728,1.7877971503550383,0.0007324712069992464,False,False,True,True,True
1788618741.9317133,1.1667402259883397,6.446053314800879,0.004383838321313896,False,False,True,True,True
1788618742.0294242,0.16926059766176493,10.207609681946716,0.0029970936742630284,False,False,True,True,True
1788618742.1407762,0.7649524258190417,5.370110207750673,0.002026680605527715,False,False,True,True,True
1788618742.2332728,1.2616248125433995,5.364155001064508,0.003916847492657716,False,False,True,True,True
1788618742.3338099,1.924898240699143,6.475037254222521,0.006765043916477082,False,False,True,True,True
1788618742.4239926,1.3598549722926478,6.28182571969292,0.016882382063191027,False,False,True,True,True
1788618742.5413597,2.5814010235640463,10.382094086552174,0.016331311215644902,False,False,True,True,True
1788618742.6354692,1.4601076637497858,12.379183011315932,0.016911931378564907,False,False,True,True,True
1788618742.7320914,0.8794809884385981,6.051378949481136,0.006966145103446096,False,False,True,True,True
1788618742.8297825,1.3612452534589488,4.88562953227544,0.00566276797144915,False,False,True,True,True
1788618742.9405975,0.8310821690303941,4.758065322862204,0.006759587752112284,False,False,True,True,True
1788618743.0342171,2.483194136484004,17.713002996620638,0.009666367367916703,False,False,True,True,True
1788618743.133957,0.2286295586126756,22.39815238791796,0.011897001651875943,False,False,True,True,True
1788618743.2396486,1.1793153399934526,9.024267566857826,0.0041796758337769475,False,False,True,True,True
1788618743.3372107,1.7687495547511758,6.057031737369261,0.0059589711827793814,False,False,True,True,True
1788618743.433099,1.4640514911035507,3.3049186634224696,0.01662492710396439,False,False,True,True,True
1788618743.529368,0.7837865857950337,7.384130722480305,0.0044427445947524385,False,False,True,True,True
1788618743.6476734,0.4442340192012984,2.9497014849869094,0.0017505150159703425,False,False,True,True,True
1788618743.7364895,3.542074985316612,34.878312244931855,0.022828789267380616,False,False,True,True,True
1788618743.832557,0.3586118924857728,33.16135439313373,0.02108031118589985,False,False,True,True,True
1788618743.9316323,0.4043272809918174,0.4531540969145744,0.0004397111805424149,False,False,True,True,True
1788618744.0479834,0.734340958820309,2.8695847718289547,0.0013576520574124546,False,False,True,True,True
1788618744.1380537,3.3638953029070424,29.211992303694608,0.02591668360651071,False,False,True,True,True
1788618744.2344813,3.4319259328679026,0.8063684851446652,0.02356166020575088,False,False,True,True,True
1788618744.328424,2.486491581540879,9.918784245412233,0.02013170679816762,False,False,True,True,True
1788618744.445926,0.6156164750844147,15.634720330858382,0.010079956379129625,False,False,True,True,True
1788618744.5332127,1.3170904759551738,8.08019652510744,0.002698465897778969,False,False,True,True,True
1788618744.634363,0.40982729228266623,8.957047115544816,0.0024970437526127113,False,False,True,True,True
1788618744.7345738,0.6332930781721977,2.213246298818294,0.0009084423272622975,False,False,True,True,True
1788618744.844534,1.5723239755345173,8.478990670397984,0.0054203457587814535,False,False,True,True,True
1788618744.940636,3.2017465104999463,16.98745013313198,0.0391236131919237,False,False,True,True,True
1788618745.0336678,4.670939117145505,16.02967959867099,0.03519379006926081,False,True,True,True,True
1788618745.1331983,1.139090475593947,35.14169745890615,0.057525046925192676,False,False,True,True,True
1788618745.2418156,0.34409861038434986,7.370128428486309,0.0025827526035307634,False,False,True,True,True
1788618745.3405418,0.9970532216382844,6.547250655458129,0.0032033412716550927,False,False,True,True,True
1788618745.4349854,1.602072358431625,6.311594477560824,0.009940255935387398,False,False,True,True,True
1788618745.5480986,1.9504146725627522,3.1117983519537797,0.022764656765464086,False,False,True,True,True
1788618745.646897,3.123683449514117,12.073728777799332,0.01792375152683889,False,False,True,True,True
1788618745.7430053,3.4155519471658327,3.4273944128258123,0.02491808907129533,False,False,True,True,True
1788618745.8391137,0.494330878141935,30.333680732473255,0.022650670304485452,False,False,True,True,True
1788618745.9439685,2.6355712702279277,20.413370048043213,0.02069220010115252,False,False,True,True,True
1788618746.0412936,1.3102256638513505,13.425247575652342,0.0292983695377502,False,False,True,True,True
1788618746.1402152,0.333841678359802,9.893519723722166,0.003657273633277182,False,False,True,True,True
1788618746.2319834,2.6023420849210566,24.690953336077285,0.014476756199125054,False,False,True,True,True
1788618746.3438292,1.367312552887071,11.443936121322192,0.025813682261458644,False,False,True,True,True
1788618746.4416466,0.358247336803168,10.305913398838813,0.00521564289333548,False,False,True,True,True
1788618746.5384994,1.5585984567642421,12.375057443730837,0.005240599833457507,False,False,True,True,True
1788618746.6467516,3.6189280186537744,18.984476592149207,0.02651970406294541,False,False,True,True,True
1788618746.7570229,0.7167383372716315,26.27238393073214,0.029438514561937072,False,False,True,True,True
1788618746.8479214,0.942199715739484,2.54207044651437,0.004081008538782322,False,False,True,True,True
1788618746.9441195,0.5869201126125609,3.597069573064599,0.0016264509916924215,False,False,True,True,True
1788618747.0393944,0.3132349425908238,2.858994708767056,0.0006225182032364669,False,False,True,True,True
1788618747.1480443,1.3426489631220808,9.472307543848727,0.005687222916032874,False,False,True,True,True
1788618747.2449937,0.7146157901941812,6.403097346481845,0.0038399085338856,False,False,True,True,True
1788618747.3404841,2.4742517141513463,18.439046747103088,0.01777713821861797,False,False,True,True,True
1788618747.4514856,0.35057307787464925,19.07969504155104,0.011987125193137356,False,False,True,True,True
1788618747.55051,0.9965854958860938,6.505843170157565,0.00194738899056889,False,False,True,True,True
1788618747.6520433,0.2835798117892224,7.0776127273280585,0.0018846440888778057,False,False,True,True,True
1788618747.751227,0.22865396043820457,0.5536069529602504,0.00020037318728793467,False,False,True,True,True
1788618747.8571002,0.6781444124433323,4.2448648772567985,0.0009776697558352527,False,False,True,True,True
1788618747.959299,1.8165065792927435,11.148003453865218,0.012133294946807727,False,False,True,True,True
1788618748.0520177,2.6700971912331086,9.3541137646847,0.011896286987611266,False,False,True,True,True
1788618748.1401076,1.0188756072741296,18.906184292899642,0.011758866607370182,False,False,True,True,True
1788618748.2579956,0.44686454271772147,4.901819988826645,0.0026160561182598193,False,False,True,True,True
1788618748.3510637,1.0242489912424688,6.170199109410424,0.003093914725848031,False,False,True,True,True
1788618748.447506,0.31700754512559565,7.332139407401476,0.001775727034057398,True,False,True,True,True
1788618748.538983,1.2048702806762428,9.705606184416268,0.003394615398405913,False,False,True,True,True
1788618748.6446106,3.073408727376496,17.72618707934916,0.01904029938519436,False,False,True,True,True
1788618748.74946,0.5596873660041517,23.870286320184164,0.020757651291092274,False,False,True,True,True
1788618748.8461683,0.9055056387664754,3.5979080464589495,0.0035148736471424394,False,False,True,True,True
1788618748.9405026,2.4266497560622557,16.203924150670122,0.018175451033122417,False,False,True,True,True
1788618749.054037,0.28116205393232063,18.893443838037566,0.012007641579059168,False,False,True,True,True
1788618749.1456845,0.5941085964037575,3.406470651856689,0.0011561509021894873,False,False,True,True,True
1788618749.2461746,1.0195389353906101,4.1802444316028415,0.003359592792403604,False,False,True,True,True
1788618749.3364391,0.3348845593814231,7.621165774378064,0.0025486560252817665,False,False,True,True,True
1788618749.4502115,0.3096712933123805,0.24293090617015475,0.000539284780327623,False,False,True,True,True
1788618749.5434062,3.3665601798907914,32.79136540897117,0.02482965076740026,False,False,True,True,True
1788618749.6416066,0.933234531848535,24.43228011264088,0.017840902263929512,False,False,True,True,True
1788618749.7514157,3.1207802239320164,19.949885840503306,0.03564806632477907,False,False,True,True,True
1788618749.849387,0.43819928758535914,27.420170750690954,0.024635920099674045,False,False,True,True,True
1788618749.9481506,0.18552155624202674,2.5488009783840493,0.000635114827821569,False,False,True,True,True
1788618750.0400107,0.31913226953277635,1.4526719458389596,0.00019772992166927663,False,False,True,True,True
1788618750.1557386,1.6994619715600585,11.90209174942701,0.008314108976474326,False,False,True,True,True
1788618750.2476702,0.2525832932908881,15.750634275979987,0.008675812091437259,False,False,True,True,True
1788618750.3509517,2.4218813385134697,20.992183243638213,0.014264292365245339,False,False,True,True,True
1788618750.4461668,0.9464960471185023,15.495767008722037,0.01127033789747785,False,False,True,True,True
1788618750.5529444,0.5091215443423794,4.0871678812676135,0.0017964640901000242,False,False,True,True,True
1788618750.6495056,2.3111437207909526,18.65881831220735,0.010819341517272771,False,False,True,True,True
1788618750.74574,2.1137019446919036,2.0653426703642284,0.0107245095085612,False,False,True,True,True
1788618750.8425038,0.6074403432768675,15.793957637199625,0.008298420420776928,False,False,True,True,True
1788618750.9560332,2.0317072309946957,12.563125146598823,0.015214352068760676,False,False,True,True,True
1788618751.050986,0.2847689272362927,18.34016352227555,0.011149831826749109,False,False,True,True,True
1788618751.1500595,4.33680764232543,40.90142329685497,0.043650987604102486,False,False,True,True,True
1788618751.240473,1.007760052392494,36.882279651503254,0.03596729252665159,False,False,True,True,True
1788618751.3485098,4.18729421030333,29.436104308674512,0.055950996015923446,False,False,True,True,True
1788618751.4528782,1.4632680981777806,25.771355398525852,0.038245271724595804,False,False,True,True,True
1788618751.5497246,0.619023282403657,8.461121384494872,0.0071913880767814796,False,False,True,True,True
1788618751.6440537,2.30572924310362,17.97645469366772,0.014520253241582622,False,False,True,True,True
1788618751.756055,0.8122516086856242,13.308112169318235,0.009013944627378971,False,False,True,True,True
1788618751.8555648,0.3895842258963869,4.245814769635522,0.0017260663576438063,False,False,True,True,True
1788618751.94759,1.237047872247532,9.215415132093717,0.003740502292631327,False,False,True,True,True
1788618752.0550773,1.0481137829453053,1.8649706501551577,0.0033103090693063966,False,False,True,True,True
1788618752.160624,0.5619745546182581,4.606817105752272,0.0027569676824303973,False,False,True,True,True
1788618752.2545624,0.25036006973097796,3.3204369921327923,0.0007062045201566393,False,False,True,True,True
1788618752.3467307,0.7321150979562356,5.2219161586444445,0.0014234009751301433,False,False,True,True,True
1788618752.4671268,1.003218191335237,2.1909951993271024,0.005784877782785546,False,False,True,True,True
1788618752.5583725,2.1014125666938934,11.925630490030802,0.006707665490801441,False,False,True,True,True
1788618752.649177,0.14763781460077788,21.602293226460436,0.008145412389612638,False,False,True,True,True
1788618752.7539616,4.801918579187262,44.40893678847126,0.05816557250977544,False,False,True,True,True
1788618752.8589818,2.1362041408291503,25.405672866562846,0.04316111282481129,False,False,True,True,True
1788618752.9623668,0.8855344261486986,12.138379723746372,0.008666547672687396,False,False,True,True,True
1788618753.0628562,0.2127080431693165,6.691329979709035,0.0017103389631374407,False,False,True,True,True
1788618753.1521459,4.479214615137529,47.78663543067459,0.03750995068621065,False,False,True,True,True
1788618753.2652614,1.4636389309285334,26.617534252275462,0.02823317777309857,False,False,True,True,True
1788618753.3653238,2.6816921721707954,12.241431228073356,0.030630326692710222,False,False,True,True,True
1788618753.4553988,3.536990750095146,9.52468414384204,0.020914818105668035,False,False,True,True,True
1788618753.544525,2.4182306047824076,12.574405845756921,0.01835030496256538,False,False,True,True,True
1788618753.6605842,0.42459036158815167,16.97166142275462,0.0104715154773724,False,False,True,True,True
1788618753.761044,3.6855558752597135,32.53461636037197,0.033099120383468385,False,False,True,True,True
1788618753.8591306,0.8471980012694795,28.921489369124075,0.036795989556879544,False,False,True,True,True
1788618753.9581883,4.568412751897708,37.47374354321436,0.044586630756651105,False,False,True,True,True
1788618754.0574565,3.026350001170898,15.544344713899491,0.037213544588332245,False,False,True,True,True
1788618754.1574748,0.37762251367576777,26.388724117657713,0.01960172917515811,False,False,True,True,True
1788618754.2543585,0.45965550866323696,0.853118317137425,0.0006864739976899005,False,False,True,True,True
1788618754.3708153,2.914130935526061,21.088175979207353,0.024654480872111997,False,False,True,True,True
1788618754.4634116,3.645535322098748,7.8684059339601715,0.02685791130315239,False,False,True,True,True
1788618754.55393,2.661016738133459,11.353459115992843,0.02137587471801665,False,False,True,True,True
1788618754.658467,2.3881156669313603,3.0900998780154967,0.014168147016481841,False,False,True,True,True
1788618754.7691095,0.502830612236465,17.094447946582893,0.012312052127043312,False,False,True,True,True
1788618754.8638859,0.9155373825223314,4.360869882642846,0.002861065539665932,False,False,True,True,True
1788618754.960751,0.2308343773846499,7.053965438761334,0.0019213684979632383,False,False,True,True,True
1788618755.05856,2.5616565577539974,23.832355250207314,0.014207250460804205,False,False,True,True,True
1788618755.1671126,0.8173955030572769,16.10969037194726,0.011210437804503004,False,False,True,True,True
1788618755.2698674,0.38589071081937204,4.208815060399442,0.0026595882308241203,False,False,True,True,True
1788618755.3601067,3.2057938938907373,31.244728347150442,0.02124551497668538,False,False,True,True,True
1788618755.444721,2.4366078204107335,9.48536814118624,0.015726243627029325,False,False,True,True,True
1788618755.56413,1.2324077781570506,10.074031304700945,0.019170671080922304,False,False,True,True,True
1788618755.6613145,2.128409653103706,9.35878458907225,0.008843037960059962,False,True,True,True,True
1788618755.7570975,0.6061733713554049,15.746716352783718,0.009367987068568352,False,False,True,True,True
1788618755.8583014,1.400286804037827,7.83906893554606,0.004799184447399596,False,False,True,True,True
1788618755.9650018,4.24405560678469,26.592459384312438,0.03638210377337019,False,False,True,True,True
1788618756.0626225,0.6050275532251636,37.272275101135754,0.04248609422595815,False,False,True,True,True
1788618756.1608915,1.1201074423914772,5.250549820443377,0.00466951252611361,False,False,True,True,True
1788618756.2547767,2.9785547111543673,19.83275450761753,0.013702217296343704,False,False,True,True,True
1788618756.370675,3.3887960114096733,3.615486535714437,0.02791550178007671,False,False,True,True,True
1788618756.4666162,1.5228908363519997,19.391716092936946,0.028062247949258778,False,False,True,True,True
1788618756.5648537,0.5252900103164212,10.151702214490479,0.0043828445513467455,False,False,True,True,True
1788618756.6795852,1.2426151680331117,6.2372979195025655,0.004551909238970565,False,False,True,True,True
1788618756.772589,1.86571698719889,6.631500096160445,0.00598032424744722,False,False,True,True,True
1788618756.853513,1.4187894156111156,5.513268470978895,0.005779592430089121,False,False,True,True,True
1788618756.967299,3.877052567431983,21.641281388681385,0.03687279259259757,False,False,True,True,True
1788618757.0741353,0.8402208604870034,28.634744128389688,0.037433031300511,False,False,True,True,True
1788618757.1718462,0.5162618477371387,3.3065719494375223,0.002627518808081781,False,False,True,True,True
1788618757.2680333,0.7804039025121515,2.7575504399221593,0.0019306215385478248,False,False,True,True,True
1788618757.3569887,2.890193138828568,23.69957782989619,0.02035365086920675,False,False,True,True,True
1788618757.4726453,0.56328325888979,20.242493017281603,0.018693908980329594,False,False,True,True,True
1788618757.5696564,0.3990057102646147,1.644037186649112,0.0009016456836595768,False,False,True,True,True
1788618757.6638324,1.9697341811023585,16.723310026073346,0.008761621609140948,False,False,True,True,True
1788618757.7654297,0.886661690469576,10.330398879757983,0.012147854707932006,False,False,True,True,True
1788618757.870609,0.4733019816524252,3.825117714363021,0.0020708917696963115,False,False,True,True,True
1788618757.9730318,0.5330752230440263,0.5806765969188669,0.0007395694682631009,False,False,True,True,True
1788618758.0676877,1.1980596115723745,6.971565936342572,0.004684202148200533,False,False,True,True,True
1788618758.1514277,2.91192116483555,20.46551806680699,0.010832718348351571,False,False,True,True,True
1788618758.2696981,0.7761319000922474,18.34264031414551,0.02043682876567179,False,False,True,True,True
1788618758.364354,3.385272831184977,27.447937481778308,0.019494438940801065,False,False,True,True,True
1788618758.462701,4.442223632267918,10.645994719050599,0.0351260627257966,False,False,True,True,True
1788618758.5556543,0.9423852485711226,37.48506681437324,0.0366782587135648,False,False,True,True,True
1788618758.6666903,0.4749295116245263,4.1890461416375215,0.0033945880787134,False,False,True,True,True
1788618758.7627192,0.974613989799383,5.194002035295905,0.0035309834027257483,False,False,True,True,True
1788618758.8596811,0.44467025929444315,5.5412526971079465,0.001996278244056187,False,False,True,True,True
1788618758.9751976,0.992451206773804,4.7358346789621475,0.004046964347826348,False,False,True,True,True
1788618759.070855,1.1564222568565752,1.7701479964492153,0.0033216659387553843,False,False,True,True,True
1788618759.169189,2.4505471818348687,13.239049075419324,0.020808003122607995,False,False,True,True,True
1788618759.2639582,1.7337773101389977,7.452908426974356,0.010584611833414121,False,False,True,True,True
1788618759.3725438,2.4205129465115194,6.312368182244135,0.031123356883074344,False,False,True,True,True
1788618759.4692144,1.2563888814378115,12.2667918730526,0.012909078874167833,False,False,True,True,True
1788618759.5592883,2.944774184733705,18.5763489193756,0.02593070570638468,False,False,True,True,True
1788618759.6608403,1.1174776960625084,18.00107705240659,0.012771703582934595,False,False,True,True,True
1788618759.7728887,0.35127589152204963,6.81012105282447,0.002439189513906226,False,False,True,True,True
1788618759.8714225,0.8838824475496065,5.422156541531692,0.0025308214129735355,False,False,True,True,True
1788618759.9650438,2.8547895464326687,21.05943403705334,0.012683248237079586,False,False,True,True,True
1788618760.0660834,0.2831681607438476,25.084373633663322,0.015532035413038601,False,False,True,True,True
1788618760.1794915,1.5379729960282584,11.072026811675348,0.00749101797850272,False,False,True,True,True
1788618760.2740493,1.3777609611044144,1.6932022501079376,0.0159881289529516,False,False,True,True,True
1788618760.3599668,3.3092163982664813,22.44907623745282,0.014034221122175172,False,False,True,True,True
1788618760.4613304,0.2914787475370669,29.81169801094676,0.01741745183237972,False,False,True,True,True
1788618760.572703,0.8411097728334042,4.936095802149397,0.0025135570863611583,False,False,True,True,True
1788618760.6713228,0.948851807288682,1.10997680963187,0.00463298147983298,False,False,True,True,True
1788618760.7656178,0.298743655463,6.917188738393672,0.0016436130906392582,False,False,True,True,True
1788618760.8545823,2.0861688916997374,20.070469101186475,0.0070589696915999605,False,False,True,True,True
1788618760.9690967,1.4433091325607754,5.574079020087274,0.007189056486199945,False,False,True,True,True
1788618761.06657,1.1603805143343864,2.863140326552656,0.005108524454671743,False,False,True,True,True
1788618761.163847,0.7126220344755988,4.575041533862612,0.0030213001143595142,False,False,True,True,True
1788618761.2727773,0.2617013734851902,4.109783694714499,0.0015727988992265771,False,False,True,True,True
1788618761.370791,1.7455477525902972,15.134173484848738,0.007652941954932228,False,False,True,True,True
1788618761.4724615,0.6563671268020239,10.74655346100556,0.005420194290016419,False,False,True,True,True
1788618761.566738,1.3002609302960237,6.831164946564742,0.005734184096107129,False,False,True,True,True
1788618761.6774101,1.7834041612586662,4.361455558250213,0.007634596961002893,False,False,True,True,True
1788618761.7779918,2.4467662960599283,6.537060972453669,0.011723163429558371,False,False,True,True,True
1788618761.8744025,3.2418910985295293,8.209565070998675,0.019259833815752775,False,False,True,True,True
1788618761.963586,3.2948765217785354,0.23075282631362512,0.021541526337603763,False,False,True,True,True
1788618762.080566,1.7394950987463982,13.387443946828157,0.01556783862883329,False,False,True,True,True
1788618762.1751096,0.9183973871777079,8.731768017207278,0.014460022216122562,False,False,True,True,True
1788618762.2595718,0.18979985686152612,8.686146721919974,0.0017399118501885795,False,False,True,True,True
1788618762.364787,0.17403789035058484,0.1502829687187838,0.00013998761682822142,False,False,True,True,True
1788618762.4852715,3.350094571305371,26.36817609887828,0.037811536334032544,False,False,True,True,True
1788618762.5792143,2.295919439716816,11.358225724255632,0.028254291154682275,False,False,True,True,True
1788618762.6771708,3.9443748297349,17.077122280225144,0.060732018793638265,False,False,True,True,True
1788618762.7709842,2.9010571672787764,10.83214002112051,0.026867704211681193,False,False,True,True,True
1788618762.8783634,1.1089533727943033,16.656172803619853,0.027293791706948893,False,False,True,True,True
1788618762.9714222,0.530298277170697,6.23949636845159,0.004858456573216539,False,False,True,True,True
1788618763.078848,1.280496646434513,6.975799180923897,0.003469809842624532,False,False,True,True,True
1788618763.1701345,1.6792167212583542,4.304746900789151,0.014251830162770053,False,False,True,True,True
1788618763.2825913,0.5959971405442869,9.629235656949529,0.004266069369942007,False,False,True,True,True
1788618763.3765094,1.1438638384502484,5.849439711977049,0.004550390226717371,False,False,True,True,True
1788618763.4783301,1.3589179427828493,2.0952878678033238,0.004097047717705964,False,False,True,True,True
1788618763.5838392,3.921398756741666,24.311866469009402,0.030563700892361146,False,False,True,True,True
1788618763.6716332,2.9813563997269457,10.64615942905228,0.03004033783517987,False,False,True,True,True
1788618763.774071,2.6568341085904645,3.123337838016902,0.016783678880497754,False,False,True,True,True
1788618763.865433,4.905603308045942,25.430565994620963,0.03784937463826665,False,False,True,True,True
1788618763.9815178,6.187823569383566,11.059435010913766,0.09602395329725388,False,False,True,True,True
1788618764.0762372,2.608581554379255,37.181073479443306,0.09720747583073007,False,False,True,True,True
1788618764.1718025,2.5394605716810648,0.674077650126841,0.03962923643679124,False,False,True,True,True
1788618764.269599,1.7447125227069342,7.594013915411519,0.030244853740010534,False,False,True,True,True
1788618764.3767197,4.370486337824362,24.454031618034207,0.04156684632507213,False,False,True,True,True
1788618764.4777513,1.8209311362804421,25.514650109306043,0.04287300125597255,False,False,True,True,True
1788618764.5692031,5.954300902744669,45.15473908251611,0.05706235765804316,False,False,True,True,True
1788618764.6649225,2.6627518876813885,34.763335883018,0.06304793810045363,False,False,True,True,True
1788618764.7769732,3.4738759958630134,7.167516931677669,0.0641288965430302,False,False,True,True,True
1788618764.8757434,0.36216404949326236,31.882798304066092,0.03547663884541835,False,False,True,True,True
1788618764.9657764,1.1484138154965708,8.703678473996774,0.00266437251783148,False,False,True,True,True
1788618765.0643551,1.7163671394097324,5.674929055105187,0.005438052580426817,False,False,True,True,True
1788618765.178558,2.2585348846227196,4.636384082285853,0.013264712978201322,False,False,True,True,True
1788618765.277107,0.6080349661969525,16.727825263046384,0.017090521634864568,False,False,True,True,True
1788618765.3728979,1.2181565284118252,6.392038966610279,0.0029954248821587345,False,False,True,True,True
1788618765.470746,0.6024226930581627,6.189842162110171,0.005145825048886963,False,False,True,True,True
1788618765.5845022,0.6134071904661377,0.1012102438635676,0.0028439763355778214,False,False,True,True,True
1788618765.6833708,0.7691919954419812,1.54075486670099,0.0012918967577869084,False,False,True,True,True
1788618765.7743292,0.5261957104537418,2.6725069373158687,0.0022370754360337723,False,False,True,True,True
1788618765.8880866,2.2347264822045103,14.981446811140756,0.014022707881796569,False,False,True,True,True
1788618765.983412,3.2909465577410666,10.920661727729776,0.01964961826785407,False,False,True,True,True
1788618766.076563,0.4071860929814804,30.96850484473628,0.020481054539630793,False,False,True,True,True
1788618766.1766634,1.3178198948596498,9.078486597669226,0.005183893340334013,False,False,True,True,True
1788618766.2843075,1.0133260173677756,2.8598715361652967,0.003702229269928573,False,False,True,True,True
1788618766.3788967,0.6243723305005409,4.191605866786451,0.002128101282254298,False,False,True,True,True
1788618766.4785395,0.8113568413646584,1.8734271736856491,0.0013594721217681138,False,False,True,True,True
1788618766.5749748,1.5228012734414855,7.360631798517226,0.00875994511608707,False,False,True,True,True
1788618766.6843195,2.079154707912565,5.1142429715035505,0.00906571166023275,False,False,True,True,True
1788618766.7824516,0.6367974925330574,14.680937488679277,0.013956002347397925,False,False,True,True,True
1788618766.876208,3.004843572071015,25.211654443940038,0.016458567810823076,False,False,True,True,True
1788618766.9764376,0.6143612193540864,23.763095213429494,0.015535911208401011,False,False,True,True,True
1788618767.0865955,2.438808564825216,16.57093433958786,0.019228249277294815,False,False,True,True,True
1788618767.1841583,1.356049283765876,11.18145200126252,0.012200435293836192,False,False,True,True,True
1788618767.279338,0.9671077360260703,4.065446869483773,0.0031064146229489906,False,False,True,True,True
1788618767.3719034,0.3920063768425872,6.237641480901186,0.0024522351760735235,False,False,True,True,True
1788618767.4861403,1.4158966944204034,8.959750192216745,0.00596424870753809,False,False,True,True,True
1788618767.5837922,0.8129618826648992,6.164538272503223,0.008948528987681717,False,True,True,True,True
1788618767.6788828,2.5062523976089417,17.7858327721086,0.010973472603008816,False,False,True,True,True
1788618767.7725248,0.704792209526298,19.225934485154767,0.016960196449843916,False,False,True,True,True
1788618767.8867593,2.677513875398655,17.28470029131155,0.01746982564650499,False,False,True,True,True
1788618767.9826624,0.18319111039019137,26.045971361403815,0.02115100725874855,False,False,True,True,True
1788618768.0788338,1.799330514632113,16.81091830711697,0.006851007404793238,False,False,True,True,True
1788618768.1906388,0.9086441233265552,7.815039254980085,0.010205854006985498,False,False,True,True,True
1788618768.2802832,0.8309470438883185,0.807585497386917,0.004650405757134371,False,False,True,True,True
1788618768.380134,0.740887919322926,0.9119428005086996,0.0030405667229250672,False,False,True,True,True
1788618768.4741788,4.837968872826007,43.41857805814495,0.04114984597582029,False,False,True,True,True
1788618768.590747,3.2264465409185985,14.125755922807306,0.03983226147510531,False,False,True,True,True
1788618768.683652,0.23424913272177567,32.21674510917475,0.03165990773324054,False,False,True,True,True
1788618768.7851038,0.6842939165585766,4.435096852819734,0.0013011848913457743,False,False,True,True,True
1788618768.8779678,1.4107958379841425,7.821252496503814,0.005828428150223334,False,False,True,True,True
1788618768.9897578,0.6205839114923145,7.0488053836598885,0.0030545609405439387,False,False,True,True,True
1788618769.0772176,0.6685382407232888,0.5519523130614755,0.0011077337763060887,False,False,True,True,True
1788618769.176513,0.7544735198082488,0.9449469378030706,0.0014237985956989142,False,False,True,True,True
1788618769.2744882,0.821362223942766,0.7531724132322157,0.003531393005423092,False,False,True,True,True
1788618769.3895042,0.32359436723688706,4.334530609540314,0.001627888456810631,False,False,True,True,True
1788618769.487791,2.1322875230237512,18.392379783557505,0.009914601170594515,False,False,True,True,True
1788618769.5826156,0.3489385411492929,18.811911000645125,0.008612632226440436,False,False,True,True,True
1788618769.6805952,1.7807783203087404,14.61375354874849,0.008199212420986878,False,False,True,True,True
1788618769.788002,0.39013596819077295,13.017577591882715,0.006064979976006935,False,False,True,True,True
1788618769.883606,0.4707547487675011,0.8227154722396801,0.0005398990006596938,False,False,True,True,True
1788618769.9811015,0.3750816845475561,0.9766123710003141,0.0010106254224310123,False,False,True,True,True
1788618770.0821488,2.047827142961976,16.55554487632297,0.010425542869814116,False,False,True,True,True
1788618770.1851866,2.00561110884301,0.42800501551680187,0.009880582646469824,False,False,True,True,True
1788618770.2842457,1.622635659445359,3.799637377390345,0.020535318732003906,False,False,True,True,True
1788618770.3803897,0.7678781360886207,8.904737555859922,0.008869139065510952,False,False,True,True,True
1788618770.4930217,1.9548049155997635,10.530371083882347,0.009091700077001516,False,False,True,True,True
1788618770.588325,0.6967309429220738,13.16156849117851,0.008985518343913722,False,False,True,True,True
1788618770.684941,1.305386442183144,6.3340853162425645,0.005743821408723829,False,False,True,True,True
1788618770.7799067,0.31165020470591603,10.365311057567817,0.004508367498019479,False,False,True,True,True
1788618770.8890686,0.16807828494036067,1.3197645327345706,0.0002453956314366282,False,False,True,True,True
1788618770.9873812,1.347268371844283,11.99452265768942,0.004001129975154786,False,False,True,True,True
1788618771.0822418,1.1476941255175312,2.1142575887726545,0.009015934998876565,False,False,True,True,True
1788618771.182283,0.8683917800231457,2.7964005841166504,0.002260443977170016,False,False,True,True,True
1788618771.290693,1.516255143398981,6.030646362651347,0.009769212971119757,False,False,True,True,True
1788618771.387071,1.0058071023312414,5.524390479209312,0.004849608131415442,False,False,True,True,True
1788618771.4834926,0.6437391503809368,3.7397046940594216,0.004047591542809306,False,False,True,True,True
1788618771.5816019,0.23701013506072574,4.153382703578915,0.0007107239704886233,False,False,True,True,True
1788618771.6963935,1.261257751569925,8.927983963989085,0.005169852364582164,False,False,True,True,True
1788618771.7830098,1.6285317351458655,4.2683811453039935,0.004959878345217112,False,False,True,True,True
1788618771.8879547,0.30926552367056104,12.51896588189098,0.005140320471012429,False,False,True,True,True
1788618771.980579,1.274226799299823,10.416881927007296,0.0028711003623120056,False,False,True,True,True
1788618772.0937696,1.1174579811756347,1.3485851833190685,0.0034526242983932984,False,False,True,True,True
1788618772.188954,1.2074150413444122,0.9787346109484348,0.009773866333234054,False,True,True,True,True
1788618772.282515,0.7789951866146078,4.637888955777643,0.0026481300620289513,False,False,True,True,True
1788618772.381658,3.8403959322440553,30.893592435790723,0.03990761615652911,False,False,True,True,True
1788618772.4926913,1.947919651651984,16.896062323167754,0.026168281173600497,False,False,True,True,True
1788618772.5856273,1.2096436120020722,7.921483072585857,0.018273791324523975,False,False,True,True,True
1788618772.6817114,0.6366884970178752,6.002168933689153,0.0025225208473036134,False,False,True,True,True
1788618772.7992778,1.410742670458834,6.583021996126013,0.009231439596853764,False,False,True,True,True
1788618772.890699,1.425592678757077,0.19634440549592386,0.005467153704123048,False,False,True,True,True
1788618772.9849646,1.43376425093177,0.006225926382209339,0.011284887312302275,False,False,True,True,True
1788618773.079905,2.2965885649559654,9.056405727121177,0.009018146082439721,False,False,True,True,True
1788618773.1930916,2.789675851419488,4.250249256632484,0.04776332955119817,False,False,True,True,True
1788618773.2957973,0.35691171034642605,23.762087596598032,0.02078001582951988,False,False,True,True,True
1788618773.386467,3.859419850502617,38.62406252453928,0.029417460977714593,False,False,True,True,True
1788618773.484357,2.9903248746412703,8.979844376968913,0.06705435997068021,False,False,True,True,True
1788618773.5943012,5.267642665638671,20.74273403974201,0.057229183356137844,False,False,True,True,True
1788618773.6891181,0.6316753185836662,48.5317067592217,0.07099137386975224,False,False,True,True,True
1788618773.7850728,3.7621611412895755,32.69459467048487,0.033501988925791884,False,False,True,True,True
1788618773.8837428,1.0243867441891323,27.617196837398318,0.024412982118596483,False,False,True,True,True
1788618773.9993813,1.5585650321105144,4.653161118380258,0.0064245093799695585,False,False,True,True,True
1788618774.0885274,2.7739356620044324,13.601395847740909,0.031053072059658498,False,False,True,True,True
1788618774.1911933,0.9501479126937786,17.770172566490128,0.011776010853144404,False,False,True,True,True
1788618774.2860205,1.960390748870941,10.632853804016298,0.013686691527830917,False,False,True,True,True
1788618774.3942294,0.858105147974359,10.221777531286065,0.007599590190717067,False,False,True,True,True
1788618774.4928415,0.1219426620529062,7.477974464792169,0.0018574123311769072,False,False,True,True,True
1788618774.584658,0.985897205891717,9.409920516088466,0.001960275407733598,False,False,True,True,True
1788618775.0648236,0.2295685227013695,1.6022789887873323,0.0025050917896282674,False,False,True,True,True
